source_file,survey_type,table_code,table_title,base,country,country_std,category,response_option,sample_n,sample_n_raw,value,unit
2025_잠재방한객조사_일반외국인.xlsx,일반외국인,0,<표0> 응답자 특성 (전체 응답자 기준),BASE:전체,전체,전체,전체,%,16360.0,(16360),100,%
2025_잠재방한객조사_일반외국인.xlsx,일반외국인,0,<표0> 응답자 특성 (전체 응답자 기준),BASE:전체,중국,중국,국가/지역,%,2600.0,(2600),15.89242053789714,%
2025_잠재방한객조사_일반외국인.xlsx,일반외국인,0,<표0> 응답자 특성 (전체 응답자 기준),BASE:전체,일본,일본,국가/지역,%,1670.0,(1670),10.207823960880084,%
2025_잠재방한객조사_일반외국인.xlsx,일반외국인,0,<표0> 응답자 특성 (전체 응답자 기준),BASE:전체,대만,대만,국가/지역,%,465.0,(465),2.842298288508529,%
2025_잠재방한객조사_일반외국인.xlsx,일반외국인,0,<표0> 응답자 특성 (전체 응답자 기준),BASE:전체,미국,미국,국가/지역,%,930.0,(930),5.684596577017036,%
2025_잠재방한객조사_일반외국인.xlsx,일반외국인,0,<표0> 응답자 특성 (전체 응답자 기준),BASE:전체,필리핀,필리핀,국가/지역,%,465.0,(465),2.842298288508526,%
2025_잠재방한객조사_일반외국인.xlsx,일반외국인,0,<표0> 응답자 특성 (전체 응답자 기준),BASE:전체,베트남,베트남,국가/지역,%,465.0,(465),2.8422982885085224,%
2025_잠재방한객조사_일반외국인.xlsx,일반외국인,0,<표0> 응답자 특성 (전체 응답자 기준),BASE:전체,싱가포르,싱가포르,국가/지역,%,465.0,(465),2.8422982885085273,%
2025_잠재방한객조사_일반외국인.xlsx,일반외국인,0,<표0> 응답자 특성 (전체 응답자 기준),BASE:전체,인도네시아,인도네시아,국가/지역,%,465.0,(465),2.8422982885085286,%
2025_잠재방한객조사_일반외국인.xlsx,일반외국인,0,<표0> 응답자 특성 (전체 응답자 기준),BASE:전체,태국,태국,국가/지역,%,465.0,(465),2.8422982885085295,%
2025_잠재방한객조사_일반외국인.xlsx,일반외국인,0,<표0> 응답자 특성 (전체 응답자 기준),BASE:전체,말레이시아,말레이시아,국가/지역,%,465.0,(465),2.842298288508524,%
2025_잠재방한객조사_일반외국인.xlsx,일반외국인,0,<표0> 응답자 특성 (전체 응답자 기준),BASE:전체,캐나다,캐나다,국가/지역,%,465.0,(465),2.842298288508527,%
2025_잠재방한객조사_일반외국인.xlsx,일반외국인,0,<표0> 응답자 특성 (전체 응답자 기준),BASE:전체,호주,호주,국가/지역,%,465.0,(465),2.842298288508522,%
2025_잠재방한객조사_일반외국인.xlsx,일반외국인,0,<표0> 응답자 특성 (전체 응답자 기준),BASE:전체,러시아,러시아,국가/지역,%,930.0,(930),5.6845965770170555,%
2025_잠재방한객조사_일반외국인.xlsx,일반외국인,0,<표0> 응답자 특성 (전체 응답자 기준),BASE:전체,인도,인도,국가/지역,%,465.0,(465),2.8422982885085286,%
2025_잠재방한객조사_일반외국인.xlsx,일반외국인,0,<표0> 응답자 특성 (전체 응답자 기준),BASE:전체,프랑스,프랑스,국가/지역,%,465.0,(465),2.8422982885085264,%
2025_잠재방한객조사_일반외국인.xlsx,일반외국인,0,<표0> 응답자 특성 (전체 응답자 기준),BASE:전체,독일,독일,국가/지역,%,465.0,(465),2.8422982885085277,%
2025_잠재방한객조사_일반외국인.xlsx,일반외국인,0,<표0> 응답자 특성 (전체 응답자 기준),BASE:전체,영국,영국,국가/지역,%,465.0,(465),2.8422982885085277,%
2025_잠재방한객조사_일반외국인.xlsx,일반외국인,0,<표0> 응답자 특성 (전체 응답자 기준),BASE:전체,멕시코,멕시코,국가/지역,%,465.0,(465),2.8422982885085295,%
2025_잠재방한객조사_일반외국인.xlsx,일반외국인,0,<표0> 응답자 특성 (전체 응답자 기준),BASE:전체,카자흐스탄,카자흐스탄,국가/지역,%,465.0,(465),2.8422982885085273,%
2025_잠재방한객조사_일반외국인.xlsx,일반외국인,0,<표0> 응답자 특성 (전체 응답자 기준),BASE:전체,튀르키예,튀르키예,국가/지역,%,465.0,(465),2.8422982885085295,%
2025_잠재방한객조사_일반외국인.xlsx,일반외국인,0,<표0> 응답자 특성 (전체 응답자 기준),BASE:전체,브라질,브라질,국가/지역,%,465.0,(465),2.842298288508523,%
2025_잠재방한객조사_일반외국인.xlsx,일반외국인,0,<표0> 응답자 특성 (전체 응답자 기준),BASE:전체,사우디아라비아,사우디아라비아,국가/지역,%,465.0,(465),2.8422982885085184,%
2025_잠재방한객조사_일반외국인.xlsx,일반외국인,0,<표0> 응답자 특성 (전체 응답자 기준),BASE:전체,아랍에미리트,UAE,국가/지역,%,465.0,(465),2.842298288508518,%
2025_잠재방한객조사_일반외국인.xlsx,일반외국인,B5A-1,<표B5A-1> 향후 3년 내(~2028년) 해외여행 목적지로서 방문 의향_1. 한국(해외여행 의향자 기준),BASE:B3. ④~⑤,전체,전체,전체,전혀 방문할 의향이 없다,9623.0,(9623),12.974789561480794,%
2025_잠재방한객조사_일반외국인.xlsx,일반외국인,B5A-1,<표B5A-1> 향후 3년 내(~2028년) 해외여행 목적지로서 방문 의향_1. 한국(해외여행 의향자 기준),BASE:B3. ④~⑤,전체,전체,전체,별로 방문할 의향이 없다,9623.0,(9623),11.758329427067899,%
2025_잠재방한객조사_일반외국인.xlsx,일반외국인,B5A-1,<표B5A-1> 향후 3년 내(~2028년) 해외여행 목적지로서 방문 의향_1. 한국(해외여행 의향자 기준),BASE:B3. ④~⑤,전체,전체,전체,방문 의향을 정하지 않았다,9623.0,(9623),20.075874669870135,%
2025_잠재방한객조사_일반외국인.xlsx,일반외국인,B5A-1,<표B5A-1> 향후 3년 내(~2028년) 해외여행 목적지로서 방문 의향_1. 한국(해외여행 의향자 기준),BASE:B3. ④~⑤,전체,전체,전체,약간 방문할 의향이 있다,9623.0,(9623),31.443903738300094,%
2025_잠재방한객조사_일반외국인.xlsx,일반외국인,B5A-1,<표B5A-1> 향후 3년 내(~2028년) 해외여행 목적지로서 방문 의향_1. 한국(해외여행 의향자 기준),BASE:B3. ④~⑤,전체,전체,전체,매우 방문할 의향이 있다,9623.0,(9623),23.7471026032804,%
2025_잠재방한객조사_일반외국인.xlsx,일반외국인,B5A-1,<표B5A-1> 향후 3년 내(~2028년) 해외여행 목적지로서 방문 의향_1. 한국(해외여행 의향자 기준),BASE:B3. ④~⑤,전체,전체,전체,종합/Top2,9623.0,(9623),55.19100634158084,%
2025_잠재방한객조사_일반외국인.xlsx,일반외국인,B5A-1,<표B5A-1> 향후 3년 내(~2028년) 해외여행 목적지로서 방문 의향_1. 한국(해외여행 의향자 기준),BASE:B3. ④~⑤,전체,전체,전체,Mid,9623.0,(9623),20.075874669870135,%
2025_잠재방한객조사_일반외국인.xlsx,일반외국인,B5A-1,<표B5A-1> 향후 3년 내(~2028년) 해외여행 목적지로서 방문 의향_1. 한국(해외여행 의향자 기준),BASE:B3. ④~⑤,전체,전체,전체,Bot2,9623.0,(9623),24.733118988548824,%
2025_잠재방한객조사_일반외국인.xlsx,일반외국인,B5A-1,<표B5A-1> 향후 3년 내(~2028년) 해외여행 목적지로서 방문 의향_1. 한국(해외여행 의향자 기준),BASE:B3. ④~⑤,중국,중국,국가/지역,전혀 방문할 의향이 없다,1790.0,(1790),5.291929106056635,%
2025_잠재방한객조사_일반외국인.xlsx,일반외국인,B5A-1,<표B5A-1> 향후 3년 내(~2028년) 해외여행 목적지로서 방문 의향_1. 한국(해외여행 의향자 기준),BASE:B3. ④~⑤,중국,중국,국가/지역,별로 방문할 의향이 없다,1790.0,(1790),10.611301932412749,%
2025_잠재방한객조사_일반외국인.xlsx,일반외국인,B5A-1,<표B5A-1> 향후 3년 내(~2028년) 해외여행 목적지로서 방문 의향_1. 한국(해외여행 의향자 기준),BASE:B3. ④~⑤,중국,중국,국가/지역,방문 의향을 정하지 않았다,1790.0,(1790),21.74820719884686,%
2025_잠재방한객조사_일반외국인.xlsx,일반외국인,B5A-1,<표B5A-1> 향후 3년 내(~2028년) 해외여행 목적지로서 방문 의향_1. 한국(해외여행 의향자 기준),BASE:B3. ④~⑤,중국,중국,국가/지역,약간 방문할 의향이 있다,1790.0,(1790),36.440005902398525,%
2025_잠재방한객조사_일반외국인.xlsx,일반외국인,B5A-1,<표B5A-1> 향후 3년 내(~2028년) 해외여행 목적지로서 방문 의향_1. 한국(해외여행 의향자 기준),BASE:B3. ④~⑤,중국,중국,국가/지역,매우 방문할 의향이 있다,1790.0,(1790),25.90855586028474,%
2025_잠재방한객조사_일반외국인.xlsx,일반외국인,B5A-1,<표B5A-1> 향후 3년 내(~2028년) 해외여행 목적지로서 방문 의향_1. 한국(해외여행 의향자 기준),BASE:B3. ④~⑤,중국,중국,국가/지역,종합/Top2,1790.0,(1790),62.34856176268359,%
2025_잠재방한객조사_일반외국인.xlsx,일반외국인,B5A-1,<표B5A-1> 향후 3년 내(~2028년) 해외여행 목적지로서 방문 의향_1. 한국(해외여행 의향자 기준),BASE:B3. ④~⑤,중국,중국,국가/지역,Mid,1790.0,(1790),21.74820719884686,%
2025_잠재방한객조사_일반외국인.xlsx,일반외국인,B5A-1,<표B5A-1> 향후 3년 내(~2028년) 해외여행 목적지로서 방문 의향_1. 한국(해외여행 의향자 기준),BASE:B3. ④~⑤,중국,중국,국가/지역,Bot2,1790.0,(1790),15.903231038469375,%
2025_잠재방한객조사_일반외국인.xlsx,일반외국인,B5A-1,<표B5A-1> 향후 3년 내(~2028년) 해외여행 목적지로서 방문 의향_1. 한국(해외여행 의향자 기준),BASE:B3. ④~⑤,일본,일본,국가/지역,전혀 방문할 의향이 없다,603.0,(603),12.873650747599358,%
2025_잠재방한객조사_일반외국인.xlsx,일반외국인,B5A-1,<표B5A-1> 향후 3년 내(~2028년) 해외여행 목적지로서 방문 의향_1. 한국(해외여행 의향자 기준),BASE:B3. ④~⑤,일본,일본,국가/지역,별로 방문할 의향이 없다,603.0,(603),14.525293429969016,%
2025_잠재방한객조사_일반외국인.xlsx,일반외국인,B5A-1,<표B5A-1> 향후 3년 내(~2028년) 해외여행 목적지로서 방문 의향_1. 한국(해외여행 의향자 기준),BASE:B3. ④~⑤,일본,일본,국가/지역,방문 의향을 정하지 않았다,603.0,(603),17.63628848406748,%
2025_잠재방한객조사_일반외국인.xlsx,일반외국인,B5A-1,<표B5A-1> 향후 3년 내(~2028년) 해외여행 목적지로서 방문 의향_1. 한국(해외여행 의향자 기준),BASE:B3. ④~⑤,일본,일본,국가/지역,약간 방문할 의향이 있다,603.0,(603),32.95868438709265,%
2025_잠재방한객조사_일반외국인.xlsx,일반외국인,B5A-1,<표B5A-1> 향후 3년 내(~2028년) 해외여행 목적지로서 방문 의향_1. 한국(해외여행 의향자 기준),BASE:B3. ④~⑤,일본,일본,국가/지역,매우 방문할 의향이 있다,603.0,(603),22.00608295127132,%
2025_잠재방한객조사_일반외국인.xlsx,일반외국인,B5A-1,<표B5A-1> 향후 3년 내(~2028년) 해외여행 목적지로서 방문 의향_1. 한국(해외여행 의향자 기준),BASE:B3. ④~⑤,일본,일본,국가/지역,종합/Top2,603.0,(603),54.96476733836394,%
2025_잠재방한객조사_일반외국인.xlsx,일반외국인,B5A-1,<표B5A-1> 향후 3년 내(~2028년) 해외여행 목적지로서 방문 의향_1. 한국(해외여행 의향자 기준),BASE:B3. ④~⑤,일본,일본,국가/지역,Mid,603.0,(603),17.63628848406748,%
2025_잠재방한객조사_일반외국인.xlsx,일반외국인,B5A-1,<표B5A-1> 향후 3년 내(~2028년) 해외여행 목적지로서 방문 의향_1. 한국(해외여행 의향자 기준),BASE:B3. ④~⑤,일본,일본,국가/지역,Bot2,603.0,(603),27.398944177568374,%
2025_잠재방한객조사_일반외국인.xlsx,일반외국인,B5A-1,<표B5A-1> 향후 3년 내(~2028년) 해외여행 목적지로서 방문 의향_1. 한국(해외여행 의향자 기준),BASE:B3. ④~⑤,대만,대만,국가/지역,전혀 방문할 의향이 없다,357.0,(357),1.693331859574383,%
2025_잠재방한객조사_일반외국인.xlsx,일반외국인,B5A-1,<표B5A-1> 향후 3년 내(~2028년) 해외여행 목적지로서 방문 의향_1. 한국(해외여행 의향자 기준),BASE:B3. ④~⑤,대만,대만,국가/지역,별로 방문할 의향이 없다,357.0,(357),7.231446166838445,%
2025_잠재방한객조사_일반외국인.xlsx,일반외국인,B5A-1,<표B5A-1> 향후 3년 내(~2028년) 해외여행 목적지로서 방문 의향_1. 한국(해외여행 의향자 기준),BASE:B3. ④~⑤,대만,대만,국가/지역,방문 의향을 정하지 않았다,357.0,(357),15.302720429138441,%
2025_잠재방한객조사_일반외국인.xlsx,일반외국인,B5A-1,<표B5A-1> 향후 3년 내(~2028년) 해외여행 목적지로서 방문 의향_1. 한국(해외여행 의향자 기준),BASE:B3. ④~⑤,대만,대만,국가/지역,약간 방문할 의향이 있다,357.0,(357),44.086083908490515,%
2025_잠재방한객조사_일반외국인.xlsx,일반외국인,B5A-1,<표B5A-1> 향후 3년 내(~2028년) 해외여행 목적지로서 방문 의향_1. 한국(해외여행 의향자 기준),BASE:B3. ④~⑤,대만,대만,국가/지역,매우 방문할 의향이 있다,357.0,(357),31.68641763595808,%
2025_잠재방한객조사_일반외국인.xlsx,일반외국인,B5A-1,<표B5A-1> 향후 3년 내(~2028년) 해외여행 목적지로서 방문 의향_1. 한국(해외여행 의향자 기준),BASE:B3. ④~⑤,대만,대만,국가/지역,종합/Top2,357.0,(357),75.77250154444869,%
2025_잠재방한객조사_일반외국인.xlsx,일반외국인,B5A-1,<표B5A-1> 향후 3년 내(~2028년) 해외여행 목적지로서 방문 의향_1. 한국(해외여행 의향자 기준),BASE:B3. ④~⑤,대만,대만,국가/지역,Mid,357.0,(357),15.302720429138441,%
2025_잠재방한객조사_일반외국인.xlsx,일반외국인,B5A-1,<표B5A-1> 향후 3년 내(~2028년) 해외여행 목적지로서 방문 의향_1. 한국(해외여행 의향자 기준),BASE:B3. ④~⑤,대만,대만,국가/지역,Bot2,357.0,(357),8.92477802641283,%
2025_잠재방한객조사_일반외국인.xlsx,일반외국인,B5A-1,<표B5A-1> 향후 3년 내(~2028년) 해외여행 목적지로서 방문 의향_1. 한국(해외여행 의향자 기준),BASE:B3. ④~⑤,미국,미국,국가/지역,전혀 방문할 의향이 없다,368.0,(368),29.14925170075095,%
2025_잠재방한객조사_일반외국인.xlsx,일반외국인,B5A-1,<표B5A-1> 향후 3년 내(~2028년) 해외여행 목적지로서 방문 의향_1. 한국(해외여행 의향자 기준),BASE:B3. ④~⑤,미국,미국,국가/지역,별로 방문할 의향이 없다,368.0,(368),13.11141449605808,%
2025_잠재방한객조사_일반외국인.xlsx,일반외국인,B5A-1,<표B5A-1> 향후 3년 내(~2028년) 해외여행 목적지로서 방문 의향_1. 한국(해외여행 의향자 기준),BASE:B3. ④~⑤,미국,미국,국가/지역,방문 의향을 정하지 않았다,368.0,(368),19.55534523897717,%
2025_잠재방한객조사_일반외국인.xlsx,일반외국인,B5A-1,<표B5A-1> 향후 3년 내(~2028년) 해외여행 목적지로서 방문 의향_1. 한국(해외여행 의향자 기준),BASE:B3. ④~⑤,미국,미국,국가/지역,약간 방문할 의향이 있다,368.0,(368),21.891866799351053,%
2025_잠재방한객조사_일반외국인.xlsx,일반외국인,B5A-1,<표B5A-1> 향후 3년 내(~2028년) 해외여행 목적지로서 방문 의향_1. 한국(해외여행 의향자 기준),BASE:B3. ④~⑤,미국,미국,국가/지역,매우 방문할 의향이 있다,368.0,(368),16.292121764862706,%
2025_잠재방한객조사_일반외국인.xlsx,일반외국인,B5A-1,<표B5A-1> 향후 3년 내(~2028년) 해외여행 목적지로서 방문 의향_1. 한국(해외여행 의향자 기준),BASE:B3. ④~⑤,미국,미국,국가/지역,종합/Top2,368.0,(368),38.183988564213756,%
2025_잠재방한객조사_일반외국인.xlsx,일반외국인,B5A-1,<표B5A-1> 향후 3년 내(~2028년) 해외여행 목적지로서 방문 의향_1. 한국(해외여행 의향자 기준),BASE:B3. ④~⑤,미국,미국,국가/지역,Mid,368.0,(368),19.55534523897717,%
2025_잠재방한객조사_일반외국인.xlsx,일반외국인,B5A-1,<표B5A-1> 향후 3년 내(~2028년) 해외여행 목적지로서 방문 의향_1. 한국(해외여행 의향자 기준),BASE:B3. ④~⑤,미국,미국,국가/지역,Bot2,368.0,(368),42.26066619680902,%
2025_잠재방한객조사_일반외국인.xlsx,일반외국인,B5A-1,<표B5A-1> 향후 3년 내(~2028년) 해외여행 목적지로서 방문 의향_1. 한국(해외여행 의향자 기준),BASE:B3. ④~⑤,필리핀,필리핀,국가/지역,전혀 방문할 의향이 없다,306.0,(306),3.5091806597902684,%
2025_잠재방한객조사_일반외국인.xlsx,일반외국인,B5A-1,<표B5A-1> 향후 3년 내(~2028년) 해외여행 목적지로서 방문 의향_1. 한국(해외여행 의향자 기준),BASE:B3. ④~⑤,필리핀,필리핀,국가/지역,별로 방문할 의향이 없다,306.0,(306),3.4604098236462053,%
2025_잠재방한객조사_일반외국인.xlsx,일반외국인,B5A-1,<표B5A-1> 향후 3년 내(~2028년) 해외여행 목적지로서 방문 의향_1. 한국(해외여행 의향자 기준),BASE:B3. ④~⑤,필리핀,필리핀,국가/지역,방문 의향을 정하지 않았다,306.0,(306),8.744255528300995,%
2025_잠재방한객조사_일반외국인.xlsx,일반외국인,B5A-1,<표B5A-1> 향후 3년 내(~2028년) 해외여행 목적지로서 방문 의향_1. 한국(해외여행 의향자 기준),BASE:B3. ④~⑤,필리핀,필리핀,국가/지역,약간 방문할 의향이 있다,306.0,(306),27.778682961542454,%
2025_잠재방한객조사_일반외국인.xlsx,일반외국인,B5A-1,<표B5A-1> 향후 3년 내(~2028년) 해외여행 목적지로서 방문 의향_1. 한국(해외여행 의향자 기준),BASE:B3. ④~⑤,필리핀,필리핀,국가/지역,매우 방문할 의향이 있다,306.0,(306),56.507471026720005,%
2025_잠재방한객조사_일반외국인.xlsx,일반외국인,B5A-1,<표B5A-1> 향후 3년 내(~2028년) 해외여행 목적지로서 방문 의향_1. 한국(해외여행 의향자 기준),BASE:B3. ④~⑤,필리핀,필리핀,국가/지역,종합/Top2,306.0,(306),84.28615398826254,%
2025_잠재방한객조사_일반외국인.xlsx,일반외국인,B5A-1,<표B5A-1> 향후 3년 내(~2028년) 해외여행 목적지로서 방문 의향_1. 한국(해외여행 의향자 기준),BASE:B3. ④~⑤,필리핀,필리핀,국가/지역,Mid,306.0,(306),8.744255528300995,%
2025_잠재방한객조사_일반외국인.xlsx,일반외국인,B5A-1,<표B5A-1> 향후 3년 내(~2028년) 해외여행 목적지로서 방문 의향_1. 한국(해외여행 의향자 기준),BASE:B3. ④~⑤,필리핀,필리핀,국가/지역,Bot2,306.0,(306),6.969590483436473,%
2025_잠재방한객조사_일반외국인.xlsx,일반외국인,B5A-1,<표B5A-1> 향후 3년 내(~2028년) 해외여행 목적지로서 방문 의향_1. 한국(해외여행 의향자 기준),BASE:B3. ④~⑤,베트남,베트남,국가/지역,전혀 방문할 의향이 없다,342.0,(342),1.162895895561137,%
2025_잠재방한객조사_일반외국인.xlsx,일반외국인,B5A-1,<표B5A-1> 향후 3년 내(~2028년) 해외여행 목적지로서 방문 의향_1. 한국(해외여행 의향자 기준),BASE:B3. ④~⑤,베트남,베트남,국가/지역,별로 방문할 의향이 없다,342.0,(342),1.419403357795412,%
2025_잠재방한객조사_일반외국인.xlsx,일반외국인,B5A-1,<표B5A-1> 향후 3년 내(~2028년) 해외여행 목적지로서 방문 의향_1. 한국(해외여행 의향자 기준),BASE:B3. ④~⑤,베트남,베트남,국가/지역,방문 의향을 정하지 않았다,342.0,(342),12.316747624262618,%
2025_잠재방한객조사_일반외국인.xlsx,일반외국인,B5A-1,<표B5A-1> 향후 3년 내(~2028년) 해외여행 목적지로서 방문 의향_1. 한국(해외여행 의향자 기준),BASE:B3. ④~⑤,베트남,베트남,국가/지역,약간 방문할 의향이 있다,342.0,(342),34.66324129650932,%
2025_잠재방한객조사_일반외국인.xlsx,일반외국인,B5A-1,<표B5A-1> 향후 3년 내(~2028년) 해외여행 목적지로서 방문 의향_1. 한국(해외여행 의향자 기준),BASE:B3. ④~⑤,베트남,베트남,국가/지역,매우 방문할 의향이 있다,342.0,(342),50.437711825871645,%
2025_잠재방한객조사_일반외국인.xlsx,일반외국인,B5A-1,<표B5A-1> 향후 3년 내(~2028년) 해외여행 목적지로서 방문 의향_1. 한국(해외여행 의향자 기준),BASE:B3. ④~⑤,베트남,베트남,국가/지역,종합/Top2,342.0,(342),85.10095312238091,%
2025_잠재방한객조사_일반외국인.xlsx,일반외국인,B5A-1,<표B5A-1> 향후 3년 내(~2028년) 해외여행 목적지로서 방문 의향_1. 한국(해외여행 의향자 기준),BASE:B3. ④~⑤,베트남,베트남,국가/지역,Mid,342.0,(342),12.316747624262618,%
2025_잠재방한객조사_일반외국인.xlsx,일반외국인,B5A-1,<표B5A-1> 향후 3년 내(~2028년) 해외여행 목적지로서 방문 의향_1. 한국(해외여행 의향자 기준),BASE:B3. ④~⑤,베트남,베트남,국가/지역,Bot2,342.0,(342),2.582299253356549,%
2025_잠재방한객조사_일반외국인.xlsx,일반외국인,B5A-1,<표B5A-1> 향후 3년 내(~2028년) 해외여행 목적지로서 방문 의향_1. 한국(해외여행 의향자 기준),BASE:B3. ④~⑤,싱가포르,싱가포르,국가/지역,전혀 방문할 의향이 없다,360.0,(360),4.733554647396112,%
2025_잠재방한객조사_일반외국인.xlsx,일반외국인,B5A-1,<표B5A-1> 향후 3년 내(~2028년) 해외여행 목적지로서 방문 의향_1. 한국(해외여행 의향자 기준),BASE:B3. ④~⑤,싱가포르,싱가포르,국가/지역,별로 방문할 의향이 없다,360.0,(360),8.447698859474997,%
2025_잠재방한객조사_일반외국인.xlsx,일반외국인,B5A-1,<표B5A-1> 향후 3년 내(~2028년) 해외여행 목적지로서 방문 의향_1. 한국(해외여행 의향자 기준),BASE:B3. ④~⑤,싱가포르,싱가포르,국가/지역,방문 의향을 정하지 않았다,360.0,(360),20.362351058037394,%
2025_잠재방한객조사_일반외국인.xlsx,일반외국인,B5A-1,<표B5A-1> 향후 3년 내(~2028년) 해외여행 목적지로서 방문 의향_1. 한국(해외여행 의향자 기준),BASE:B3. ④~⑤,싱가포르,싱가포르,국가/지역,약간 방문할 의향이 있다,360.0,(360),46.34624797188059,%
2025_잠재방한객조사_일반외국인.xlsx,일반외국인,B5A-1,<표B5A-1> 향후 3년 내(~2028년) 해외여행 목적지로서 방문 의향_1. 한국(해외여행 의향자 기준),BASE:B3. ④~⑤,싱가포르,싱가포르,국가/지역,매우 방문할 의향이 있다,360.0,(360),20.110147463210982,%
2025_잠재방한객조사_일반외국인.xlsx,일반외국인,B5A-1,<표B5A-1> 향후 3년 내(~2028년) 해외여행 목적지로서 방문 의향_1. 한국(해외여행 의향자 기준),BASE:B3. ④~⑤,싱가포르,싱가포르,국가/지역,종합/Top2,360.0,(360),66.45639543509154,%
2025_잠재방한객조사_일반외국인.xlsx,일반외국인,B5A-1,<표B5A-1> 향후 3년 내(~2028년) 해외여행 목적지로서 방문 의향_1. 한국(해외여행 의향자 기준),BASE:B3. ④~⑤,싱가포르,싱가포르,국가/지역,Mid,360.0,(360),20.362351058037394,%
2025_잠재방한객조사_일반외국인.xlsx,일반외국인,B5A-1,<표B5A-1> 향후 3년 내(~2028년) 해외여행 목적지로서 방문 의향_1. 한국(해외여행 의향자 기준),BASE:B3. ④~⑤,싱가포르,싱가포르,국가/지역,Bot2,360.0,(360),13.18125350687111,%
2025_잠재방한객조사_일반외국인.xlsx,일반외국인,B5A-1,<표B5A-1> 향후 3년 내(~2028년) 해외여행 목적지로서 방문 의향_1. 한국(해외여행 의향자 기준),BASE:B3. ④~⑤,인도네시아,인도네시아,국가/지역,전혀 방문할 의향이 없다,296.0,(296),1.2987163560612476,%
2025_잠재방한객조사_일반외국인.xlsx,일반외국인,B5A-1,<표B5A-1> 향후 3년 내(~2028년) 해외여행 목적지로서 방문 의향_1. 한국(해외여행 의향자 기준),BASE:B3. ④~⑤,인도네시아,인도네시아,국가/지역,별로 방문할 의향이 없다,296.0,(296),4.370114820568006,%
2025_잠재방한객조사_일반외국인.xlsx,일반외국인,B5A-1,<표B5A-1> 향후 3년 내(~2028년) 해외여행 목적지로서 방문 의향_1. 한국(해외여행 의향자 기준),BASE:B3. ④~⑤,인도네시아,인도네시아,국가/지역,방문 의향을 정하지 않았다,296.0,(296),15.317233236472727,%
2025_잠재방한객조사_일반외국인.xlsx,일반외국인,B5A-1,<표B5A-1> 향후 3년 내(~2028년) 해외여행 목적지로서 방문 의향_1. 한국(해외여행 의향자 기준),BASE:B3. ④~⑤,인도네시아,인도네시아,국가/지역,약간 방문할 의향이 있다,296.0,(296),41.77487394213662,%
2025_잠재방한객조사_일반외국인.xlsx,일반외국인,B5A-1,<표B5A-1> 향후 3년 내(~2028년) 해외여행 목적지로서 방문 의향_1. 한국(해외여행 의향자 기준),BASE:B3. ④~⑤,인도네시아,인도네시아,국가/지역,매우 방문할 의향이 있다,296.0,(296),37.23906164476131,%
2025_잠재방한객조사_일반외국인.xlsx,일반외국인,B5A-1,<표B5A-1> 향후 3년 내(~2028년) 해외여행 목적지로서 방문 의향_1. 한국(해외여행 의향자 기준),BASE:B3. ④~⑤,인도네시아,인도네시아,국가/지역,종합/Top2,296.0,(296),79.0139355868979,%
2025_잠재방한객조사_일반외국인.xlsx,일반외국인,B5A-1,<표B5A-1> 향후 3년 내(~2028년) 해외여행 목적지로서 방문 의향_1. 한국(해외여행 의향자 기준),BASE:B3. ④~⑤,인도네시아,인도네시아,국가/지역,Mid,296.0,(296),15.317233236472727,%
2025_잠재방한객조사_일반외국인.xlsx,일반외국인,B5A-1,<표B5A-1> 향후 3년 내(~2028년) 해외여행 목적지로서 방문 의향_1. 한국(해외여행 의향자 기준),BASE:B3. ④~⑤,인도네시아,인도네시아,국가/지역,Bot2,296.0,(296),5.6688311766292525,%
2025_잠재방한객조사_일반외국인.xlsx,일반외국인,B5A-1,<표B5A-1> 향후 3년 내(~2028년) 해외여행 목적지로서 방문 의향_1. 한국(해외여행 의향자 기준),BASE:B3. ④~⑤,태국,태국,국가/지역,전혀 방문할 의향이 없다,262.0,(262),3.4512645570152594,%
2025_잠재방한객조사_일반외국인.xlsx,일반외국인,B5A-1,<표B5A-1> 향후 3년 내(~2028년) 해외여행 목적지로서 방문 의향_1. 한국(해외여행 의향자 기준),BASE:B3. ④~⑤,태국,태국,국가/지역,별로 방문할 의향이 없다,262.0,(262),7.342827961303337,%
2025_잠재방한객조사_일반외국인.xlsx,일반외국인,B5A-1,<표B5A-1> 향후 3년 내(~2028년) 해외여행 목적지로서 방문 의향_1. 한국(해외여행 의향자 기준),BASE:B3. ④~⑤,태국,태국,국가/지역,방문 의향을 정하지 않았다,262.0,(262),24.308497645204667,%
2025_잠재방한객조사_일반외국인.xlsx,일반외국인,B5A-1,<표B5A-1> 향후 3년 내(~2028년) 해외여행 목적지로서 방문 의향_1. 한국(해외여행 의향자 기준),BASE:B3. ④~⑤,태국,태국,국가/지역,약간 방문할 의향이 있다,262.0,(262),36.55355296329274,%
2025_잠재방한객조사_일반외국인.xlsx,일반외국인,B5A-1,<표B5A-1> 향후 3년 내(~2028년) 해외여행 목적지로서 방문 의향_1. 한국(해외여행 의향자 기준),BASE:B3. ④~⑤,태국,태국,국가/지역,매우 방문할 의향이 있다,262.0,(262),28.343856873183988,%
2025_잠재방한객조사_일반외국인.xlsx,일반외국인,B5A-1,<표B5A-1> 향후 3년 내(~2028년) 해외여행 목적지로서 방문 의향_1. 한국(해외여행 의향자 기준),BASE:B3. ④~⑤,태국,태국,국가/지역,종합/Top2,262.0,(262),64.89740983647675,%
2025_잠재방한객조사_일반외국인.xlsx,일반외국인,B5A-1,<표B5A-1> 향후 3년 내(~2028년) 해외여행 목적지로서 방문 의향_1. 한국(해외여행 의향자 기준),BASE:B3. ④~⑤,태국,태국,국가/지역,Mid,262.0,(262),24.308497645204667,%
2025_잠재방한객조사_일반외국인.xlsx,일반외국인,B5A-1,<표B5A-1> 향후 3년 내(~2028년) 해외여행 목적지로서 방문 의향_1. 한국(해외여행 의향자 기준),BASE:B3. ④~⑤,태국,태국,국가/지역,Bot2,262.0,(262),10.794092518318598,%
2025_잠재방한객조사_일반외국인.xlsx,일반외국인,B5A-1,<표B5A-1> 향후 3년 내(~2028년) 해외여행 목적지로서 방문 의향_1. 한국(해외여행 의향자 기준),BASE:B3. ④~⑤,말레이시아,말레이시아,국가/지역,전혀 방문할 의향이 없다,316.0,(316),4.723257683208828,%
2025_잠재방한객조사_일반외국인.xlsx,일반외국인,B5A-1,<표B5A-1> 향후 3년 내(~2028년) 해외여행 목적지로서 방문 의향_1. 한국(해외여행 의향자 기준),BASE:B3. ④~⑤,말레이시아,말레이시아,국가/지역,별로 방문할 의향이 없다,316.0,(316),8.193327965389988,%
2025_잠재방한객조사_일반외국인.xlsx,일반외국인,B5A-1,<표B5A-1> 향후 3년 내(~2028년) 해외여행 목적지로서 방문 의향_1. 한국(해외여행 의향자 기준),BASE:B3. ④~⑤,말레이시아,말레이시아,국가/지역,방문 의향을 정하지 않았다,316.0,(316),19.568528514184347,%
2025_잠재방한객조사_일반외국인.xlsx,일반외국인,B5A-1,<표B5A-1> 향후 3년 내(~2028년) 해외여행 목적지로서 방문 의향_1. 한국(해외여행 의향자 기준),BASE:B3. ④~⑤,말레이시아,말레이시아,국가/지역,약간 방문할 의향이 있다,316.0,(316),39.22780311722217,%
2025_잠재방한객조사_일반외국인.xlsx,일반외국인,B5A-1,<표B5A-1> 향후 3년 내(~2028년) 해외여행 목적지로서 방문 의향_1. 한국(해외여행 의향자 기준),BASE:B3. ④~⑤,말레이시아,말레이시아,국가/지역,매우 방문할 의향이 있다,316.0,(316),28.287082719994704,%
2025_잠재방한객조사_일반외국인.xlsx,일반외국인,B5A-1,<표B5A-1> 향후 3년 내(~2028년) 해외여행 목적지로서 방문 의향_1. 한국(해외여행 의향자 기준),BASE:B3. ④~⑤,말레이시아,말레이시아,국가/지역,종합/Top2,316.0,(316),67.5148858372168,%
2025_잠재방한객조사_일반외국인.xlsx,일반외국인,B5A-1,<표B5A-1> 향후 3년 내(~2028년) 해외여행 목적지로서 방문 의향_1. 한국(해외여행 의향자 기준),BASE:B3. ④~⑤,말레이시아,말레이시아,국가/지역,Mid,316.0,(316),19.568528514184347,%
2025_잠재방한객조사_일반외국인.xlsx,일반외국인,B5A-1,<표B5A-1> 향후 3년 내(~2028년) 해외여행 목적지로서 방문 의향_1. 한국(해외여행 의향자 기준),BASE:B3. ④~⑤,말레이시아,말레이시아,국가/지역,Bot2,316.0,(316),12.916585648598813,%
2025_잠재방한객조사_일반외국인.xlsx,일반외국인,B5A-1,<표B5A-1> 향후 3년 내(~2028년) 해외여행 목적지로서 방문 의향_1. 한국(해외여행 의향자 기준),BASE:B3. ④~⑤,캐나다,캐나다,국가/지역,전혀 방문할 의향이 없다,210.0,(210),31.21645110731137,%
2025_잠재방한객조사_일반외국인.xlsx,일반외국인,B5A-1,<표B5A-1> 향후 3년 내(~2028년) 해외여행 목적지로서 방문 의향_1. 한국(해외여행 의향자 기준),BASE:B3. ④~⑤,캐나다,캐나다,국가/지역,별로 방문할 의향이 없다,210.0,(210),9.833703233694267,%
2025_잠재방한객조사_일반외국인.xlsx,일반외국인,B5A-1,<표B5A-1> 향후 3년 내(~2028년) 해외여행 목적지로서 방문 의향_1. 한국(해외여행 의향자 기준),BASE:B3. ④~⑤,캐나다,캐나다,국가/지역,방문 의향을 정하지 않았다,210.0,(210),20.57333171733339,%
2025_잠재방한객조사_일반외국인.xlsx,일반외국인,B5A-1,<표B5A-1> 향후 3년 내(~2028년) 해외여행 목적지로서 방문 의향_1. 한국(해외여행 의향자 기준),BASE:B3. ④~⑤,캐나다,캐나다,국가/지역,약간 방문할 의향이 있다,210.0,(210),26.02135162063738,%
2025_잠재방한객조사_일반외국인.xlsx,일반외국인,B5A-1,<표B5A-1> 향후 3년 내(~2028년) 해외여행 목적지로서 방문 의향_1. 한국(해외여행 의향자 기준),BASE:B3. ④~⑤,캐나다,캐나다,국가/지역,매우 방문할 의향이 있다,210.0,(210),12.355162321023775,%
2025_잠재방한객조사_일반외국인.xlsx,일반외국인,B5A-1,<표B5A-1> 향후 3년 내(~2028년) 해외여행 목적지로서 방문 의향_1. 한국(해외여행 의향자 기준),BASE:B3. ④~⑤,캐나다,캐나다,국가/지역,종합/Top2,210.0,(210),38.37651394166111,%
2025_잠재방한객조사_일반외국인.xlsx,일반외국인,B5A-1,<표B5A-1> 향후 3년 내(~2028년) 해외여행 목적지로서 방문 의향_1. 한국(해외여행 의향자 기준),BASE:B3. ④~⑤,캐나다,캐나다,국가/지역,Mid,210.0,(210),20.57333171733339,%
2025_잠재방한객조사_일반외국인.xlsx,일반외국인,B5A-1,<표B5A-1> 향후 3년 내(~2028년) 해외여행 목적지로서 방문 의향_1. 한국(해외여행 의향자 기준),BASE:B3. ④~⑤,캐나다,캐나다,국가/지역,Bot2,210.0,(210),41.05015434100564,%
2025_잠재방한객조사_일반외국인.xlsx,일반외국인,B5A-1,<표B5A-1> 향후 3년 내(~2028년) 해외여행 목적지로서 방문 의향_1. 한국(해외여행 의향자 기준),BASE:B3. ④~⑤,호주,호주,국가/지역,전혀 방문할 의향이 없다,263.0,(263),21.772538770439812,%
2025_잠재방한객조사_일반외국인.xlsx,일반외국인,B5A-1,<표B5A-1> 향후 3년 내(~2028년) 해외여행 목적지로서 방문 의향_1. 한국(해외여행 의향자 기준),BASE:B3. ④~⑤,호주,호주,국가/지역,별로 방문할 의향이 없다,263.0,(263),19.564898125406884,%
2025_잠재방한객조사_일반외국인.xlsx,일반외국인,B5A-1,<표B5A-1> 향후 3년 내(~2028년) 해외여행 목적지로서 방문 의향_1. 한국(해외여행 의향자 기준),BASE:B3. ④~⑤,호주,호주,국가/지역,방문 의향을 정하지 않았다,263.0,(263),21.259824539432852,%
2025_잠재방한객조사_일반외국인.xlsx,일반외국인,B5A-1,<표B5A-1> 향후 3년 내(~2028년) 해외여행 목적지로서 방문 의향_1. 한국(해외여행 의향자 기준),BASE:B3. ④~⑤,호주,호주,국가/지역,약간 방문할 의향이 있다,263.0,(263),23.92961080226589,%
2025_잠재방한객조사_일반외국인.xlsx,일반외국인,B5A-1,<표B5A-1> 향후 3년 내(~2028년) 해외여행 목적지로서 방문 의향_1. 한국(해외여행 의향자 기준),BASE:B3. ④~⑤,호주,호주,국가/지역,매우 방문할 의향이 있다,263.0,(263),13.473127762454453,%
2025_잠재방한객조사_일반외국인.xlsx,일반외국인,B5A-1,<표B5A-1> 향후 3년 내(~2028년) 해외여행 목적지로서 방문 의향_1. 한국(해외여행 의향자 기준),BASE:B3. ④~⑤,호주,호주,국가/지역,종합/Top2,263.0,(263),37.40273856472036,%
2025_잠재방한객조사_일반외국인.xlsx,일반외국인,B5A-1,<표B5A-1> 향후 3년 내(~2028년) 해외여행 목적지로서 방문 의향_1. 한국(해외여행 의향자 기준),BASE:B3. ④~⑤,호주,호주,국가/지역,Mid,263.0,(263),21.259824539432852,%
2025_잠재방한객조사_일반외국인.xlsx,일반외국인,B5A-1,<표B5A-1> 향후 3년 내(~2028년) 해외여행 목적지로서 방문 의향_1. 한국(해외여행 의향자 기준),BASE:B3. ④~⑤,호주,호주,국가/지역,Bot2,263.0,(263),41.337436895846686,%
2025_잠재방한객조사_일반외국인.xlsx,일반외국인,B5A-1,<표B5A-1> 향후 3년 내(~2028년) 해외여행 목적지로서 방문 의향_1. 한국(해외여행 의향자 기준),BASE:B3. ④~⑤,러시아,러시아,국가/지역,전혀 방문할 의향이 없다,371.0,(371),9.967155127602064,%
2025_잠재방한객조사_일반외국인.xlsx,일반외국인,B5A-1,<표B5A-1> 향후 3년 내(~2028년) 해외여행 목적지로서 방문 의향_1. 한국(해외여행 의향자 기준),BASE:B3. ④~⑤,러시아,러시아,국가/지역,별로 방문할 의향이 없다,371.0,(371),15.082060019614179,%
2025_잠재방한객조사_일반외국인.xlsx,일반외국인,B5A-1,<표B5A-1> 향후 3년 내(~2028년) 해외여행 목적지로서 방문 의향_1. 한국(해외여행 의향자 기준),BASE:B3. ④~⑤,러시아,러시아,국가/지역,방문 의향을 정하지 않았다,371.0,(371),38.56043560559479,%
2025_잠재방한객조사_일반외국인.xlsx,일반외국인,B5A-1,<표B5A-1> 향후 3년 내(~2028년) 해외여행 목적지로서 방문 의향_1. 한국(해외여행 의향자 기준),BASE:B3. ④~⑤,러시아,러시아,국가/지역,약간 방문할 의향이 있다,371.0,(371),24.852599631042413,%
2025_잠재방한객조사_일반외국인.xlsx,일반외국인,B5A-1,<표B5A-1> 향후 3년 내(~2028년) 해외여행 목적지로서 방문 의향_1. 한국(해외여행 의향자 기준),BASE:B3. ④~⑤,러시아,러시아,국가/지역,매우 방문할 의향이 있다,371.0,(371),11.537749616146513,%
2025_잠재방한객조사_일반외국인.xlsx,일반외국인,B5A-1,<표B5A-1> 향후 3년 내(~2028년) 해외여행 목적지로서 방문 의향_1. 한국(해외여행 의향자 기준),BASE:B3. ④~⑤,러시아,러시아,국가/지역,종합/Top2,371.0,(371),36.39034924718893,%
2025_잠재방한객조사_일반외국인.xlsx,일반외국인,B5A-1,<표B5A-1> 향후 3년 내(~2028년) 해외여행 목적지로서 방문 의향_1. 한국(해외여행 의향자 기준),BASE:B3. ④~⑤,러시아,러시아,국가/지역,Mid,371.0,(371),38.56043560559479,%
2025_잠재방한객조사_일반외국인.xlsx,일반외국인,B5A-1,<표B5A-1> 향후 3년 내(~2028년) 해외여행 목적지로서 방문 의향_1. 한국(해외여행 의향자 기준),BASE:B3. ④~⑤,러시아,러시아,국가/지역,Bot2,371.0,(371),25.049215147216252,%
2025_잠재방한객조사_일반외국인.xlsx,일반외국인,B5A-1,<표B5A-1> 향후 3년 내(~2028년) 해외여행 목적지로서 방문 의향_1. 한국(해외여행 의향자 기준),BASE:B3. ④~⑤,인도,인도,국가/지역,전혀 방문할 의향이 없다,327.0,(327),7.978054873610914,%
2025_잠재방한객조사_일반외국인.xlsx,일반외국인,B5A-1,<표B5A-1> 향후 3년 내(~2028년) 해외여행 목적지로서 방문 의향_1. 한국(해외여행 의향자 기준),BASE:B3. ④~⑤,인도,인도,국가/지역,별로 방문할 의향이 없다,327.0,(327),8.013599391357241,%
2025_잠재방한객조사_일반외국인.xlsx,일반외국인,B5A-1,<표B5A-1> 향후 3년 내(~2028년) 해외여행 목적지로서 방문 의향_1. 한국(해외여행 의향자 기준),BASE:B3. ④~⑤,인도,인도,국가/지역,방문 의향을 정하지 않았다,327.0,(327),22.227299923580954,%
2025_잠재방한객조사_일반외국인.xlsx,일반외국인,B5A-1,<표B5A-1> 향후 3년 내(~2028년) 해외여행 목적지로서 방문 의향_1. 한국(해외여행 의향자 기준),BASE:B3. ④~⑤,인도,인도,국가/지역,약간 방문할 의향이 있다,327.0,(327),34.759022245604115,%
2025_잠재방한객조사_일반외국인.xlsx,일반외국인,B5A-1,<표B5A-1> 향후 3년 내(~2028년) 해외여행 목적지로서 방문 의향_1. 한국(해외여행 의향자 기준),BASE:B3. ④~⑤,인도,인도,국가/지역,매우 방문할 의향이 있다,327.0,(327),27.02202356584664,%
2025_잠재방한객조사_일반외국인.xlsx,일반외국인,B5A-1,<표B5A-1> 향후 3년 내(~2028년) 해외여행 목적지로서 방문 의향_1. 한국(해외여행 의향자 기준),BASE:B3. ④~⑤,인도,인도,국가/지역,종합/Top2,327.0,(327),61.78104581145081,%
2025_잠재방한객조사_일반외국인.xlsx,일반외국인,B5A-1,<표B5A-1> 향후 3년 내(~2028년) 해외여행 목적지로서 방문 의향_1. 한국(해외여행 의향자 기준),BASE:B3. ④~⑤,인도,인도,국가/지역,Mid,327.0,(327),22.227299923580954,%
2025_잠재방한객조사_일반외국인.xlsx,일반외국인,B5A-1,<표B5A-1> 향후 3년 내(~2028년) 해외여행 목적지로서 방문 의향_1. 한국(해외여행 의향자 기준),BASE:B3. ④~⑤,인도,인도,국가/지역,Bot2,327.0,(327),15.991654264968155,%
2025_잠재방한객조사_일반외국인.xlsx,일반외국인,B5A-1,<표B5A-1> 향후 3년 내(~2028년) 해외여행 목적지로서 방문 의향_1. 한국(해외여행 의향자 기준),BASE:B3. ④~⑤,프랑스,프랑스,국가/지역,전혀 방문할 의향이 없다,265.0,(265),34.34214625433629,%
2025_잠재방한객조사_일반외국인.xlsx,일반외국인,B5A-1,<표B5A-1> 향후 3년 내(~2028년) 해외여행 목적지로서 방문 의향_1. 한국(해외여행 의향자 기준),BASE:B3. ④~⑤,프랑스,프랑스,국가/지역,별로 방문할 의향이 없다,265.0,(265),21.897550580041482,%
2025_잠재방한객조사_일반외국인.xlsx,일반외국인,B5A-1,<표B5A-1> 향후 3년 내(~2028년) 해외여행 목적지로서 방문 의향_1. 한국(해외여행 의향자 기준),BASE:B3. ④~⑤,프랑스,프랑스,국가/지역,방문 의향을 정하지 않았다,265.0,(265),17.14956793025899,%
2025_잠재방한객조사_일반외국인.xlsx,일반외국인,B5A-1,<표B5A-1> 향후 3년 내(~2028년) 해외여행 목적지로서 방문 의향_1. 한국(해외여행 의향자 기준),BASE:B3. ④~⑤,프랑스,프랑스,국가/지역,약간 방문할 의향이 있다,265.0,(265),16.202440897049726,%
2025_잠재방한객조사_일반외국인.xlsx,일반외국인,B5A-1,<표B5A-1> 향후 3년 내(~2028년) 해외여행 목적지로서 방문 의향_1. 한국(해외여행 의향자 기준),BASE:B3. ④~⑤,프랑스,프랑스,국가/지역,매우 방문할 의향이 있다,265.0,(265),10.408294338313553,%
2025_잠재방한객조사_일반외국인.xlsx,일반외국인,B5A-1,<표B5A-1> 향후 3년 내(~2028년) 해외여행 목적지로서 방문 의향_1. 한국(해외여행 의향자 기준),BASE:B3. ④~⑤,프랑스,프랑스,국가/지역,종합/Top2,265.0,(265),26.610735235363286,%
2025_잠재방한객조사_일반외국인.xlsx,일반외국인,B5A-1,<표B5A-1> 향후 3년 내(~2028년) 해외여행 목적지로서 방문 의향_1. 한국(해외여행 의향자 기준),BASE:B3. ④~⑤,프랑스,프랑스,국가/지역,Mid,265.0,(265),17.14956793025899,%
2025_잠재방한객조사_일반외국인.xlsx,일반외국인,B5A-1,<표B5A-1> 향후 3년 내(~2028년) 해외여행 목적지로서 방문 의향_1. 한국(해외여행 의향자 기준),BASE:B3. ④~⑤,프랑스,프랑스,국가/지역,Bot2,265.0,(265),56.23969683437774,%
2025_잠재방한객조사_일반외국인.xlsx,일반외국인,B5A-1,<표B5A-1> 향후 3년 내(~2028년) 해외여행 목적지로서 방문 의향_1. 한국(해외여행 의향자 기준),BASE:B3. ④~⑤,독일,독일,국가/지역,전혀 방문할 의향이 없다,287.0,(287),43.43000026050899,%
2025_잠재방한객조사_일반외국인.xlsx,일반외국인,B5A-1,<표B5A-1> 향후 3년 내(~2028년) 해외여행 목적지로서 방문 의향_1. 한국(해외여행 의향자 기준),BASE:B3. ④~⑤,독일,독일,국가/지역,별로 방문할 의향이 없다,287.0,(287),17.978021575432603,%
2025_잠재방한객조사_일반외국인.xlsx,일반외국인,B5A-1,<표B5A-1> 향후 3년 내(~2028년) 해외여행 목적지로서 방문 의향_1. 한국(해외여행 의향자 기준),BASE:B3. ④~⑤,독일,독일,국가/지역,방문 의향을 정하지 않았다,287.0,(287),17.27773236836501,%
2025_잠재방한객조사_일반외국인.xlsx,일반외국인,B5A-1,<표B5A-1> 향후 3년 내(~2028년) 해외여행 목적지로서 방문 의향_1. 한국(해외여행 의향자 기준),BASE:B3. ④~⑤,독일,독일,국가/지역,약간 방문할 의향이 있다,287.0,(287),15.06619325237602,%
2025_잠재방한객조사_일반외국인.xlsx,일반외국인,B5A-1,<표B5A-1> 향후 3년 내(~2028년) 해외여행 목적지로서 방문 의향_1. 한국(해외여행 의향자 기준),BASE:B3. ④~⑤,독일,독일,국가/지역,매우 방문할 의향이 있다,287.0,(287),6.2480525433173595,%
2025_잠재방한객조사_일반외국인.xlsx,일반외국인,B5A-1,<표B5A-1> 향후 3년 내(~2028년) 해외여행 목적지로서 방문 의향_1. 한국(해외여행 의향자 기준),BASE:B3. ④~⑤,독일,독일,국가/지역,종합/Top2,287.0,(287),21.31424579569338,%
2025_잠재방한객조사_일반외국인.xlsx,일반외국인,B5A-1,<표B5A-1> 향후 3년 내(~2028년) 해외여행 목적지로서 방문 의향_1. 한국(해외여행 의향자 기준),BASE:B3. ④~⑤,독일,독일,국가/지역,Mid,287.0,(287),17.27773236836501,%
2025_잠재방한객조사_일반외국인.xlsx,일반외국인,B5A-1,<표B5A-1> 향후 3년 내(~2028년) 해외여행 목적지로서 방문 의향_1. 한국(해외여행 의향자 기준),BASE:B3. ④~⑤,독일,독일,국가/지역,Bot2,287.0,(287),61.408021835941575,%
2025_잠재방한객조사_일반외국인.xlsx,일반외국인,B5A-1,<표B5A-1> 향후 3년 내(~2028년) 해외여행 목적지로서 방문 의향_1. 한국(해외여행 의향자 기준),BASE:B3. ④~⑤,영국,영국,국가/지역,전혀 방문할 의향이 없다,290.0,(290),37.96109556660176,%
2025_잠재방한객조사_일반외국인.xlsx,일반외국인,B5A-1,<표B5A-1> 향후 3년 내(~2028년) 해외여행 목적지로서 방문 의향_1. 한국(해외여행 의향자 기준),BASE:B3. ④~⑤,영국,영국,국가/지역,별로 방문할 의향이 없다,290.0,(290),18.021548003314344,%
2025_잠재방한객조사_일반외국인.xlsx,일반외국인,B5A-1,<표B5A-1> 향후 3년 내(~2028년) 해외여행 목적지로서 방문 의향_1. 한국(해외여행 의향자 기준),BASE:B3. ④~⑤,영국,영국,국가/지역,방문 의향을 정하지 않았다,290.0,(290),16.354330704395284,%
2025_잠재방한객조사_일반외국인.xlsx,일반외국인,B5A-1,<표B5A-1> 향후 3년 내(~2028년) 해외여행 목적지로서 방문 의향_1. 한국(해외여행 의향자 기준),BASE:B3. ④~⑤,영국,영국,국가/지역,약간 방문할 의향이 있다,290.0,(290),18.291433227889485,%
2025_잠재방한객조사_일반외국인.xlsx,일반외국인,B5A-1,<표B5A-1> 향후 3년 내(~2028년) 해외여행 목적지로서 방문 의향_1. 한국(해외여행 의향자 기준),BASE:B3. ④~⑤,영국,영국,국가/지역,매우 방문할 의향이 있다,290.0,(290),9.371592497799194,%
2025_잠재방한객조사_일반외국인.xlsx,일반외국인,B5A-1,<표B5A-1> 향후 3년 내(~2028년) 해외여행 목적지로서 방문 의향_1. 한국(해외여행 의향자 기준),BASE:B3. ④~⑤,영국,영국,국가/지역,종합/Top2,290.0,(290),27.663025725688662,%
2025_잠재방한객조사_일반외국인.xlsx,일반외국인,B5A-1,<표B5A-1> 향후 3년 내(~2028년) 해외여행 목적지로서 방문 의향_1. 한국(해외여행 의향자 기준),BASE:B3. ④~⑤,영국,영국,국가/지역,Mid,290.0,(290),16.354330704395284,%
2025_잠재방한객조사_일반외국인.xlsx,일반외국인,B5A-1,<표B5A-1> 향후 3년 내(~2028년) 해외여행 목적지로서 방문 의향_1. 한국(해외여행 의향자 기준),BASE:B3. ④~⑤,영국,영국,국가/지역,Bot2,290.0,(290),55.98264356991602,%
2025_잠재방한객조사_일반외국인.xlsx,일반외국인,B5A-1,<표B5A-1> 향후 3년 내(~2028년) 해외여행 목적지로서 방문 의향_1. 한국(해외여행 의향자 기준),BASE:B3. ④~⑤,멕시코,멕시코,국가/지역,전혀 방문할 의향이 없다,299.0,(299),14.729302698644679,%
2025_잠재방한객조사_일반외국인.xlsx,일반외국인,B5A-1,<표B5A-1> 향후 3년 내(~2028년) 해외여행 목적지로서 방문 의향_1. 한국(해외여행 의향자 기준),BASE:B3. ④~⑤,멕시코,멕시코,국가/지역,별로 방문할 의향이 없다,299.0,(299),14.119652495654329,%
2025_잠재방한객조사_일반외국인.xlsx,일반외국인,B5A-1,<표B5A-1> 향후 3년 내(~2028년) 해외여행 목적지로서 방문 의향_1. 한국(해외여행 의향자 기준),BASE:B3. ④~⑤,멕시코,멕시코,국가/지역,방문 의향을 정하지 않았다,299.0,(299),13.359057708505379,%
2025_잠재방한객조사_일반외국인.xlsx,일반외국인,B5A-1,<표B5A-1> 향후 3년 내(~2028년) 해외여행 목적지로서 방문 의향_1. 한국(해외여행 의향자 기준),BASE:B3. ④~⑤,멕시코,멕시코,국가/지역,약간 방문할 의향이 있다,299.0,(299),33.17156756782404,%
2025_잠재방한객조사_일반외국인.xlsx,일반외국인,B5A-1,<표B5A-1> 향후 3년 내(~2028년) 해외여행 목적지로서 방문 의향_1. 한국(해외여행 의향자 기준),BASE:B3. ④~⑤,멕시코,멕시코,국가/지역,매우 방문할 의향이 있다,299.0,(299),24.620419529371397,%
2025_잠재방한객조사_일반외국인.xlsx,일반외국인,B5A-1,<표B5A-1> 향후 3년 내(~2028년) 해외여행 목적지로서 방문 의향_1. 한국(해외여행 의향자 기준),BASE:B3. ④~⑤,멕시코,멕시코,국가/지역,종합/Top2,299.0,(299),57.79198709719546,%
2025_잠재방한객조사_일반외국인.xlsx,일반외국인,B5A-1,<표B5A-1> 향후 3년 내(~2028년) 해외여행 목적지로서 방문 의향_1. 한국(해외여행 의향자 기준),BASE:B3. ④~⑤,멕시코,멕시코,국가/지역,Mid,299.0,(299),13.359057708505379,%
2025_잠재방한객조사_일반외국인.xlsx,일반외국인,B5A-1,<표B5A-1> 향후 3년 내(~2028년) 해외여행 목적지로서 방문 의향_1. 한국(해외여행 의향자 기준),BASE:B3. ④~⑤,멕시코,멕시코,국가/지역,Bot2,299.0,(299),28.848955194299027,%
2025_잠재방한객조사_일반외국인.xlsx,일반외국인,B5A-1,<표B5A-1> 향후 3년 내(~2028년) 해외여행 목적지로서 방문 의향_1. 한국(해외여행 의향자 기준),BASE:B3. ④~⑤,카자흐스탄,카자흐스탄,국가/지역,전혀 방문할 의향이 없다,168.0,(168),9.804226628649399,%
2025_잠재방한객조사_일반외국인.xlsx,일반외국인,B5A-1,<표B5A-1> 향후 3년 내(~2028년) 해외여행 목적지로서 방문 의향_1. 한국(해외여행 의향자 기준),BASE:B3. ④~⑤,카자흐스탄,카자흐스탄,국가/지역,별로 방문할 의향이 없다,168.0,(168),15.270472318059907,%
2025_잠재방한객조사_일반외국인.xlsx,일반외국인,B5A-1,<표B5A-1> 향후 3년 내(~2028년) 해외여행 목적지로서 방문 의향_1. 한국(해외여행 의향자 기준),BASE:B3. ④~⑤,카자흐스탄,카자흐스탄,국가/지역,방문 의향을 정하지 않았다,168.0,(168),27.68577101201717,%
2025_잠재방한객조사_일반외국인.xlsx,일반외국인,B5A-1,<표B5A-1> 향후 3년 내(~2028년) 해외여행 목적지로서 방문 의향_1. 한국(해외여행 의향자 기준),BASE:B3. ④~⑤,카자흐스탄,카자흐스탄,국가/지역,약간 방문할 의향이 있다,168.0,(168),30.151448190864965,%
2025_잠재방한객조사_일반외국인.xlsx,일반외국인,B5A-1,<표B5A-1> 향후 3년 내(~2028년) 해외여행 목적지로서 방문 의향_1. 한국(해외여행 의향자 기준),BASE:B3. ④~⑤,카자흐스탄,카자흐스탄,국가/지역,매우 방문할 의향이 있다,168.0,(168),17.08808185040864,%
2025_잠재방한객조사_일반외국인.xlsx,일반외국인,B5A-1,<표B5A-1> 향후 3년 내(~2028년) 해외여행 목적지로서 방문 의향_1. 한국(해외여행 의향자 기준),BASE:B3. ④~⑤,카자흐스탄,카자흐스탄,국가/지역,종합/Top2,168.0,(168),47.23953004127362,%
2025_잠재방한객조사_일반외국인.xlsx,일반외국인,B5A-1,<표B5A-1> 향후 3년 내(~2028년) 해외여행 목적지로서 방문 의향_1. 한국(해외여행 의향자 기준),BASE:B3. ④~⑤,카자흐스탄,카자흐스탄,국가/지역,Mid,168.0,(168),27.68577101201717,%
2025_잠재방한객조사_일반외국인.xlsx,일반외국인,B5A-1,<표B5A-1> 향후 3년 내(~2028년) 해외여행 목적지로서 방문 의향_1. 한국(해외여행 의향자 기준),BASE:B3. ④~⑤,카자흐스탄,카자흐스탄,국가/지역,Bot2,168.0,(168),25.07469894670932,%
2025_잠재방한객조사_일반외국인.xlsx,일반외국인,B5A-1,<표B5A-1> 향후 3년 내(~2028년) 해외여행 목적지로서 방문 의향_1. 한국(해외여행 의향자 기준),BASE:B3. ④~⑤,튀르키예,튀르키예,국가/지역,전혀 방문할 의향이 없다,260.0,(260),16.667880719651095,%
2025_잠재방한객조사_일반외국인.xlsx,일반외국인,B5A-1,<표B5A-1> 향후 3년 내(~2028년) 해외여행 목적지로서 방문 의향_1. 한국(해외여행 의향자 기준),BASE:B3. ④~⑤,튀르키예,튀르키예,국가/지역,별로 방문할 의향이 없다,260.0,(260),14.198322381519784,%
2025_잠재방한객조사_일반외국인.xlsx,일반외국인,B5A-1,<표B5A-1> 향후 3년 내(~2028년) 해외여행 목적지로서 방문 의향_1. 한국(해외여행 의향자 기준),BASE:B3. ④~⑤,튀르키예,튀르키예,국가/지역,방문 의향을 정하지 않았다,260.0,(260),23.173047501031363,%
2025_잠재방한객조사_일반외국인.xlsx,일반외국인,B5A-1,<표B5A-1> 향후 3년 내(~2028년) 해외여행 목적지로서 방문 의향_1. 한국(해외여행 의향자 기준),BASE:B3. ④~⑤,튀르키예,튀르키예,국가/지역,약간 방문할 의향이 있다,260.0,(260),24.08131864061837,%
2025_잠재방한객조사_일반외국인.xlsx,일반외국인,B5A-1,<표B5A-1> 향후 3년 내(~2028년) 해외여행 목적지로서 방문 의향_1. 한국(해외여행 의향자 기준),BASE:B3. ④~⑤,튀르키예,튀르키예,국가/지역,매우 방문할 의향이 있다,260.0,(260),21.879430757179588,%
2025_잠재방한객조사_일반외국인.xlsx,일반외국인,B5A-1,<표B5A-1> 향후 3년 내(~2028년) 해외여행 목적지로서 방문 의향_1. 한국(해외여행 의향자 기준),BASE:B3. ④~⑤,튀르키예,튀르키예,국가/지역,종합/Top2,260.0,(260),45.96074939779795,%
2025_잠재방한객조사_일반외국인.xlsx,일반외국인,B5A-1,<표B5A-1> 향후 3년 내(~2028년) 해외여행 목적지로서 방문 의향_1. 한국(해외여행 의향자 기준),BASE:B3. ④~⑤,튀르키예,튀르키예,국가/지역,Mid,260.0,(260),23.173047501031363,%
2025_잠재방한객조사_일반외국인.xlsx,일반외국인,B5A-1,<표B5A-1> 향후 3년 내(~2028년) 해외여행 목적지로서 방문 의향_1. 한국(해외여행 의향자 기준),BASE:B3. ④~⑤,튀르키예,튀르키예,국가/지역,Bot2,260.0,(260),30.866203101170896,%
2025_잠재방한객조사_일반외국인.xlsx,일반외국인,B5A-1,<표B5A-1> 향후 3년 내(~2028년) 해외여행 목적지로서 방문 의향_1. 한국(해외여행 의향자 기준),BASE:B3. ④~⑤,브라질,브라질,국가/지역,전혀 방문할 의향이 없다,292.0,(292),14.979194102565147,%
2025_잠재방한객조사_일반외국인.xlsx,일반외국인,B5A-1,<표B5A-1> 향후 3년 내(~2028년) 해외여행 목적지로서 방문 의향_1. 한국(해외여행 의향자 기준),BASE:B3. ④~⑤,브라질,브라질,국가/지역,별로 방문할 의향이 없다,292.0,(292),15.316504219070454,%
2025_잠재방한객조사_일반외국인.xlsx,일반외국인,B5A-1,<표B5A-1> 향후 3년 내(~2028년) 해외여행 목적지로서 방문 의향_1. 한국(해외여행 의향자 기준),BASE:B3. ④~⑤,브라질,브라질,국가/지역,방문 의향을 정하지 않았다,292.0,(292),20.060552495546176,%
2025_잠재방한객조사_일반외국인.xlsx,일반외국인,B5A-1,<표B5A-1> 향후 3년 내(~2028년) 해외여행 목적지로서 방문 의향_1. 한국(해외여행 의향자 기준),BASE:B3. ④~⑤,브라질,브라질,국가/지역,약간 방문할 의향이 있다,292.0,(292),25.1992666476974,%
2025_잠재방한객조사_일반외국인.xlsx,일반외국인,B5A-1,<표B5A-1> 향후 3년 내(~2028년) 해외여행 목적지로서 방문 의향_1. 한국(해외여행 의향자 기준),BASE:B3. ④~⑤,브라질,브라질,국가/지역,매우 방문할 의향이 있다,292.0,(292),24.444482535120876,%
2025_잠재방한객조사_일반외국인.xlsx,일반외국인,B5A-1,<표B5A-1> 향후 3년 내(~2028년) 해외여행 목적지로서 방문 의향_1. 한국(해외여행 의향자 기준),BASE:B3. ④~⑤,브라질,브라질,국가/지역,종합/Top2,292.0,(292),49.643749182818304,%
2025_잠재방한객조사_일반외국인.xlsx,일반외국인,B5A-1,<표B5A-1> 향후 3년 내(~2028년) 해외여행 목적지로서 방문 의향_1. 한국(해외여행 의향자 기준),BASE:B3. ④~⑤,브라질,브라질,국가/지역,Mid,292.0,(292),20.060552495546176,%
2025_잠재방한객조사_일반외국인.xlsx,일반외국인,B5A-1,<표B5A-1> 향후 3년 내(~2028년) 해외여행 목적지로서 방문 의향_1. 한국(해외여행 의향자 기준),BASE:B3. ④~⑤,브라질,브라질,국가/지역,Bot2,292.0,(292),30.295698321635584,%
2025_잠재방한객조사_일반외국인.xlsx,일반외국인,B5A-1,<표B5A-1> 향후 3년 내(~2028년) 해외여행 목적지로서 방문 의향_1. 한국(해외여행 의향자 기준),BASE:B3. ④~⑤,사우디아라비아,사우디아라비아,국가/지역,전혀 방문할 의향이 없다,351.0,(351),5.301738711274477,%
2025_잠재방한객조사_일반외국인.xlsx,일반외국인,B5A-1,<표B5A-1> 향후 3년 내(~2028년) 해외여행 목적지로서 방문 의향_1. 한국(해외여행 의향자 기준),BASE:B3. ④~⑤,사우디아라비아,사우디아라비아,국가/지역,별로 방문할 의향이 없다,351.0,(351),13.38775478598398,%
2025_잠재방한객조사_일반외국인.xlsx,일반외국인,B5A-1,<표B5A-1> 향후 3년 내(~2028년) 해외여행 목적지로서 방문 의향_1. 한국(해외여행 의향자 기준),BASE:B3. ④~⑤,사우디아라비아,사우디아라비아,국가/지역,방문 의향을 정하지 않았다,351.0,(351),25.648787150050268,%
2025_잠재방한객조사_일반외국인.xlsx,일반외국인,B5A-1,<표B5A-1> 향후 3년 내(~2028년) 해외여행 목적지로서 방문 의향_1. 한국(해외여행 의향자 기준),BASE:B3. ④~⑤,사우디아라비아,사우디아라비아,국가/지역,약간 방문할 의향이 있다,351.0,(351),28.14261354301262,%
2025_잠재방한객조사_일반외국인.xlsx,일반외국인,B5A-1,<표B5A-1> 향후 3년 내(~2028년) 해외여행 목적지로서 방문 의향_1. 한국(해외여행 의향자 기준),BASE:B3. ④~⑤,사우디아라비아,사우디아라비아,국가/지역,매우 방문할 의향이 있다,351.0,(351),27.51910580967889,%
2025_잠재방한객조사_일반외국인.xlsx,일반외국인,B5A-1,<표B5A-1> 향후 3년 내(~2028년) 해외여행 목적지로서 방문 의향_1. 한국(해외여행 의향자 기준),BASE:B3. ④~⑤,사우디아라비아,사우디아라비아,국가/지역,종합/Top2,351.0,(351),55.66171935269152,%
2025_잠재방한객조사_일반외국인.xlsx,일반외국인,B5A-1,<표B5A-1> 향후 3년 내(~2028년) 해외여행 목적지로서 방문 의향_1. 한국(해외여행 의향자 기준),BASE:B3. ④~⑤,사우디아라비아,사우디아라비아,국가/지역,Mid,351.0,(351),25.648787150050268,%
2025_잠재방한객조사_일반외국인.xlsx,일반외국인,B5A-1,<표B5A-1> 향후 3년 내(~2028년) 해외여행 목적지로서 방문 의향_1. 한국(해외여행 의향자 기준),BASE:B3. ④~⑤,사우디아라비아,사우디아라비아,국가/지역,Bot2,351.0,(351),18.689493497258454,%
2025_잠재방한객조사_일반외국인.xlsx,일반외국인,B5A-1,<표B5A-1> 향후 3년 내(~2028년) 해외여행 목적지로서 방문 의향_1. 한국(해외여행 의향자 기준),BASE:B3. ④~⑤,아랍에미리트,UAE,국가/지역,전혀 방문할 의향이 없다,391.0,(391),8.302500429934765,%
2025_잠재방한객조사_일반외국인.xlsx,일반외국인,B5A-1,<표B5A-1> 향후 3년 내(~2028년) 해외여행 목적지로서 방문 의향_1. 한국(해외여행 의향자 기준),BASE:B3. ④~⑤,아랍에미리트,UAE,국가/지역,별로 방문할 의향이 없다,391.0,(391),10.296168493805729,%
2025_잠재방한객조사_일반외국인.xlsx,일반외국인,B5A-1,<표B5A-1> 향후 3년 내(~2028년) 해외여행 목적지로서 방문 의향_1. 한국(해외여행 의향자 기준),BASE:B3. ④~⑤,아랍에미리트,UAE,국가/지역,방문 의향을 정하지 않았다,391.0,(391),24.396405106082,%
2025_잠재방한객조사_일반외국인.xlsx,일반외국인,B5A-1,<표B5A-1> 향후 3년 내(~2028년) 해외여행 목적지로서 방문 의향_1. 한국(해외여행 의향자 기준),BASE:B3. ④~⑤,아랍에미리트,UAE,국가/지역,약간 방문할 의향이 있다,391.0,(391),31.57385889091538,%
2025_잠재방한객조사_일반외국인.xlsx,일반외국인,B5A-1,<표B5A-1> 향후 3년 내(~2028년) 해외여행 목적지로서 방문 의향_1. 한국(해외여행 의향자 기준),BASE:B3. ④~⑤,아랍에미리트,UAE,국가/지역,매우 방문할 의향이 있다,391.0,(391),25.431067079262387,%
2025_잠재방한객조사_일반외국인.xlsx,일반외국인,B5A-1,<표B5A-1> 향후 3년 내(~2028년) 해외여행 목적지로서 방문 의향_1. 한국(해외여행 의향자 기준),BASE:B3. ④~⑤,아랍에미리트,UAE,국가/지역,종합/Top2,391.0,(391),57.004925970177624,%
2025_잠재방한객조사_일반외국인.xlsx,일반외국인,B5A-1,<표B5A-1> 향후 3년 내(~2028년) 해외여행 목적지로서 방문 의향_1. 한국(해외여행 의향자 기준),BASE:B3. ④~⑤,아랍에미리트,UAE,국가/지역,Mid,391.0,(391),24.396405106082,%
2025_잠재방한객조사_일반외국인.xlsx,일반외국인,B5A-1,<표B5A-1> 향후 3년 내(~2028년) 해외여행 목적지로서 방문 의향_1. 한국(해외여행 의향자 기준),BASE:B3. ④~⑤,아랍에미리트,UAE,국가/지역,Bot2,391.0,(391),18.59866892374051,%
2025_잠재방한객조사_일반외국인.xlsx,일반외국인,B5B-1,<표B5B-1> 향후 3년 내(~2028년) 해외여행 목적지로서 방문 의향_1. 한국(전체 응답자 기준),BASE:전체,전체,전체,전체,방문의향 있음,16360.0,(16360),32.46210992009025,%
2025_잠재방한객조사_일반외국인.xlsx,일반외국인,B5B-1,<표B5B-1> 향후 3년 내(~2028년) 해외여행 목적지로서 방문 의향_1. 한국(전체 응답자 기준),BASE:전체,전체,전체,전체,아직 미정,16360.0,(16360),11.808178423887263,%
2025_잠재방한객조사_일반외국인.xlsx,일반외국인,B5B-1,<표B5B-1> 향후 3년 내(~2028년) 해외여행 목적지로서 방문 의향_1. 한국(전체 응답자 기준),BASE:전체,전체,전체,전체,방문의향 없음,16360.0,(16360),14.547464894983216,%
2025_잠재방한객조사_일반외국인.xlsx,일반외국인,B5B-1,<표B5B-1> 향후 3년 내(~2028년) 해외여행 목적지로서 방문 의향_1. 한국(전체 응답자 기준),BASE:전체,전체,전체,전체,해외여행 의향 없음,16360.0,(16360),41.18224676103846,%
2025_잠재방한객조사_일반외국인.xlsx,일반외국인,B5B-1,<표B5B-1> 향후 3년 내(~2028년) 해외여행 목적지로서 방문 의향_1. 한국(전체 응답자 기준),BASE:전체,전체,전체,전체,계,16360.0,(16360),100,%
2025_잠재방한객조사_일반외국인.xlsx,일반외국인,B5B-1,<표B5B-1> 향후 3년 내(~2028년) 해외여행 목적지로서 방문 의향_1. 한국(전체 응답자 기준),BASE:전체,중국,중국,국가/지역,방문의향 있음,2600.0,(2600),42.933157101954336,%
2025_잠재방한객조사_일반외국인.xlsx,일반외국인,B5B-1,<표B5B-1> 향후 3년 내(~2028년) 해외여행 목적지로서 방문 의향_1. 한국(전체 응답자 기준),BASE:전체,중국,중국,국가/지역,아직 미정,2600.0,(2600),14.975793666387178,%
2025_잠재방한객조사_일반외국인.xlsx,일반외국인,B5B-1,<표B5B-1> 향후 3년 내(~2028년) 해외여행 목적지로서 방문 의향_1. 한국(전체 응답자 기준),BASE:전체,중국,중국,국가/지역,방문의향 없음,2600.0,(2600),10.95094894413318,%
2025_잠재방한객조사_일반외국인.xlsx,일반외국인,B5B-1,<표B5B-1> 향후 3년 내(~2028년) 해외여행 목적지로서 방문 의향_1. 한국(전체 응답자 기준),BASE:전체,중국,중국,국가/지역,해외여행 의향 없음,2600.0,(2600),31.14010028752552,%
2025_잠재방한객조사_일반외국인.xlsx,일반외국인,B5B-1,<표B5B-1> 향후 3년 내(~2028년) 해외여행 목적지로서 방문 의향_1. 한국(전체 응답자 기준),BASE:전체,중국,중국,국가/지역,계,2600.0,(2600),100,%
2025_잠재방한객조사_일반외국인.xlsx,일반외국인,B5B-1,<표B5B-1> 향후 3년 내(~2028년) 해외여행 목적지로서 방문 의향_1. 한국(전체 응답자 기준),BASE:전체,일본,일본,국가/지역,방문의향 있음,1670.0,(1670),19.84779610904272,%
2025_잠재방한객조사_일반외국인.xlsx,일반외국인,B5B-1,<표B5B-1> 향후 3년 내(~2028년) 해외여행 목적지로서 방문 의향_1. 한국(전체 응답자 기준),BASE:전체,일본,일본,국가/지역,아직 미정,1670.0,(1670),6.368469747123079,%
2025_잠재방한객조사_일반외국인.xlsx,일반외국인,B5B-1,<표B5B-1> 향후 3년 내(~2028년) 해외여행 목적지로서 방문 의향_1. 한국(전체 응답자 기준),BASE:전체,일본,일본,국가/지역,방문의향 없음,1670.0,(1670),9.893768025828727,%
2025_잠재방한객조사_일반외국인.xlsx,일반외국인,B5B-1,<표B5B-1> 향후 3년 내(~2028년) 해외여행 목적지로서 방문 의향_1. 한국(전체 응답자 기준),BASE:전체,일본,일본,국가/지역,해외여행 의향 없음,1670.0,(1670),63.88996611800546,%
2025_잠재방한객조사_일반외국인.xlsx,일반외국인,B5B-1,<표B5B-1> 향후 3년 내(~2028년) 해외여행 목적지로서 방문 의향_1. 한국(전체 응답자 기준),BASE:전체,일본,일본,국가/지역,계,1670.0,(1670),100,%
2025_잠재방한객조사_일반외국인.xlsx,일반외국인,B5B-1,<표B5B-1> 향후 3년 내(~2028년) 해외여행 목적지로서 방문 의향_1. 한국(전체 응답자 기준),BASE:전체,대만,대만,국가/지역,방문의향 있음,465.0,(465),58.22440130599792,%
2025_잠재방한객조사_일반외국인.xlsx,일반외국인,B5B-1,<표B5B-1> 향후 3년 내(~2028년) 해외여행 목적지로서 방문 의향_1. 한국(전체 응답자 기준),BASE:전체,대만,대만,국가/지역,아직 미정,465.0,(465),11.758774188245418,%
2025_잠재방한객조사_일반외국인.xlsx,일반외국인,B5B-1,<표B5B-1> 향후 3년 내(~2028년) 해외여행 목적지로서 방문 의향_1. 한국(전체 응답자 기준),BASE:전체,대만,대만,국가/지역,방문의향 없음,465.0,(465),6.857894972254389,%
2025_잠재방한객조사_일반외국인.xlsx,일반외국인,B5B-1,<표B5B-1> 향후 3년 내(~2028년) 해외여행 목적지로서 방문 의향_1. 한국(전체 응답자 기준),BASE:전체,대만,대만,국가/지역,해외여행 의향 없음,465.0,(465),23.158929533502217,%
2025_잠재방한객조사_일반외국인.xlsx,일반외국인,B5B-1,<표B5B-1> 향후 3년 내(~2028년) 해외여행 목적지로서 방문 의향_1. 한국(전체 응답자 기준),BASE:전체,대만,대만,국가/지역,계,465.0,(465),100,%
2025_잠재방한객조사_일반외국인.xlsx,일반외국인,B5B-1,<표B5B-1> 향후 3년 내(~2028년) 해외여행 목적지로서 방문 의향_1. 한국(전체 응답자 기준),BASE:전체,미국,미국,국가/지역,방문의향 있음,930.0,(930),15.095486856555402,%
2025_잠재방한객조사_일반외국인.xlsx,일반외국인,B5B-1,<표B5B-1> 향후 3년 내(~2028년) 해외여행 목적지로서 방문 의향_1. 한국(전체 응답자 기준),BASE:전체,미국,미국,국가/지역,아직 미정,930.0,(930),7.730922518320775,%
2025_잠재방한객조사_일반외국인.xlsx,일반외국인,B5B-1,<표B5B-1> 향후 3년 내(~2028년) 해외여행 목적지로서 방문 의향_1. 한국(전체 응답자 기준),BASE:전체,미국,미국,국가/지역,방문의향 없음,930.0,(930),16.70714231569542,%
2025_잠재방한객조사_일반외국인.xlsx,일반외국인,B5B-1,<표B5B-1> 향후 3년 내(~2028년) 해외여행 목적지로서 방문 의향_1. 한국(전체 응답자 기준),BASE:전체,미국,미국,국가/지역,해외여행 의향 없음,930.0,(930),60.46644830942862,%
2025_잠재방한객조사_일반외국인.xlsx,일반외국인,B5B-1,<표B5B-1> 향후 3년 내(~2028년) 해외여행 목적지로서 방문 의향_1. 한국(전체 응답자 기준),BASE:전체,미국,미국,국가/지역,계,930.0,(930),100,%
2025_잠재방한객조사_일반외국인.xlsx,일반외국인,B5B-1,<표B5B-1> 향후 3년 내(~2028년) 해외여행 목적지로서 방문 의향_1. 한국(전체 응답자 기준),BASE:전체,필리핀,필리핀,국가/지역,방문의향 있음,465.0,(465),55.39073497998478,%
2025_잠재방한객조사_일반외국인.xlsx,일반외국인,B5B-1,<표B5B-1> 향후 3년 내(~2028년) 해외여행 목적지로서 방문 의향_1. 한국(전체 응답자 기준),BASE:전체,필리핀,필리핀,국가/지역,아직 미정,465.0,(465),5.7465042316776795,%
2025_잠재방한객조사_일반외국인.xlsx,일반외국인,B5B-1,<표B5B-1> 향후 3년 내(~2028년) 해외여행 목적지로서 방문 의향_1. 한국(전체 응답자 기준),BASE:전체,필리핀,필리핀,국가/지역,방문의향 없음,465.0,(465),4.580239115440172,%
2025_잠재방한객조사_일반외국인.xlsx,일반외국인,B5B-1,<표B5B-1> 향후 3년 내(~2028년) 해외여행 목적지로서 방문 의향_1. 한국(전체 응답자 기준),BASE:전체,필리핀,필리핀,국가/지역,해외여행 의향 없음,465.0,(465),34.282521672897445,%
2025_잠재방한객조사_일반외국인.xlsx,일반외국인,B5B-1,<표B5B-1> 향후 3년 내(~2028년) 해외여행 목적지로서 방문 의향_1. 한국(전체 응답자 기준),BASE:전체,필리핀,필리핀,국가/지역,계,465.0,(465),100,%
2025_잠재방한객조사_일반외국인.xlsx,일반외국인,B5B-1,<표B5B-1> 향후 3년 내(~2028년) 해외여행 목적지로서 방문 의향_1. 한국(전체 응답자 기준),BASE:전체,베트남,베트남,국가/지역,방문의향 있음,465.0,(465),62.67346959049611,%
2025_잠재방한객조사_일반외국인.xlsx,일반외국인,B5B-1,<표B5B-1> 향후 3년 내(~2028년) 해외여행 목적지로서 방문 의향_1. 한국(전체 응답자 기준),BASE:전체,베트남,베트남,국가/지역,아직 미정,465.0,(465),9.07079508936811,%
2025_잠재방한객조사_일반외국인.xlsx,일반외국인,B5B-1,<표B5B-1> 향후 3년 내(~2028년) 해외여행 목적지로서 방문 의향_1. 한국(전체 응답자 기준),BASE:전체,베트남,베트남,국가/지역,방문의향 없음,465.0,(465),1.9017607651945247,%
2025_잠재방한객조사_일반외국인.xlsx,일반외국인,B5B-1,<표B5B-1> 향후 3년 내(~2028년) 해외여행 목적지로서 방문 의향_1. 한국(전체 응답자 기준),BASE:전체,베트남,베트남,국가/지역,해외여행 의향 없음,465.0,(465),26.353974554941306,%
2025_잠재방한객조사_일반외국인.xlsx,일반외국인,B5B-1,<표B5B-1> 향후 3년 내(~2028년) 해외여행 목적지로서 방문 의향_1. 한국(전체 응답자 기준),BASE:전체,베트남,베트남,국가/지역,계,465.0,(465),100,%
2025_잠재방한객조사_일반외국인.xlsx,일반외국인,B5B-1,<표B5B-1> 향후 3년 내(~2028년) 해외여행 목적지로서 방문 의향_1. 한국(전체 응답자 기준),BASE:전체,싱가포르,싱가포르,국가/지역,방문의향 있음,465.0,(465),51.46437544447438,%
2025_잠재방한객조사_일반외국인.xlsx,일반외국인,B5B-1,<표B5B-1> 향후 3년 내(~2028년) 해외여행 목적지로서 방문 의향_1. 한국(전체 응답자 기준),BASE:전체,싱가포르,싱가포르,국가/지역,아직 미정,465.0,(465),15.76877098016177,%
2025_잠재방한객조사_일반외국인.xlsx,일반외국인,B5B-1,<표B5B-1> 향후 3년 내(~2028년) 해외여행 목적지로서 방문 의향_1. 한국(전체 응답자 기준),BASE:전체,싱가포르,싱가포르,국가/지역,방문의향 없음,465.0,(465),10.207670380933818,%
2025_잠재방한객조사_일반외국인.xlsx,일반외국인,B5B-1,<표B5B-1> 향후 3년 내(~2028년) 해외여행 목적지로서 방문 의향_1. 한국(전체 응답자 기준),BASE:전체,싱가포르,싱가포르,국가/지역,해외여행 의향 없음,465.0,(465),22.55918319442997,%
2025_잠재방한객조사_일반외국인.xlsx,일반외국인,B5B-1,<표B5B-1> 향후 3년 내(~2028년) 해외여행 목적지로서 방문 의향_1. 한국(전체 응답자 기준),BASE:전체,싱가포르,싱가포르,국가/지역,계,465.0,(465),100,%
2025_잠재방한객조사_일반외국인.xlsx,일반외국인,B5B-1,<표B5B-1> 향후 3년 내(~2028년) 해외여행 목적지로서 방문 의향_1. 한국(전체 응답자 기준),BASE:전체,인도네시아,인도네시아,국가/지역,방문의향 있음,465.0,(465),50.36146443416938,%
2025_잠재방한객조사_일반외국인.xlsx,일반외국인,B5B-1,<표B5B-1> 향후 3년 내(~2028년) 해외여행 목적지로서 방문 의향_1. 한국(전체 응답자 기준),BASE:전체,인도네시아,인도네시아,국가/지역,아직 미정,465.0,(465),9.762813244761494,%
2025_잠재방한객조사_일반외국인.xlsx,일반외국인,B5B-1,<표B5B-1> 향후 3년 내(~2028년) 해외여행 목적지로서 방문 의향_1. 한국(전체 응답자 기준),BASE:전체,인도네시아,인도네시아,국가/지역,방문의향 없음,465.0,(465),3.6131682033626578,%
2025_잠재방한객조사_일반외국인.xlsx,일반외국인,B5B-1,<표B5B-1> 향후 3년 내(~2028년) 해외여행 목적지로서 방문 의향_1. 한국(전체 응답자 기준),BASE:전체,인도네시아,인도네시아,국가/지역,해외여행 의향 없음,465.0,(465),36.26255411770632,%
2025_잠재방한객조사_일반외국인.xlsx,일반외국인,B5B-1,<표B5B-1> 향후 3년 내(~2028년) 해외여행 목적지로서 방문 의향_1. 한국(전체 응답자 기준),BASE:전체,인도네시아,인도네시아,국가/지역,계,465.0,(465),100,%
2025_잠재방한객조사_일반외국인.xlsx,일반외국인,B5B-1,<표B5B-1> 향후 3년 내(~2028년) 해외여행 목적지로서 방문 의향_1. 한국(전체 응답자 기준),BASE:전체,태국,태국,국가/지역,방문의향 있음,465.0,(465),36.5967026576235,%
2025_잠재방한객조사_일반외국인.xlsx,일반외국인,B5B-1,<표B5B-1> 향후 3년 내(~2028년) 해외여행 목적지로서 방문 의향_1. 한국(전체 응답자 기준),BASE:전체,태국,태국,국가/지역,아직 미정,465.0,(465),13.707956336264665,%
2025_잠재방한객조사_일반외국인.xlsx,일반외국인,B5B-1,<표B5B-1> 향후 3년 내(~2028년) 해외여행 목적지로서 방문 의향_1. 한국(전체 응답자 기준),BASE:전체,태국,태국,국가/지역,방문의향 없음,465.0,(465),6.086963953525176,%
2025_잠재방한객조사_일반외국인.xlsx,일반외국인,B5B-1,<표B5B-1> 향후 3년 내(~2028년) 해외여행 목적지로서 방문 의향_1. 한국(전체 응답자 기준),BASE:전체,태국,태국,국가/지역,해외여행 의향 없음,465.0,(465),43.60837705258657,%
2025_잠재방한객조사_일반외국인.xlsx,일반외국인,B5B-1,<표B5B-1> 향후 3년 내(~2028년) 해외여행 목적지로서 방문 의향_1. 한국(전체 응답자 기준),BASE:전체,태국,태국,국가/지역,계,465.0,(465),100,%
2025_잠재방한객조사_일반외국인.xlsx,일반외국인,B5B-1,<표B5B-1> 향후 3년 내(~2028년) 해외여행 목적지로서 방문 의향_1. 한국(전체 응답자 기준),BASE:전체,말레이시아,말레이시아,국가/지역,방문의향 있음,465.0,(465),45.91515867228712,%
2025_잠재방한객조사_일반외국인.xlsx,일반외국인,B5B-1,<표B5B-1> 향후 3년 내(~2028년) 해외여행 목적지로서 방문 의향_1. 한국(전체 응답자 기준),BASE:전체,말레이시아,말레이시아,국가/지역,아직 미정,465.0,(465),13.30805911274556,%
2025_잠재방한객조사_일반외국인.xlsx,일반외국인,B5B-1,<표B5B-1> 향후 3년 내(~2028년) 해외여행 목적지로서 방문 의향_1. 한국(전체 응답자 기준),BASE:전체,말레이시아,말레이시아,국가/지역,방문의향 없음,465.0,(465),8.78424175950661,%
2025_잠재방한객조사_일반외국인.xlsx,일반외국인,B5B-1,<표B5B-1> 향후 3년 내(~2028년) 해외여행 목적지로서 방문 의향_1. 한국(전체 응답자 기준),BASE:전체,말레이시아,말레이시아,국가/지역,해외여행 의향 없음,465.0,(465),31.99254045546067,%
2025_잠재방한객조사_일반외국인.xlsx,일반외국인,B5B-1,<표B5B-1> 향후 3년 내(~2028년) 해외여행 목적지로서 방문 의향_1. 한국(전체 응답자 기준),BASE:전체,말레이시아,말레이시아,국가/지역,계,465.0,(465),100,%
2025_잠재방한객조사_일반외국인.xlsx,일반외국인,B5B-1,<표B5B-1> 향후 3년 내(~2028년) 해외여행 목적지로서 방문 의향_1. 한국(전체 응답자 기준),BASE:전체,캐나다,캐나다,국가/지역,방문의향 있음,465.0,(465),17.338363892620297,%
2025_잠재방한객조사_일반외국인.xlsx,일반외국인,B5B-1,<표B5B-1> 향후 3년 내(~2028년) 해외여행 목적지로서 방문 의향_1. 한국(전체 응답자 기준),BASE:전체,캐나다,캐나다,국가/지역,아직 미정,465.0,(465),9.29495347964566,%
2025_잠재방한객조사_일반외국인.xlsx,일반외국인,B5B-1,<표B5B-1> 향후 3년 내(~2028년) 해외여행 목적지로서 방문 의향_1. 한국(전체 응답자 기준),BASE:전체,캐나다,캐나다,국가/지역,방문의향 없음,465.0,(465),18.54630451568773,%
2025_잠재방한객조사_일반외국인.xlsx,일반외국인,B5B-1,<표B5B-1> 향후 3년 내(~2028년) 해외여행 목적지로서 방문 의향_1. 한국(전체 응답자 기준),BASE:전체,캐나다,캐나다,국가/지역,해외여행 의향 없음,465.0,(465),54.82037811204624,%
2025_잠재방한객조사_일반외국인.xlsx,일반외국인,B5B-1,<표B5B-1> 향후 3년 내(~2028년) 해외여행 목적지로서 방문 의향_1. 한국(전체 응답자 기준),BASE:전체,캐나다,캐나다,국가/지역,계,465.0,(465),100,%
2025_잠재방한객조사_일반외국인.xlsx,일반외국인,B5B-1,<표B5B-1> 향후 3년 내(~2028년) 해외여행 목적지로서 방문 의향_1. 한국(전체 응답자 기준),BASE:전체,호주,호주,국가/지역,방문의향 있음,465.0,(465),21.13233390662644,%
2025_잠재방한객조사_일반외국인.xlsx,일반외국인,B5B-1,<표B5B-1> 향후 3년 내(~2028년) 해외여행 목적지로서 방문 의향_1. 한국(전체 응답자 기준),BASE:전체,호주,호주,국가/지역,아직 미정,465.0,(465),12.011679577584552,%
2025_잠재방한객조사_일반외국인.xlsx,일반외국인,B5B-1,<표B5B-1> 향후 3년 내(~2028년) 해외여행 목적지로서 방문 의향_1. 한국(전체 응답자 기준),BASE:전체,호주,호주,국가/지역,방문의향 없음,465.0,(465),23.35541601627808,%
2025_잠재방한객조사_일반외국인.xlsx,일반외국인,B5B-1,<표B5B-1> 향후 3년 내(~2028년) 해외여행 목적지로서 방문 의향_1. 한국(전체 응답자 기준),BASE:전체,호주,호주,국가/지역,해외여행 의향 없음,465.0,(465),43.50057049951109,%
2025_잠재방한객조사_일반외국인.xlsx,일반외국인,B5B-1,<표B5B-1> 향후 3년 내(~2028년) 해외여행 목적지로서 방문 의향_1. 한국(전체 응답자 기준),BASE:전체,호주,호주,국가/지역,계,465.0,(465),100,%
2025_잠재방한객조사_일반외국인.xlsx,일반외국인,B5B-1,<표B5B-1> 향후 3년 내(~2028년) 해외여행 목적지로서 방문 의향_1. 한국(전체 응답자 기준),BASE:전체,러시아,러시아,국가/지역,방문의향 있음,930.0,(930),14.512074021367363,%
2025_잠재방한객조사_일반외국인.xlsx,일반외국인,B5B-1,<표B5B-1> 향후 3년 내(~2028년) 해외여행 목적지로서 방문 의향_1. 한국(전체 응답자 기준),BASE:전체,러시아,러시아,국가/지역,아직 미정,930.0,(930),15.377480771163206,%
2025_잠재방한객조사_일반외국인.xlsx,일반외국인,B5B-1,<표B5B-1> 향후 3년 내(~2028년) 해외여행 목적지로서 방문 의향_1. 한국(전체 응답자 기준),BASE:전체,러시아,러시아,국가/지역,방문의향 없음,930.0,(930),9.989353548774739,%
2025_잠재방한객조사_일반외국인.xlsx,일반외국인,B5B-1,<표B5B-1> 향후 3년 내(~2028년) 해외여행 목적지로서 방문 의향_1. 한국(전체 응답자 기준),BASE:전체,러시아,러시아,국가/지역,해외여행 의향 없음,930.0,(930),60.12109165869466,%
2025_잠재방한객조사_일반외국인.xlsx,일반외국인,B5B-1,<표B5B-1> 향후 3년 내(~2028년) 해외여행 목적지로서 방문 의향_1. 한국(전체 응답자 기준),BASE:전체,러시아,러시아,국가/지역,계,930.0,(930),100,%
2025_잠재방한객조사_일반외국인.xlsx,일반외국인,B5B-1,<표B5B-1> 향후 3년 내(~2028년) 해외여행 목적지로서 방문 의향_1. 한국(전체 응답자 기준),BASE:전체,인도,인도,국가/지역,방문의향 있음,465.0,(465),43.45325248232832,%
2025_잠재방한객조사_일반외국인.xlsx,일반외국인,B5B-1,<표B5B-1> 향후 3년 내(~2028년) 해외여행 목적지로서 방문 의향_1. 한국(전체 응답자 기준),BASE:전체,인도,인도,국가/지역,아직 미정,465.0,(465),15.633410909350209,%
2025_잠재방한객조사_일반외국인.xlsx,일반외국인,B5B-1,<표B5B-1> 향후 3년 내(~2028년) 해외여행 목적지로서 방문 의향_1. 한국(전체 응답자 기준),BASE:전체,인도,인도,국가/지역,방문의향 없음,465.0,(465),11.247614559754982,%
2025_잠재방한객조사_일반외국인.xlsx,일반외국인,B5B-1,<표B5B-1> 향후 3년 내(~2028년) 해외여행 목적지로서 방문 의향_1. 한국(전체 응답자 기준),BASE:전체,인도,인도,국가/지역,해외여행 의향 없음,465.0,(465),29.665722048566494,%
2025_잠재방한객조사_일반외국인.xlsx,일반외국인,B5B-1,<표B5B-1> 향후 3년 내(~2028년) 해외여행 목적지로서 방문 의향_1. 한국(전체 응답자 기준),BASE:전체,인도,인도,국가/지역,계,465.0,(465),100,%
2025_잠재방한객조사_일반외국인.xlsx,일반외국인,B5B-1,<표B5B-1> 향후 3년 내(~2028년) 해외여행 목적지로서 방문 의향_1. 한국(전체 응답자 기준),BASE:전체,프랑스,프랑스,국가/지역,방문의향 있음,465.0,(465),15.155901431948468,%
2025_잠재방한객조사_일반외국인.xlsx,일반외국인,B5B-1,<표B5B-1> 향후 3년 내(~2028년) 해외여행 목적지로서 방문 의향_1. 한국(전체 응답자 기준),BASE:전체,프랑스,프랑스,국가/지역,아직 미정,465.0,(465),9.767379925906859,%
2025_잠재방한객조사_일반외국인.xlsx,일반외국인,B5B-1,<표B5B-1> 향후 3년 내(~2028년) 해외여행 목적지로서 방문 의향_1. 한국(전체 응답자 기준),BASE:전체,프랑스,프랑스,국가/지역,방문의향 없음,465.0,(465),32.03080614818108,%
2025_잠재방한객조사_일반외국인.xlsx,일반외국인,B5B-1,<표B5B-1> 향후 3년 내(~2028년) 해외여행 목적지로서 방문 의향_1. 한국(전체 응답자 기준),BASE:전체,프랑스,프랑스,국가/지역,해외여행 의향 없음,465.0,(465),43.045912493963556,%
2025_잠재방한객조사_일반외국인.xlsx,일반외국인,B5B-1,<표B5B-1> 향후 3년 내(~2028년) 해외여행 목적지로서 방문 의향_1. 한국(전체 응답자 기준),BASE:전체,프랑스,프랑스,국가/지역,계,465.0,(465),100,%
2025_잠재방한객조사_일반외국인.xlsx,일반외국인,B5B-1,<표B5B-1> 향후 3년 내(~2028년) 해외여행 목적지로서 방문 의향_1. 한국(전체 응답자 기준),BASE:전체,독일,독일,국가/지역,방문의향 있음,465.0,(465),13.144489555435948,%
2025_잠재방한객조사_일반외국인.xlsx,일반외국인,B5B-1,<표B5B-1> 향후 3년 내(~2028년) 해외여행 목적지로서 방문 의향_1. 한국(전체 응답자 기준),BASE:전체,독일,독일,국가/지역,아직 미정,465.0,(465),10.65517282828179,%
2025_잠재방한객조사_일반외국인.xlsx,일반외국인,B5B-1,<표B5B-1> 향후 3년 내(~2028년) 해외여행 목적지로서 방문 의향_1. 한국(전체 응답자 기준),BASE:전체,독일,독일,국가/지역,방문의향 없음,465.0,(465),37.870310278846915,%
2025_잠재방한객조사_일반외국인.xlsx,일반외국인,B5B-1,<표B5B-1> 향후 3년 내(~2028년) 해외여행 목적지로서 방문 의향_1. 한국(전체 응답자 기준),BASE:전체,독일,독일,국가/지역,해외여행 의향 없음,465.0,(465),38.330027337435226,%
2025_잠재방한객조사_일반외국인.xlsx,일반외국인,B5B-1,<표B5B-1> 향후 3년 내(~2028년) 해외여행 목적지로서 방문 의향_1. 한국(전체 응답자 기준),BASE:전체,독일,독일,국가/지역,계,465.0,(465),100,%
2025_잠재방한객조사_일반외국인.xlsx,일반외국인,B5B-1,<표B5B-1> 향후 3년 내(~2028년) 해외여행 목적지로서 방문 의향_1. 한국(전체 응답자 기준),BASE:전체,영국,영국,국가/지역,방문의향 있음,465.0,(465),17.259921189618048,%
2025_잠재방한객조사_일반외국인.xlsx,일반외국인,B5B-1,<표B5B-1> 향후 3년 내(~2028년) 해외여행 목적지로서 방문 의향_1. 한국(전체 응답자 기준),BASE:전체,영국,영국,국가/지역,아직 미정,465.0,(465),10.204034145284593,%
2025_잠재방한객조사_일반외국인.xlsx,일반외국인,B5B-1,<표B5B-1> 향후 3년 내(~2028년) 해외여행 목적지로서 방문 의향_1. 한국(전체 응답자 기준),BASE:전체,영국,영국,국가/지역,방문의향 없음,465.0,(465),34.92951297463949,%
2025_잠재방한객조사_일반외국인.xlsx,일반외국인,B5B-1,<표B5B-1> 향후 3년 내(~2028년) 해외여행 목적지로서 방문 의향_1. 한국(전체 응답자 기준),BASE:전체,영국,영국,국가/지역,해외여행 의향 없음,465.0,(465),37.606531690457714,%
2025_잠재방한객조사_일반외국인.xlsx,일반외국인,B5B-1,<표B5B-1> 향후 3년 내(~2028년) 해외여행 목적지로서 방문 의향_1. 한국(전체 응답자 기준),BASE:전체,영국,영국,국가/지역,계,465.0,(465),100,%
2025_잠재방한객조사_일반외국인.xlsx,일반외국인,B5B-1,<표B5B-1> 향후 3년 내(~2028년) 해외여행 목적지로서 방문 의향_1. 한국(전체 응답자 기준),BASE:전체,멕시코,멕시코,국가/지역,방문의향 있음,465.0,(465),37.17631306772462,%
2025_잠재방한객조사_일반외국인.xlsx,일반외국인,B5B-1,<표B5B-1> 향후 3년 내(~2028년) 해외여행 목적지로서 방문 의향_1. 한국(전체 응답자 기준),BASE:전체,멕시코,멕시코,국가/지역,아직 미정,465.0,(465),8.59358773779379,%
2025_잠재방한객조사_일반외국인.xlsx,일반외국인,B5B-1,<표B5B-1> 향후 3년 내(~2028년) 해외여행 목적지로서 방문 의향_1. 한국(전체 응답자 기준),BASE:전체,멕시코,멕시코,국가/지역,방문의향 없음,465.0,(465),18.557897796043548,%
2025_잠재방한객조사_일반외국인.xlsx,일반외국인,B5B-1,<표B5B-1> 향후 3년 내(~2028년) 해외여행 목적지로서 방문 의향_1. 한국(전체 응답자 기준),BASE:전체,멕시코,멕시코,국가/지역,해외여행 의향 없음,465.0,(465),35.672201398437906,%
2025_잠재방한객조사_일반외국인.xlsx,일반외국인,B5B-1,<표B5B-1> 향후 3년 내(~2028년) 해외여행 목적지로서 방문 의향_1. 한국(전체 응답자 기준),BASE:전체,멕시코,멕시코,국가/지역,계,465.0,(465),100,%
2025_잠재방한객조사_일반외국인.xlsx,일반외국인,B5B-1,<표B5B-1> 향후 3년 내(~2028년) 해외여행 목적지로서 방문 의향_1. 한국(전체 응답자 기준),BASE:전체,카자흐스탄,카자흐스탄,국가/지역,방문의향 있음,465.0,(465),17.09362336989714,%
2025_잠재방한객조사_일반외국인.xlsx,일반외국인,B5B-1,<표B5B-1> 향후 3년 내(~2028년) 해외여행 목적지로서 방문 의향_1. 한국(전체 응답자 기준),BASE:전체,카자흐스탄,카자흐스탄,국가/지역,아직 미정,465.0,(465),10.018095903391808,%
2025_잠재방한객조사_일반외국인.xlsx,일반외국인,B5B-1,<표B5B-1> 향후 3년 내(~2028년) 해외여행 목적지로서 방문 의향_1. 한국(전체 응답자 기준),BASE:전체,카자흐스탄,카자흐스탄,국가/지역,방문의향 없음,465.0,(465),9.073279508371877,%
2025_잠재방한객조사_일반외국인.xlsx,일반외국인,B5B-1,<표B5B-1> 향후 3년 내(~2028년) 해외여행 목적지로서 방문 의향_1. 한국(전체 응답자 기준),BASE:전체,카자흐스탄,카자흐스탄,국가/지역,해외여행 의향 없음,465.0,(465),63.815001218339205,%
2025_잠재방한객조사_일반외국인.xlsx,일반외국인,B5B-1,<표B5B-1> 향후 3년 내(~2028년) 해외여행 목적지로서 방문 의향_1. 한국(전체 응답자 기준),BASE:전체,카자흐스탄,카자흐스탄,국가/지역,계,465.0,(465),100,%
2025_잠재방한객조사_일반외국인.xlsx,일반외국인,B5B-1,<표B5B-1> 향후 3년 내(~2028년) 해외여행 목적지로서 방문 의향_1. 한국(전체 응답자 기준),BASE:전체,튀르키예,튀르키예,국가/지역,방문의향 있음,465.0,(465),25.67137490591626,%
2025_잠재방한객조사_일반외국인.xlsx,일반외국인,B5B-1,<표B5B-1> 향후 3년 내(~2028년) 해외여행 목적지로서 방문 의향_1. 한국(전체 응답자 기준),BASE:전체,튀르키예,튀르키예,국가/지역,아직 미정,465.0,(465),12.943304839587405,%
2025_잠재방한객조사_일반외국인.xlsx,일반외국인,B5B-1,<표B5B-1> 향후 3년 내(~2028년) 해외여행 목적지로서 방문 의향_1. 한국(전체 응답자 기준),BASE:전체,튀르키예,튀르키예,국가/지역,방문의향 없음,465.0,(465),17.240316620474367,%
2025_잠재방한객조사_일반외국인.xlsx,일반외국인,B5B-1,<표B5B-1> 향후 3년 내(~2028년) 해외여행 목적지로서 방문 의향_1. 한국(전체 응답자 기준),BASE:전체,튀르키예,튀르키예,국가/지역,해외여행 의향 없음,465.0,(465),44.145003634021755,%
2025_잠재방한객조사_일반외국인.xlsx,일반외국인,B5B-1,<표B5B-1> 향후 3년 내(~2028년) 해외여행 목적지로서 방문 의향_1. 한국(전체 응답자 기준),BASE:전체,튀르키예,튀르키예,국가/지역,계,465.0,(465),100,%
2025_잠재방한객조사_일반외국인.xlsx,일반외국인,B5B-1,<표B5B-1> 향후 3년 내(~2028년) 해외여행 목적지로서 방문 의향_1. 한국(전체 응답자 기준),BASE:전체,브라질,브라질,국가/지역,방문의향 있음,465.0,(465),31.144863054386068,%
2025_잠재방한객조사_일반외국인.xlsx,일반외국인,B5B-1,<표B5B-1> 향후 3년 내(~2028년) 해외여행 목적지로서 방문 의향_1. 한국(전체 응답자 기준),BASE:전체,브라질,브라질,국가/지역,아직 미정,465.0,(465),12.58533391521819,%
2025_잠재방한객조사_일반외국인.xlsx,일반외국인,B5B-1,<표B5B-1> 향후 3년 내(~2028년) 해외여행 목적지로서 방문 의향_1. 한국(전체 응답자 기준),BASE:전체,브라질,브라질,국가/지역,방문의향 없음,465.0,(465),19.006529339466134,%
2025_잠재방한객조사_일반외국인.xlsx,일반외국인,B5B-1,<표B5B-1> 향후 3년 내(~2028년) 해외여행 목적지로서 방문 의향_1. 한국(전체 응답자 기준),BASE:전체,브라질,브라질,국가/지역,해외여행 의향 없음,465.0,(465),37.26327369092971,%
2025_잠재방한객조사_일반외국인.xlsx,일반외국인,B5B-1,<표B5B-1> 향후 3년 내(~2028년) 해외여행 목적지로서 방문 의향_1. 한국(전체 응답자 기준),BASE:전체,브라질,브라질,국가/지역,계,465.0,(465),100,%
2025_잠재방한객조사_일반외국인.xlsx,일반외국인,B5B-1,<표B5B-1> 향후 3년 내(~2028년) 해외여행 목적지로서 방문 의향_1. 한국(전체 응답자 기준),BASE:전체,사우디아라비아,사우디아라비아,국가/지역,방문의향 있음,465.0,(465),42.05970197941871,%
2025_잠재방한객조사_일반외국인.xlsx,일반외국인,B5B-1,<표B5B-1> 향후 3년 내(~2028년) 해외여행 목적지로서 방문 의향_1. 한국(전체 응답자 기준),BASE:전체,사우디아라비아,사우디아라비아,국가/지역,아직 미정,465.0,(465),19.381010076766415,%
2025_잠재방한객조사_일반외국인.xlsx,일반외국인,B5B-1,<표B5B-1> 향후 3년 내(~2028년) 해외여행 목적지로서 방문 의향_1. 한국(전체 응답자 기준),BASE:전체,사우디아라비아,사우디아라비아,국가/지역,방문의향 없음,465.0,(465),14.122354389740282,%
2025_잠재방한객조사_일반외국인.xlsx,일반외국인,B5B-1,<표B5B-1> 향후 3년 내(~2028년) 해외여행 목적지로서 방문 의향_1. 한국(전체 응답자 기준),BASE:전체,사우디아라비아,사우디아라비아,국가/지역,해외여행 의향 없음,465.0,(465),24.436933554074848,%
2025_잠재방한객조사_일반외국인.xlsx,일반외국인,B5B-1,<표B5B-1> 향후 3년 내(~2028년) 해외여행 목적지로서 방문 의향_1. 한국(전체 응답자 기준),BASE:전체,사우디아라비아,사우디아라비아,국가/지역,계,465.0,(465),100,%
2025_잠재방한객조사_일반외국인.xlsx,일반외국인,B5B-1,<표B5B-1> 향후 3년 내(~2028년) 해외여행 목적지로서 방문 의향_1. 한국(전체 응답자 기준),BASE:전체,아랍에미리트,UAE,국가/지역,방문의향 있음,465.0,(465),47.97737401149714,%
2025_잠재방한객조사_일반외국인.xlsx,일반외국인,B5B-1,<표B5B-1> 향후 3년 내(~2028년) 해외여행 목적지로서 방문 의향_1. 한국(전체 응답자 기준),BASE:전체,아랍에미리트,UAE,국가/지역,아직 미정,465.0,(465),20.532882595494183,%
2025_잠재방한객조사_일반외국인.xlsx,일반외국인,B5B-1,<표B5B-1> 향후 3년 내(~2028년) 해외여행 목적지로서 방문 의향_1. 한국(전체 응답자 기준),BASE:전체,아랍에미리트,UAE,국가/지역,방문의향 없음,465.0,(465),15.653301532873249,%
2025_잠재방한객조사_일반외국인.xlsx,일반외국인,B5B-1,<표B5B-1> 향후 3년 내(~2028년) 해외여행 목적지로서 방문 의향_1. 한국(전체 응답자 기준),BASE:전체,아랍에미리트,UAE,국가/지역,해외여행 의향 없음,465.0,(465),15.83644186013569,%
2025_잠재방한객조사_일반외국인.xlsx,일반외국인,B5B-1,<표B5B-1> 향후 3년 내(~2028년) 해외여행 목적지로서 방문 의향_1. 한국(전체 응답자 기준),BASE:전체,아랍에미리트,UAE,국가/지역,계,465.0,(465),100,%
2025_잠재방한객조사_일반외국인.xlsx,일반외국인,E1A-1,<표E1A-1> (전 생애) 한국 문화 경험 여부 (전체 응답자 기준),BASE:전체,전체,전체,전체,경험,16360.0,(16360),78.86013013120409,%
2025_잠재방한객조사_일반외국인.xlsx,일반외국인,E1A-1,<표E1A-1> (전 생애) 한국 문화 경험 여부 (전체 응답자 기준),BASE:전체,전체,전체,전체,비경험,16360.0,(16360),21.139869868795163,%
2025_잠재방한객조사_일반외국인.xlsx,일반외국인,E1A-1,<표E1A-1> (전 생애) 한국 문화 경험 여부 (전체 응답자 기준),BASE:전체,전체,전체,전체,계,16360.0,(16360),100,%
2025_잠재방한객조사_일반외국인.xlsx,일반외국인,E1A-1,<표E1A-1> (전 생애) 한국 문화 경험 여부 (전체 응답자 기준),BASE:전체,중국,중국,국가/지역,경험,2600.0,(2600),86.6339377066662,%
2025_잠재방한객조사_일반외국인.xlsx,일반외국인,E1A-1,<표E1A-1> (전 생애) 한국 문화 경험 여부 (전체 응답자 기준),BASE:전체,중국,중국,국가/지역,비경험,2600.0,(2600),13.36606229333383,%
2025_잠재방한객조사_일반외국인.xlsx,일반외국인,E1A-1,<표E1A-1> (전 생애) 한국 문화 경험 여부 (전체 응답자 기준),BASE:전체,중국,중국,국가/지역,계,2600.0,(2600),100,%
2025_잠재방한객조사_일반외국인.xlsx,일반외국인,E1A-1,<표E1A-1> (전 생애) 한국 문화 경험 여부 (전체 응답자 기준),BASE:전체,일본,일본,국가/지역,경험,1670.0,(1670),59.61876569632864,%
2025_잠재방한객조사_일반외국인.xlsx,일반외국인,E1A-1,<표E1A-1> (전 생애) 한국 문화 경험 여부 (전체 응답자 기준),BASE:전체,일본,일본,국가/지역,비경험,1670.0,(1670),40.381234303671484,%
2025_잠재방한객조사_일반외국인.xlsx,일반외국인,E1A-1,<표E1A-1> (전 생애) 한국 문화 경험 여부 (전체 응답자 기준),BASE:전체,일본,일본,국가/지역,계,1670.0,(1670),100,%
2025_잠재방한객조사_일반외국인.xlsx,일반외국인,E1A-1,<표E1A-1> (전 생애) 한국 문화 경험 여부 (전체 응답자 기준),BASE:전체,대만,대만,국가/지역,경험,465.0,(465),90.76244404002541,%
2025_잠재방한객조사_일반외국인.xlsx,일반외국인,E1A-1,<표E1A-1> (전 생애) 한국 문화 경험 여부 (전체 응답자 기준),BASE:전체,대만,대만,국가/지역,비경험,465.0,(465),9.237555959974577,%
2025_잠재방한객조사_일반외국인.xlsx,일반외국인,E1A-1,<표E1A-1> (전 생애) 한국 문화 경험 여부 (전체 응답자 기준),BASE:전체,대만,대만,국가/지역,계,465.0,(465),100,%
2025_잠재방한객조사_일반외국인.xlsx,일반외국인,E1A-1,<표E1A-1> (전 생애) 한국 문화 경험 여부 (전체 응답자 기준),BASE:전체,미국,미국,국가/지역,경험,930.0,(930),68.68783882603663,%
2025_잠재방한객조사_일반외국인.xlsx,일반외국인,E1A-1,<표E1A-1> (전 생애) 한국 문화 경험 여부 (전체 응답자 기준),BASE:전체,미국,미국,국가/지역,비경험,930.0,(930),31.31216117396348,%
2025_잠재방한객조사_일반외국인.xlsx,일반외국인,E1A-1,<표E1A-1> (전 생애) 한국 문화 경험 여부 (전체 응답자 기준),BASE:전체,미국,미국,국가/지역,계,930.0,(930),100,%
2025_잠재방한객조사_일반외국인.xlsx,일반외국인,E1A-1,<표E1A-1> (전 생애) 한국 문화 경험 여부 (전체 응답자 기준),BASE:전체,필리핀,필리핀,국가/지역,경험,465.0,(465),97.29916649771201,%
2025_잠재방한객조사_일반외국인.xlsx,일반외국인,E1A-1,<표E1A-1> (전 생애) 한국 문화 경험 여부 (전체 응답자 기준),BASE:전체,필리핀,필리핀,국가/지역,비경험,465.0,(465),2.700833502288,%
2025_잠재방한객조사_일반외국인.xlsx,일반외국인,E1A-1,<표E1A-1> (전 생애) 한국 문화 경험 여부 (전체 응답자 기준),BASE:전체,필리핀,필리핀,국가/지역,계,465.0,(465),100,%
2025_잠재방한객조사_일반외국인.xlsx,일반외국인,E1A-1,<표E1A-1> (전 생애) 한국 문화 경험 여부 (전체 응답자 기준),BASE:전체,베트남,베트남,국가/지역,경험,465.0,(465),98.02922038310989,%
2025_잠재방한객조사_일반외국인.xlsx,일반외국인,E1A-1,<표E1A-1> (전 생애) 한국 문화 경험 여부 (전체 응답자 기준),BASE:전체,베트남,베트남,국가/지역,비경험,465.0,(465),1.9707796168901277,%
2025_잠재방한객조사_일반외국인.xlsx,일반외국인,E1A-1,<표E1A-1> (전 생애) 한국 문화 경험 여부 (전체 응답자 기준),BASE:전체,베트남,베트남,국가/지역,계,465.0,(465),100,%
2025_잠재방한객조사_일반외국인.xlsx,일반외국인,E1A-1,<표E1A-1> (전 생애) 한국 문화 경험 여부 (전체 응답자 기준),BASE:전체,싱가포르,싱가포르,국가/지역,경험,465.0,(465),92.73864669578572,%
2025_잠재방한객조사_일반외국인.xlsx,일반외국인,E1A-1,<표E1A-1> (전 생애) 한국 문화 경험 여부 (전체 응답자 기준),BASE:전체,싱가포르,싱가포르,국가/지역,비경험,465.0,(465),7.2613533042142295,%
2025_잠재방한객조사_일반외국인.xlsx,일반외국인,E1A-1,<표E1A-1> (전 생애) 한국 문화 경험 여부 (전체 응답자 기준),BASE:전체,싱가포르,싱가포르,국가/지역,계,465.0,(465),100,%
2025_잠재방한객조사_일반외국인.xlsx,일반외국인,E1A-1,<표E1A-1> (전 생애) 한국 문화 경험 여부 (전체 응답자 기준),BASE:전체,인도네시아,인도네시아,국가/지역,경험,465.0,(465),95.71285045042282,%
2025_잠재방한객조사_일반외국인.xlsx,일반외국인,E1A-1,<표E1A-1> (전 생애) 한국 문화 경험 여부 (전체 응답자 기준),BASE:전체,인도네시아,인도네시아,국가/지역,비경험,465.0,(465),4.287149549577167,%
2025_잠재방한객조사_일반외국인.xlsx,일반외국인,E1A-1,<표E1A-1> (전 생애) 한국 문화 경험 여부 (전체 응답자 기준),BASE:전체,인도네시아,인도네시아,국가/지역,계,465.0,(465),100,%
2025_잠재방한객조사_일반외국인.xlsx,일반외국인,E1A-1,<표E1A-1> (전 생애) 한국 문화 경험 여부 (전체 응답자 기준),BASE:전체,태국,태국,국가/지역,경험,465.0,(465),90.72085913345016,%
2025_잠재방한객조사_일반외국인.xlsx,일반외국인,E1A-1,<표E1A-1> (전 생애) 한국 문화 경험 여부 (전체 응답자 기준),BASE:전체,태국,태국,국가/지역,비경험,465.0,(465),9.27914086654988,%
2025_잠재방한객조사_일반외국인.xlsx,일반외국인,E1A-1,<표E1A-1> (전 생애) 한국 문화 경험 여부 (전체 응답자 기준),BASE:전체,태국,태국,국가/지역,계,465.0,(465),100,%
2025_잠재방한객조사_일반외국인.xlsx,일반외국인,E1A-1,<표E1A-1> (전 생애) 한국 문화 경험 여부 (전체 응답자 기준),BASE:전체,말레이시아,말레이시아,국가/지역,경험,465.0,(465),91.16047806938194,%
2025_잠재방한객조사_일반외국인.xlsx,일반외국인,E1A-1,<표E1A-1> (전 생애) 한국 문화 경험 여부 (전체 응답자 기준),BASE:전체,말레이시아,말레이시아,국가/지역,비경험,465.0,(465),8.839521930618108,%
2025_잠재방한객조사_일반외국인.xlsx,일반외국인,E1A-1,<표E1A-1> (전 생애) 한국 문화 경험 여부 (전체 응답자 기준),BASE:전체,말레이시아,말레이시아,국가/지역,계,465.0,(465),100,%
2025_잠재방한객조사_일반외국인.xlsx,일반외국인,E1A-1,<표E1A-1> (전 생애) 한국 문화 경험 여부 (전체 응답자 기준),BASE:전체,캐나다,캐나다,국가/지역,경험,465.0,(465),62.740574141577795,%
2025_잠재방한객조사_일반외국인.xlsx,일반외국인,E1A-1,<표E1A-1> (전 생애) 한국 문화 경험 여부 (전체 응답자 기준),BASE:전체,캐나다,캐나다,국가/지역,비경험,465.0,(465),37.259425858422105,%
2025_잠재방한객조사_일반외국인.xlsx,일반외국인,E1A-1,<표E1A-1> (전 생애) 한국 문화 경험 여부 (전체 응답자 기준),BASE:전체,캐나다,캐나다,국가/지역,계,465.0,(465),100,%
2025_잠재방한객조사_일반외국인.xlsx,일반외국인,E1A-1,<표E1A-1> (전 생애) 한국 문화 경험 여부 (전체 응답자 기준),BASE:전체,호주,호주,국가/지역,경험,465.0,(465),65.41552291281546,%
2025_잠재방한객조사_일반외국인.xlsx,일반외국인,E1A-1,<표E1A-1> (전 생애) 한국 문화 경험 여부 (전체 응답자 기준),BASE:전체,호주,호주,국가/지역,비경험,465.0,(465),34.58447708718469,%
2025_잠재방한객조사_일반외국인.xlsx,일반외국인,E1A-1,<표E1A-1> (전 생애) 한국 문화 경험 여부 (전체 응답자 기준),BASE:전체,호주,호주,국가/지역,계,465.0,(465),100,%
2025_잠재방한객조사_일반외국인.xlsx,일반외국인,E1A-1,<표E1A-1> (전 생애) 한국 문화 경험 여부 (전체 응답자 기준),BASE:전체,러시아,러시아,국가/지역,경험,930.0,(930),77.17413311313524,%
2025_잠재방한객조사_일반외국인.xlsx,일반외국인,E1A-1,<표E1A-1> (전 생애) 한국 문화 경험 여부 (전체 응답자 기준),BASE:전체,러시아,러시아,국가/지역,비경험,930.0,(930),22.825866886864794,%
2025_잠재방한객조사_일반외국인.xlsx,일반외국인,E1A-1,<표E1A-1> (전 생애) 한국 문화 경험 여부 (전체 응답자 기준),BASE:전체,러시아,러시아,국가/지역,계,930.0,(930),100,%
2025_잠재방한객조사_일반외국인.xlsx,일반외국인,E1A-1,<표E1A-1> (전 생애) 한국 문화 경험 여부 (전체 응답자 기준),BASE:전체,인도,인도,국가/지역,경험,465.0,(465),91.77473946881794,%
2025_잠재방한객조사_일반외국인.xlsx,일반외국인,E1A-1,<표E1A-1> (전 생애) 한국 문화 경험 여부 (전체 응답자 기준),BASE:전체,인도,인도,국가/지역,비경험,465.0,(465),8.225260531182062,%
2025_잠재방한객조사_일반외국인.xlsx,일반외국인,E1A-1,<표E1A-1> (전 생애) 한국 문화 경험 여부 (전체 응답자 기준),BASE:전체,인도,인도,국가/지역,계,465.0,(465),100,%
2025_잠재방한객조사_일반외국인.xlsx,일반외국인,E1A-1,<표E1A-1> (전 생애) 한국 문화 경험 여부 (전체 응답자 기준),BASE:전체,프랑스,프랑스,국가/지역,경험,465.0,(465),60.63605996694642,%
2025_잠재방한객조사_일반외국인.xlsx,일반외국인,E1A-1,<표E1A-1> (전 생애) 한국 문화 경험 여부 (전체 응답자 기준),BASE:전체,프랑스,프랑스,국가/지역,비경험,465.0,(465),39.36394003305351,%
2025_잠재방한객조사_일반외국인.xlsx,일반외국인,E1A-1,<표E1A-1> (전 생애) 한국 문화 경험 여부 (전체 응답자 기준),BASE:전체,프랑스,프랑스,국가/지역,계,465.0,(465),100,%
2025_잠재방한객조사_일반외국인.xlsx,일반외국인,E1A-1,<표E1A-1> (전 생애) 한국 문화 경험 여부 (전체 응답자 기준),BASE:전체,독일,독일,국가/지역,경험,465.0,(465),59.151073574938465,%
2025_잠재방한객조사_일반외국인.xlsx,일반외국인,E1A-1,<표E1A-1> (전 생애) 한국 문화 경험 여부 (전체 응답자 기준),BASE:전체,독일,독일,국가/지역,비경험,465.0,(465),40.84892642506141,%
2025_잠재방한객조사_일반외국인.xlsx,일반외국인,E1A-1,<표E1A-1> (전 생애) 한국 문화 경험 여부 (전체 응답자 기준),BASE:전체,독일,독일,국가/지역,계,465.0,(465),100,%
2025_잠재방한객조사_일반외국인.xlsx,일반외국인,E1A-1,<표E1A-1> (전 생애) 한국 문화 경험 여부 (전체 응답자 기준),BASE:전체,영국,영국,국가/지역,경험,465.0,(465),58.57531201296202,%
2025_잠재방한객조사_일반외국인.xlsx,일반외국인,E1A-1,<표E1A-1> (전 생애) 한국 문화 경험 여부 (전체 응답자 기준),BASE:전체,영국,영국,국가/지역,비경험,465.0,(465),41.424687987037814,%
2025_잠재방한객조사_일반외국인.xlsx,일반외국인,E1A-1,<표E1A-1> (전 생애) 한국 문화 경험 여부 (전체 응답자 기준),BASE:전체,영국,영국,국가/지역,계,465.0,(465),100,%
2025_잠재방한객조사_일반외국인.xlsx,일반외국인,E1A-1,<표E1A-1> (전 생애) 한국 문화 경험 여부 (전체 응답자 기준),BASE:전체,멕시코,멕시코,국가/지역,경험,465.0,(465),86.32758132999457,%
2025_잠재방한객조사_일반외국인.xlsx,일반외국인,E1A-1,<표E1A-1> (전 생애) 한국 문화 경험 여부 (전체 응답자 기준),BASE:전체,멕시코,멕시코,국가/지역,비경험,465.0,(465),13.672418670005454,%
2025_잠재방한객조사_일반외국인.xlsx,일반외국인,E1A-1,<표E1A-1> (전 생애) 한국 문화 경험 여부 (전체 응답자 기준),BASE:전체,멕시코,멕시코,국가/지역,계,465.0,(465),100,%
2025_잠재방한객조사_일반외국인.xlsx,일반외국인,E1A-1,<표E1A-1> (전 생애) 한국 문화 경험 여부 (전체 응답자 기준),BASE:전체,카자흐스탄,카자흐스탄,국가/지역,경험,465.0,(465),83.15456806541577,%
2025_잠재방한객조사_일반외국인.xlsx,일반외국인,E1A-1,<표E1A-1> (전 생애) 한국 문화 경험 여부 (전체 응답자 기준),BASE:전체,카자흐스탄,카자흐스탄,국가/지역,비경험,465.0,(465),16.84543193458416,%
2025_잠재방한객조사_일반외국인.xlsx,일반외국인,E1A-1,<표E1A-1> (전 생애) 한국 문화 경험 여부 (전체 응답자 기준),BASE:전체,카자흐스탄,카자흐스탄,국가/지역,계,465.0,(465),100,%
2025_잠재방한객조사_일반외국인.xlsx,일반외국인,E1A-1,<표E1A-1> (전 생애) 한국 문화 경험 여부 (전체 응답자 기준),BASE:전체,튀르키예,튀르키예,국가/지역,경험,465.0,(465),79.15910916837827,%
2025_잠재방한객조사_일반외국인.xlsx,일반외국인,E1A-1,<표E1A-1> (전 생애) 한국 문화 경험 여부 (전체 응답자 기준),BASE:전체,튀르키예,튀르키예,국가/지역,비경험,465.0,(465),20.840890831621568,%
2025_잠재방한객조사_일반외국인.xlsx,일반외국인,E1A-1,<표E1A-1> (전 생애) 한국 문화 경험 여부 (전체 응답자 기준),BASE:전체,튀르키예,튀르키예,국가/지역,계,465.0,(465),100,%
2025_잠재방한객조사_일반외국인.xlsx,일반외국인,E1A-1,<표E1A-1> (전 생애) 한국 문화 경험 여부 (전체 응답자 기준),BASE:전체,브라질,브라질,국가/지역,경험,465.0,(465),78.68379061590217,%
2025_잠재방한객조사_일반외국인.xlsx,일반외국인,E1A-1,<표E1A-1> (전 생애) 한국 문화 경험 여부 (전체 응답자 기준),BASE:전체,브라질,브라질,국가/지역,비경험,465.0,(465),21.316209384097874,%
2025_잠재방한객조사_일반외국인.xlsx,일반외국인,E1A-1,<표E1A-1> (전 생애) 한국 문화 경험 여부 (전체 응답자 기준),BASE:전체,브라질,브라질,국가/지역,계,465.0,(465),100,%
2025_잠재방한객조사_일반외국인.xlsx,일반외국인,E1A-1,<표E1A-1> (전 생애) 한국 문화 경험 여부 (전체 응답자 기준),BASE:전체,사우디아라비아,사우디아라비아,국가/지역,경험,465.0,(465),87.15586900519602,%
2025_잠재방한객조사_일반외국인.xlsx,일반외국인,E1A-1,<표E1A-1> (전 생애) 한국 문화 경험 여부 (전체 응답자 기준),BASE:전체,사우디아라비아,사우디아라비아,국가/지역,비경험,465.0,(465),12.844130994804114,%
2025_잠재방한객조사_일반외국인.xlsx,일반외국인,E1A-1,<표E1A-1> (전 생애) 한국 문화 경험 여부 (전체 응답자 기준),BASE:전체,사우디아라비아,사우디아라비아,국가/지역,계,465.0,(465),100,%
2025_잠재방한객조사_일반외국인.xlsx,일반외국인,E1A-1,<표E1A-1> (전 생애) 한국 문화 경험 여부 (전체 응답자 기준),BASE:전체,아랍에미리트,UAE,국가/지역,경험,465.0,(465),93.22064976922864,%
2025_잠재방한객조사_일반외국인.xlsx,일반외국인,E1A-1,<표E1A-1> (전 생애) 한국 문화 경험 여부 (전체 응답자 기준),BASE:전체,아랍에미리트,UAE,국가/지역,비경험,465.0,(465),6.779350230771421,%
2025_잠재방한객조사_일반외국인.xlsx,일반외국인,E1A-1,<표E1A-1> (전 생애) 한국 문화 경험 여부 (전체 응답자 기준),BASE:전체,아랍에미리트,UAE,국가/지역,계,465.0,(465),100,%
2025_잠재방한객조사_일반외국인.xlsx,일반외국인,E4-1,<표E4-1> 한국 문화 경험이 한국 호감도에 미치는 영향 (한국 문화 경험자 기준),BASE:E1. ①~⑬,전체,전체,전체,매우 부정적으로 변화하였다,12902.0,(12902),1.1978078188593966,%
2025_잠재방한객조사_일반외국인.xlsx,일반외국인,E4-1,<표E4-1> 한국 문화 경험이 한국 호감도에 미치는 영향 (한국 문화 경험자 기준),BASE:E1. ①~⑬,전체,전체,전체,약간 부정적으로 변화하였다,12902.0,(12902),3.3086636667046094,%
2025_잠재방한객조사_일반외국인.xlsx,일반외국인,E4-1,<표E4-1> 한국 문화 경험이 한국 호감도에 미치는 영향 (한국 문화 경험자 기준),BASE:E1. ①~⑬,전체,전체,전체,경험 이전과 동일하다,12902.0,(12902),31.734350663175874,%
2025_잠재방한객조사_일반외국인.xlsx,일반외국인,E4-1,<표E4-1> 한국 문화 경험이 한국 호감도에 미치는 영향 (한국 문화 경험자 기준),BASE:E1. ①~⑬,전체,전체,전체,약간 긍정적으로 변화하였다,12902.0,(12902),40.212362962736464,%
2025_잠재방한객조사_일반외국인.xlsx,일반외국인,E4-1,<표E4-1> 한국 문화 경험이 한국 호감도에 미치는 영향 (한국 문화 경험자 기준),BASE:E1. ①~⑬,전체,전체,전체,매우 긍정적으로 변화하였다,12902.0,(12902),23.546814888523148,%
2025_잠재방한객조사_일반외국인.xlsx,일반외국인,E4-1,<표E4-1> 한국 문화 경험이 한국 호감도에 미치는 영향 (한국 문화 경험자 기준),BASE:E1. ①~⑬,전체,전체,전체,종합/Top2,12902.0,(12902),63.75917785125961,%
2025_잠재방한객조사_일반외국인.xlsx,일반외국인,E4-1,<표E4-1> 한국 문화 경험이 한국 호감도에 미치는 영향 (한국 문화 경험자 기준),BASE:E1. ①~⑬,전체,전체,전체,Mid,12902.0,(12902),31.734350663175874,%
2025_잠재방한객조사_일반외국인.xlsx,일반외국인,E4-1,<표E4-1> 한국 문화 경험이 한국 호감도에 미치는 영향 (한국 문화 경험자 기준),BASE:E1. ①~⑬,전체,전체,전체,Bot2,12902.0,(12902),4.506471485564012,%
2025_잠재방한객조사_일반외국인.xlsx,일반외국인,E4-1,<표E4-1> 한국 문화 경험이 한국 호감도에 미치는 영향 (한국 문화 경험자 기준),BASE:E1. ①~⑬,중국,중국,국가/지역,매우 부정적으로 변화하였다,2252.0,(2252),1.433930086219607,%
2025_잠재방한객조사_일반외국인.xlsx,일반외국인,E4-1,<표E4-1> 한국 문화 경험이 한국 호감도에 미치는 영향 (한국 문화 경험자 기준),BASE:E1. ①~⑬,중국,중국,국가/지역,약간 부정적으로 변화하였다,2252.0,(2252),3.950666215132949,%
2025_잠재방한객조사_일반외국인.xlsx,일반외국인,E4-1,<표E4-1> 한국 문화 경험이 한국 호감도에 미치는 영향 (한국 문화 경험자 기준),BASE:E1. ①~⑬,중국,중국,국가/지역,경험 이전과 동일하다,2252.0,(2252),26.76190785285277,%
2025_잠재방한객조사_일반외국인.xlsx,일반외국인,E4-1,<표E4-1> 한국 문화 경험이 한국 호감도에 미치는 영향 (한국 문화 경험자 기준),BASE:E1. ①~⑬,중국,중국,국가/지역,약간 긍정적으로 변화하였다,2252.0,(2252),44.01479569621918,%
2025_잠재방한객조사_일반외국인.xlsx,일반외국인,E4-1,<표E4-1> 한국 문화 경험이 한국 호감도에 미치는 영향 (한국 문화 경험자 기준),BASE:E1. ①~⑬,중국,중국,국가/지역,매우 긍정적으로 변화하였다,2252.0,(2252),23.8387001495754,%
2025_잠재방한객조사_일반외국인.xlsx,일반외국인,E4-1,<표E4-1> 한국 문화 경험이 한국 호감도에 미치는 영향 (한국 문화 경험자 기준),BASE:E1. ①~⑬,중국,중국,국가/지역,종합/Top2,2252.0,(2252),67.85349584579478,%
2025_잠재방한객조사_일반외국인.xlsx,일반외국인,E4-1,<표E4-1> 한국 문화 경험이 한국 호감도에 미치는 영향 (한국 문화 경험자 기준),BASE:E1. ①~⑬,중국,중국,국가/지역,Mid,2252.0,(2252),26.76190785285277,%
2025_잠재방한객조사_일반외국인.xlsx,일반외국인,E4-1,<표E4-1> 한국 문화 경험이 한국 호감도에 미치는 영향 (한국 문화 경험자 기준),BASE:E1. ①~⑬,중국,중국,국가/지역,Bot2,2252.0,(2252),5.384596301352557,%
2025_잠재방한객조사_일반외국인.xlsx,일반외국인,E4-1,<표E4-1> 한국 문화 경험이 한국 호감도에 미치는 영향 (한국 문화 경험자 기준),BASE:E1. ①~⑬,일본,일본,국가/지역,매우 부정적으로 변화하였다,996.0,(996),1.3920890001557444,%
2025_잠재방한객조사_일반외국인.xlsx,일반외국인,E4-1,<표E4-1> 한국 문화 경험이 한국 호감도에 미치는 영향 (한국 문화 경험자 기준),BASE:E1. ①~⑬,일본,일본,국가/지역,약간 부정적으로 변화하였다,996.0,(996),4.493342165715008,%
2025_잠재방한객조사_일반외국인.xlsx,일반외국인,E4-1,<표E4-1> 한국 문화 경험이 한국 호감도에 미치는 영향 (한국 문화 경험자 기준),BASE:E1. ①~⑬,일본,일본,국가/지역,경험 이전과 동일하다,996.0,(996),47.15134652372087,%
2025_잠재방한객조사_일반외국인.xlsx,일반외국인,E4-1,<표E4-1> 한국 문화 경험이 한국 호감도에 미치는 영향 (한국 문화 경험자 기준),BASE:E1. ①~⑬,일본,일본,국가/지역,약간 긍정적으로 변화하였다,996.0,(996),30.55213516994943,%
2025_잠재방한객조사_일반외국인.xlsx,일반외국인,E4-1,<표E4-1> 한국 문화 경험이 한국 호감도에 미치는 영향 (한국 문화 경험자 기준),BASE:E1. ①~⑬,일본,일본,국가/지역,매우 긍정적으로 변화하였다,996.0,(996),16.411087140458864,%
2025_잠재방한객조사_일반외국인.xlsx,일반외국인,E4-1,<표E4-1> 한국 문화 경험이 한국 호감도에 미치는 영향 (한국 문화 경험자 기준),BASE:E1. ①~⑬,일본,일본,국가/지역,종합/Top2,996.0,(996),46.96322231040836,%
2025_잠재방한객조사_일반외국인.xlsx,일반외국인,E4-1,<표E4-1> 한국 문화 경험이 한국 호감도에 미치는 영향 (한국 문화 경험자 기준),BASE:E1. ①~⑬,일본,일본,국가/지역,Mid,996.0,(996),47.15134652372087,%
2025_잠재방한객조사_일반외국인.xlsx,일반외국인,E4-1,<표E4-1> 한국 문화 경험이 한국 호감도에 미치는 영향 (한국 문화 경험자 기준),BASE:E1. ①~⑬,일본,일본,국가/지역,Bot2,996.0,(996),5.885431165870751,%
2025_잠재방한객조사_일반외국인.xlsx,일반외국인,E4-1,<표E4-1> 한국 문화 경험이 한국 호감도에 미치는 영향 (한국 문화 경험자 기준),BASE:E1. ①~⑬,대만,대만,국가/지역,매우 부정적으로 변화하였다,422.0,(422),0,%
2025_잠재방한객조사_일반외국인.xlsx,일반외국인,E4-1,<표E4-1> 한국 문화 경험이 한국 호감도에 미치는 영향 (한국 문화 경험자 기준),BASE:E1. ①~⑬,대만,대만,국가/지역,약간 부정적으로 변화하였다,422.0,(422),1.4451249337019978,%
2025_잠재방한객조사_일반외국인.xlsx,일반외국인,E4-1,<표E4-1> 한국 문화 경험이 한국 호감도에 미치는 영향 (한국 문화 경험자 기준),BASE:E1. ①~⑬,대만,대만,국가/지역,경험 이전과 동일하다,422.0,(422),35.44575040821146,%
2025_잠재방한객조사_일반외국인.xlsx,일반외국인,E4-1,<표E4-1> 한국 문화 경험이 한국 호감도에 미치는 영향 (한국 문화 경험자 기준),BASE:E1. ①~⑬,대만,대만,국가/지역,약간 긍정적으로 변화하였다,422.0,(422),42.49069429778663,%
2025_잠재방한객조사_일반외국인.xlsx,일반외국인,E4-1,<표E4-1> 한국 문화 경험이 한국 호감도에 미치는 영향 (한국 문화 경험자 기준),BASE:E1. ①~⑬,대만,대만,국가/지역,매우 긍정적으로 변화하였다,422.0,(422),20.618430360299794,%
2025_잠재방한객조사_일반외국인.xlsx,일반외국인,E4-1,<표E4-1> 한국 문화 경험이 한국 호감도에 미치는 영향 (한국 문화 경험자 기준),BASE:E1. ①~⑬,대만,대만,국가/지역,종합/Top2,422.0,(422),63.10912465808652,%
2025_잠재방한객조사_일반외국인.xlsx,일반외국인,E4-1,<표E4-1> 한국 문화 경험이 한국 호감도에 미치는 영향 (한국 문화 경험자 기준),BASE:E1. ①~⑬,대만,대만,국가/지역,Mid,422.0,(422),35.44575040821146,%
2025_잠재방한객조사_일반외국인.xlsx,일반외국인,E4-1,<표E4-1> 한국 문화 경험이 한국 호감도에 미치는 영향 (한국 문화 경험자 기준),BASE:E1. ①~⑬,대만,대만,국가/지역,Bot2,422.0,(422),1.4451249337019978,%
2025_잠재방한객조사_일반외국인.xlsx,일반외국인,E4-1,<표E4-1> 한국 문화 경험이 한국 호감도에 미치는 영향 (한국 문화 경험자 기준),BASE:E1. ①~⑬,미국,미국,국가/지역,매우 부정적으로 변화하였다,639.0,(639),1.7582626928691731,%
2025_잠재방한객조사_일반외국인.xlsx,일반외국인,E4-1,<표E4-1> 한국 문화 경험이 한국 호감도에 미치는 영향 (한국 문화 경험자 기준),BASE:E1. ①~⑬,미국,미국,국가/지역,약간 부정적으로 변화하였다,639.0,(639),3.6607143222299197,%
2025_잠재방한객조사_일반외국인.xlsx,일반외국인,E4-1,<표E4-1> 한국 문화 경험이 한국 호감도에 미치는 영향 (한국 문화 경험자 기준),BASE:E1. ①~⑬,미국,미국,국가/지역,경험 이전과 동일하다,639.0,(639),38.83558089737509,%
2025_잠재방한객조사_일반외국인.xlsx,일반외국인,E4-1,<표E4-1> 한국 문화 경험이 한국 호감도에 미치는 영향 (한국 문화 경험자 기준),BASE:E1. ①~⑬,미국,미국,국가/지역,약간 긍정적으로 변화하였다,639.0,(639),34.58732940165014,%
2025_잠재방한객조사_일반외국인.xlsx,일반외국인,E4-1,<표E4-1> 한국 문화 경험이 한국 호감도에 미치는 영향 (한국 문화 경험자 기준),BASE:E1. ①~⑬,미국,미국,국가/지역,매우 긍정적으로 변화하였다,639.0,(639),21.158112685875764,%
2025_잠재방한객조사_일반외국인.xlsx,일반외국인,E4-1,<표E4-1> 한국 문화 경험이 한국 호감도에 미치는 영향 (한국 문화 경험자 기준),BASE:E1. ①~⑬,미국,미국,국가/지역,종합/Top2,639.0,(639),55.74544208752591,%
2025_잠재방한객조사_일반외국인.xlsx,일반외국인,E4-1,<표E4-1> 한국 문화 경험이 한국 호감도에 미치는 영향 (한국 문화 경험자 기준),BASE:E1. ①~⑬,미국,미국,국가/지역,Mid,639.0,(639),38.83558089737509,%
2025_잠재방한객조사_일반외국인.xlsx,일반외국인,E4-1,<표E4-1> 한국 문화 경험이 한국 호감도에 미치는 영향 (한국 문화 경험자 기준),BASE:E1. ①~⑬,미국,미국,국가/지역,Bot2,639.0,(639),5.418977015099092,%
2025_잠재방한객조사_일반외국인.xlsx,일반외국인,E4-1,<표E4-1> 한국 문화 경험이 한국 호감도에 미치는 영향 (한국 문화 경험자 기준),BASE:E1. ①~⑬,필리핀,필리핀,국가/지역,매우 부정적으로 변화하였다,452.0,(452),0.6982536231255629,%
2025_잠재방한객조사_일반외국인.xlsx,일반외국인,E4-1,<표E4-1> 한국 문화 경험이 한국 호감도에 미치는 영향 (한국 문화 경험자 기준),BASE:E1. ①~⑬,필리핀,필리핀,국가/지역,약간 부정적으로 변화하였다,452.0,(452),2.920981842190745,%
2025_잠재방한객조사_일반외국인.xlsx,일반외국인,E4-1,<표E4-1> 한국 문화 경험이 한국 호감도에 미치는 영향 (한국 문화 경험자 기준),BASE:E1. ①~⑬,필리핀,필리핀,국가/지역,경험 이전과 동일하다,452.0,(452),17.663563115462235,%
2025_잠재방한객조사_일반외국인.xlsx,일반외국인,E4-1,<표E4-1> 한국 문화 경험이 한국 호감도에 미치는 영향 (한국 문화 경험자 기준),BASE:E1. ①~⑬,필리핀,필리핀,국가/지역,약간 긍정적으로 변화하였다,452.0,(452),44.44069603851465,%
2025_잠재방한객조사_일반외국인.xlsx,일반외국인,E4-1,<표E4-1> 한국 문화 경험이 한국 호감도에 미치는 영향 (한국 문화 경험자 기준),BASE:E1. ①~⑬,필리핀,필리핀,국가/지역,매우 긍정적으로 변화하였다,452.0,(452),34.276505380706844,%
2025_잠재방한객조사_일반외국인.xlsx,일반외국인,E4-1,<표E4-1> 한국 문화 경험이 한국 호감도에 미치는 영향 (한국 문화 경험자 기준),BASE:E1. ①~⑬,필리핀,필리핀,국가/지역,종합/Top2,452.0,(452),78.71720141922151,%
2025_잠재방한객조사_일반외국인.xlsx,일반외국인,E4-1,<표E4-1> 한국 문화 경험이 한국 호감도에 미치는 영향 (한국 문화 경험자 기준),BASE:E1. ①~⑬,필리핀,필리핀,국가/지역,Mid,452.0,(452),17.663563115462235,%
2025_잠재방한객조사_일반외국인.xlsx,일반외국인,E4-1,<표E4-1> 한국 문화 경험이 한국 호감도에 미치는 영향 (한국 문화 경험자 기준),BASE:E1. ①~⑬,필리핀,필리핀,국가/지역,Bot2,452.0,(452),3.6192354653163084,%
2025_잠재방한객조사_일반외국인.xlsx,일반외국인,E4-1,<표E4-1> 한국 문화 경험이 한국 호감도에 미치는 영향 (한국 문화 경험자 기준),BASE:E1. ①~⑬,베트남,베트남,국가/지역,매우 부정적으로 변화하였다,456.0,(456),1.5003100500014002,%
2025_잠재방한객조사_일반외국인.xlsx,일반외국인,E4-1,<표E4-1> 한국 문화 경험이 한국 호감도에 미치는 영향 (한국 문화 경험자 기준),BASE:E1. ①~⑬,베트남,베트남,국가/지역,약간 부정적으로 변화하였다,456.0,(456),1.8513494060064837,%
2025_잠재방한객조사_일반외국인.xlsx,일반외국인,E4-1,<표E4-1> 한국 문화 경험이 한국 호감도에 미치는 영향 (한국 문화 경험자 기준),BASE:E1. ①~⑬,베트남,베트남,국가/지역,경험 이전과 동일하다,456.0,(456),23.047552994776822,%
2025_잠재방한객조사_일반외국인.xlsx,일반외국인,E4-1,<표E4-1> 한국 문화 경험이 한국 호감도에 미치는 영향 (한국 문화 경험자 기준),BASE:E1. ①~⑬,베트남,베트남,국가/지역,약간 긍정적으로 변화하였다,456.0,(456),44.1600678513737,%
2025_잠재방한객조사_일반외국인.xlsx,일반외국인,E4-1,<표E4-1> 한국 문화 경험이 한국 호감도에 미치는 영향 (한국 문화 경험자 기준),BASE:E1. ①~⑬,베트남,베트남,국가/지역,매우 긍정적으로 변화하였다,456.0,(456),29.440719697841654,%
2025_잠재방한객조사_일반외국인.xlsx,일반외국인,E4-1,<표E4-1> 한국 문화 경험이 한국 호감도에 미치는 영향 (한국 문화 경험자 기준),BASE:E1. ①~⑬,베트남,베트남,국가/지역,종합/Top2,456.0,(456),73.60078754921521,%
2025_잠재방한객조사_일반외국인.xlsx,일반외국인,E4-1,<표E4-1> 한국 문화 경험이 한국 호감도에 미치는 영향 (한국 문화 경험자 기준),BASE:E1. ①~⑬,베트남,베트남,국가/지역,Mid,456.0,(456),23.047552994776822,%
2025_잠재방한객조사_일반외국인.xlsx,일반외국인,E4-1,<표E4-1> 한국 문화 경험이 한국 호감도에 미치는 영향 (한국 문화 경험자 기준),BASE:E1. ①~⑬,베트남,베트남,국가/지역,Bot2,456.0,(456),3.3516594560078836,%
2025_잠재방한객조사_일반외국인.xlsx,일반외국인,E4-1,<표E4-1> 한국 문화 경험이 한국 호감도에 미치는 영향 (한국 문화 경험자 기준),BASE:E1. ①~⑬,싱가포르,싱가포르,국가/지역,매우 부정적으로 변화하였다,431.0,(431),0,%
2025_잠재방한객조사_일반외국인.xlsx,일반외국인,E4-1,<표E4-1> 한국 문화 경험이 한국 호감도에 미치는 영향 (한국 문화 경험자 기준),BASE:E1. ①~⑬,싱가포르,싱가포르,국가/지역,약간 부정적으로 변화하였다,431.0,(431),2.1921498954605343,%
2025_잠재방한객조사_일반외국인.xlsx,일반외국인,E4-1,<표E4-1> 한국 문화 경험이 한국 호감도에 미치는 영향 (한국 문화 경험자 기준),BASE:E1. ①~⑬,싱가포르,싱가포르,국가/지역,경험 이전과 동일하다,431.0,(431),27.147780271611527,%
2025_잠재방한객조사_일반외국인.xlsx,일반외국인,E4-1,<표E4-1> 한국 문화 경험이 한국 호감도에 미치는 영향 (한국 문화 경험자 기준),BASE:E1. ①~⑬,싱가포르,싱가포르,국가/지역,약간 긍정적으로 변화하였다,431.0,(431),47.561227484717264,%
2025_잠재방한객조사_일반외국인.xlsx,일반외국인,E4-1,<표E4-1> 한국 문화 경험이 한국 호감도에 미치는 영향 (한국 문화 경험자 기준),BASE:E1. ①~⑬,싱가포르,싱가포르,국가/지역,매우 긍정적으로 변화하였다,431.0,(431),23.09884234821064,%
2025_잠재방한객조사_일반외국인.xlsx,일반외국인,E4-1,<표E4-1> 한국 문화 경험이 한국 호감도에 미치는 영향 (한국 문화 경험자 기준),BASE:E1. ①~⑬,싱가포르,싱가포르,국가/지역,종합/Top2,431.0,(431),70.66006983292785,%
2025_잠재방한객조사_일반외국인.xlsx,일반외국인,E4-1,<표E4-1> 한국 문화 경험이 한국 호감도에 미치는 영향 (한국 문화 경험자 기준),BASE:E1. ①~⑬,싱가포르,싱가포르,국가/지역,Mid,431.0,(431),27.147780271611527,%
2025_잠재방한객조사_일반외국인.xlsx,일반외국인,E4-1,<표E4-1> 한국 문화 경험이 한국 호감도에 미치는 영향 (한국 문화 경험자 기준),BASE:E1. ①~⑬,싱가포르,싱가포르,국가/지역,Bot2,431.0,(431),2.1921498954605343,%
2025_잠재방한객조사_일반외국인.xlsx,일반외국인,E4-1,<표E4-1> 한국 문화 경험이 한국 호감도에 미치는 영향 (한국 문화 경험자 기준),BASE:E1. ①~⑬,인도네시아,인도네시아,국가/지역,매우 부정적으로 변화하였다,445.0,(445),0,%
2025_잠재방한객조사_일반외국인.xlsx,일반외국인,E4-1,<표E4-1> 한국 문화 경험이 한국 호감도에 미치는 영향 (한국 문화 경험자 기준),BASE:E1. ①~⑬,인도네시아,인도네시아,국가/지역,약간 부정적으로 변화하였다,445.0,(445),0.24096090757415672,%
2025_잠재방한객조사_일반외국인.xlsx,일반외국인,E4-1,<표E4-1> 한국 문화 경험이 한국 호감도에 미치는 영향 (한국 문화 경험자 기준),BASE:E1. ①~⑬,인도네시아,인도네시아,국가/지역,경험 이전과 동일하다,445.0,(445),26.95177424860048,%
2025_잠재방한객조사_일반외국인.xlsx,일반외국인,E4-1,<표E4-1> 한국 문화 경험이 한국 호감도에 미치는 영향 (한국 문화 경험자 기준),BASE:E1. ①~⑬,인도네시아,인도네시아,국가/지역,약간 긍정적으로 변화하였다,445.0,(445),41.56738836973024,%
2025_잠재방한객조사_일반외국인.xlsx,일반외국인,E4-1,<표E4-1> 한국 문화 경험이 한국 호감도에 미치는 영향 (한국 문화 경험자 기준),BASE:E1. ①~⑬,인도네시아,인도네시아,국가/지역,매우 긍정적으로 변화하였다,445.0,(445),31.239876474094984,%
2025_잠재방한객조사_일반외국인.xlsx,일반외국인,E4-1,<표E4-1> 한국 문화 경험이 한국 호감도에 미치는 영향 (한국 문화 경험자 기준),BASE:E1. ①~⑬,인도네시아,인도네시아,국가/지역,종합/Top2,445.0,(445),72.80726484382527,%
2025_잠재방한객조사_일반외국인.xlsx,일반외국인,E4-1,<표E4-1> 한국 문화 경험이 한국 호감도에 미치는 영향 (한국 문화 경험자 기준),BASE:E1. ①~⑬,인도네시아,인도네시아,국가/지역,Mid,445.0,(445),26.95177424860048,%
2025_잠재방한객조사_일반외국인.xlsx,일반외국인,E4-1,<표E4-1> 한국 문화 경험이 한국 호감도에 미치는 영향 (한국 문화 경험자 기준),BASE:E1. ①~⑬,인도네시아,인도네시아,국가/지역,Bot2,445.0,(445),0.24096090757415672,%
2025_잠재방한객조사_일반외국인.xlsx,일반외국인,E4-1,<표E4-1> 한국 문화 경험이 한국 호감도에 미치는 영향 (한국 문화 경험자 기준),BASE:E1. ①~⑬,태국,태국,국가/지역,매우 부정적으로 변화하였다,422.0,(422),1.4876652653881293,%
2025_잠재방한객조사_일반외국인.xlsx,일반외국인,E4-1,<표E4-1> 한국 문화 경험이 한국 호감도에 미치는 영향 (한국 문화 경험자 기준),BASE:E1. ①~⑬,태국,태국,국가/지역,약간 부정적으로 변화하였다,422.0,(422),5.412305860462246,%
2025_잠재방한객조사_일반외국인.xlsx,일반외국인,E4-1,<표E4-1> 한국 문화 경험이 한국 호감도에 미치는 영향 (한국 문화 경험자 기준),BASE:E1. ①~⑬,태국,태국,국가/지역,경험 이전과 동일하다,422.0,(422),30.535002948250913,%
2025_잠재방한객조사_일반외국인.xlsx,일반외국인,E4-1,<표E4-1> 한국 문화 경험이 한국 호감도에 미치는 영향 (한국 문화 경험자 기준),BASE:E1. ①~⑬,태국,태국,국가/지역,약간 긍정적으로 변화하였다,422.0,(422),39.151185143688984,%
2025_잠재방한객조사_일반외국인.xlsx,일반외국인,E4-1,<표E4-1> 한국 문화 경험이 한국 호감도에 미치는 영향 (한국 문화 경험자 기준),BASE:E1. ①~⑬,태국,태국,국가/지역,매우 긍정적으로 변화하였다,422.0,(422),23.4138407822096,%
2025_잠재방한객조사_일반외국인.xlsx,일반외국인,E4-1,<표E4-1> 한국 문화 경험이 한국 호감도에 미치는 영향 (한국 문화 경험자 기준),BASE:E1. ①~⑬,태국,태국,국가/지역,종합/Top2,422.0,(422),62.56502592589857,%
2025_잠재방한객조사_일반외국인.xlsx,일반외국인,E4-1,<표E4-1> 한국 문화 경험이 한국 호감도에 미치는 영향 (한국 문화 경험자 기준),BASE:E1. ①~⑬,태국,태국,국가/지역,Mid,422.0,(422),30.535002948250913,%
2025_잠재방한객조사_일반외국인.xlsx,일반외국인,E4-1,<표E4-1> 한국 문화 경험이 한국 호감도에 미치는 영향 (한국 문화 경험자 기준),BASE:E1. ①~⑬,태국,태국,국가/지역,Bot2,422.0,(422),6.899971125850375,%
2025_잠재방한객조사_일반외국인.xlsx,일반외국인,E4-1,<표E4-1> 한국 문화 경험이 한국 호감도에 미치는 영향 (한국 문화 경험자 기준),BASE:E1. ①~⑬,말레이시아,말레이시아,국가/지역,매우 부정적으로 변화하였다,424.0,(424),0.4750228986027889,%
2025_잠재방한객조사_일반외국인.xlsx,일반외국인,E4-1,<표E4-1> 한국 문화 경험이 한국 호감도에 미치는 영향 (한국 문화 경험자 기준),BASE:E1. ①~⑬,말레이시아,말레이시아,국가/지역,약간 부정적으로 변화하였다,424.0,(424),2.334935432644279,%
2025_잠재방한객조사_일반외국인.xlsx,일반외국인,E4-1,<표E4-1> 한국 문화 경험이 한국 호감도에 미치는 영향 (한국 문화 경험자 기준),BASE:E1. ①~⑬,말레이시아,말레이시아,국가/지역,경험 이전과 동일하다,424.0,(424),28.682115526742752,%
2025_잠재방한객조사_일반외국인.xlsx,일반외국인,E4-1,<표E4-1> 한국 문화 경험이 한국 호감도에 미치는 영향 (한국 문화 경험자 기준),BASE:E1. ①~⑬,말레이시아,말레이시아,국가/지역,약간 긍정적으로 변화하였다,424.0,(424),46.05737491638705,%
2025_잠재방한객조사_일반외국인.xlsx,일반외국인,E4-1,<표E4-1> 한국 문화 경험이 한국 호감도에 미치는 영향 (한국 문화 경험자 기준),BASE:E1. ①~⑬,말레이시아,말레이시아,국가/지역,매우 긍정적으로 변화하였다,424.0,(424),22.450551225623045,%
2025_잠재방한객조사_일반외국인.xlsx,일반외국인,E4-1,<표E4-1> 한국 문화 경험이 한국 호감도에 미치는 영향 (한국 문화 경험자 기준),BASE:E1. ①~⑬,말레이시아,말레이시아,국가/지역,종합/Top2,424.0,(424),68.50792614201013,%
2025_잠재방한객조사_일반외국인.xlsx,일반외국인,E4-1,<표E4-1> 한국 문화 경험이 한국 호감도에 미치는 영향 (한국 문화 경험자 기준),BASE:E1. ①~⑬,말레이시아,말레이시아,국가/지역,Mid,424.0,(424),28.682115526742752,%
2025_잠재방한객조사_일반외국인.xlsx,일반외국인,E4-1,<표E4-1> 한국 문화 경험이 한국 호감도에 미치는 영향 (한국 문화 경험자 기준),BASE:E1. ①~⑬,말레이시아,말레이시아,국가/지역,Bot2,424.0,(424),2.809958331247068,%
2025_잠재방한객조사_일반외국인.xlsx,일반외국인,E4-1,<표E4-1> 한국 문화 경험이 한국 호감도에 미치는 영향 (한국 문화 경험자 기준),BASE:E1. ①~⑬,캐나다,캐나다,국가/지역,매우 부정적으로 변화하였다,292.0,(292),1.659505141565375,%
2025_잠재방한객조사_일반외국인.xlsx,일반외국인,E4-1,<표E4-1> 한국 문화 경험이 한국 호감도에 미치는 영향 (한국 문화 경험자 기준),BASE:E1. ①~⑬,캐나다,캐나다,국가/지역,약간 부정적으로 변화하였다,292.0,(292),4.860849812267099,%
2025_잠재방한객조사_일반외국인.xlsx,일반외국인,E4-1,<표E4-1> 한국 문화 경험이 한국 호감도에 미치는 영향 (한국 문화 경험자 기준),BASE:E1. ①~⑬,캐나다,캐나다,국가/지역,경험 이전과 동일하다,292.0,(292),41.675232983861434,%
2025_잠재방한객조사_일반외국인.xlsx,일반외국인,E4-1,<표E4-1> 한국 문화 경험이 한국 호감도에 미치는 영향 (한국 문화 경험자 기준),BASE:E1. ①~⑬,캐나다,캐나다,국가/지역,약간 긍정적으로 변화하였다,292.0,(292),31.20456158857163,%
2025_잠재방한객조사_일반외국인.xlsx,일반외국인,E4-1,<표E4-1> 한국 문화 경험이 한국 호감도에 미치는 영향 (한국 문화 경험자 기준),BASE:E1. ①~⑬,캐나다,캐나다,국가/지역,매우 긍정적으로 변화하였다,292.0,(292),20.599850473734513,%
2025_잠재방한객조사_일반외국인.xlsx,일반외국인,E4-1,<표E4-1> 한국 문화 경험이 한국 호감도에 미치는 영향 (한국 문화 경험자 기준),BASE:E1. ①~⑬,캐나다,캐나다,국가/지역,종합/Top2,292.0,(292),51.804412062306135,%
2025_잠재방한객조사_일반외국인.xlsx,일반외국인,E4-1,<표E4-1> 한국 문화 경험이 한국 호감도에 미치는 영향 (한국 문화 경험자 기준),BASE:E1. ①~⑬,캐나다,캐나다,국가/지역,Mid,292.0,(292),41.675232983861434,%
2025_잠재방한객조사_일반외국인.xlsx,일반외국인,E4-1,<표E4-1> 한국 문화 경험이 한국 호감도에 미치는 영향 (한국 문화 경험자 기준),BASE:E1. ①~⑬,캐나다,캐나다,국가/지역,Bot2,292.0,(292),6.520354953832473,%
2025_잠재방한객조사_일반외국인.xlsx,일반외국인,E4-1,<표E4-1> 한국 문화 경험이 한국 호감도에 미치는 영향 (한국 문화 경험자 기준),BASE:E1. ①~⑬,호주,호주,국가/지역,매우 부정적으로 변화하였다,304.0,(304),0.25754212189790976,%
2025_잠재방한객조사_일반외국인.xlsx,일반외국인,E4-1,<표E4-1> 한국 문화 경험이 한국 호감도에 미치는 영향 (한국 문화 경험자 기준),BASE:E1. ①~⑬,호주,호주,국가/지역,약간 부정적으로 변화하였다,304.0,(304),0.8019035378517512,%
2025_잠재방한객조사_일반외국인.xlsx,일반외국인,E4-1,<표E4-1> 한국 문화 경험이 한국 호감도에 미치는 영향 (한국 문화 경험자 기준),BASE:E1. ①~⑬,호주,호주,국가/지역,경험 이전과 동일하다,304.0,(304),33.59325133763403,%
2025_잠재방한객조사_일반외국인.xlsx,일반외국인,E4-1,<표E4-1> 한국 문화 경험이 한국 호감도에 미치는 영향 (한국 문화 경험자 기준),BASE:E1. ①~⑬,호주,호주,국가/지역,약간 긍정적으로 변화하였다,304.0,(304),47.63206911342533,%
2025_잠재방한객조사_일반외국인.xlsx,일반외국인,E4-1,<표E4-1> 한국 문화 경험이 한국 호감도에 미치는 영향 (한국 문화 경험자 기준),BASE:E1. ①~⑬,호주,호주,국가/지역,매우 긍정적으로 변화하였다,304.0,(304),17.715233889190948,%
2025_잠재방한객조사_일반외국인.xlsx,일반외국인,E4-1,<표E4-1> 한국 문화 경험이 한국 호감도에 미치는 영향 (한국 문화 경험자 기준),BASE:E1. ①~⑬,호주,호주,국가/지역,종합/Top2,304.0,(304),65.34730300261634,%
2025_잠재방한객조사_일반외국인.xlsx,일반외국인,E4-1,<표E4-1> 한국 문화 경험이 한국 호감도에 미치는 영향 (한국 문화 경험자 기준),BASE:E1. ①~⑬,호주,호주,국가/지역,Mid,304.0,(304),33.59325133763403,%
2025_잠재방한객조사_일반외국인.xlsx,일반외국인,E4-1,<표E4-1> 한국 문화 경험이 한국 호감도에 미치는 영향 (한국 문화 경험자 기준),BASE:E1. ①~⑬,호주,호주,국가/지역,Bot2,304.0,(304),1.0594456597496609,%
2025_잠재방한객조사_일반외국인.xlsx,일반외국인,E4-1,<표E4-1> 한국 문화 경험이 한국 호감도에 미치는 영향 (한국 문화 경험자 기준),BASE:E1. ①~⑬,러시아,러시아,국가/지역,매우 부정적으로 변화하였다,718.0,(718),1.2100639980149033,%
2025_잠재방한객조사_일반외국인.xlsx,일반외국인,E4-1,<표E4-1> 한국 문화 경험이 한국 호감도에 미치는 영향 (한국 문화 경험자 기준),BASE:E1. ①~⑬,러시아,러시아,국가/지역,약간 부정적으로 변화하였다,718.0,(718),2.51185663992844,%
2025_잠재방한객조사_일반외국인.xlsx,일반외국인,E4-1,<표E4-1> 한국 문화 경험이 한국 호감도에 미치는 영향 (한국 문화 경험자 기준),BASE:E1. ①~⑬,러시아,러시아,국가/지역,경험 이전과 동일하다,718.0,(718),37.060784831689084,%
2025_잠재방한객조사_일반외국인.xlsx,일반외국인,E4-1,<표E4-1> 한국 문화 경험이 한국 호감도에 미치는 영향 (한국 문화 경험자 기준),BASE:E1. ①~⑬,러시아,러시아,국가/지역,약간 긍정적으로 변화하였다,718.0,(718),37.17030720100587,%
2025_잠재방한객조사_일반외국인.xlsx,일반외국인,E4-1,<표E4-1> 한국 문화 경험이 한국 호감도에 미치는 영향 (한국 문화 경험자 기준),BASE:E1. ①~⑬,러시아,러시아,국가/지역,매우 긍정적으로 변화하였다,718.0,(718),22.046987329361563,%
2025_잠재방한객조사_일반외국인.xlsx,일반외국인,E4-1,<표E4-1> 한국 문화 경험이 한국 호감도에 미치는 영향 (한국 문화 경험자 기준),BASE:E1. ①~⑬,러시아,러시아,국가/지역,종합/Top2,718.0,(718),59.21729453036748,%
2025_잠재방한객조사_일반외국인.xlsx,일반외국인,E4-1,<표E4-1> 한국 문화 경험이 한국 호감도에 미치는 영향 (한국 문화 경험자 기준),BASE:E1. ①~⑬,러시아,러시아,국가/지역,Mid,718.0,(718),37.060784831689084,%
2025_잠재방한객조사_일반외국인.xlsx,일반외국인,E4-1,<표E4-1> 한국 문화 경험이 한국 호감도에 미치는 영향 (한국 문화 경험자 기준),BASE:E1. ①~⑬,러시아,러시아,국가/지역,Bot2,718.0,(718),3.7219206379433434,%
2025_잠재방한객조사_일반외국인.xlsx,일반외국인,E4-1,<표E4-1> 한국 문화 경험이 한국 호감도에 미치는 영향 (한국 문화 경험자 기준),BASE:E1. ①~⑬,인도,인도,국가/지역,매우 부정적으로 변화하였다,427.0,(427),0.9970272733168284,%
2025_잠재방한객조사_일반외국인.xlsx,일반외국인,E4-1,<표E4-1> 한국 문화 경험이 한국 호감도에 미치는 영향 (한국 문화 경험자 기준),BASE:E1. ①~⑬,인도,인도,국가/지역,약간 부정적으로 변화하였다,427.0,(427),2.1001138598988485,%
2025_잠재방한객조사_일반외국인.xlsx,일반외국인,E4-1,<표E4-1> 한국 문화 경험이 한국 호감도에 미치는 영향 (한국 문화 경험자 기준),BASE:E1. ①~⑬,인도,인도,국가/지역,경험 이전과 동일하다,427.0,(427),17.18245692635258,%
2025_잠재방한객조사_일반외국인.xlsx,일반외국인,E4-1,<표E4-1> 한국 문화 경험이 한국 호감도에 미치는 영향 (한국 문화 경험자 기준),BASE:E1. ①~⑬,인도,인도,국가/지역,약간 긍정적으로 변화하였다,427.0,(427),45.20084519805525,%
2025_잠재방한객조사_일반외국인.xlsx,일반외국인,E4-1,<표E4-1> 한국 문화 경험이 한국 호감도에 미치는 영향 (한국 문화 경험자 기준),BASE:E1. ①~⑬,인도,인도,국가/지역,매우 긍정적으로 변화하였다,427.0,(427),34.51955674237655,%
2025_잠재방한객조사_일반외국인.xlsx,일반외국인,E4-1,<표E4-1> 한국 문화 경험이 한국 호감도에 미치는 영향 (한국 문화 경험자 기준),BASE:E1. ①~⑬,인도,인도,국가/지역,종합/Top2,427.0,(427),79.72040194043176,%
2025_잠재방한객조사_일반외국인.xlsx,일반외국인,E4-1,<표E4-1> 한국 문화 경험이 한국 호감도에 미치는 영향 (한국 문화 경험자 기준),BASE:E1. ①~⑬,인도,인도,국가/지역,Mid,427.0,(427),17.18245692635258,%
2025_잠재방한객조사_일반외국인.xlsx,일반외국인,E4-1,<표E4-1> 한국 문화 경험이 한국 호감도에 미치는 영향 (한국 문화 경험자 기준),BASE:E1. ①~⑬,인도,인도,국가/지역,Bot2,427.0,(427),3.097141133215676,%
2025_잠재방한객조사_일반외국인.xlsx,일반외국인,E4-1,<표E4-1> 한국 문화 경험이 한국 호감도에 미치는 영향 (한국 문화 경험자 기준),BASE:E1. ①~⑬,프랑스,프랑스,국가/지역,매우 부정적으로 변화하였다,282.0,(282),1.8780459268806184,%
2025_잠재방한객조사_일반외국인.xlsx,일반외국인,E4-1,<표E4-1> 한국 문화 경험이 한국 호감도에 미치는 영향 (한국 문화 경험자 기준),BASE:E1. ①~⑬,프랑스,프랑스,국가/지역,약간 부정적으로 변화하였다,282.0,(282),3.526105474567561,%
2025_잠재방한객조사_일반외국인.xlsx,일반외국인,E4-1,<표E4-1> 한국 문화 경험이 한국 호감도에 미치는 영향 (한국 문화 경험자 기준),BASE:E1. ①~⑬,프랑스,프랑스,국가/지역,경험 이전과 동일하다,282.0,(282),46.54640776923456,%
2025_잠재방한객조사_일반외국인.xlsx,일반외국인,E4-1,<표E4-1> 한국 문화 경험이 한국 호감도에 미치는 영향 (한국 문화 경험자 기준),BASE:E1. ①~⑬,프랑스,프랑스,국가/지역,약간 긍정적으로 변화하였다,282.0,(282),32.57095533045618,%
2025_잠재방한객조사_일반외국인.xlsx,일반외국인,E4-1,<표E4-1> 한국 문화 경험이 한국 호감도에 미치는 영향 (한국 문화 경험자 기준),BASE:E1. ①~⑬,프랑스,프랑스,국가/지역,매우 긍정적으로 변화하였다,282.0,(282),15.478485498861147,%
2025_잠재방한객조사_일반외국인.xlsx,일반외국인,E4-1,<표E4-1> 한국 문화 경험이 한국 호감도에 미치는 영향 (한국 문화 경험자 기준),BASE:E1. ①~⑬,프랑스,프랑스,국가/지역,종합/Top2,282.0,(282),48.049440829317305,%
2025_잠재방한객조사_일반외국인.xlsx,일반외국인,E4-1,<표E4-1> 한국 문화 경험이 한국 호감도에 미치는 영향 (한국 문화 경험자 기준),BASE:E1. ①~⑬,프랑스,프랑스,국가/지역,Mid,282.0,(282),46.54640776923456,%
2025_잠재방한객조사_일반외국인.xlsx,일반외국인,E4-1,<표E4-1> 한국 문화 경험이 한국 호감도에 미치는 영향 (한국 문화 경험자 기준),BASE:E1. ①~⑬,프랑스,프랑스,국가/지역,Bot2,282.0,(282),5.404151401448179,%
2025_잠재방한객조사_일반외국인.xlsx,일반외국인,E4-1,<표E4-1> 한국 문화 경험이 한국 호감도에 미치는 영향 (한국 문화 경험자 기준),BASE:E1. ①~⑬,독일,독일,국가/지역,매우 부정적으로 변화하였다,275.0,(275),0.2710201015011449,%
2025_잠재방한객조사_일반외국인.xlsx,일반외국인,E4-1,<표E4-1> 한국 문화 경험이 한국 호감도에 미치는 영향 (한국 문화 경험자 기준),BASE:E1. ①~⑬,독일,독일,국가/지역,약간 부정적으로 변화하였다,275.0,(275),6.0137206067392475,%
2025_잠재방한객조사_일반외국인.xlsx,일반외국인,E4-1,<표E4-1> 한국 문화 경험이 한국 호감도에 미치는 영향 (한국 문화 경험자 기준),BASE:E1. ①~⑬,독일,독일,국가/지역,경험 이전과 동일하다,275.0,(275),52.629765202177595,%
2025_잠재방한객조사_일반외국인.xlsx,일반외국인,E4-1,<표E4-1> 한국 문화 경험이 한국 호감도에 미치는 영향 (한국 문화 경험자 기준),BASE:E1. ①~⑬,독일,독일,국가/지역,약간 긍정적으로 변화하였다,275.0,(275),32.2061649165628,%
2025_잠재방한객조사_일반외국인.xlsx,일반외국인,E4-1,<표E4-1> 한국 문화 경험이 한국 호감도에 미치는 영향 (한국 문화 경험자 기준),BASE:E1. ①~⑬,독일,독일,국가/지역,매우 긍정적으로 변화하였다,275.0,(275),8.879329173019253,%
2025_잠재방한객조사_일반외국인.xlsx,일반외국인,E4-1,<표E4-1> 한국 문화 경험이 한국 호감도에 미치는 영향 (한국 문화 경험자 기준),BASE:E1. ①~⑬,독일,독일,국가/지역,종합/Top2,275.0,(275),41.085494089582056,%
2025_잠재방한객조사_일반외국인.xlsx,일반외국인,E4-1,<표E4-1> 한국 문화 경험이 한국 호감도에 미치는 영향 (한국 문화 경험자 기준),BASE:E1. ①~⑬,독일,독일,국가/지역,Mid,275.0,(275),52.629765202177595,%
2025_잠재방한객조사_일반외국인.xlsx,일반외국인,E4-1,<표E4-1> 한국 문화 경험이 한국 호감도에 미치는 영향 (한국 문화 경험자 기준),BASE:E1. ①~⑬,독일,독일,국가/지역,Bot2,275.0,(275),6.284740708240393,%
2025_잠재방한객조사_일반외국인.xlsx,일반외국인,E4-1,<표E4-1> 한국 문화 경험이 한국 호감도에 미치는 영향 (한국 문화 경험자 기준),BASE:E1. ①~⑬,영국,영국,국가/지역,매우 부정적으로 변화하였다,272.0,(272),1.198625799635274,%
2025_잠재방한객조사_일반외국인.xlsx,일반외국인,E4-1,<표E4-1> 한국 문화 경험이 한국 호감도에 미치는 영향 (한국 문화 경험자 기준),BASE:E1. ①~⑬,영국,영국,국가/지역,약간 부정적으로 변화하였다,272.0,(272),2.5848250342384302,%
2025_잠재방한객조사_일반외국인.xlsx,일반외국인,E4-1,<표E4-1> 한국 문화 경험이 한국 호감도에 미치는 영향 (한국 문화 경험자 기준),BASE:E1. ①~⑬,영국,영국,국가/지역,경험 이전과 동일하다,272.0,(272),33.81601361540895,%
2025_잠재방한객조사_일반외국인.xlsx,일반외국인,E4-1,<표E4-1> 한국 문화 경험이 한국 호감도에 미치는 영향 (한국 문화 경험자 기준),BASE:E1. ①~⑬,영국,영국,국가/지역,약간 긍정적으로 변화하였다,272.0,(272),41.72029671574423,%
2025_잠재방한객조사_일반외국인.xlsx,일반외국인,E4-1,<표E4-1> 한국 문화 경험이 한국 호감도에 미치는 영향 (한국 문화 경험자 기준),BASE:E1. ①~⑬,영국,영국,국가/지역,매우 긍정적으로 변화하였다,272.0,(272),20.68023883497321,%
2025_잠재방한객조사_일반외국인.xlsx,일반외국인,E4-1,<표E4-1> 한국 문화 경험이 한국 호감도에 미치는 영향 (한국 문화 경험자 기준),BASE:E1. ①~⑬,영국,영국,국가/지역,종합/Top2,272.0,(272),62.40053555071737,%
2025_잠재방한객조사_일반외국인.xlsx,일반외국인,E4-1,<표E4-1> 한국 문화 경험이 한국 호감도에 미치는 영향 (한국 문화 경험자 기준),BASE:E1. ①~⑬,영국,영국,국가/지역,Mid,272.0,(272),33.81601361540895,%
2025_잠재방한객조사_일반외국인.xlsx,일반외국인,E4-1,<표E4-1> 한국 문화 경험이 한국 호감도에 미치는 영향 (한국 문화 경험자 기준),BASE:E1. ①~⑬,영국,영국,국가/지역,Bot2,272.0,(272),3.783450833873704,%
2025_잠재방한객조사_일반외국인.xlsx,일반외국인,E4-1,<표E4-1> 한국 문화 경험이 한국 호감도에 미치는 영향 (한국 문화 경험자 기준),BASE:E1. ①~⑬,멕시코,멕시코,국가/지역,매우 부정적으로 변화하였다,401.0,(401),0.9778671490080023,%
2025_잠재방한객조사_일반외국인.xlsx,일반외국인,E4-1,<표E4-1> 한국 문화 경험이 한국 호감도에 미치는 영향 (한국 문화 경험자 기준),BASE:E1. ①~⑬,멕시코,멕시코,국가/지역,약간 부정적으로 변화하였다,401.0,(401),4.396022129276188,%
2025_잠재방한객조사_일반외국인.xlsx,일반외국인,E4-1,<표E4-1> 한국 문화 경험이 한국 호감도에 미치는 영향 (한국 문화 경험자 기준),BASE:E1. ①~⑬,멕시코,멕시코,국가/지역,경험 이전과 동일하다,401.0,(401),29.897982647100125,%
2025_잠재방한객조사_일반외국인.xlsx,일반외국인,E4-1,<표E4-1> 한국 문화 경험이 한국 호감도에 미치는 영향 (한국 문화 경험자 기준),BASE:E1. ①~⑬,멕시코,멕시코,국가/지역,약간 긍정적으로 변화하였다,401.0,(401),35.37120879947976,%
2025_잠재방한객조사_일반외국인.xlsx,일반외국인,E4-1,<표E4-1> 한국 문화 경험이 한국 호감도에 미치는 영향 (한국 문화 경험자 기준),BASE:E1. ①~⑬,멕시코,멕시코,국가/지역,매우 긍정적으로 변화하였다,401.0,(401),29.356919275135716,%
2025_잠재방한객조사_일반외국인.xlsx,일반외국인,E4-1,<표E4-1> 한국 문화 경험이 한국 호감도에 미치는 영향 (한국 문화 경험자 기준),BASE:E1. ①~⑬,멕시코,멕시코,국가/지역,종합/Top2,401.0,(401),64.72812807461548,%
2025_잠재방한객조사_일반외국인.xlsx,일반외국인,E4-1,<표E4-1> 한국 문화 경험이 한국 호감도에 미치는 영향 (한국 문화 경험자 기준),BASE:E1. ①~⑬,멕시코,멕시코,국가/지역,Mid,401.0,(401),29.897982647100125,%
2025_잠재방한객조사_일반외국인.xlsx,일반외국인,E4-1,<표E4-1> 한국 문화 경험이 한국 호감도에 미치는 영향 (한국 문화 경험자 기준),BASE:E1. ①~⑬,멕시코,멕시코,국가/지역,Bot2,401.0,(401),5.373889278284191,%
2025_잠재방한객조사_일반외국인.xlsx,일반외국인,E4-1,<표E4-1> 한국 문화 경험이 한국 호감도에 미치는 영향 (한국 문화 경험자 기준),BASE:E1. ①~⑬,카자흐스탄,카자흐스탄,국가/지역,매우 부정적으로 변화하였다,387.0,(387),0.9579259978449695,%
2025_잠재방한객조사_일반외국인.xlsx,일반외국인,E4-1,<표E4-1> 한국 문화 경험이 한국 호감도에 미치는 영향 (한국 문화 경험자 기준),BASE:E1. ①~⑬,카자흐스탄,카자흐스탄,국가/지역,약간 부정적으로 변화하였다,387.0,(387),2.197880918065302,%
2025_잠재방한객조사_일반외국인.xlsx,일반외국인,E4-1,<표E4-1> 한국 문화 경험이 한국 호감도에 미치는 영향 (한국 문화 경험자 기준),BASE:E1. ①~⑬,카자흐스탄,카자흐스탄,국가/지역,경험 이전과 동일하다,387.0,(387),45.95725731387501,%
2025_잠재방한객조사_일반외국인.xlsx,일반외국인,E4-1,<표E4-1> 한국 문화 경험이 한국 호감도에 미치는 영향 (한국 문화 경험자 기준),BASE:E1. ①~⑬,카자흐스탄,카자흐스탄,국가/지역,약간 긍정적으로 변화하였다,387.0,(387),29.952050246988115,%
2025_잠재방한객조사_일반외국인.xlsx,일반외국인,E4-1,<표E4-1> 한국 문화 경험이 한국 호감도에 미치는 영향 (한국 문화 경험자 기준),BASE:E1. ①~⑬,카자흐스탄,카자흐스탄,국가/지역,매우 긍정적으로 변화하였다,387.0,(387),20.934885523226548,%
2025_잠재방한객조사_일반외국인.xlsx,일반외국인,E4-1,<표E4-1> 한국 문화 경험이 한국 호감도에 미치는 영향 (한국 문화 경험자 기준),BASE:E1. ①~⑬,카자흐스탄,카자흐스탄,국가/지역,종합/Top2,387.0,(387),50.88693577021463,%
2025_잠재방한객조사_일반외국인.xlsx,일반외국인,E4-1,<표E4-1> 한국 문화 경험이 한국 호감도에 미치는 영향 (한국 문화 경험자 기준),BASE:E1. ①~⑬,카자흐스탄,카자흐스탄,국가/지역,Mid,387.0,(387),45.95725731387501,%
2025_잠재방한객조사_일반외국인.xlsx,일반외국인,E4-1,<표E4-1> 한국 문화 경험이 한국 호감도에 미치는 영향 (한국 문화 경험자 기준),BASE:E1. ①~⑬,카자흐스탄,카자흐스탄,국가/지역,Bot2,387.0,(387),3.1558069159102717,%
2025_잠재방한객조사_일반외국인.xlsx,일반외국인,E4-1,<표E4-1> 한국 문화 경험이 한국 호감도에 미치는 영향 (한국 문화 경험자 기준),BASE:E1. ①~⑬,튀르키예,튀르키예,국가/지역,매우 부정적으로 변화하였다,368.0,(368),2.4422284749710954,%
2025_잠재방한객조사_일반외국인.xlsx,일반외국인,E4-1,<표E4-1> 한국 문화 경험이 한국 호감도에 미치는 영향 (한국 문화 경험자 기준),BASE:E1. ①~⑬,튀르키예,튀르키예,국가/지역,약간 부정적으로 변화하였다,368.0,(368),5.58111091799287,%
2025_잠재방한객조사_일반외국인.xlsx,일반외국인,E4-1,<표E4-1> 한국 문화 경험이 한국 호감도에 미치는 영향 (한국 문화 경험자 기준),BASE:E1. ①~⑬,튀르키예,튀르키예,국가/지역,경험 이전과 동일하다,368.0,(368),24.583224596358054,%
2025_잠재방한객조사_일반외국인.xlsx,일반외국인,E4-1,<표E4-1> 한국 문화 경험이 한국 호감도에 미치는 영향 (한국 문화 경험자 기준),BASE:E1. ①~⑬,튀르키예,튀르키예,국가/지역,약간 긍정적으로 변화하였다,368.0,(368),40.90355052441091,%
2025_잠재방한객조사_일반외국인.xlsx,일반외국인,E4-1,<표E4-1> 한국 문화 경험이 한국 호감도에 미치는 영향 (한국 문화 경험자 기준),BASE:E1. ①~⑬,튀르키예,튀르키예,국가/지역,매우 긍정적으로 변화하였다,368.0,(368),26.489885486267088,%
2025_잠재방한객조사_일반외국인.xlsx,일반외국인,E4-1,<표E4-1> 한국 문화 경험이 한국 호감도에 미치는 영향 (한국 문화 경험자 기준),BASE:E1. ①~⑬,튀르키예,튀르키예,국가/지역,종합/Top2,368.0,(368),67.39343601067787,%
2025_잠재방한객조사_일반외국인.xlsx,일반외국인,E4-1,<표E4-1> 한국 문화 경험이 한국 호감도에 미치는 영향 (한국 문화 경험자 기준),BASE:E1. ①~⑬,튀르키예,튀르키예,국가/지역,Mid,368.0,(368),24.583224596358054,%
2025_잠재방한객조사_일반외국인.xlsx,일반외국인,E4-1,<표E4-1> 한국 문화 경험이 한국 호감도에 미치는 영향 (한국 문화 경험자 기준),BASE:E1. ①~⑬,튀르키예,튀르키예,국가/지역,Bot2,368.0,(368),8.023339392963964,%
2025_잠재방한객조사_일반외국인.xlsx,일반외국인,E4-1,<표E4-1> 한국 문화 경험이 한국 호감도에 미치는 영향 (한국 문화 경험자 기준),BASE:E1. ①~⑬,브라질,브라질,국가/지역,매우 부정적으로 변화하였다,366.0,(366),1.9766988053264343,%
2025_잠재방한객조사_일반외국인.xlsx,일반외국인,E4-1,<표E4-1> 한국 문화 경험이 한국 호감도에 미치는 영향 (한국 문화 경험자 기준),BASE:E1. ①~⑬,브라질,브라질,국가/지역,약간 부정적으로 변화하였다,366.0,(366),4.178432331022427,%
2025_잠재방한객조사_일반외국인.xlsx,일반외국인,E4-1,<표E4-1> 한국 문화 경험이 한국 호감도에 미치는 영향 (한국 문화 경험자 기준),BASE:E1. ①~⑬,브라질,브라질,국가/지역,경험 이전과 동일하다,366.0,(366),23.77026320656774,%
2025_잠재방한객조사_일반외국인.xlsx,일반외국인,E4-1,<표E4-1> 한국 문화 경험이 한국 호감도에 미치는 영향 (한국 문화 경험자 기준),BASE:E1. ①~⑬,브라질,브라질,국가/지역,약간 긍정적으로 변화하였다,366.0,(366),37.143756734639474,%
2025_잠재방한객조사_일반외국인.xlsx,일반외국인,E4-1,<표E4-1> 한국 문화 경험이 한국 호감도에 미치는 영향 (한국 문화 경험자 기준),BASE:E1. ①~⑬,브라질,브라질,국가/지역,매우 긍정적으로 변화하였다,366.0,(366),32.93084892244401,%
2025_잠재방한객조사_일반외국인.xlsx,일반외국인,E4-1,<표E4-1> 한국 문화 경험이 한국 호감도에 미치는 영향 (한국 문화 경험자 기준),BASE:E1. ①~⑬,브라질,브라질,국가/지역,종합/Top2,366.0,(366),70.07460565708344,%
2025_잠재방한객조사_일반외국인.xlsx,일반외국인,E4-1,<표E4-1> 한국 문화 경험이 한국 호감도에 미치는 영향 (한국 문화 경험자 기준),BASE:E1. ①~⑬,브라질,브라질,국가/지역,Mid,366.0,(366),23.77026320656774,%
2025_잠재방한객조사_일반외국인.xlsx,일반외국인,E4-1,<표E4-1> 한국 문화 경험이 한국 호감도에 미치는 영향 (한국 문화 경험자 기준),BASE:E1. ①~⑬,브라질,브라질,국가/지역,Bot2,366.0,(366),6.155131136348861,%
2025_잠재방한객조사_일반외국인.xlsx,일반외국인,E4-1,<표E4-1> 한국 문화 경험이 한국 호감도에 미치는 영향 (한국 문화 경험자 기준),BASE:E1. ①~⑬,사우디아라비아,사우디아라비아,국가/지역,매우 부정적으로 변화하였다,405.0,(405),0.26404720914254337,%
2025_잠재방한객조사_일반외국인.xlsx,일반외국인,E4-1,<표E4-1> 한국 문화 경험이 한국 호감도에 미치는 영향 (한국 문화 경험자 기준),BASE:E1. ①~⑬,사우디아라비아,사우디아라비아,국가/지역,약간 부정적으로 변화하였다,405.0,(405),2.863335299016435,%
2025_잠재방한객조사_일반외국인.xlsx,일반외국인,E4-1,<표E4-1> 한국 문화 경험이 한국 호감도에 미치는 영향 (한국 문화 경험자 기준),BASE:E1. ①~⑬,사우디아라비아,사우디아라비아,국가/지역,경험 이전과 동일하다,405.0,(405),24.032285075352117,%
2025_잠재방한객조사_일반외국인.xlsx,일반외국인,E4-1,<표E4-1> 한국 문화 경험이 한국 호감도에 미치는 영향 (한국 문화 경험자 기준),BASE:E1. ①~⑬,사우디아라비아,사우디아라비아,국가/지역,약간 긍정적으로 변화하였다,405.0,(405),42.43290393270254,%
2025_잠재방한객조사_일반외국인.xlsx,일반외국인,E4-1,<표E4-1> 한국 문화 경험이 한국 호감도에 미치는 영향 (한국 문화 경험자 기준),BASE:E1. ①~⑬,사우디아라비아,사우디아라비아,국가/지역,매우 긍정적으로 변화하였다,405.0,(405),30.407428483786465,%
2025_잠재방한객조사_일반외국인.xlsx,일반외국인,E4-1,<표E4-1> 한국 문화 경험이 한국 호감도에 미치는 영향 (한국 문화 경험자 기준),BASE:E1. ①~⑬,사우디아라비아,사우디아라비아,국가/지역,종합/Top2,405.0,(405),72.84033241648903,%
2025_잠재방한객조사_일반외국인.xlsx,일반외국인,E4-1,<표E4-1> 한국 문화 경험이 한국 호감도에 미치는 영향 (한국 문화 경험자 기준),BASE:E1. ①~⑬,사우디아라비아,사우디아라비아,국가/지역,Mid,405.0,(405),24.032285075352117,%
2025_잠재방한객조사_일반외국인.xlsx,일반외국인,E4-1,<표E4-1> 한국 문화 경험이 한국 호감도에 미치는 영향 (한국 문화 경험자 기준),BASE:E1. ①~⑬,사우디아라비아,사우디아라비아,국가/지역,Bot2,405.0,(405),3.1273825081589783,%
2025_잠재방한객조사_일반외국인.xlsx,일반외국인,E4-1,<표E4-1> 한국 문화 경험이 한국 호감도에 미치는 영향 (한국 문화 경험자 기준),BASE:E1. ①~⑬,아랍에미리트,UAE,국가/지역,매우 부정적으로 변화하였다,433.0,(433),1.2745246654073605,%
2025_잠재방한객조사_일반외국인.xlsx,일반외국인,E4-1,<표E4-1> 한국 문화 경험이 한국 호감도에 미치는 영향 (한국 문화 경험자 기준),BASE:E1. ①~⑬,아랍에미리트,UAE,국가/지역,약간 부정적으로 변화하였다,433.0,(433),2.29477526682095,%
2025_잠재방한객조사_일반외국인.xlsx,일반외국인,E4-1,<표E4-1> 한국 문화 경험이 한국 호감도에 미치는 영향 (한국 문화 경험자 기준),BASE:E1. ①~⑬,아랍에미리트,UAE,국가/지역,경험 이전과 동일하다,433.0,(433),14.322858184363207,%
2025_잠재방한객조사_일반외국인.xlsx,일반외국인,E4-1,<표E4-1> 한국 문화 경험이 한국 호감도에 미치는 영향 (한국 문화 경험자 기준),BASE:E1. ①~⑬,아랍에미리트,UAE,국가/지역,약간 긍정적으로 변화하였다,433.0,(433),45.31269480613989,%
2025_잠재방한객조사_일반외국인.xlsx,일반외국인,E4-1,<표E4-1> 한국 문화 경험이 한국 호감도에 미치는 영향 (한국 문화 경험자 기준),BASE:E1. ①~⑬,아랍에미리트,UAE,국가/지역,매우 긍정적으로 변화하였다,433.0,(433),36.795147077268744,%
2025_잠재방한객조사_일반외국인.xlsx,일반외국인,E4-1,<표E4-1> 한국 문화 경험이 한국 호감도에 미치는 영향 (한국 문화 경험자 기준),BASE:E1. ①~⑬,아랍에미리트,UAE,국가/지역,종합/Top2,433.0,(433),82.10784188340857,%
2025_잠재방한객조사_일반외국인.xlsx,일반외국인,E4-1,<표E4-1> 한국 문화 경험이 한국 호감도에 미치는 영향 (한국 문화 경험자 기준),BASE:E1. ①~⑬,아랍에미리트,UAE,국가/지역,Mid,433.0,(433),14.322858184363207,%
2025_잠재방한객조사_일반외국인.xlsx,일반외국인,E4-1,<표E4-1> 한국 문화 경험이 한국 호감도에 미치는 영향 (한국 문화 경험자 기준),BASE:E1. ①~⑬,아랍에미리트,UAE,국가/지역,Bot2,433.0,(433),3.56929993222831,%
2025_잠재방한객조사_일반외국인.xlsx,일반외국인,E4-3,<표E4-3> 한국 문화 경험이 한국 (재)방문의향에 미치는 영향 (한국 문화 경험자 기준),BASE:E1. ①~⑬,전체,전체,전체,매우 부정적으로 변화하였다,12902.0,(12902),5.3060368044500175,%
2025_잠재방한객조사_일반외국인.xlsx,일반외국인,E4-3,<표E4-3> 한국 문화 경험이 한국 (재)방문의향에 미치는 영향 (한국 문화 경험자 기준),BASE:E1. ①~⑬,전체,전체,전체,약간 부정적으로 변화하였다,12902.0,(12902),4.134356640014573,%
2025_잠재방한객조사_일반외국인.xlsx,일반외국인,E4-3,<표E4-3> 한국 문화 경험이 한국 (재)방문의향에 미치는 영향 (한국 문화 경험자 기준),BASE:E1. ①~⑬,전체,전체,전체,경험 이전과 동일하다,12902.0,(12902),35.430182626980525,%
2025_잠재방한객조사_일반외국인.xlsx,일반외국인,E4-3,<표E4-3> 한국 문화 경험이 한국 (재)방문의향에 미치는 영향 (한국 문화 경험자 기준),BASE:E1. ①~⑬,전체,전체,전체,약간 긍정적으로 변화하였다,12902.0,(12902),33.6528732730435,%
2025_잠재방한객조사_일반외국인.xlsx,일반외국인,E4-3,<표E4-3> 한국 문화 경험이 한국 (재)방문의향에 미치는 영향 (한국 문화 경험자 기준),BASE:E1. ①~⑬,전체,전체,전체,매우 긍정적으로 변화하였다,12902.0,(12902),21.476550655511126,%
2025_잠재방한객조사_일반외국인.xlsx,일반외국인,E4-3,<표E4-3> 한국 문화 경험이 한국 (재)방문의향에 미치는 영향 (한국 문화 경험자 기준),BASE:E1. ①~⑬,전체,전체,전체,종합/Top2,12902.0,(12902),55.12942392855466,%
2025_잠재방한객조사_일반외국인.xlsx,일반외국인,E4-3,<표E4-3> 한국 문화 경험이 한국 (재)방문의향에 미치는 영향 (한국 문화 경험자 기준),BASE:E1. ①~⑬,전체,전체,전체,Mid,12902.0,(12902),35.430182626980525,%
2025_잠재방한객조사_일반외국인.xlsx,일반외국인,E4-3,<표E4-3> 한국 문화 경험이 한국 (재)방문의향에 미치는 영향 (한국 문화 경험자 기준),BASE:E1. ①~⑬,전체,전체,전체,Bot2,12902.0,(12902),9.440393444464597,%
2025_잠재방한객조사_일반외국인.xlsx,일반외국인,E4-3,<표E4-3> 한국 문화 경험이 한국 (재)방문의향에 미치는 영향 (한국 문화 경험자 기준),BASE:E1. ①~⑬,중국,중국,국가/지역,매우 부정적으로 변화하였다,2252.0,(2252),4.181286507278024,%
2025_잠재방한객조사_일반외국인.xlsx,일반외국인,E4-3,<표E4-3> 한국 문화 경험이 한국 (재)방문의향에 미치는 영향 (한국 문화 경험자 기준),BASE:E1. ①~⑬,중국,중국,국가/지역,약간 부정적으로 변화하였다,2252.0,(2252),4.761522473916725,%
2025_잠재방한객조사_일반외국인.xlsx,일반외국인,E4-3,<표E4-3> 한국 문화 경험이 한국 (재)방문의향에 미치는 영향 (한국 문화 경험자 기준),BASE:E1. ①~⑬,중국,중국,국가/지역,경험 이전과 동일하다,2252.0,(2252),26.70543896478606,%
2025_잠재방한객조사_일반외국인.xlsx,일반외국인,E4-3,<표E4-3> 한국 문화 경험이 한국 (재)방문의향에 미치는 영향 (한국 문화 경험자 기준),BASE:E1. ①~⑬,중국,중국,국가/지역,약간 긍정적으로 변화하였다,2252.0,(2252),39.89821722285857,%
2025_잠재방한객조사_일반외국인.xlsx,일반외국인,E4-3,<표E4-3> 한국 문화 경험이 한국 (재)방문의향에 미치는 영향 (한국 문화 경험자 기준),BASE:E1. ①~⑬,중국,중국,국가/지역,매우 긍정적으로 변화하였다,2252.0,(2252),24.45353483116044,%
2025_잠재방한객조사_일반외국인.xlsx,일반외국인,E4-3,<표E4-3> 한국 문화 경험이 한국 (재)방문의향에 미치는 영향 (한국 문화 경험자 기준),BASE:E1. ①~⑬,중국,중국,국가/지역,종합/Top2,2252.0,(2252),64.35175205401929,%
2025_잠재방한객조사_일반외국인.xlsx,일반외국인,E4-3,<표E4-3> 한국 문화 경험이 한국 (재)방문의향에 미치는 영향 (한국 문화 경험자 기준),BASE:E1. ①~⑬,중국,중국,국가/지역,Mid,2252.0,(2252),26.70543896478606,%
2025_잠재방한객조사_일반외국인.xlsx,일반외국인,E4-3,<표E4-3> 한국 문화 경험이 한국 (재)방문의향에 미치는 영향 (한국 문화 경험자 기준),BASE:E1. ①~⑬,중국,중국,국가/지역,Bot2,2252.0,(2252),8.94280898119474,%
2025_잠재방한객조사_일반외국인.xlsx,일반외국인,E4-3,<표E4-3> 한국 문화 경험이 한국 (재)방문의향에 미치는 영향 (한국 문화 경험자 기준),BASE:E1. ①~⑬,일본,일본,국가/지역,매우 부정적으로 변화하였다,996.0,(996),4.332114588868506,%
2025_잠재방한객조사_일반외국인.xlsx,일반외국인,E4-3,<표E4-3> 한국 문화 경험이 한국 (재)방문의향에 미치는 영향 (한국 문화 경험자 기준),BASE:E1. ①~⑬,일본,일본,국가/지역,약간 부정적으로 변화하였다,996.0,(996),4.256803275539507,%
2025_잠재방한객조사_일반외국인.xlsx,일반외국인,E4-3,<표E4-3> 한국 문화 경험이 한국 (재)방문의향에 미치는 영향 (한국 문화 경험자 기준),BASE:E1. ①~⑬,일본,일본,국가/지역,경험 이전과 동일하다,996.0,(996),56.57249394225721,%
2025_잠재방한객조사_일반외국인.xlsx,일반외국인,E4-3,<표E4-3> 한국 문화 경험이 한국 (재)방문의향에 미치는 영향 (한국 문화 경험자 기준),BASE:E1. ①~⑬,일본,일본,국가/지역,약간 긍정적으로 변화하였다,996.0,(996),23.80044959059822,%
2025_잠재방한객조사_일반외국인.xlsx,일반외국인,E4-3,<표E4-3> 한국 문화 경험이 한국 (재)방문의향에 미치는 영향 (한국 문화 경험자 기준),BASE:E1. ①~⑬,일본,일본,국가/지역,매우 긍정적으로 변화하였다,996.0,(996),11.038138602736499,%
2025_잠재방한객조사_일반외국인.xlsx,일반외국인,E4-3,<표E4-3> 한국 문화 경험이 한국 (재)방문의향에 미치는 영향 (한국 문화 경험자 기준),BASE:E1. ①~⑬,일본,일본,국가/지역,종합/Top2,996.0,(996),34.83858819333474,%
2025_잠재방한객조사_일반외국인.xlsx,일반외국인,E4-3,<표E4-3> 한국 문화 경험이 한국 (재)방문의향에 미치는 영향 (한국 문화 경험자 기준),BASE:E1. ①~⑬,일본,일본,국가/지역,Mid,996.0,(996),56.57249394225721,%
2025_잠재방한객조사_일반외국인.xlsx,일반외국인,E4-3,<표E4-3> 한국 문화 경험이 한국 (재)방문의향에 미치는 영향 (한국 문화 경험자 기준),BASE:E1. ①~⑬,일본,일본,국가/지역,Bot2,996.0,(996),8.588917864408012,%
2025_잠재방한객조사_일반외국인.xlsx,일반외국인,E4-3,<표E4-3> 한국 문화 경험이 한국 (재)방문의향에 미치는 영향 (한국 문화 경험자 기준),BASE:E1. ①~⑬,대만,대만,국가/지역,매우 부정적으로 변화하였다,422.0,(422),1.8359703804523952,%
2025_잠재방한객조사_일반외국인.xlsx,일반외국인,E4-3,<표E4-3> 한국 문화 경험이 한국 (재)방문의향에 미치는 영향 (한국 문화 경험자 기준),BASE:E1. ①~⑬,대만,대만,국가/지역,약간 부정적으로 변화하였다,422.0,(422),1.5028180782823912,%
2025_잠재방한객조사_일반외국인.xlsx,일반외국인,E4-3,<표E4-3> 한국 문화 경험이 한국 (재)방문의향에 미치는 영향 (한국 문화 경험자 기준),BASE:E1. ①~⑬,대만,대만,국가/지역,경험 이전과 동일하다,422.0,(422),38.60326648123642,%
2025_잠재방한객조사_일반외국인.xlsx,일반외국인,E4-3,<표E4-3> 한국 문화 경험이 한국 (재)방문의향에 미치는 영향 (한국 문화 경험자 기준),BASE:E1. ①~⑬,대만,대만,국가/지역,약간 긍정적으로 변화하였다,422.0,(422),38.78499865056374,%
2025_잠재방한객조사_일반외국인.xlsx,일반외국인,E4-3,<표E4-3> 한국 문화 경험이 한국 (재)방문의향에 미치는 영향 (한국 문화 경험자 기준),BASE:E1. ①~⑬,대만,대만,국가/지역,매우 긍정적으로 변화하였다,422.0,(422),19.272946409464943,%
2025_잠재방한객조사_일반외국인.xlsx,일반외국인,E4-3,<표E4-3> 한국 문화 경험이 한국 (재)방문의향에 미치는 영향 (한국 문화 경험자 기준),BASE:E1. ①~⑬,대만,대만,국가/지역,종합/Top2,422.0,(422),58.05794506002875,%
2025_잠재방한객조사_일반외국인.xlsx,일반외국인,E4-3,<표E4-3> 한국 문화 경험이 한국 (재)방문의향에 미치는 영향 (한국 문화 경험자 기준),BASE:E1. ①~⑬,대만,대만,국가/지역,Mid,422.0,(422),38.60326648123642,%
2025_잠재방한객조사_일반외국인.xlsx,일반외국인,E4-3,<표E4-3> 한국 문화 경험이 한국 (재)방문의향에 미치는 영향 (한국 문화 경험자 기준),BASE:E1. ①~⑬,대만,대만,국가/지역,Bot2,422.0,(422),3.338788458734786,%
2025_잠재방한객조사_일반외국인.xlsx,일반외국인,E4-3,<표E4-3> 한국 문화 경험이 한국 (재)방문의향에 미치는 영향 (한국 문화 경험자 기준),BASE:E1. ①~⑬,미국,미국,국가/지역,매우 부정적으로 변화하였다,639.0,(639),6.11180230222146,%
2025_잠재방한객조사_일반외국인.xlsx,일반외국인,E4-3,<표E4-3> 한국 문화 경험이 한국 (재)방문의향에 미치는 영향 (한국 문화 경험자 기준),BASE:E1. ①~⑬,미국,미국,국가/지역,약간 부정적으로 변화하였다,639.0,(639),4.319878353373805,%
2025_잠재방한객조사_일반외국인.xlsx,일반외국인,E4-3,<표E4-3> 한국 문화 경험이 한국 (재)방문의향에 미치는 영향 (한국 문화 경험자 기준),BASE:E1. ①~⑬,미국,미국,국가/지역,경험 이전과 동일하다,639.0,(639),46.37213924474145,%
2025_잠재방한객조사_일반외국인.xlsx,일반외국인,E4-3,<표E4-3> 한국 문화 경험이 한국 (재)방문의향에 미치는 영향 (한국 문화 경험자 기준),BASE:E1. ①~⑬,미국,미국,국가/지역,약간 긍정적으로 변화하였다,639.0,(639),28.69419970891281,%
2025_잠재방한객조사_일반외국인.xlsx,일반외국인,E4-3,<표E4-3> 한국 문화 경험이 한국 (재)방문의향에 미치는 영향 (한국 문화 경험자 기준),BASE:E1. ①~⑬,미국,미국,국가/지역,매우 긍정적으로 변화하였다,639.0,(639),14.50198039075063,%
2025_잠재방한객조사_일반외국인.xlsx,일반외국인,E4-3,<표E4-3> 한국 문화 경험이 한국 (재)방문의향에 미치는 영향 (한국 문화 경험자 기준),BASE:E1. ①~⑬,미국,미국,국가/지역,종합/Top2,639.0,(639),43.19618009966339,%
2025_잠재방한객조사_일반외국인.xlsx,일반외국인,E4-3,<표E4-3> 한국 문화 경험이 한국 (재)방문의향에 미치는 영향 (한국 문화 경험자 기준),BASE:E1. ①~⑬,미국,미국,국가/지역,Mid,639.0,(639),46.37213924474145,%
2025_잠재방한객조사_일반외국인.xlsx,일반외국인,E4-3,<표E4-3> 한국 문화 경험이 한국 (재)방문의향에 미치는 영향 (한국 문화 경험자 기준),BASE:E1. ①~⑬,미국,미국,국가/지역,Bot2,639.0,(639),10.431680655595267,%
2025_잠재방한객조사_일반외국인.xlsx,일반외국인,E4-3,<표E4-3> 한국 문화 경험이 한국 (재)방문의향에 미치는 영향 (한국 문화 경험자 기준),BASE:E1. ①~⑬,필리핀,필리핀,국가/지역,매우 부정적으로 변화하였다,452.0,(452),7.129261178716806,%
2025_잠재방한객조사_일반외국인.xlsx,일반외국인,E4-3,<표E4-3> 한국 문화 경험이 한국 (재)방문의향에 미치는 영향 (한국 문화 경험자 기준),BASE:E1. ①~⑬,필리핀,필리핀,국가/지역,약간 부정적으로 변화하였다,452.0,(452),2.017265471202399,%
2025_잠재방한객조사_일반외국인.xlsx,일반외국인,E4-3,<표E4-3> 한국 문화 경험이 한국 (재)방문의향에 미치는 영향 (한국 문화 경험자 기준),BASE:E1. ①~⑬,필리핀,필리핀,국가/지역,경험 이전과 동일하다,452.0,(452),19.59470695288914,%
2025_잠재방한객조사_일반외국인.xlsx,일반외국인,E4-3,<표E4-3> 한국 문화 경험이 한국 (재)방문의향에 미치는 영향 (한국 문화 경험자 기준),BASE:E1. ①~⑬,필리핀,필리핀,국가/지역,약간 긍정적으로 변화하였다,452.0,(452),36.14876714077012,%
2025_잠재방한객조사_일반외국인.xlsx,일반외국인,E4-3,<표E4-3> 한국 문화 경험이 한국 (재)방문의향에 미치는 영향 (한국 문화 경험자 기준),BASE:E1. ①~⑬,필리핀,필리핀,국가/지역,매우 긍정적으로 변화하였다,452.0,(452),35.10999925642154,%
2025_잠재방한객조사_일반외국인.xlsx,일반외국인,E4-3,<표E4-3> 한국 문화 경험이 한국 (재)방문의향에 미치는 영향 (한국 문화 경험자 기준),BASE:E1. ①~⑬,필리핀,필리핀,국가/지역,종합/Top2,452.0,(452),71.2587663971917,%
2025_잠재방한객조사_일반외국인.xlsx,일반외국인,E4-3,<표E4-3> 한국 문화 경험이 한국 (재)방문의향에 미치는 영향 (한국 문화 경험자 기준),BASE:E1. ①~⑬,필리핀,필리핀,국가/지역,Mid,452.0,(452),19.59470695288914,%
2025_잠재방한객조사_일반외국인.xlsx,일반외국인,E4-3,<표E4-3> 한국 문화 경험이 한국 (재)방문의향에 미치는 영향 (한국 문화 경험자 기준),BASE:E1. ①~⑬,필리핀,필리핀,국가/지역,Bot2,452.0,(452),9.146526649919204,%
2025_잠재방한객조사_일반외국인.xlsx,일반외국인,E4-3,<표E4-3> 한국 문화 경험이 한국 (재)방문의향에 미치는 영향 (한국 문화 경험자 기준),BASE:E1. ①~⑬,베트남,베트남,국가/지역,매우 부정적으로 변화하였다,456.0,(456),2.7937649719142437,%
2025_잠재방한객조사_일반외국인.xlsx,일반외국인,E4-3,<표E4-3> 한국 문화 경험이 한국 (재)방문의향에 미치는 영향 (한국 문화 경험자 기준),BASE:E1. ①~⑬,베트남,베트남,국가/지역,약간 부정적으로 변화하였다,456.0,(456),4.098964860280209,%
2025_잠재방한객조사_일반외국인.xlsx,일반외국인,E4-3,<표E4-3> 한국 문화 경험이 한국 (재)방문의향에 미치는 영향 (한국 문화 경험자 기준),BASE:E1. ①~⑬,베트남,베트남,국가/지역,경험 이전과 동일하다,456.0,(456),24.969623358843325,%
2025_잠재방한객조사_일반외국인.xlsx,일반외국인,E4-3,<표E4-3> 한국 문화 경험이 한국 (재)방문의향에 미치는 영향 (한국 문화 경험자 기준),BASE:E1. ①~⑬,베트남,베트남,국가/지역,약간 긍정적으로 변화하였다,456.0,(456),36.62287663742082,%
2025_잠재방한객조사_일반외국인.xlsx,일반외국인,E4-3,<표E4-3> 한국 문화 경험이 한국 (재)방문의향에 미치는 영향 (한국 문화 경험자 기준),BASE:E1. ①~⑬,베트남,베트남,국가/지역,매우 긍정적으로 변화하였다,456.0,(456),31.51477017154148,%
2025_잠재방한객조사_일반외국인.xlsx,일반외국인,E4-3,<표E4-3> 한국 문화 경험이 한국 (재)방문의향에 미치는 영향 (한국 문화 경험자 기준),BASE:E1. ①~⑬,베트남,베트남,국가/지역,종합/Top2,456.0,(456),68.13764680896219,%
2025_잠재방한객조사_일반외국인.xlsx,일반외국인,E4-3,<표E4-3> 한국 문화 경험이 한국 (재)방문의향에 미치는 영향 (한국 문화 경험자 기준),BASE:E1. ①~⑬,베트남,베트남,국가/지역,Mid,456.0,(456),24.969623358843325,%
2025_잠재방한객조사_일반외국인.xlsx,일반외국인,E4-3,<표E4-3> 한국 문화 경험이 한국 (재)방문의향에 미치는 영향 (한국 문화 경험자 기준),BASE:E1. ①~⑬,베트남,베트남,국가/지역,Bot2,456.0,(456),6.892729832194454,%
2025_잠재방한객조사_일반외국인.xlsx,일반외국인,E4-3,<표E4-3> 한국 문화 경험이 한국 (재)방문의향에 미치는 영향 (한국 문화 경험자 기준),BASE:E1. ①~⑬,싱가포르,싱가포르,국가/지역,매우 부정적으로 변화하였다,431.0,(431),1.1327040456865167,%
2025_잠재방한객조사_일반외국인.xlsx,일반외국인,E4-3,<표E4-3> 한국 문화 경험이 한국 (재)방문의향에 미치는 영향 (한국 문화 경험자 기준),BASE:E1. ①~⑬,싱가포르,싱가포르,국가/지역,약간 부정적으로 변화하였다,431.0,(431),4.070777143581514,%
2025_잠재방한객조사_일반외국인.xlsx,일반외국인,E4-3,<표E4-3> 한국 문화 경험이 한국 (재)방문의향에 미치는 영향 (한국 문화 경험자 기준),BASE:E1. ①~⑬,싱가포르,싱가포르,국가/지역,경험 이전과 동일하다,431.0,(431),30.858585847326005,%
2025_잠재방한객조사_일반외국인.xlsx,일반외국인,E4-3,<표E4-3> 한국 문화 경험이 한국 (재)방문의향에 미치는 영향 (한국 문화 경험자 기준),BASE:E1. ①~⑬,싱가포르,싱가포르,국가/지역,약간 긍정적으로 변화하였다,431.0,(431),41.6653341125844,%
2025_잠재방한객조사_일반외국인.xlsx,일반외국인,E4-3,<표E4-3> 한국 문화 경험이 한국 (재)방문의향에 미치는 영향 (한국 문화 경험자 기준),BASE:E1. ①~⑬,싱가포르,싱가포르,국가/지역,매우 긍정적으로 변화하였다,431.0,(431),22.27259885082159,%
2025_잠재방한객조사_일반외국인.xlsx,일반외국인,E4-3,<표E4-3> 한국 문화 경험이 한국 (재)방문의향에 미치는 영향 (한국 문화 경험자 기준),BASE:E1. ①~⑬,싱가포르,싱가포르,국가/지역,종합/Top2,431.0,(431),63.937932963405956,%
2025_잠재방한객조사_일반외국인.xlsx,일반외국인,E4-3,<표E4-3> 한국 문화 경험이 한국 (재)방문의향에 미치는 영향 (한국 문화 경험자 기준),BASE:E1. ①~⑬,싱가포르,싱가포르,국가/지역,Mid,431.0,(431),30.858585847326005,%
2025_잠재방한객조사_일반외국인.xlsx,일반외국인,E4-3,<표E4-3> 한국 문화 경험이 한국 (재)방문의향에 미치는 영향 (한국 문화 경험자 기준),BASE:E1. ①~⑬,싱가포르,싱가포르,국가/지역,Bot2,431.0,(431),5.203481189268031,%
2025_잠재방한객조사_일반외국인.xlsx,일반외국인,E4-3,<표E4-3> 한국 문화 경험이 한국 (재)방문의향에 미치는 영향 (한국 문화 경험자 기준),BASE:E1. ①~⑬,인도네시아,인도네시아,국가/지역,매우 부정적으로 변화하였다,445.0,(445),5.19371332311953,%
2025_잠재방한객조사_일반외국인.xlsx,일반외국인,E4-3,<표E4-3> 한국 문화 경험이 한국 (재)방문의향에 미치는 영향 (한국 문화 경험자 기준),BASE:E1. ①~⑬,인도네시아,인도네시아,국가/지역,약간 부정적으로 변화하였다,445.0,(445),1.7274427741786942,%
2025_잠재방한객조사_일반외국인.xlsx,일반외국인,E4-3,<표E4-3> 한국 문화 경험이 한국 (재)방문의향에 미치는 영향 (한국 문화 경험자 기준),BASE:E1. ①~⑬,인도네시아,인도네시아,국가/지역,경험 이전과 동일하다,445.0,(445),25.759377146481533,%
2025_잠재방한객조사_일반외국인.xlsx,일반외국인,E4-3,<표E4-3> 한국 문화 경험이 한국 (재)방문의향에 미치는 영향 (한국 문화 경험자 기준),BASE:E1. ①~⑬,인도네시아,인도네시아,국가/지역,약간 긍정적으로 변화하였다,445.0,(445),34.067027183820976,%
2025_잠재방한객조사_일반외국인.xlsx,일반외국인,E4-3,<표E4-3> 한국 문화 경험이 한국 (재)방문의향에 미치는 영향 (한국 문화 경험자 기준),BASE:E1. ①~⑬,인도네시아,인도네시아,국가/지역,매우 긍정적으로 변화하였다,445.0,(445),33.25243957239914,%
2025_잠재방한객조사_일반외국인.xlsx,일반외국인,E4-3,<표E4-3> 한국 문화 경험이 한국 (재)방문의향에 미치는 영향 (한국 문화 경험자 기준),BASE:E1. ①~⑬,인도네시아,인도네시아,국가/지역,종합/Top2,445.0,(445),67.31946675622015,%
2025_잠재방한객조사_일반외국인.xlsx,일반외국인,E4-3,<표E4-3> 한국 문화 경험이 한국 (재)방문의향에 미치는 영향 (한국 문화 경험자 기준),BASE:E1. ①~⑬,인도네시아,인도네시아,국가/지역,Mid,445.0,(445),25.759377146481533,%
2025_잠재방한객조사_일반외국인.xlsx,일반외국인,E4-3,<표E4-3> 한국 문화 경험이 한국 (재)방문의향에 미치는 영향 (한국 문화 경험자 기준),BASE:E1. ①~⑬,인도네시아,인도네시아,국가/지역,Bot2,445.0,(445),6.921156097298223,%
2025_잠재방한객조사_일반외국인.xlsx,일반외국인,E4-3,<표E4-3> 한국 문화 경험이 한국 (재)방문의향에 미치는 영향 (한국 문화 경험자 기준),BASE:E1. ①~⑬,태국,태국,국가/지역,매우 부정적으로 변화하였다,422.0,(422),10.023380677251687,%
2025_잠재방한객조사_일반외국인.xlsx,일반외국인,E4-3,<표E4-3> 한국 문화 경험이 한국 (재)방문의향에 미치는 영향 (한국 문화 경험자 기준),BASE:E1. ①~⑬,태국,태국,국가/지역,약간 부정적으로 변화하였다,422.0,(422),9.229443577083538,%
2025_잠재방한객조사_일반외국인.xlsx,일반외국인,E4-3,<표E4-3> 한국 문화 경험이 한국 (재)방문의향에 미치는 영향 (한국 문화 경험자 기준),BASE:E1. ①~⑬,태국,태국,국가/지역,경험 이전과 동일하다,422.0,(422),31.657673959170037,%
2025_잠재방한객조사_일반외국인.xlsx,일반외국인,E4-3,<표E4-3> 한국 문화 경험이 한국 (재)방문의향에 미치는 영향 (한국 문화 경험자 기준),BASE:E1. ①~⑬,태국,태국,국가/지역,약간 긍정적으로 변화하였다,422.0,(422),29.10335842528754,%
2025_잠재방한객조사_일반외국인.xlsx,일반외국인,E4-3,<표E4-3> 한국 문화 경험이 한국 (재)방문의향에 미치는 영향 (한국 문화 경험자 기준),BASE:E1. ①~⑬,태국,태국,국가/지역,매우 긍정적으로 변화하였다,422.0,(422),19.98614336120708,%
2025_잠재방한객조사_일반외국인.xlsx,일반외국인,E4-3,<표E4-3> 한국 문화 경험이 한국 (재)방문의향에 미치는 영향 (한국 문화 경험자 기준),BASE:E1. ①~⑬,태국,태국,국가/지역,종합/Top2,422.0,(422),49.08950178649463,%
2025_잠재방한객조사_일반외국인.xlsx,일반외국인,E4-3,<표E4-3> 한국 문화 경험이 한국 (재)방문의향에 미치는 영향 (한국 문화 경험자 기준),BASE:E1. ①~⑬,태국,태국,국가/지역,Mid,422.0,(422),31.657673959170037,%
2025_잠재방한객조사_일반외국인.xlsx,일반외국인,E4-3,<표E4-3> 한국 문화 경험이 한국 (재)방문의향에 미치는 영향 (한국 문화 경험자 기준),BASE:E1. ①~⑬,태국,태국,국가/지역,Bot2,422.0,(422),19.25282425433523,%
2025_잠재방한객조사_일반외국인.xlsx,일반외국인,E4-3,<표E4-3> 한국 문화 경험이 한국 (재)방문의향에 미치는 영향 (한국 문화 경험자 기준),BASE:E1. ①~⑬,말레이시아,말레이시아,국가/지역,매우 부정적으로 변화하였다,424.0,(424),4.948588812563256,%
2025_잠재방한객조사_일반외국인.xlsx,일반외국인,E4-3,<표E4-3> 한국 문화 경험이 한국 (재)방문의향에 미치는 영향 (한국 문화 경험자 기준),BASE:E1. ①~⑬,말레이시아,말레이시아,국가/지역,약간 부정적으로 변화하였다,424.0,(424),0.9474663328934035,%
2025_잠재방한객조사_일반외국인.xlsx,일반외국인,E4-3,<표E4-3> 한국 문화 경험이 한국 (재)방문의향에 미치는 영향 (한국 문화 경험자 기준),BASE:E1. ①~⑬,말레이시아,말레이시아,국가/지역,경험 이전과 동일하다,424.0,(424),29.85305827511201,%
2025_잠재방한객조사_일반외국인.xlsx,일반외국인,E4-3,<표E4-3> 한국 문화 경험이 한국 (재)방문의향에 미치는 영향 (한국 문화 경험자 기준),BASE:E1. ①~⑬,말레이시아,말레이시아,국가/지역,약간 긍정적으로 변화하였다,424.0,(424),39.896025807546266,%
2025_잠재방한객조사_일반외국인.xlsx,일반외국인,E4-3,<표E4-3> 한국 문화 경험이 한국 (재)방문의향에 미치는 영향 (한국 문화 경험자 기준),BASE:E1. ①~⑬,말레이시아,말레이시아,국가/지역,매우 긍정적으로 변화하였다,424.0,(424),24.354860771885008,%
2025_잠재방한객조사_일반외국인.xlsx,일반외국인,E4-3,<표E4-3> 한국 문화 경험이 한국 (재)방문의향에 미치는 영향 (한국 문화 경험자 기준),BASE:E1. ①~⑬,말레이시아,말레이시아,국가/지역,종합/Top2,424.0,(424),64.25088657943127,%
2025_잠재방한객조사_일반외국인.xlsx,일반외국인,E4-3,<표E4-3> 한국 문화 경험이 한국 (재)방문의향에 미치는 영향 (한국 문화 경험자 기준),BASE:E1. ①~⑬,말레이시아,말레이시아,국가/지역,Mid,424.0,(424),29.85305827511201,%
2025_잠재방한객조사_일반외국인.xlsx,일반외국인,E4-3,<표E4-3> 한국 문화 경험이 한국 (재)방문의향에 미치는 영향 (한국 문화 경험자 기준),BASE:E1. ①~⑬,말레이시아,말레이시아,국가/지역,Bot2,424.0,(424),5.89605514545666,%
2025_잠재방한객조사_일반외국인.xlsx,일반외국인,E4-3,<표E4-3> 한국 문화 경험이 한국 (재)방문의향에 미치는 영향 (한국 문화 경험자 기준),BASE:E1. ①~⑬,캐나다,캐나다,국가/지역,매우 부정적으로 변화하였다,292.0,(292),4.667150814273783,%
2025_잠재방한객조사_일반외국인.xlsx,일반외국인,E4-3,<표E4-3> 한국 문화 경험이 한국 (재)방문의향에 미치는 영향 (한국 문화 경험자 기준),BASE:E1. ①~⑬,캐나다,캐나다,국가/지역,약간 부정적으로 변화하였다,292.0,(292),3.5309378268999803,%
2025_잠재방한객조사_일반외국인.xlsx,일반외국인,E4-3,<표E4-3> 한국 문화 경험이 한국 (재)방문의향에 미치는 영향 (한국 문화 경험자 기준),BASE:E1. ①~⑬,캐나다,캐나다,국가/지역,경험 이전과 동일하다,292.0,(292),47.19575151511688,%
2025_잠재방한객조사_일반외국인.xlsx,일반외국인,E4-3,<표E4-3> 한국 문화 경험이 한국 (재)방문의향에 미치는 영향 (한국 문화 경험자 기준),BASE:E1. ①~⑬,캐나다,캐나다,국가/지역,약간 긍정적으로 변화하였다,292.0,(292),29.327866041543928,%
2025_잠재방한객조사_일반외국인.xlsx,일반외국인,E4-3,<표E4-3> 한국 문화 경험이 한국 (재)방문의향에 미치는 영향 (한국 문화 경험자 기준),BASE:E1. ①~⑬,캐나다,캐나다,국가/지역,매우 긍정적으로 변화하였다,292.0,(292),15.278293802165438,%
2025_잠재방한객조사_일반외국인.xlsx,일반외국인,E4-3,<표E4-3> 한국 문화 경험이 한국 (재)방문의향에 미치는 영향 (한국 문화 경험자 기준),BASE:E1. ①~⑬,캐나다,캐나다,국가/지역,종합/Top2,292.0,(292),44.60615984370936,%
2025_잠재방한객조사_일반외국인.xlsx,일반외국인,E4-3,<표E4-3> 한국 문화 경험이 한국 (재)방문의향에 미치는 영향 (한국 문화 경험자 기준),BASE:E1. ①~⑬,캐나다,캐나다,국가/지역,Mid,292.0,(292),47.19575151511688,%
2025_잠재방한객조사_일반외국인.xlsx,일반외국인,E4-3,<표E4-3> 한국 문화 경험이 한국 (재)방문의향에 미치는 영향 (한국 문화 경험자 기준),BASE:E1. ①~⑬,캐나다,캐나다,국가/지역,Bot2,292.0,(292),8.198088641173763,%
2025_잠재방한객조사_일반외국인.xlsx,일반외국인,E4-3,<표E4-3> 한국 문화 경험이 한국 (재)방문의향에 미치는 영향 (한국 문화 경험자 기준),BASE:E1. ①~⑬,호주,호주,국가/지역,매우 부정적으로 변화하였다,304.0,(304),2.70286664477775,%
2025_잠재방한객조사_일반외국인.xlsx,일반외국인,E4-3,<표E4-3> 한국 문화 경험이 한국 (재)방문의향에 미치는 영향 (한국 문화 경험자 기준),BASE:E1. ①~⑬,호주,호주,국가/지역,약간 부정적으로 변화하였다,304.0,(304),2.2275047310876395,%
2025_잠재방한객조사_일반외국인.xlsx,일반외국인,E4-3,<표E4-3> 한국 문화 경험이 한국 (재)방문의향에 미치는 영향 (한국 문화 경험자 기준),BASE:E1. ①~⑬,호주,호주,국가/지역,경험 이전과 동일하다,304.0,(304),43.668988944341145,%
2025_잠재방한객조사_일반외국인.xlsx,일반외국인,E4-3,<표E4-3> 한국 문화 경험이 한국 (재)방문의향에 미치는 영향 (한국 문화 경험자 기준),BASE:E1. ①~⑬,호주,호주,국가/지역,약간 긍정적으로 변화하였다,304.0,(304),34.366035820212176,%
2025_잠재방한객조사_일반외국인.xlsx,일반외국인,E4-3,<표E4-3> 한국 문화 경험이 한국 (재)방문의향에 미치는 영향 (한국 문화 경험자 기준),BASE:E1. ①~⑬,호주,호주,국가/지역,매우 긍정적으로 변화하였다,304.0,(304),17.034603859581267,%
2025_잠재방한객조사_일반외국인.xlsx,일반외국인,E4-3,<표E4-3> 한국 문화 경험이 한국 (재)방문의향에 미치는 영향 (한국 문화 경험자 기준),BASE:E1. ①~⑬,호주,호주,국가/지역,종합/Top2,304.0,(304),51.400639679793414,%
2025_잠재방한객조사_일반외국인.xlsx,일반외국인,E4-3,<표E4-3> 한국 문화 경험이 한국 (재)방문의향에 미치는 영향 (한국 문화 경험자 기준),BASE:E1. ①~⑬,호주,호주,국가/지역,Mid,304.0,(304),43.668988944341145,%
2025_잠재방한객조사_일반외국인.xlsx,일반외국인,E4-3,<표E4-3> 한국 문화 경험이 한국 (재)방문의향에 미치는 영향 (한국 문화 경험자 기준),BASE:E1. ①~⑬,호주,호주,국가/지역,Bot2,304.0,(304),4.930371375865389,%
2025_잠재방한객조사_일반외국인.xlsx,일반외국인,E4-3,<표E4-3> 한국 문화 경험이 한국 (재)방문의향에 미치는 영향 (한국 문화 경험자 기준),BASE:E1. ①~⑬,러시아,러시아,국가/지역,매우 부정적으로 변화하였다,718.0,(718),7.272998207527392,%
2025_잠재방한객조사_일반외국인.xlsx,일반외국인,E4-3,<표E4-3> 한국 문화 경험이 한국 (재)방문의향에 미치는 영향 (한국 문화 경험자 기준),BASE:E1. ①~⑬,러시아,러시아,국가/지역,약간 부정적으로 변화하였다,718.0,(718),2.581500692690834,%
2025_잠재방한객조사_일반외국인.xlsx,일반외국인,E4-3,<표E4-3> 한국 문화 경험이 한국 (재)방문의향에 미치는 영향 (한국 문화 경험자 기준),BASE:E1. ①~⑬,러시아,러시아,국가/지역,경험 이전과 동일하다,718.0,(718),43.54313521116639,%
2025_잠재방한객조사_일반외국인.xlsx,일반외국인,E4-3,<표E4-3> 한국 문화 경험이 한국 (재)방문의향에 미치는 영향 (한국 문화 경험자 기준),BASE:E1. ①~⑬,러시아,러시아,국가/지역,약간 긍정적으로 변화하였다,718.0,(718),28.29963624176979,%
2025_잠재방한객조사_일반외국인.xlsx,일반외국인,E4-3,<표E4-3> 한국 문화 경험이 한국 (재)방문의향에 미치는 영향 (한국 문화 경험자 기준),BASE:E1. ①~⑬,러시아,러시아,국가/지역,매우 긍정적으로 변화하였다,718.0,(718),18.302729646845485,%
2025_잠재방한객조사_일반외국인.xlsx,일반외국인,E4-3,<표E4-3> 한국 문화 경험이 한국 (재)방문의향에 미치는 영향 (한국 문화 경험자 기준),BASE:E1. ①~⑬,러시아,러시아,국가/지역,종합/Top2,718.0,(718),46.60236588861529,%
2025_잠재방한객조사_일반외국인.xlsx,일반외국인,E4-3,<표E4-3> 한국 문화 경험이 한국 (재)방문의향에 미치는 영향 (한국 문화 경험자 기준),BASE:E1. ①~⑬,러시아,러시아,국가/지역,Mid,718.0,(718),43.54313521116639,%
2025_잠재방한객조사_일반외국인.xlsx,일반외국인,E4-3,<표E4-3> 한국 문화 경험이 한국 (재)방문의향에 미치는 영향 (한국 문화 경험자 기준),BASE:E1. ①~⑬,러시아,러시아,국가/지역,Bot2,718.0,(718),9.854498900218225,%
2025_잠재방한객조사_일반외국인.xlsx,일반외국인,E4-3,<표E4-3> 한국 문화 경험이 한국 (재)방문의향에 미치는 영향 (한국 문화 경험자 기준),BASE:E1. ①~⑬,인도,인도,국가/지역,매우 부정적으로 변화하였다,427.0,(427),2.762447876158416,%
2025_잠재방한객조사_일반외국인.xlsx,일반외국인,E4-3,<표E4-3> 한국 문화 경험이 한국 (재)방문의향에 미치는 영향 (한국 문화 경험자 기준),BASE:E1. ①~⑬,인도,인도,국가/지역,약간 부정적으로 변화하였다,427.0,(427),4.155087420769973,%
2025_잠재방한객조사_일반외국인.xlsx,일반외국인,E4-3,<표E4-3> 한국 문화 경험이 한국 (재)방문의향에 미치는 영향 (한국 문화 경험자 기준),BASE:E1. ①~⑬,인도,인도,국가/지역,경험 이전과 동일하다,427.0,(427),20.20179628121612,%
2025_잠재방한객조사_일반외국인.xlsx,일반외국인,E4-3,<표E4-3> 한국 문화 경험이 한국 (재)방문의향에 미치는 영향 (한국 문화 경험자 기준),BASE:E1. ①~⑬,인도,인도,국가/지역,약간 긍정적으로 변화하였다,427.0,(427),42.737903127731,%
2025_잠재방한객조사_일반외국인.xlsx,일반외국인,E4-3,<표E4-3> 한국 문화 경험이 한국 (재)방문의향에 미치는 영향 (한국 문화 경험자 기준),BASE:E1. ①~⑬,인도,인도,국가/지역,매우 긍정적으로 변화하였다,427.0,(427),30.14276529412447,%
2025_잠재방한객조사_일반외국인.xlsx,일반외국인,E4-3,<표E4-3> 한국 문화 경험이 한국 (재)방문의향에 미치는 영향 (한국 문화 경험자 기준),BASE:E1. ①~⑬,인도,인도,국가/지역,종합/Top2,427.0,(427),72.8806684218555,%
2025_잠재방한객조사_일반외국인.xlsx,일반외국인,E4-3,<표E4-3> 한국 문화 경험이 한국 (재)방문의향에 미치는 영향 (한국 문화 경험자 기준),BASE:E1. ①~⑬,인도,인도,국가/지역,Mid,427.0,(427),20.20179628121612,%
2025_잠재방한객조사_일반외국인.xlsx,일반외국인,E4-3,<표E4-3> 한국 문화 경험이 한국 (재)방문의향에 미치는 영향 (한국 문화 경험자 기준),BASE:E1. ①~⑬,인도,인도,국가/지역,Bot2,427.0,(427),6.917535296928387,%
2025_잠재방한객조사_일반외국인.xlsx,일반외국인,E4-3,<표E4-3> 한국 문화 경험이 한국 (재)방문의향에 미치는 영향 (한국 문화 경험자 기준),BASE:E1. ①~⑬,프랑스,프랑스,국가/지역,매우 부정적으로 변화하였다,282.0,(282),6.760338641506442,%
2025_잠재방한객조사_일반외국인.xlsx,일반외국인,E4-3,<표E4-3> 한국 문화 경험이 한국 (재)방문의향에 미치는 영향 (한국 문화 경험자 기준),BASE:E1. ①~⑬,프랑스,프랑스,국가/지역,약간 부정적으로 변화하였다,282.0,(282),4.121598300719875,%
2025_잠재방한객조사_일반외국인.xlsx,일반외국인,E4-3,<표E4-3> 한국 문화 경험이 한국 (재)방문의향에 미치는 영향 (한국 문화 경험자 기준),BASE:E1. ①~⑬,프랑스,프랑스,국가/지역,경험 이전과 동일하다,282.0,(282),46.74415566574377,%
2025_잠재방한객조사_일반외국인.xlsx,일반외국인,E4-3,<표E4-3> 한국 문화 경험이 한국 (재)방문의향에 미치는 영향 (한국 문화 경험자 기준),BASE:E1. ①~⑬,프랑스,프랑스,국가/지역,약간 긍정적으로 변화하였다,282.0,(282),30.799249879322282,%
2025_잠재방한객조사_일반외국인.xlsx,일반외국인,E4-3,<표E4-3> 한국 문화 경험이 한국 (재)방문의향에 미치는 영향 (한국 문화 경험자 기준),BASE:E1. ①~⑬,프랑스,프랑스,국가/지역,매우 긍정적으로 변화하였다,282.0,(282),11.574657512707688,%
2025_잠재방한객조사_일반외국인.xlsx,일반외국인,E4-3,<표E4-3> 한국 문화 경험이 한국 (재)방문의향에 미치는 영향 (한국 문화 경험자 기준),BASE:E1. ①~⑬,프랑스,프랑스,국가/지역,종합/Top2,282.0,(282),42.37390739202997,%
2025_잠재방한객조사_일반외국인.xlsx,일반외국인,E4-3,<표E4-3> 한국 문화 경험이 한국 (재)방문의향에 미치는 영향 (한국 문화 경험자 기준),BASE:E1. ①~⑬,프랑스,프랑스,국가/지역,Mid,282.0,(282),46.74415566574377,%
2025_잠재방한객조사_일반외국인.xlsx,일반외국인,E4-3,<표E4-3> 한국 문화 경험이 한국 (재)방문의향에 미치는 영향 (한국 문화 경험자 기준),BASE:E1. ①~⑬,프랑스,프랑스,국가/지역,Bot2,282.0,(282),10.881936942226318,%
2025_잠재방한객조사_일반외국인.xlsx,일반외국인,E4-3,<표E4-3> 한국 문화 경험이 한국 (재)방문의향에 미치는 영향 (한국 문화 경험자 기준),BASE:E1. ①~⑬,독일,독일,국가/지역,매우 부정적으로 변화하였다,275.0,(275),4.017483058115027,%
2025_잠재방한객조사_일반외국인.xlsx,일반외국인,E4-3,<표E4-3> 한국 문화 경험이 한국 (재)방문의향에 미치는 영향 (한국 문화 경험자 기준),BASE:E1. ①~⑬,독일,독일,국가/지역,약간 부정적으로 변화하였다,275.0,(275),7.0516517553318785,%
2025_잠재방한객조사_일반외국인.xlsx,일반외국인,E4-3,<표E4-3> 한국 문화 경험이 한국 (재)방문의향에 미치는 영향 (한국 문화 경험자 기준),BASE:E1. ①~⑬,독일,독일,국가/지역,경험 이전과 동일하다,275.0,(275),62.653259845142586,%
2025_잠재방한객조사_일반외국인.xlsx,일반외국인,E4-3,<표E4-3> 한국 문화 경험이 한국 (재)방문의향에 미치는 영향 (한국 문화 경험자 기준),BASE:E1. ①~⑬,독일,독일,국가/지역,약간 긍정적으로 변화하였다,275.0,(275),21.184626031772737,%
2025_잠재방한객조사_일반외국인.xlsx,일반외국인,E4-3,<표E4-3> 한국 문화 경험이 한국 (재)방문의향에 미치는 영향 (한국 문화 경험자 기준),BASE:E1. ①~⑬,독일,독일,국가/지역,매우 긍정적으로 변화하였다,275.0,(275),5.092979309637826,%
2025_잠재방한객조사_일반외국인.xlsx,일반외국인,E4-3,<표E4-3> 한국 문화 경험이 한국 (재)방문의향에 미치는 영향 (한국 문화 경험자 기준),BASE:E1. ①~⑬,독일,독일,국가/지역,종합/Top2,275.0,(275),26.27760534141057,%
2025_잠재방한객조사_일반외국인.xlsx,일반외국인,E4-3,<표E4-3> 한국 문화 경험이 한국 (재)방문의향에 미치는 영향 (한국 문화 경험자 기준),BASE:E1. ①~⑬,독일,독일,국가/지역,Mid,275.0,(275),62.653259845142586,%
2025_잠재방한객조사_일반외국인.xlsx,일반외국인,E4-3,<표E4-3> 한국 문화 경험이 한국 (재)방문의향에 미치는 영향 (한국 문화 경험자 기준),BASE:E1. ①~⑬,독일,독일,국가/지역,Bot2,275.0,(275),11.069134813446903,%
2025_잠재방한객조사_일반외국인.xlsx,일반외국인,E4-3,<표E4-3> 한국 문화 경험이 한국 (재)방문의향에 미치는 영향 (한국 문화 경험자 기준),BASE:E1. ①~⑬,영국,영국,국가/지역,매우 부정적으로 변화하였다,272.0,(272),2.3103945947674145,%
2025_잠재방한객조사_일반외국인.xlsx,일반외국인,E4-3,<표E4-3> 한국 문화 경험이 한국 (재)방문의향에 미치는 영향 (한국 문화 경험자 기준),BASE:E1. ①~⑬,영국,영국,국가/지역,약간 부정적으로 변화하였다,272.0,(272),5.1694964532513685,%
2025_잠재방한객조사_일반외국인.xlsx,일반외국인,E4-3,<표E4-3> 한국 문화 경험이 한국 (재)방문의향에 미치는 영향 (한국 문화 경험자 기준),BASE:E1. ①~⑬,영국,영국,국가/지역,경험 이전과 동일하다,272.0,(272),43.62258740776678,%
2025_잠재방한객조사_일반외국인.xlsx,일반외국인,E4-3,<표E4-3> 한국 문화 경험이 한국 (재)방문의향에 미치는 영향 (한국 문화 경험자 기준),BASE:E1. ①~⑬,영국,영국,국가/지역,약간 긍정적으로 변화하였다,272.0,(272),33.6366135246724,%
2025_잠재방한객조사_일반외국인.xlsx,일반외국인,E4-3,<표E4-3> 한국 문화 경험이 한국 (재)방문의향에 미치는 영향 (한국 문화 경험자 기준),BASE:E1. ①~⑬,영국,영국,국가/지역,매우 긍정적으로 변화하였다,272.0,(272),15.260908019542125,%
2025_잠재방한객조사_일반외국인.xlsx,일반외국인,E4-3,<표E4-3> 한국 문화 경험이 한국 (재)방문의향에 미치는 영향 (한국 문화 경험자 기준),BASE:E1. ①~⑬,영국,영국,국가/지역,종합/Top2,272.0,(272),48.89752154421448,%
2025_잠재방한객조사_일반외국인.xlsx,일반외국인,E4-3,<표E4-3> 한국 문화 경험이 한국 (재)방문의향에 미치는 영향 (한국 문화 경험자 기준),BASE:E1. ①~⑬,영국,영국,국가/지역,Mid,272.0,(272),43.62258740776678,%
2025_잠재방한객조사_일반외국인.xlsx,일반외국인,E4-3,<표E4-3> 한국 문화 경험이 한국 (재)방문의향에 미치는 영향 (한국 문화 경험자 기준),BASE:E1. ①~⑬,영국,영국,국가/지역,Bot2,272.0,(272),7.479891048018783,%
2025_잠재방한객조사_일반외국인.xlsx,일반외국인,E4-3,<표E4-3> 한국 문화 경험이 한국 (재)방문의향에 미치는 영향 (한국 문화 경험자 기준),BASE:E1. ①~⑬,멕시코,멕시코,국가/지역,매우 부정적으로 변화하였다,401.0,(401),8.47122950228854,%
2025_잠재방한객조사_일반외국인.xlsx,일반외국인,E4-3,<표E4-3> 한국 문화 경험이 한국 (재)방문의향에 미치는 영향 (한국 문화 경험자 기준),BASE:E1. ①~⑬,멕시코,멕시코,국가/지역,약간 부정적으로 변화하였다,401.0,(401),7.027679551496173,%
2025_잠재방한객조사_일반외국인.xlsx,일반외국인,E4-3,<표E4-3> 한국 문화 경험이 한국 (재)방문의향에 미치는 영향 (한국 문화 경험자 기준),BASE:E1. ①~⑬,멕시코,멕시코,국가/지역,경험 이전과 동일하다,401.0,(401),26.386880968194877,%
2025_잠재방한객조사_일반외국인.xlsx,일반외국인,E4-3,<표E4-3> 한국 문화 경험이 한국 (재)방문의향에 미치는 영향 (한국 문화 경험자 기준),BASE:E1. ①~⑬,멕시코,멕시코,국가/지역,약간 긍정적으로 변화하였다,401.0,(401),32.8922496454386,%
2025_잠재방한객조사_일반외국인.xlsx,일반외국인,E4-3,<표E4-3> 한국 문화 경험이 한국 (재)방문의향에 미치는 영향 (한국 문화 경험자 기준),BASE:E1. ①~⑬,멕시코,멕시코,국가/지역,매우 긍정적으로 변화하였다,401.0,(401),25.2219603325816,%
2025_잠재방한객조사_일반외국인.xlsx,일반외국인,E4-3,<표E4-3> 한국 문화 경험이 한국 (재)방문의향에 미치는 영향 (한국 문화 경험자 기준),BASE:E1. ①~⑬,멕시코,멕시코,국가/지역,종합/Top2,401.0,(401),58.11420997802021,%
2025_잠재방한객조사_일반외국인.xlsx,일반외국인,E4-3,<표E4-3> 한국 문화 경험이 한국 (재)방문의향에 미치는 영향 (한국 문화 경험자 기준),BASE:E1. ①~⑬,멕시코,멕시코,국가/지역,Mid,401.0,(401),26.386880968194877,%
2025_잠재방한객조사_일반외국인.xlsx,일반외국인,E4-3,<표E4-3> 한국 문화 경험이 한국 (재)방문의향에 미치는 영향 (한국 문화 경험자 기준),BASE:E1. ①~⑬,멕시코,멕시코,국가/지역,Bot2,401.0,(401),15.498909053784713,%
2025_잠재방한객조사_일반외국인.xlsx,일반외국인,E4-3,<표E4-3> 한국 문화 경험이 한국 (재)방문의향에 미치는 영향 (한국 문화 경험자 기준),BASE:E1. ①~⑬,카자흐스탄,카자흐스탄,국가/지역,매우 부정적으로 변화하였다,387.0,(387),7.725268983953142,%
2025_잠재방한객조사_일반외국인.xlsx,일반외국인,E4-3,<표E4-3> 한국 문화 경험이 한국 (재)방문의향에 미치는 영향 (한국 문화 경험자 기준),BASE:E1. ①~⑬,카자흐스탄,카자흐스탄,국가/지역,약간 부정적으로 변화하였다,387.0,(387),5.010128097691779,%
2025_잠재방한객조사_일반외국인.xlsx,일반외국인,E4-3,<표E4-3> 한국 문화 경험이 한국 (재)방문의향에 미치는 영향 (한국 문화 경험자 기준),BASE:E1. ①~⑬,카자흐스탄,카자흐스탄,국가/지역,경험 이전과 동일하다,387.0,(387),44.728982206562065,%
2025_잠재방한객조사_일반외국인.xlsx,일반외국인,E4-3,<표E4-3> 한국 문화 경험이 한국 (재)방문의향에 미치는 영향 (한국 문화 경험자 기준),BASE:E1. ①~⑬,카자흐스탄,카자흐스탄,국가/지역,약간 긍정적으로 변화하였다,387.0,(387),24.691368418633633,%
2025_잠재방한객조사_일반외국인.xlsx,일반외국인,E4-3,<표E4-3> 한국 문화 경험이 한국 (재)방문의향에 미치는 영향 (한국 문화 경험자 기준),BASE:E1. ①~⑬,카자흐스탄,카자흐스탄,국가/지역,매우 긍정적으로 변화하였다,387.0,(387),17.844252293159343,%
2025_잠재방한객조사_일반외국인.xlsx,일반외국인,E4-3,<표E4-3> 한국 문화 경험이 한국 (재)방문의향에 미치는 영향 (한국 문화 경험자 기준),BASE:E1. ①~⑬,카자흐스탄,카자흐스탄,국가/지역,종합/Top2,387.0,(387),42.53562071179292,%
2025_잠재방한객조사_일반외국인.xlsx,일반외국인,E4-3,<표E4-3> 한국 문화 경험이 한국 (재)방문의향에 미치는 영향 (한국 문화 경험자 기준),BASE:E1. ①~⑬,카자흐스탄,카자흐스탄,국가/지역,Mid,387.0,(387),44.728982206562065,%
2025_잠재방한객조사_일반외국인.xlsx,일반외국인,E4-3,<표E4-3> 한국 문화 경험이 한국 (재)방문의향에 미치는 영향 (한국 문화 경험자 기준),BASE:E1. ①~⑬,카자흐스탄,카자흐스탄,국가/지역,Bot2,387.0,(387),12.735397081644924,%
2025_잠재방한객조사_일반외국인.xlsx,일반외국인,E4-3,<표E4-3> 한국 문화 경험이 한국 (재)방문의향에 미치는 영향 (한국 문화 경험자 기준),BASE:E1. ①~⑬,튀르키예,튀르키예,국가/지역,매우 부정적으로 변화하였다,368.0,(368),10.560681658811818,%
2025_잠재방한객조사_일반외국인.xlsx,일반외국인,E4-3,<표E4-3> 한국 문화 경험이 한국 (재)방문의향에 미치는 영향 (한국 문화 경험자 기준),BASE:E1. ①~⑬,튀르키예,튀르키예,국가/지역,약간 부정적으로 변화하였다,368.0,(368),4.8096024543726585,%
2025_잠재방한객조사_일반외국인.xlsx,일반외국인,E4-3,<표E4-3> 한국 문화 경험이 한국 (재)방문의향에 미치는 영향 (한국 문화 경험자 기준),BASE:E1. ①~⑬,튀르키예,튀르키예,국가/지역,경험 이전과 동일하다,368.0,(368),27.976075858683352,%
2025_잠재방한객조사_일반외국인.xlsx,일반외국인,E4-3,<표E4-3> 한국 문화 경험이 한국 (재)방문의향에 미치는 영향 (한국 문화 경험자 기준),BASE:E1. ①~⑬,튀르키예,튀르키예,국가/지역,약간 긍정적으로 변화하였다,368.0,(368),33.92897523983435,%
2025_잠재방한객조사_일반외국인.xlsx,일반외국인,E4-3,<표E4-3> 한국 문화 경험이 한국 (재)방문의향에 미치는 영향 (한국 문화 경험자 기준),BASE:E1. ①~⑬,튀르키예,튀르키예,국가/지역,매우 긍정적으로 변화하였다,368.0,(368),22.724664788297858,%
2025_잠재방한객조사_일반외국인.xlsx,일반외국인,E4-3,<표E4-3> 한국 문화 경험이 한국 (재)방문의향에 미치는 영향 (한국 문화 경험자 기준),BASE:E1. ①~⑬,튀르키예,튀르키예,국가/지역,종합/Top2,368.0,(368),56.65364002813212,%
2025_잠재방한객조사_일반외국인.xlsx,일반외국인,E4-3,<표E4-3> 한국 문화 경험이 한국 (재)방문의향에 미치는 영향 (한국 문화 경험자 기준),BASE:E1. ①~⑬,튀르키예,튀르키예,국가/지역,Mid,368.0,(368),27.976075858683352,%
2025_잠재방한객조사_일반외국인.xlsx,일반외국인,E4-3,<표E4-3> 한국 문화 경험이 한국 (재)방문의향에 미치는 영향 (한국 문화 경험자 기준),BASE:E1. ①~⑬,튀르키예,튀르키예,국가/지역,Bot2,368.0,(368),15.370284113184479,%
2025_잠재방한객조사_일반외국인.xlsx,일반외국인,E4-3,<표E4-3> 한국 문화 경험이 한국 (재)방문의향에 미치는 영향 (한국 문화 경험자 기준),BASE:E1. ①~⑬,브라질,브라질,국가/지역,매우 부정적으로 변화하였다,366.0,(366),6.082165987244377,%
2025_잠재방한객조사_일반외국인.xlsx,일반외국인,E4-3,<표E4-3> 한국 문화 경험이 한국 (재)방문의향에 미치는 영향 (한국 문화 경험자 기준),BASE:E1. ①~⑬,브라질,브라질,국가/지역,약간 부정적으로 변화하였다,366.0,(366),2.7080740870749516,%
2025_잠재방한객조사_일반외국인.xlsx,일반외국인,E4-3,<표E4-3> 한국 문화 경험이 한국 (재)방문의향에 미치는 영향 (한국 문화 경험자 기준),BASE:E1. ①~⑬,브라질,브라질,국가/지역,경험 이전과 동일하다,366.0,(366),34.0874466037129,%
2025_잠재방한객조사_일반외국인.xlsx,일반외국인,E4-3,<표E4-3> 한국 문화 경험이 한국 (재)방문의향에 미치는 영향 (한국 문화 경험자 기준),BASE:E1. ①~⑬,브라질,브라질,국가/지역,약간 긍정적으로 변화하였다,366.0,(366),29.921703277809993,%
2025_잠재방한객조사_일반외국인.xlsx,일반외국인,E4-3,<표E4-3> 한국 문화 경험이 한국 (재)방문의향에 미치는 영향 (한국 문화 경험자 기준),BASE:E1. ①~⑬,브라질,브라질,국가/지역,매우 긍정적으로 변화하였다,366.0,(366),27.20061004415786,%
2025_잠재방한객조사_일반외국인.xlsx,일반외국인,E4-3,<표E4-3> 한국 문화 경험이 한국 (재)방문의향에 미치는 영향 (한국 문화 경험자 기준),BASE:E1. ①~⑬,브라질,브라질,국가/지역,종합/Top2,366.0,(366),57.12231332196785,%
2025_잠재방한객조사_일반외국인.xlsx,일반외국인,E4-3,<표E4-3> 한국 문화 경험이 한국 (재)방문의향에 미치는 영향 (한국 문화 경험자 기준),BASE:E1. ①~⑬,브라질,브라질,국가/지역,Mid,366.0,(366),34.0874466037129,%
2025_잠재방한객조사_일반외국인.xlsx,일반외국인,E4-3,<표E4-3> 한국 문화 경험이 한국 (재)방문의향에 미치는 영향 (한국 문화 경험자 기준),BASE:E1. ①~⑬,브라질,브라질,국가/지역,Bot2,366.0,(366),8.790240074319328,%
2025_잠재방한객조사_일반외국인.xlsx,일반외국인,E4-3,<표E4-3> 한국 문화 경험이 한국 (재)방문의향에 미치는 영향 (한국 문화 경험자 기준),BASE:E1. ①~⑬,사우디아라비아,사우디아라비아,국가/지역,매우 부정적으로 변화하였다,405.0,(405),6.247162140494512,%
2025_잠재방한객조사_일반외국인.xlsx,일반외국인,E4-3,<표E4-3> 한국 문화 경험이 한국 (재)방문의향에 미치는 영향 (한국 문화 경험자 기준),BASE:E1. ①~⑬,사우디아라비아,사우디아라비아,국가/지역,약간 부정적으로 변화하였다,405.0,(405),4.311651212489053,%
2025_잠재방한객조사_일반외국인.xlsx,일반외국인,E4-3,<표E4-3> 한국 문화 경험이 한국 (재)방문의향에 미치는 영향 (한국 문화 경험자 기준),BASE:E1. ①~⑬,사우디아라비아,사우디아라비아,국가/지역,경험 이전과 동일하다,405.0,(405),28.978410185877152,%
2025_잠재방한객조사_일반외국인.xlsx,일반외국인,E4-3,<표E4-3> 한국 문화 경험이 한국 (재)방문의향에 미치는 영향 (한국 문화 경험자 기준),BASE:E1. ①~⑬,사우디아라비아,사우디아라비아,국가/지역,약간 긍정적으로 변화하였다,405.0,(405),33.90478530971137,%
2025_잠재방한객조사_일반외국인.xlsx,일반외국인,E4-3,<표E4-3> 한국 문화 경험이 한국 (재)방문의향에 미치는 영향 (한국 문화 경험자 기준),BASE:E1. ①~⑬,사우디아라비아,사우디아라비아,국가/지역,매우 긍정적으로 변화하였다,405.0,(405),26.557991151428027,%
2025_잠재방한객조사_일반외국인.xlsx,일반외국인,E4-3,<표E4-3> 한국 문화 경험이 한국 (재)방문의향에 미치는 영향 (한국 문화 경험자 기준),BASE:E1. ①~⑬,사우디아라비아,사우디아라비아,국가/지역,종합/Top2,405.0,(405),60.462776461139434,%
2025_잠재방한객조사_일반외국인.xlsx,일반외국인,E4-3,<표E4-3> 한국 문화 경험이 한국 (재)방문의향에 미치는 영향 (한국 문화 경험자 기준),BASE:E1. ①~⑬,사우디아라비아,사우디아라비아,국가/지역,Mid,405.0,(405),28.978410185877152,%
2025_잠재방한객조사_일반외국인.xlsx,일반외국인,E4-3,<표E4-3> 한국 문화 경험이 한국 (재)방문의향에 미치는 영향 (한국 문화 경험자 기준),BASE:E1. ①~⑬,사우디아라비아,사우디아라비아,국가/지역,Bot2,405.0,(405),10.558813352983568,%
2025_잠재방한객조사_일반외국인.xlsx,일반외국인,E4-3,<표E4-3> 한국 문화 경험이 한국 (재)방문의향에 미치는 영향 (한국 문화 경험자 기준),BASE:E1. ①~⑬,아랍에미리트,UAE,국가/지역,매우 부정적으로 변화하였다,433.0,(433),6.439520438815542,%
2025_잠재방한객조사_일반외국인.xlsx,일반외국인,E4-3,<표E4-3> 한국 문화 경험이 한국 (재)방문의향에 미치는 영향 (한국 문화 경험자 기준),BASE:E1. ①~⑬,아랍에미리트,UAE,국가/지역,약간 부정적으로 변화하였다,433.0,(433),3.4212756034145704,%
2025_잠재방한객조사_일반외국인.xlsx,일반외국인,E4-3,<표E4-3> 한국 문화 경험이 한국 (재)방문의향에 미치는 영향 (한국 문화 경험자 기준),BASE:E1. ①~⑬,아랍에미리트,UAE,국가/지역,경험 이전과 동일하다,433.0,(433),18.762750226715493,%
2025_잠재방한객조사_일반외국인.xlsx,일반외국인,E4-3,<표E4-3> 한국 문화 경험이 한국 (재)방문의향에 미치는 영향 (한국 문화 경험자 기준),BASE:E1. ①~⑬,아랍에미리트,UAE,국가/지역,약간 긍정적으로 변화하였다,433.0,(433),39.09953159924943,%
2025_잠재방한객조사_일반외국인.xlsx,일반외국인,E4-3,<표E4-3> 한국 문화 경험이 한국 (재)방문의향에 미치는 영향 (한국 문화 경험자 기준),BASE:E1. ①~⑬,아랍에미리트,UAE,국가/지역,매우 긍정적으로 변화하였다,433.0,(433),32.27692213180522,%
2025_잠재방한객조사_일반외국인.xlsx,일반외국인,E4-3,<표E4-3> 한국 문화 경험이 한국 (재)방문의향에 미치는 영향 (한국 문화 경험자 기준),BASE:E1. ①~⑬,아랍에미리트,UAE,국가/지역,종합/Top2,433.0,(433),71.37645373105455,%
2025_잠재방한객조사_일반외국인.xlsx,일반외국인,E4-3,<표E4-3> 한국 문화 경험이 한국 (재)방문의향에 미치는 영향 (한국 문화 경험자 기준),BASE:E1. ①~⑬,아랍에미리트,UAE,국가/지역,Mid,433.0,(433),18.762750226715493,%
2025_잠재방한객조사_일반외국인.xlsx,일반외국인,E4-3,<표E4-3> 한국 문화 경험이 한국 (재)방문의향에 미치는 영향 (한국 문화 경험자 기준),BASE:E1. ①~⑬,아랍에미리트,UAE,국가/지역,Bot2,433.0,(433),9.860796042230112,%
2025_잠재방한객조사_일반외국인.xlsx,일반외국인,B13-1A,<표B13-1A> 향후 3년 내(~2028년) 한국 방문 의향이 없는 이유(1+2+3순위)(한국 방문 비의향자 기준),BASE:B5. 1) 한국 ①~②,전체,전체,전체,불편한 언어소통,2380.0,(2380),24.614267764467936,%
2025_잠재방한객조사_일반외국인.xlsx,일반외국인,B13-1A,<표B13-1A> 향후 3년 내(~2028년) 한국 방문 의향이 없는 이유(1+2+3순위)(한국 방문 비의향자 기준),BASE:B5. 1) 한국 ①~②,전체,전체,전체,한류(한국 문화 콘텐츠) 문화 관련 관심 부재,2380.0,(2380),24.21936159842794,%
2025_잠재방한객조사_일반외국인.xlsx,일반외국인,B13-1A,<표B13-1A> 향후 3년 내(~2028년) 한국 방문 의향이 없는 이유(1+2+3순위)(한국 방문 비의향자 기준),BASE:B5. 1) 한국 ①~②,전체,전체,전체,여행목적지로서 낮은 한국 인지도,2380.0,(2380),23.252535896947798,%
2025_잠재방한객조사_일반외국인.xlsx,일반외국인,B13-1A,<표B13-1A> 향후 3년 내(~2028년) 한국 방문 의향이 없는 이유(1+2+3순위)(한국 방문 비의향자 기준),BASE:B5. 1) 한국 ①~②,전체,전체,전체,부정적인 한국 관련 이미지,2380.0,(2380),20.53266258252059,%
2025_잠재방한객조사_일반외국인.xlsx,일반외국인,B13-1A,<표B13-1A> 향후 3년 내(~2028년) 한국 방문 의향이 없는 이유(1+2+3순위)(한국 방문 비의향자 기준),BASE:B5. 1) 한국 ①~②,전체,전체,전체,적당하지 않은 여행경비 및 물가,2380.0,(2380),19.045577037265733,%
2025_잠재방한객조사_일반외국인.xlsx,일반외국인,B13-1A,<표B13-1A> 향후 3년 내(~2028년) 한국 방문 의향이 없는 이유(1+2+3순위)(한국 방문 비의향자 기준),BASE:B5. 1) 한국 ①~②,전체,전체,전체,먼 이동거리(장거리 비행 필요),2380.0,(2380),16.329823415444714,%
2025_잠재방한객조사_일반외국인.xlsx,일반외국인,B13-1A,<표B13-1A> 향후 3년 내(~2028년) 한국 방문 의향이 없는 이유(1+2+3순위)(한국 방문 비의향자 기준),BASE:B5. 1) 한국 ①~②,전체,전체,전체,"불안한 신변(치안, 방역 등)",2380.0,(2380),16.33498957690277,%
2025_잠재방한객조사_일반외국인.xlsx,일반외국인,B13-1A,<표B13-1A> 향후 3년 내(~2028년) 한국 방문 의향이 없는 이유(1+2+3순위)(한국 방문 비의향자 기준),BASE:B5. 1) 한국 ①~②,전체,전체,전체,"내가 원하는 한국 여행 상품이 없어서/부족해서(일정, 가격, 구성 등)",2380.0,(2380),10.93745955868213,%
2025_잠재방한객조사_일반외국인.xlsx,일반외국인,B13-1A,<표B13-1A> 향후 3년 내(~2028년) 한국 방문 의향이 없는 이유(1+2+3순위)(한국 방문 비의향자 기준),BASE:B5. 1) 한국 ①~②,전체,전체,전체,매력적인 문화/역사 유적지 부족,2380.0,(2380),10.472385511712316,%
2025_잠재방한객조사_일반외국인.xlsx,일반외국인,B13-1A,<표B13-1A> 향후 3년 내(~2028년) 한국 방문 의향이 없는 이유(1+2+3순위)(한국 방문 비의향자 기준),BASE:B5. 1) 한국 ①~②,전체,전체,전체,먹을거리 부족,2380.0,(2380),10.164898482662093,%
2025_잠재방한객조사_일반외국인.xlsx,일반외국인,B13-1A,<표B13-1A> 향후 3년 내(~2028년) 한국 방문 의향이 없는 이유(1+2+3순위)(한국 방문 비의향자 기준),BASE:B5. 1) 한국 ①~②,전체,전체,전체,한국여행 관련 항공권 및 여행상품 특가/프로모션 부족,2380.0,(2380),10.108047339226639,%
2025_잠재방한객조사_일반외국인.xlsx,일반외국인,B13-1A,<표B13-1A> 향후 3년 내(~2028년) 한국 방문 의향이 없는 이유(1+2+3순위)(한국 방문 비의향자 기준),BASE:B5. 1) 한국 ①~②,전체,전체,전체,불편한 비자 발급 및 출입국 절차(K-ETA 등),2380.0,(2380),9.671342784078478,%
2025_잠재방한객조사_일반외국인.xlsx,일반외국인,B13-1A,<표B13-1A> 향후 3년 내(~2028년) 한국 방문 의향이 없는 이유(1+2+3순위)(한국 방문 비의향자 기준),BASE:B5. 1) 한국 ①~②,전체,전체,전체,매력적인 자연경관 부족,2380.0,(2380),8.649103952491371,%
2025_잠재방한객조사_일반외국인.xlsx,일반외국인,B13-1A,<표B13-1A> 향후 3년 내(~2028년) 한국 방문 의향이 없는 이유(1+2+3순위)(한국 방문 비의향자 기준),BASE:B5. 1) 한국 ①~②,전체,전체,전체,고유한 전통문화 체험 어려움,2380.0,(2380),8.047119734356638,%
2025_잠재방한객조사_일반외국인.xlsx,일반외국인,B13-1A,<표B13-1A> 향후 3년 내(~2028년) 한국 방문 의향이 없는 이유(1+2+3순위)(한국 방문 비의향자 기준),BASE:B5. 1) 한국 ①~②,전체,전체,전체,"여행하기에 적합하지 않은 날씨/기후, 계절",2380.0,(2380),7.139684898898039,%
2025_잠재방한객조사_일반외국인.xlsx,일반외국인,B13-1A,<표B13-1A> 향후 3년 내(~2028년) 한국 방문 의향이 없는 이유(1+2+3순위)(한국 방문 비의향자 기준),BASE:B5. 1) 한국 ①~②,전체,전체,전체,다양하지 않은 항공 노선(직항 부족 등),2380.0,(2380),6.385495913239518,%
2025_잠재방한객조사_일반외국인.xlsx,일반외국인,B13-1A,<표B13-1A> 향후 3년 내(~2028년) 한국 방문 의향이 없는 이유(1+2+3순위)(한국 방문 비의향자 기준),BASE:B5. 1) 한국 ①~②,전체,전체,전체,노약자/장애인/아이 등과의 동반 또는 단독 여행 불편,2380.0,(2380),6.177320983973001,%
2025_잠재방한객조사_일반외국인.xlsx,일반외국인,B13-1A,<표B13-1A> 향후 3년 내(~2028년) 한국 방문 의향이 없는 이유(1+2+3순위)(한국 방문 비의향자 기준),BASE:B5. 1) 한국 ①~②,전체,전체,전체,"불편한 종교 환경(음식, 기도실 등)",2380.0,(2380),5.648142531415557,%
2025_잠재방한객조사_일반외국인.xlsx,일반외국인,B13-1A,<표B13-1A> 향후 3년 내(~2028년) 한국 방문 의향이 없는 이유(1+2+3순위)(한국 방문 비의향자 기준),BASE:B5. 1) 한국 ①~②,전체,전체,전체,기타,2380.0,(2380),5.360287830909661,%
2025_잠재방한객조사_일반외국인.xlsx,일반외국인,B13-1A,<표B13-1A> 향후 3년 내(~2028년) 한국 방문 의향이 없는 이유(1+2+3순위)(한국 방문 비의향자 기준),BASE:B5. 1) 한국 ①~②,전체,전체,전체,반려동물과의 동반 여행 불편,2380.0,(2380),2.344657056882445,%
2025_잠재방한객조사_일반외국인.xlsx,일반외국인,B13-1A,<표B13-1A> 향후 3년 내(~2028년) 한국 방문 의향이 없는 이유(1+2+3순위)(한국 방문 비의향자 기준),BASE:B5. 1) 한국 ①~②,전체,전체,전체,부정적인 과거 한국 방문 경험 (#A2. 한국 경험자 한정),2380.0,(2380),1.6444034362781472,%
2025_잠재방한객조사_일반외국인.xlsx,일반외국인,B13-1A,<표B13-1A> 향후 3년 내(~2028년) 한국 방문 의향이 없는 이유(1+2+3순위)(한국 방문 비의향자 기준),BASE:B5. 1) 한국 ①~②,중국,중국,국가/지역,불편한 언어소통,285.0,(285),17.184909968202227,%
2025_잠재방한객조사_일반외국인.xlsx,일반외국인,B13-1A,<표B13-1A> 향후 3년 내(~2028년) 한국 방문 의향이 없는 이유(1+2+3순위)(한국 방문 비의향자 기준),BASE:B5. 1) 한국 ①~②,중국,중국,국가/지역,한류(한국 문화 콘텐츠) 문화 관련 관심 부재,285.0,(285),29.156341313322404,%
2025_잠재방한객조사_일반외국인.xlsx,일반외국인,B13-1A,<표B13-1A> 향후 3년 내(~2028년) 한국 방문 의향이 없는 이유(1+2+3순위)(한국 방문 비의향자 기준),BASE:B5. 1) 한국 ①~②,중국,중국,국가/지역,여행목적지로서 낮은 한국 인지도,285.0,(285),4.739467406993108,%
2025_잠재방한객조사_일반외국인.xlsx,일반외국인,B13-1A,<표B13-1A> 향후 3년 내(~2028년) 한국 방문 의향이 없는 이유(1+2+3순위)(한국 방문 비의향자 기준),BASE:B5. 1) 한국 ①~②,중국,중국,국가/지역,부정적인 한국 관련 이미지,285.0,(285),22.344355953277375,%
2025_잠재방한객조사_일반외국인.xlsx,일반외국인,B13-1A,<표B13-1A> 향후 3년 내(~2028년) 한국 방문 의향이 없는 이유(1+2+3순위)(한국 방문 비의향자 기준),BASE:B5. 1) 한국 ①~②,중국,중국,국가/지역,적당하지 않은 여행경비 및 물가,285.0,(285),9.86789204409659,%
2025_잠재방한객조사_일반외국인.xlsx,일반외국인,B13-1A,<표B13-1A> 향후 3년 내(~2028년) 한국 방문 의향이 없는 이유(1+2+3순위)(한국 방문 비의향자 기준),BASE:B5. 1) 한국 ①~②,중국,중국,국가/지역,먼 이동거리(장거리 비행 필요),285.0,(285),6.494888218587046,%
2025_잠재방한객조사_일반외국인.xlsx,일반외국인,B13-1A,<표B13-1A> 향후 3년 내(~2028년) 한국 방문 의향이 없는 이유(1+2+3순위)(한국 방문 비의향자 기준),BASE:B5. 1) 한국 ①~②,중국,중국,국가/지역,"불안한 신변(치안, 방역 등)",285.0,(285),17.217691010412114,%
2025_잠재방한객조사_일반외국인.xlsx,일반외국인,B13-1A,<표B13-1A> 향후 3년 내(~2028년) 한국 방문 의향이 없는 이유(1+2+3순위)(한국 방문 비의향자 기준),BASE:B5. 1) 한국 ①~②,중국,중국,국가/지역,"내가 원하는 한국 여행 상품이 없어서/부족해서(일정, 가격, 구성 등)",285.0,(285),7.716336361053536,%
2025_잠재방한객조사_일반외국인.xlsx,일반외국인,B13-1A,<표B13-1A> 향후 3년 내(~2028년) 한국 방문 의향이 없는 이유(1+2+3순위)(한국 방문 비의향자 기준),BASE:B5. 1) 한국 ①~②,중국,중국,국가/지역,매력적인 문화/역사 유적지 부족,285.0,(285),19.0039051184962,%
2025_잠재방한객조사_일반외국인.xlsx,일반외국인,B13-1A,<표B13-1A> 향후 3년 내(~2028년) 한국 방문 의향이 없는 이유(1+2+3순위)(한국 방문 비의향자 기준),BASE:B5. 1) 한국 ①~②,중국,중국,국가/지역,먹을거리 부족,285.0,(285),16.23874228743988,%
2025_잠재방한객조사_일반외국인.xlsx,일반외국인,B13-1A,<표B13-1A> 향후 3년 내(~2028년) 한국 방문 의향이 없는 이유(1+2+3순위)(한국 방문 비의향자 기준),BASE:B5. 1) 한국 ①~②,중국,중국,국가/지역,한국여행 관련 항공권 및 여행상품 특가/프로모션 부족,285.0,(285),9.258746422175498,%
2025_잠재방한객조사_일반외국인.xlsx,일반외국인,B13-1A,<표B13-1A> 향후 3년 내(~2028년) 한국 방문 의향이 없는 이유(1+2+3순위)(한국 방문 비의향자 기준),BASE:B5. 1) 한국 ①~②,중국,중국,국가/지역,불편한 비자 발급 및 출입국 절차(K-ETA 등),285.0,(285),7.406936741190159,%
2025_잠재방한객조사_일반외국인.xlsx,일반외국인,B13-1A,<표B13-1A> 향후 3년 내(~2028년) 한국 방문 의향이 없는 이유(1+2+3순위)(한국 방문 비의향자 기준),BASE:B5. 1) 한국 ①~②,중국,중국,국가/지역,매력적인 자연경관 부족,285.0,(285),16.582483936179045,%
2025_잠재방한객조사_일반외국인.xlsx,일반외국인,B13-1A,<표B13-1A> 향후 3년 내(~2028년) 한국 방문 의향이 없는 이유(1+2+3순위)(한국 방문 비의향자 기준),BASE:B5. 1) 한국 ①~②,중국,중국,국가/지역,고유한 전통문화 체험 어려움,285.0,(285),7.878875291928651,%
2025_잠재방한객조사_일반외국인.xlsx,일반외국인,B13-1A,<표B13-1A> 향후 3년 내(~2028년) 한국 방문 의향이 없는 이유(1+2+3순위)(한국 방문 비의향자 기준),BASE:B5. 1) 한국 ①~②,중국,중국,국가/지역,"여행하기에 적합하지 않은 날씨/기후, 계절",285.0,(285),9.959667782228882,%
2025_잠재방한객조사_일반외국인.xlsx,일반외국인,B13-1A,<표B13-1A> 향후 3년 내(~2028년) 한국 방문 의향이 없는 이유(1+2+3순위)(한국 방문 비의향자 기준),BASE:B5. 1) 한국 ①~②,중국,중국,국가/지역,다양하지 않은 항공 노선(직항 부족 등),285.0,(285),4.649300929121615,%
2025_잠재방한객조사_일반외국인.xlsx,일반외국인,B13-1A,<표B13-1A> 향후 3년 내(~2028년) 한국 방문 의향이 없는 이유(1+2+3순위)(한국 방문 비의향자 기준),BASE:B5. 1) 한국 ①~②,중국,중국,국가/지역,노약자/장애인/아이 등과의 동반 또는 단독 여행 불편,285.0,(285),7.463230705491752,%
2025_잠재방한객조사_일반외국인.xlsx,일반외국인,B13-1A,<표B13-1A> 향후 3년 내(~2028년) 한국 방문 의향이 없는 이유(1+2+3순위)(한국 방문 비의향자 기준),BASE:B5. 1) 한국 ①~②,중국,중국,국가/지역,"불편한 종교 환경(음식, 기도실 등)",285.0,(285),4.947626646867679,%
2025_잠재방한객조사_일반외국인.xlsx,일반외국인,B13-1A,<표B13-1A> 향후 3년 내(~2028년) 한국 방문 의향이 없는 이유(1+2+3순위)(한국 방문 비의향자 기준),BASE:B5. 1) 한국 ①~②,중국,중국,국가/지역,기타,285.0,(285),0.6828327220378909,%
2025_잠재방한객조사_일반외국인.xlsx,일반외국인,B13-1A,<표B13-1A> 향후 3년 내(~2028년) 한국 방문 의향이 없는 이유(1+2+3순위)(한국 방문 비의향자 기준),BASE:B5. 1) 한국 ①~②,중국,중국,국가/지역,반려동물과의 동반 여행 불편,285.0,(285),4.845624728382366,%
2025_잠재방한객조사_일반외국인.xlsx,일반외국인,B13-1A,<표B13-1A> 향후 3년 내(~2028년) 한국 방문 의향이 없는 이유(1+2+3순위)(한국 방문 비의향자 기준),BASE:B5. 1) 한국 ①~②,중국,중국,국가/지역,부정적인 과거 한국 방문 경험 (#A2. 한국 경험자 한정),285.0,(285),1.5140559272953258,%
2025_잠재방한객조사_일반외국인.xlsx,일반외국인,B13-1A,<표B13-1A> 향후 3년 내(~2028년) 한국 방문 의향이 없는 이유(1+2+3순위)(한국 방문 비의향자 기준),BASE:B5. 1) 한국 ①~②,일본,일본,국가/지역,불편한 언어소통,165.0,(165),14.500106959333763,%
2025_잠재방한객조사_일반외국인.xlsx,일반외국인,B13-1A,<표B13-1A> 향후 3년 내(~2028년) 한국 방문 의향이 없는 이유(1+2+3순위)(한국 방문 비의향자 기준),BASE:B5. 1) 한국 ①~②,일본,일본,국가/지역,한류(한국 문화 콘텐츠) 문화 관련 관심 부재,165.0,(165),30.375406962071278,%
2025_잠재방한객조사_일반외국인.xlsx,일반외국인,B13-1A,<표B13-1A> 향후 3년 내(~2028년) 한국 방문 의향이 없는 이유(1+2+3순위)(한국 방문 비의향자 기준),BASE:B5. 1) 한국 ①~②,일본,일본,국가/지역,여행목적지로서 낮은 한국 인지도,165.0,(165),7.773014464952549,%
2025_잠재방한객조사_일반외국인.xlsx,일반외국인,B13-1A,<표B13-1A> 향후 3년 내(~2028년) 한국 방문 의향이 없는 이유(1+2+3순위)(한국 방문 비의향자 기준),BASE:B5. 1) 한국 ①~②,일본,일본,국가/지역,부정적인 한국 관련 이미지,165.0,(165),57.54608637808409,%
2025_잠재방한객조사_일반외국인.xlsx,일반외국인,B13-1A,<표B13-1A> 향후 3년 내(~2028년) 한국 방문 의향이 없는 이유(1+2+3순위)(한국 방문 비의향자 기준),BASE:B5. 1) 한국 ①~②,일본,일본,국가/지역,적당하지 않은 여행경비 및 물가,165.0,(165),5.296041973104654,%
2025_잠재방한객조사_일반외국인.xlsx,일반외국인,B13-1A,<표B13-1A> 향후 3년 내(~2028년) 한국 방문 의향이 없는 이유(1+2+3순위)(한국 방문 비의향자 기준),BASE:B5. 1) 한국 ①~②,일본,일본,국가/지역,먼 이동거리(장거리 비행 필요),165.0,(165),2.260329683135133,%
2025_잠재방한객조사_일반외국인.xlsx,일반외국인,B13-1A,<표B13-1A> 향후 3년 내(~2028년) 한국 방문 의향이 없는 이유(1+2+3순위)(한국 방문 비의향자 기준),BASE:B5. 1) 한국 ①~②,일본,일본,국가/지역,"불안한 신변(치안, 방역 등)",165.0,(165),28.972086615804205,%
2025_잠재방한객조사_일반외국인.xlsx,일반외국인,B13-1A,<표B13-1A> 향후 3년 내(~2028년) 한국 방문 의향이 없는 이유(1+2+3순위)(한국 방문 비의향자 기준),BASE:B5. 1) 한국 ①~②,일본,일본,국가/지역,"내가 원하는 한국 여행 상품이 없어서/부족해서(일정, 가격, 구성 등)",165.0,(165),15.434567533811716,%
2025_잠재방한객조사_일반외국인.xlsx,일반외국인,B13-1A,<표B13-1A> 향후 3년 내(~2028년) 한국 방문 의향이 없는 이유(1+2+3순위)(한국 방문 비의향자 기준),BASE:B5. 1) 한국 ①~②,일본,일본,국가/지역,매력적인 문화/역사 유적지 부족,165.0,(165),21.336047230477774,%
2025_잠재방한객조사_일반외국인.xlsx,일반외국인,B13-1A,<표B13-1A> 향후 3년 내(~2028년) 한국 방문 의향이 없는 이유(1+2+3순위)(한국 방문 비의향자 기준),BASE:B5. 1) 한국 ①~②,일본,일본,국가/지역,먹을거리 부족,165.0,(165),8.327475269226357,%
2025_잠재방한객조사_일반외국인.xlsx,일반외국인,B13-1A,<표B13-1A> 향후 3년 내(~2028년) 한국 방문 의향이 없는 이유(1+2+3순위)(한국 방문 비의향자 기준),BASE:B5. 1) 한국 ①~②,일본,일본,국가/지역,한국여행 관련 항공권 및 여행상품 특가/프로모션 부족,165.0,(165),0.8381219575239043,%
2025_잠재방한객조사_일반외국인.xlsx,일반외국인,B13-1A,<표B13-1A> 향후 3년 내(~2028년) 한국 방문 의향이 없는 이유(1+2+3순위)(한국 방문 비의향자 기준),BASE:B5. 1) 한국 ①~②,일본,일본,국가/지역,불편한 비자 발급 및 출입국 절차(K-ETA 등),165.0,(165),2.236323083659089,%
2025_잠재방한객조사_일반외국인.xlsx,일반외국인,B13-1A,<표B13-1A> 향후 3년 내(~2028년) 한국 방문 의향이 없는 이유(1+2+3순위)(한국 방문 비의향자 기준),BASE:B5. 1) 한국 ①~②,일본,일본,국가/지역,매력적인 자연경관 부족,165.0,(165),19.36117435590438,%
2025_잠재방한객조사_일반외국인.xlsx,일반외국인,B13-1A,<표B13-1A> 향후 3년 내(~2028년) 한국 방문 의향이 없는 이유(1+2+3순위)(한국 방문 비의향자 기준),BASE:B5. 1) 한국 ①~②,일본,일본,국가/지역,고유한 전통문화 체험 어려움,165.0,(165),10.15184365463803,%
2025_잠재방한객조사_일반외국인.xlsx,일반외국인,B13-1A,<표B13-1A> 향후 3년 내(~2028년) 한국 방문 의향이 없는 이유(1+2+3순위)(한국 방문 비의향자 기준),BASE:B5. 1) 한국 ①~②,일본,일본,국가/지역,"여행하기에 적합하지 않은 날씨/기후, 계절",165.0,(165),5.254093618539021,%
2025_잠재방한객조사_일반외국인.xlsx,일반외국인,B13-1A,<표B13-1A> 향후 3년 내(~2028년) 한국 방문 의향이 없는 이유(1+2+3순위)(한국 방문 비의향자 기준),BASE:B5. 1) 한국 ①~②,일본,일본,국가/지역,다양하지 않은 항공 노선(직항 부족 등),165.0,(165),3.047089224956773,%
2025_잠재방한객조사_일반외국인.xlsx,일반외국인,B13-1A,<표B13-1A> 향후 3년 내(~2028년) 한국 방문 의향이 없는 이유(1+2+3순위)(한국 방문 비의향자 기준),BASE:B5. 1) 한국 ①~②,일본,일본,국가/지역,노약자/장애인/아이 등과의 동반 또는 단독 여행 불편,165.0,(165),3.900260086729119,%
2025_잠재방한객조사_일반외국인.xlsx,일반외국인,B13-1A,<표B13-1A> 향후 3년 내(~2028년) 한국 방문 의향이 없는 이유(1+2+3순위)(한국 방문 비의향자 기준),BASE:B5. 1) 한국 ①~②,일본,일본,국가/지역,"불편한 종교 환경(음식, 기도실 등)",165.0,(165),2.759049555118031,%
2025_잠재방한객조사_일반외국인.xlsx,일반외국인,B13-1A,<표B13-1A> 향후 3년 내(~2028년) 한국 방문 의향이 없는 이유(1+2+3순위)(한국 방문 비의향자 기준),BASE:B5. 1) 한국 ①~②,일본,일본,국가/지역,기타,165.0,(165),1.3894225281423291,%
2025_잠재방한객조사_일반외국인.xlsx,일반외국인,B13-1A,<표B13-1A> 향후 3년 내(~2028년) 한국 방문 의향이 없는 이유(1+2+3순위)(한국 방문 비의향자 기준),BASE:B5. 1) 한국 ①~②,일본,일본,국가/지역,반려동물과의 동반 여행 불편,165.0,(165),1.845431834123966,%
2025_잠재방한객조사_일반외국인.xlsx,일반외국인,B13-1A,<표B13-1A> 향후 3년 내(~2028년) 한국 방문 의향이 없는 이유(1+2+3순위)(한국 방문 비의향자 기준),BASE:B5. 1) 한국 ①~②,일본,일본,국가/지역,부정적인 과거 한국 방문 경험 (#A2. 한국 경험자 한정),165.0,(165),3.922342816341999,%
2025_잠재방한객조사_일반외국인.xlsx,일반외국인,B13-1A,<표B13-1A> 향후 3년 내(~2028년) 한국 방문 의향이 없는 이유(1+2+3순위)(한국 방문 비의향자 기준),BASE:B5. 1) 한국 ①~②,대만,대만,국가/지역,불편한 언어소통,32.0,(32),35.78057531001589,%
2025_잠재방한객조사_일반외국인.xlsx,일반외국인,B13-1A,<표B13-1A> 향후 3년 내(~2028년) 한국 방문 의향이 없는 이유(1+2+3순위)(한국 방문 비의향자 기준),BASE:B5. 1) 한국 ①~②,대만,대만,국가/지역,한류(한국 문화 콘텐츠) 문화 관련 관심 부재,32.0,(32),26.77405772440682,%
2025_잠재방한객조사_일반외국인.xlsx,일반외국인,B13-1A,<표B13-1A> 향후 3년 내(~2028년) 한국 방문 의향이 없는 이유(1+2+3순위)(한국 방문 비의향자 기준),BASE:B5. 1) 한국 ①~②,대만,대만,국가/지역,여행목적지로서 낮은 한국 인지도,32.0,(32),5.494170566819469,%
2025_잠재방한객조사_일반외국인.xlsx,일반외국인,B13-1A,<표B13-1A> 향후 3년 내(~2028년) 한국 방문 의향이 없는 이유(1+2+3순위)(한국 방문 비의향자 기준),BASE:B5. 1) 한국 ①~②,대만,대만,국가/지역,부정적인 한국 관련 이미지,32.0,(32),33.81606441813501,%
2025_잠재방한객조사_일반외국인.xlsx,일반외국인,B13-1A,<표B13-1A> 향후 3년 내(~2028년) 한국 방문 의향이 없는 이유(1+2+3순위)(한국 방문 비의향자 기준),BASE:B5. 1) 한국 ①~②,대만,대만,국가/지역,적당하지 않은 여행경비 및 물가,32.0,(32),5.499801009173126,%
2025_잠재방한객조사_일반외국인.xlsx,일반외국인,B13-1A,<표B13-1A> 향후 3년 내(~2028년) 한국 방문 의향이 없는 이유(1+2+3순위)(한국 방문 비의향자 기준),BASE:B5. 1) 한국 ①~②,대만,대만,국가/지역,먼 이동거리(장거리 비행 필요),32.0,(32),2.6984973961820886,%
2025_잠재방한객조사_일반외국인.xlsx,일반외국인,B13-1A,<표B13-1A> 향후 3년 내(~2028년) 한국 방문 의향이 없는 이유(1+2+3순위)(한국 방문 비의향자 기준),BASE:B5. 1) 한국 ①~②,대만,대만,국가/지역,"불안한 신변(치안, 방역 등)",32.0,(32),7.62077816555892,%
2025_잠재방한객조사_일반외국인.xlsx,일반외국인,B13-1A,<표B13-1A> 향후 3년 내(~2028년) 한국 방문 의향이 없는 이유(1+2+3순위)(한국 방문 비의향자 기준),BASE:B5. 1) 한국 ①~②,대만,대만,국가/지역,"내가 원하는 한국 여행 상품이 없어서/부족해서(일정, 가격, 구성 등)",32.0,(32),12.837086659773364,%
2025_잠재방한객조사_일반외국인.xlsx,일반외국인,B13-1A,<표B13-1A> 향후 3년 내(~2028년) 한국 방문 의향이 없는 이유(1+2+3순위)(한국 방문 비의향자 기준),BASE:B5. 1) 한국 ①~②,대만,대만,국가/지역,매력적인 문화/역사 유적지 부족,32.0,(32),18.1785183187939,%
2025_잠재방한객조사_일반외국인.xlsx,일반외국인,B13-1A,<표B13-1A> 향후 3년 내(~2028년) 한국 방문 의향이 없는 이유(1+2+3순위)(한국 방문 비의향자 기준),BASE:B5. 1) 한국 ①~②,대만,대만,국가/지역,먹을거리 부족,32.0,(32),10.726041470074211,%
2025_잠재방한객조사_일반외국인.xlsx,일반외국인,B13-1A,<표B13-1A> 향후 3년 내(~2028년) 한국 방문 의향이 없는 이유(1+2+3순위)(한국 방문 비의향자 기준),BASE:B5. 1) 한국 ①~②,대만,대만,국가/지역,한국여행 관련 항공권 및 여행상품 특가/프로모션 부족,32.0,(32),8.003550443536318,%
2025_잠재방한객조사_일반외국인.xlsx,일반외국인,B13-1A,<표B13-1A> 향후 3년 내(~2028년) 한국 방문 의향이 없는 이유(1+2+3순위)(한국 방문 비의향자 기준),BASE:B5. 1) 한국 ①~②,대만,대만,국가/지역,불편한 비자 발급 및 출입국 절차(K-ETA 등),32.0,(32),0,%
2025_잠재방한객조사_일반외국인.xlsx,일반외국인,B13-1A,<표B13-1A> 향후 3년 내(~2028년) 한국 방문 의향이 없는 이유(1+2+3순위)(한국 방문 비의향자 기준),BASE:B5. 1) 한국 ①~②,대만,대만,국가/지역,매력적인 자연경관 부족,32.0,(32),18.31055751444806,%
2025_잠재방한객조사_일반외국인.xlsx,일반외국인,B13-1A,<표B13-1A> 향후 3년 내(~2028년) 한국 방문 의향이 없는 이유(1+2+3순위)(한국 방문 비의향자 기준),BASE:B5. 1) 한국 ①~②,대만,대만,국가/지역,고유한 전통문화 체험 어려움,32.0,(32),7.526417630331809,%
2025_잠재방한객조사_일반외국인.xlsx,일반외국인,B13-1A,<표B13-1A> 향후 3년 내(~2028년) 한국 방문 의향이 없는 이유(1+2+3순위)(한국 방문 비의향자 기준),BASE:B5. 1) 한국 ①~②,대만,대만,국가/지역,"여행하기에 적합하지 않은 날씨/기후, 계절",32.0,(32),8.275278278309491,%
2025_잠재방한객조사_일반외국인.xlsx,일반외국인,B13-1A,<표B13-1A> 향후 3년 내(~2028년) 한국 방문 의향이 없는 이유(1+2+3순위)(한국 방문 비의향자 기준),BASE:B5. 1) 한국 ①~②,대만,대만,국가/지역,다양하지 않은 항공 노선(직항 부족 등),32.0,(32),7.682450058769265,%
2025_잠재방한객조사_일반외국인.xlsx,일반외국인,B13-1A,<표B13-1A> 향후 3년 내(~2028년) 한국 방문 의향이 없는 이유(1+2+3순위)(한국 방문 비의향자 기준),BASE:B5. 1) 한국 ①~②,대만,대만,국가/지역,노약자/장애인/아이 등과의 동반 또는 단독 여행 불편,32.0,(32),5.486514958621204,%
2025_잠재방한객조사_일반외국인.xlsx,일반외국인,B13-1A,<표B13-1A> 향후 3년 내(~2028년) 한국 방문 의향이 없는 이유(1+2+3순위)(한국 방문 비의향자 기준),BASE:B5. 1) 한국 ①~②,대만,대만,국가/지역,"불편한 종교 환경(음식, 기도실 등)",32.0,(32),2.701425688017766,%
2025_잠재방한객조사_일반외국인.xlsx,일반외국인,B13-1A,<표B13-1A> 향후 3년 내(~2028년) 한국 방문 의향이 없는 이유(1+2+3순위)(한국 방문 비의향자 기준),BASE:B5. 1) 한국 ①~②,대만,대만,국가/지역,기타,32.0,(32),8.084928293551394,%
2025_잠재방한객조사_일반외국인.xlsx,일반외국인,B13-1A,<표B13-1A> 향후 3년 내(~2028년) 한국 방문 의향이 없는 이유(1+2+3순위)(한국 방문 비의향자 기준),BASE:B5. 1) 한국 ①~②,대만,대만,국가/지역,반려동물과의 동반 여행 불편,32.0,(32),2.7858350278526096,%
2025_잠재방한객조사_일반외국인.xlsx,일반외국인,B13-1A,<표B13-1A> 향후 3년 내(~2028년) 한국 방문 의향이 없는 이유(1+2+3순위)(한국 방문 비의향자 기준),BASE:B5. 1) 한국 ①~②,대만,대만,국가/지역,부정적인 과거 한국 방문 경험 (#A2. 한국 경험자 한정),32.0,(32),10.544445878351283,%
2025_잠재방한객조사_일반외국인.xlsx,일반외국인,B13-1A,<표B13-1A> 향후 3년 내(~2028년) 한국 방문 의향이 없는 이유(1+2+3순위)(한국 방문 비의향자 기준),BASE:B5. 1) 한국 ①~②,미국,미국,국가/지역,불편한 언어소통,155.0,(155),35.64464988276229,%
2025_잠재방한객조사_일반외국인.xlsx,일반외국인,B13-1A,<표B13-1A> 향후 3년 내(~2028년) 한국 방문 의향이 없는 이유(1+2+3순위)(한국 방문 비의향자 기준),BASE:B5. 1) 한국 ①~②,미국,미국,국가/지역,한류(한국 문화 콘텐츠) 문화 관련 관심 부재,155.0,(155),28.152400507350077,%
2025_잠재방한객조사_일반외국인.xlsx,일반외국인,B13-1A,<표B13-1A> 향후 3년 내(~2028년) 한국 방문 의향이 없는 이유(1+2+3순위)(한국 방문 비의향자 기준),BASE:B5. 1) 한국 ①~②,미국,미국,국가/지역,여행목적지로서 낮은 한국 인지도,155.0,(155),26.663326652337883,%
2025_잠재방한객조사_일반외국인.xlsx,일반외국인,B13-1A,<표B13-1A> 향후 3년 내(~2028년) 한국 방문 의향이 없는 이유(1+2+3순위)(한국 방문 비의향자 기준),BASE:B5. 1) 한국 ①~②,미국,미국,국가/지역,부정적인 한국 관련 이미지,155.0,(155),21.841266289285294,%
2025_잠재방한객조사_일반외국인.xlsx,일반외국인,B13-1A,<표B13-1A> 향후 3년 내(~2028년) 한국 방문 의향이 없는 이유(1+2+3순위)(한국 방문 비의향자 기준),BASE:B5. 1) 한국 ①~②,미국,미국,국가/지역,적당하지 않은 여행경비 및 물가,155.0,(155),20.188999657341057,%
2025_잠재방한객조사_일반외국인.xlsx,일반외국인,B13-1A,<표B13-1A> 향후 3년 내(~2028년) 한국 방문 의향이 없는 이유(1+2+3순위)(한국 방문 비의향자 기준),BASE:B5. 1) 한국 ①~②,미국,미국,국가/지역,먼 이동거리(장거리 비행 필요),155.0,(155),19.230559250333954,%
2025_잠재방한객조사_일반외국인.xlsx,일반외국인,B13-1A,<표B13-1A> 향후 3년 내(~2028년) 한국 방문 의향이 없는 이유(1+2+3순위)(한국 방문 비의향자 기준),BASE:B5. 1) 한국 ①~②,미국,미국,국가/지역,"불안한 신변(치안, 방역 등)",155.0,(155),26.02923539663377,%
2025_잠재방한객조사_일반외국인.xlsx,일반외국인,B13-1A,<표B13-1A> 향후 3년 내(~2028년) 한국 방문 의향이 없는 이유(1+2+3순위)(한국 방문 비의향자 기준),BASE:B5. 1) 한국 ①~②,미국,미국,국가/지역,"내가 원하는 한국 여행 상품이 없어서/부족해서(일정, 가격, 구성 등)",155.0,(155),4.8851436768574885,%
2025_잠재방한객조사_일반외국인.xlsx,일반외국인,B13-1A,<표B13-1A> 향후 3년 내(~2028년) 한국 방문 의향이 없는 이유(1+2+3순위)(한국 방문 비의향자 기준),BASE:B5. 1) 한국 ①~②,미국,미국,국가/지역,매력적인 문화/역사 유적지 부족,155.0,(155),17.76947695725283,%
2025_잠재방한객조사_일반외국인.xlsx,일반외국인,B13-1A,<표B13-1A> 향후 3년 내(~2028년) 한국 방문 의향이 없는 이유(1+2+3순위)(한국 방문 비의향자 기준),BASE:B5. 1) 한국 ①~②,미국,미국,국가/지역,먹을거리 부족,155.0,(155),11.085644962783123,%
2025_잠재방한객조사_일반외국인.xlsx,일반외국인,B13-1A,<표B13-1A> 향후 3년 내(~2028년) 한국 방문 의향이 없는 이유(1+2+3순위)(한국 방문 비의향자 기준),BASE:B5. 1) 한국 ①~②,미국,미국,국가/지역,한국여행 관련 항공권 및 여행상품 특가/프로모션 부족,155.0,(155),12.490353699596069,%
2025_잠재방한객조사_일반외국인.xlsx,일반외국인,B13-1A,<표B13-1A> 향후 3년 내(~2028년) 한국 방문 의향이 없는 이유(1+2+3순위)(한국 방문 비의향자 기준),BASE:B5. 1) 한국 ①~②,미국,미국,국가/지역,불편한 비자 발급 및 출입국 절차(K-ETA 등),155.0,(155),5.130487767126579,%
2025_잠재방한객조사_일반외국인.xlsx,일반외국인,B13-1A,<표B13-1A> 향후 3년 내(~2028년) 한국 방문 의향이 없는 이유(1+2+3순위)(한국 방문 비의향자 기준),BASE:B5. 1) 한국 ①~②,미국,미국,국가/지역,매력적인 자연경관 부족,155.0,(155),4.636100216452821,%
2025_잠재방한객조사_일반외국인.xlsx,일반외국인,B13-1A,<표B13-1A> 향후 3년 내(~2028년) 한국 방문 의향이 없는 이유(1+2+3순위)(한국 방문 비의향자 기준),BASE:B5. 1) 한국 ①~②,미국,미국,국가/지역,고유한 전통문화 체험 어려움,155.0,(155),6.803536794371437,%
2025_잠재방한객조사_일반외국인.xlsx,일반외국인,B13-1A,<표B13-1A> 향후 3년 내(~2028년) 한국 방문 의향이 없는 이유(1+2+3순위)(한국 방문 비의향자 기준),BASE:B5. 1) 한국 ①~②,미국,미국,국가/지역,"여행하기에 적합하지 않은 날씨/기후, 계절",155.0,(155),8.258055107491586,%
2025_잠재방한객조사_일반외국인.xlsx,일반외국인,B13-1A,<표B13-1A> 향후 3년 내(~2028년) 한국 방문 의향이 없는 이유(1+2+3순위)(한국 방문 비의향자 기준),BASE:B5. 1) 한국 ①~②,미국,미국,국가/지역,다양하지 않은 항공 노선(직항 부족 등),155.0,(155),6.712524261516371,%
2025_잠재방한객조사_일반외국인.xlsx,일반외국인,B13-1A,<표B13-1A> 향후 3년 내(~2028년) 한국 방문 의향이 없는 이유(1+2+3순위)(한국 방문 비의향자 기준),BASE:B5. 1) 한국 ①~②,미국,미국,국가/지역,노약자/장애인/아이 등과의 동반 또는 단독 여행 불편,155.0,(155),7.219403789429567,%
2025_잠재방한객조사_일반외국인.xlsx,일반외국인,B13-1A,<표B13-1A> 향후 3년 내(~2028년) 한국 방문 의향이 없는 이유(1+2+3순위)(한국 방문 비의향자 기준),BASE:B5. 1) 한국 ①~②,미국,미국,국가/지역,"불편한 종교 환경(음식, 기도실 등)",155.0,(155),4.105721427826401,%
2025_잠재방한객조사_일반외국인.xlsx,일반외국인,B13-1A,<표B13-1A> 향후 3년 내(~2028년) 한국 방문 의향이 없는 이유(1+2+3순위)(한국 방문 비의향자 기준),BASE:B5. 1) 한국 ①~②,미국,미국,국가/지역,기타,155.0,(155),5.921004663208098,%
2025_잠재방한객조사_일반외국인.xlsx,일반외국인,B13-1A,<표B13-1A> 향후 3년 내(~2028년) 한국 방문 의향이 없는 이유(1+2+3순위)(한국 방문 비의향자 기준),BASE:B5. 1) 한국 ①~②,미국,미국,국가/지역,반려동물과의 동반 여행 불편,155.0,(155),2.0674256092177137,%
2025_잠재방한객조사_일반외국인.xlsx,일반외국인,B13-1A,<표B13-1A> 향후 3년 내(~2028년) 한국 방문 의향이 없는 이유(1+2+3순위)(한국 방문 비의향자 기준),BASE:B5. 1) 한국 ①~②,미국,미국,국가/지역,부정적인 과거 한국 방문 경험 (#A2. 한국 경험자 한정),155.0,(155),0.5275373738850737,%
2025_잠재방한객조사_일반외국인.xlsx,일반외국인,B13-1A,<표B13-1A> 향후 3년 내(~2028년) 한국 방문 의향이 없는 이유(1+2+3순위)(한국 방문 비의향자 기준),BASE:B5. 1) 한국 ①~②,필리핀,필리핀,국가/지역,불편한 언어소통,21.0,(21),40.594168582386956,%
2025_잠재방한객조사_일반외국인.xlsx,일반외국인,B13-1A,<표B13-1A> 향후 3년 내(~2028년) 한국 방문 의향이 없는 이유(1+2+3순위)(한국 방문 비의향자 기준),BASE:B5. 1) 한국 ①~②,필리핀,필리핀,국가/지역,한류(한국 문화 콘텐츠) 문화 관련 관심 부재,21.0,(21),18.68434931402712,%
2025_잠재방한객조사_일반외국인.xlsx,일반외국인,B13-1A,<표B13-1A> 향후 3년 내(~2028년) 한국 방문 의향이 없는 이유(1+2+3순위)(한국 방문 비의향자 기준),BASE:B5. 1) 한국 ①~②,필리핀,필리핀,국가/지역,여행목적지로서 낮은 한국 인지도,21.0,(21),18.294638755531675,%
2025_잠재방한객조사_일반외국인.xlsx,일반외국인,B13-1A,<표B13-1A> 향후 3년 내(~2028년) 한국 방문 의향이 없는 이유(1+2+3순위)(한국 방문 비의향자 기준),BASE:B5. 1) 한국 ①~②,필리핀,필리핀,국가/지역,부정적인 한국 관련 이미지,21.0,(21),35.49631876220616,%
2025_잠재방한객조사_일반외국인.xlsx,일반외국인,B13-1A,<표B13-1A> 향후 3년 내(~2028년) 한국 방문 의향이 없는 이유(1+2+3순위)(한국 방문 비의향자 기준),BASE:B5. 1) 한국 ①~②,필리핀,필리핀,국가/지역,적당하지 않은 여행경비 및 물가,21.0,(21),18.787955332616317,%
2025_잠재방한객조사_일반외국인.xlsx,일반외국인,B13-1A,<표B13-1A> 향후 3년 내(~2028년) 한국 방문 의향이 없는 이유(1+2+3순위)(한국 방문 비의향자 기준),BASE:B5. 1) 한국 ①~②,필리핀,필리핀,국가/지역,먼 이동거리(장거리 비행 필요),21.0,(21),16.091034312878588,%
2025_잠재방한객조사_일반외국인.xlsx,일반외국인,B13-1A,<표B13-1A> 향후 3년 내(~2028년) 한국 방문 의향이 없는 이유(1+2+3순위)(한국 방문 비의향자 기준),BASE:B5. 1) 한국 ①~②,필리핀,필리핀,국가/지역,"불안한 신변(치안, 방역 등)",21.0,(21),24.048992194714337,%
2025_잠재방한객조사_일반외국인.xlsx,일반외국인,B13-1A,<표B13-1A> 향후 3년 내(~2028년) 한국 방문 의향이 없는 이유(1+2+3순위)(한국 방문 비의향자 기준),BASE:B5. 1) 한국 ①~②,필리핀,필리핀,국가/지역,"내가 원하는 한국 여행 상품이 없어서/부족해서(일정, 가격, 구성 등)",21.0,(21),19.645410924072007,%
2025_잠재방한객조사_일반외국인.xlsx,일반외국인,B13-1A,<표B13-1A> 향후 3년 내(~2028년) 한국 방문 의향이 없는 이유(1+2+3순위)(한국 방문 비의향자 기준),BASE:B5. 1) 한국 ①~②,필리핀,필리핀,국가/지역,매력적인 문화/역사 유적지 부족,21.0,(21),5.069977426495862,%
2025_잠재방한객조사_일반외국인.xlsx,일반외국인,B13-1A,<표B13-1A> 향후 3년 내(~2028년) 한국 방문 의향이 없는 이유(1+2+3순위)(한국 방문 비의향자 기준),BASE:B5. 1) 한국 ①~②,필리핀,필리핀,국가/지역,먹을거리 부족,21.0,(21),14.214048306332753,%
2025_잠재방한객조사_일반외국인.xlsx,일반외국인,B13-1A,<표B13-1A> 향후 3년 내(~2028년) 한국 방문 의향이 없는 이유(1+2+3순위)(한국 방문 비의향자 기준),BASE:B5. 1) 한국 ①~②,필리핀,필리핀,국가/지역,한국여행 관련 항공권 및 여행상품 특가/프로모션 부족,21.0,(21),5.067669697969727,%
2025_잠재방한객조사_일반외국인.xlsx,일반외국인,B13-1A,<표B13-1A> 향후 3년 내(~2028년) 한국 방문 의향이 없는 이유(1+2+3순위)(한국 방문 비의향자 기준),BASE:B5. 1) 한국 ①~②,필리핀,필리핀,국가/지역,불편한 비자 발급 및 출입국 절차(K-ETA 등),21.0,(21),16.37547930593204,%
2025_잠재방한객조사_일반외국인.xlsx,일반외국인,B13-1A,<표B13-1A> 향후 3년 내(~2028년) 한국 방문 의향이 없는 이유(1+2+3순위)(한국 방문 비의향자 기준),BASE:B5. 1) 한국 ①~②,필리핀,필리핀,국가/지역,매력적인 자연경관 부족,21.0,(21),5.028309420865554,%
2025_잠재방한객조사_일반외국인.xlsx,일반외국인,B13-1A,<표B13-1A> 향후 3년 내(~2028년) 한국 방문 의향이 없는 이유(1+2+3순위)(한국 방문 비의향자 기준),BASE:B5. 1) 한국 ①~②,필리핀,필리핀,국가/지역,고유한 전통문화 체험 어려움,21.0,(21),0,%
2025_잠재방한객조사_일반외국인.xlsx,일반외국인,B13-1A,<표B13-1A> 향후 3년 내(~2028년) 한국 방문 의향이 없는 이유(1+2+3순위)(한국 방문 비의향자 기준),BASE:B5. 1) 한국 ①~②,필리핀,필리핀,국가/지역,"여행하기에 적합하지 않은 날씨/기후, 계절",21.0,(21),9.620711567079388,%
2025_잠재방한객조사_일반외국인.xlsx,일반외국인,B13-1A,<표B13-1A> 향후 3년 내(~2028년) 한국 방문 의향이 없는 이유(1+2+3순위)(한국 방문 비의향자 기준),BASE:B5. 1) 한국 ①~②,필리핀,필리핀,국가/지역,다양하지 않은 항공 노선(직항 부족 등),21.0,(21),19.56967729916774,%
2025_잠재방한객조사_일반외국인.xlsx,일반외국인,B13-1A,<표B13-1A> 향후 3년 내(~2028년) 한국 방문 의향이 없는 이유(1+2+3순위)(한국 방문 비의향자 기준),BASE:B5. 1) 한국 ①~②,필리핀,필리핀,국가/지역,노약자/장애인/아이 등과의 동반 또는 단독 여행 불편,21.0,(21),9.654624328674627,%
2025_잠재방한객조사_일반외국인.xlsx,일반외국인,B13-1A,<표B13-1A> 향후 3년 내(~2028년) 한국 방문 의향이 없는 이유(1+2+3순위)(한국 방문 비의향자 기준),BASE:B5. 1) 한국 ①~②,필리핀,필리핀,국가/지역,"불편한 종교 환경(음식, 기도실 등)",21.0,(21),0,%
2025_잠재방한객조사_일반외국인.xlsx,일반외국인,B13-1A,<표B13-1A> 향후 3년 내(~2028년) 한국 방문 의향이 없는 이유(1+2+3순위)(한국 방문 비의향자 기준),BASE:B5. 1) 한국 ①~②,필리핀,필리핀,국가/지역,기타,21.0,(21),5.069977426495862,%
2025_잠재방한객조사_일반외국인.xlsx,일반외국인,B13-1A,<표B13-1A> 향후 3년 내(~2028년) 한국 방문 의향이 없는 이유(1+2+3순위)(한국 방문 비의향자 기준),BASE:B5. 1) 한국 ①~②,필리핀,필리핀,국가/지역,반려동물과의 동반 여행 불편,21.0,(21),0,%
2025_잠재방한객조사_일반외국인.xlsx,일반외국인,B13-1A,<표B13-1A> 향후 3년 내(~2028년) 한국 방문 의향이 없는 이유(1+2+3순위)(한국 방문 비의향자 기준),BASE:B5. 1) 한국 ①~②,필리핀,필리핀,국가/지역,부정적인 과거 한국 방문 경험 (#A2. 한국 경험자 한정),21.0,(21),4.452344200573145,%
2025_잠재방한객조사_일반외국인.xlsx,일반외국인,B13-1A,<표B13-1A> 향후 3년 내(~2028년) 한국 방문 의향이 없는 이유(1+2+3순위)(한국 방문 비의향자 기준),BASE:B5. 1) 한국 ①~②,베트남,베트남,국가/지역,불편한 언어소통,9.0,(9),33.44498539100699,%
2025_잠재방한객조사_일반외국인.xlsx,일반외국인,B13-1A,<표B13-1A> 향후 3년 내(~2028년) 한국 방문 의향이 없는 이유(1+2+3순위)(한국 방문 비의향자 기준),BASE:B5. 1) 한국 ①~②,베트남,베트남,국가/지역,한류(한국 문화 콘텐츠) 문화 관련 관심 부재,9.0,(9),33.14103684182981,%
2025_잠재방한객조사_일반외국인.xlsx,일반외국인,B13-1A,<표B13-1A> 향후 3년 내(~2028년) 한국 방문 의향이 없는 이유(1+2+3순위)(한국 방문 비의향자 기준),BASE:B5. 1) 한국 ①~②,베트남,베트남,국가/지역,여행목적지로서 낮은 한국 인지도,9.0,(9),22.452160289160744,%
2025_잠재방한객조사_일반외국인.xlsx,일반외국인,B13-1A,<표B13-1A> 향후 3년 내(~2028년) 한국 방문 의향이 없는 이유(1+2+3순위)(한국 방문 비의향자 기준),BASE:B5. 1) 한국 ①~②,베트남,베트남,국가/지역,부정적인 한국 관련 이미지,9.0,(9),11.172352730567535,%
2025_잠재방한객조사_일반외국인.xlsx,일반외국인,B13-1A,<표B13-1A> 향후 3년 내(~2028년) 한국 방문 의향이 없는 이유(1+2+3순위)(한국 방문 비의향자 기준),BASE:B5. 1) 한국 ①~②,베트남,베트남,국가/지역,적당하지 않은 여행경비 및 물가,9.0,(9),22.60740514189142,%
2025_잠재방한객조사_일반외국인.xlsx,일반외국인,B13-1A,<표B13-1A> 향후 3년 내(~2028년) 한국 방문 의향이 없는 이유(1+2+3순위)(한국 방문 비의향자 기준),BASE:B5. 1) 한국 ①~②,베트남,베트남,국가/지역,먼 이동거리(장거리 비행 필요),9.0,(9),34.195771096572585,%
2025_잠재방한객조사_일반외국인.xlsx,일반외국인,B13-1A,<표B13-1A> 향후 3년 내(~2028년) 한국 방문 의향이 없는 이유(1+2+3순위)(한국 방문 비의향자 기준),BASE:B5. 1) 한국 ①~②,베트남,베트남,국가/지역,"불안한 신변(치안, 방역 등)",9.0,(9),0,%
2025_잠재방한객조사_일반외국인.xlsx,일반외국인,B13-1A,<표B13-1A> 향후 3년 내(~2028년) 한국 방문 의향이 없는 이유(1+2+3순위)(한국 방문 비의향자 기준),BASE:B5. 1) 한국 ①~②,베트남,베트남,국가/지역,"내가 원하는 한국 여행 상품이 없어서/부족해서(일정, 가격, 구성 등)",9.0,(9),10.276900574445005,%
2025_잠재방한객조사_일반외국인.xlsx,일반외국인,B13-1A,<표B13-1A> 향후 3년 내(~2028년) 한국 방문 의향이 없는 이유(1+2+3순위)(한국 방문 비의향자 기준),BASE:B5. 1) 한국 ①~②,베트남,베트남,국가/지역,매력적인 문화/역사 유적지 부족,9.0,(9),0,%
2025_잠재방한객조사_일반외국인.xlsx,일반외국인,B13-1A,<표B13-1A> 향후 3년 내(~2028년) 한국 방문 의향이 없는 이유(1+2+3순위)(한국 방문 비의향자 기준),BASE:B5. 1) 한국 ①~②,베트남,베트남,국가/지역,먹을거리 부족,9.0,(9),32.62160603558007,%
2025_잠재방한객조사_일반외국인.xlsx,일반외국인,B13-1A,<표B13-1A> 향후 3년 내(~2028년) 한국 방문 의향이 없는 이유(1+2+3순위)(한국 방문 비의향자 기준),BASE:B5. 1) 한국 ①~②,베트남,베트남,국가/지역,한국여행 관련 항공권 및 여행상품 특가/프로모션 부족,9.0,(9),0,%
2025_잠재방한객조사_일반외국인.xlsx,일반외국인,B13-1A,<표B13-1A> 향후 3년 내(~2028년) 한국 방문 의향이 없는 이유(1+2+3순위)(한국 방문 비의향자 기준),BASE:B5. 1) 한국 ①~②,베트남,베트남,국가/지역,불편한 비자 발급 및 출입국 절차(K-ETA 등),9.0,(9),44.69743405019359,%
2025_잠재방한객조사_일반외국인.xlsx,일반외국인,B13-1A,<표B13-1A> 향후 3년 내(~2028년) 한국 방문 의향이 없는 이유(1+2+3순위)(한국 방문 비의향자 기준),BASE:B5. 1) 한국 ①~②,베트남,베트남,국가/지역,매력적인 자연경관 부족,9.0,(9),0,%
2025_잠재방한객조사_일반외국인.xlsx,일반외국인,B13-1A,<표B13-1A> 향후 3년 내(~2028년) 한국 방문 의향이 없는 이유(1+2+3순위)(한국 방문 비의향자 기준),BASE:B5. 1) 한국 ①~②,베트남,베트남,국가/지역,고유한 전통문화 체험 어려움,9.0,(9),11.40115235563312,%
2025_잠재방한객조사_일반외국인.xlsx,일반외국인,B13-1A,<표B13-1A> 향후 3년 내(~2028년) 한국 방문 의향이 없는 이유(1+2+3순위)(한국 방문 비의향자 기준),BASE:B5. 1) 한국 ①~②,베트남,베트남,국가/지역,"여행하기에 적합하지 않은 날씨/기후, 계절",9.0,(9),0,%
2025_잠재방한객조사_일반외국인.xlsx,일반외국인,B13-1A,<표B13-1A> 향후 3년 내(~2028년) 한국 방문 의향이 없는 이유(1+2+3순위)(한국 방문 비의향자 기준),BASE:B5. 1) 한국 ①~②,베트남,베트남,국가/지역,다양하지 않은 항공 노선(직항 부족 등),9.0,(9),0,%
2025_잠재방한객조사_일반외국인.xlsx,일반외국인,B13-1A,<표B13-1A> 향후 3년 내(~2028년) 한국 방문 의향이 없는 이유(1+2+3순위)(한국 방문 비의향자 기준),BASE:B5. 1) 한국 ①~②,베트남,베트남,국가/지역,노약자/장애인/아이 등과의 동반 또는 단독 여행 불편,9.0,(9),10.276900574445005,%
2025_잠재방한객조사_일반외국인.xlsx,일반외국인,B13-1A,<표B13-1A> 향후 3년 내(~2028년) 한국 방문 의향이 없는 이유(1+2+3순위)(한국 방문 비의향자 기준),BASE:B5. 1) 한국 ①~②,베트남,베트남,국가/지역,"불편한 종교 환경(음식, 기도실 등)",9.0,(9),10.909990207407878,%
2025_잠재방한객조사_일반외국인.xlsx,일반외국인,B13-1A,<표B13-1A> 향후 3년 내(~2028년) 한국 방문 의향이 없는 이유(1+2+3순위)(한국 방문 비의향자 기준),BASE:B5. 1) 한국 ①~②,베트남,베트남,국가/지역,기타,9.0,(9),0,%
2025_잠재방한객조사_일반외국인.xlsx,일반외국인,B13-1A,<표B13-1A> 향후 3년 내(~2028년) 한국 방문 의향이 없는 이유(1+2+3순위)(한국 방문 비의향자 기준),BASE:B5. 1) 한국 ①~②,베트남,베트남,국가/지역,반려동물과의 동반 여행 불편,9.0,(9),0,%
2025_잠재방한객조사_일반외국인.xlsx,일반외국인,B13-1A,<표B13-1A> 향후 3년 내(~2028년) 한국 방문 의향이 없는 이유(1+2+3순위)(한국 방문 비의향자 기준),BASE:B5. 1) 한국 ①~②,베트남,베트남,국가/지역,부정적인 과거 한국 방문 경험 (#A2. 한국 경험자 한정),9.0,(9),0,%
2025_잠재방한객조사_일반외국인.xlsx,일반외국인,B13-1A,<표B13-1A> 향후 3년 내(~2028년) 한국 방문 의향이 없는 이유(1+2+3순위)(한국 방문 비의향자 기준),BASE:B5. 1) 한국 ①~②,싱가포르,싱가포르,국가/지역,불편한 언어소통,47.0,(47),41.620014242521364,%
2025_잠재방한객조사_일반외국인.xlsx,일반외국인,B13-1A,<표B13-1A> 향후 3년 내(~2028년) 한국 방문 의향이 없는 이유(1+2+3순위)(한국 방문 비의향자 기준),BASE:B5. 1) 한국 ①~②,싱가포르,싱가포르,국가/지역,한류(한국 문화 콘텐츠) 문화 관련 관심 부재,47.0,(47),21.642948042152955,%
2025_잠재방한객조사_일반외국인.xlsx,일반외국인,B13-1A,<표B13-1A> 향후 3년 내(~2028년) 한국 방문 의향이 없는 이유(1+2+3순위)(한국 방문 비의향자 기준),BASE:B5. 1) 한국 ①~②,싱가포르,싱가포르,국가/지역,여행목적지로서 낮은 한국 인지도,47.0,(47),8.561577122388842,%
2025_잠재방한객조사_일반외국인.xlsx,일반외국인,B13-1A,<표B13-1A> 향후 3년 내(~2028년) 한국 방문 의향이 없는 이유(1+2+3순위)(한국 방문 비의향자 기준),BASE:B5. 1) 한국 ①~②,싱가포르,싱가포르,국가/지역,부정적인 한국 관련 이미지,47.0,(47),10.277248193478092,%
2025_잠재방한객조사_일반외국인.xlsx,일반외국인,B13-1A,<표B13-1A> 향후 3년 내(~2028년) 한국 방문 의향이 없는 이유(1+2+3순위)(한국 방문 비의향자 기준),BASE:B5. 1) 한국 ①~②,싱가포르,싱가포르,국가/지역,적당하지 않은 여행경비 및 물가,47.0,(47),20.97095422949711,%
2025_잠재방한객조사_일반외국인.xlsx,일반외국인,B13-1A,<표B13-1A> 향후 3년 내(~2028년) 한국 방문 의향이 없는 이유(1+2+3순위)(한국 방문 비의향자 기준),BASE:B5. 1) 한국 ①~②,싱가포르,싱가포르,국가/지역,먼 이동거리(장거리 비행 필요),47.0,(47),14.777940798113168,%
2025_잠재방한객조사_일반외국인.xlsx,일반외국인,B13-1A,<표B13-1A> 향후 3년 내(~2028년) 한국 방문 의향이 없는 이유(1+2+3순위)(한국 방문 비의향자 기준),BASE:B5. 1) 한국 ①~②,싱가포르,싱가포르,국가/지역,"불안한 신변(치안, 방역 등)",47.0,(47),3.406549915777709,%
2025_잠재방한객조사_일반외국인.xlsx,일반외국인,B13-1A,<표B13-1A> 향후 3년 내(~2028년) 한국 방문 의향이 없는 이유(1+2+3순위)(한국 방문 비의향자 기준),BASE:B5. 1) 한국 ①~②,싱가포르,싱가포르,국가/지역,"내가 원하는 한국 여행 상품이 없어서/부족해서(일정, 가격, 구성 등)",47.0,(47),13.078975454318437,%
2025_잠재방한객조사_일반외국인.xlsx,일반외국인,B13-1A,<표B13-1A> 향후 3년 내(~2028년) 한국 방문 의향이 없는 이유(1+2+3순위)(한국 방문 비의향자 기준),BASE:B5. 1) 한국 ①~②,싱가포르,싱가포르,국가/지역,매력적인 문화/역사 유적지 부족,47.0,(47),8.537105275605546,%
2025_잠재방한객조사_일반외국인.xlsx,일반외국인,B13-1A,<표B13-1A> 향후 3년 내(~2028년) 한국 방문 의향이 없는 이유(1+2+3순위)(한국 방문 비의향자 기준),BASE:B5. 1) 한국 ①~②,싱가포르,싱가포르,국가/지역,먹을거리 부족,47.0,(47),15.37787572674129,%
2025_잠재방한객조사_일반외국인.xlsx,일반외국인,B13-1A,<표B13-1A> 향후 3년 내(~2028년) 한국 방문 의향이 없는 이유(1+2+3순위)(한국 방문 비의향자 기준),BASE:B5. 1) 한국 ①~②,싱가포르,싱가포르,국가/지역,한국여행 관련 항공권 및 여행상품 특가/프로모션 부족,47.0,(47),21.010309994635662,%
2025_잠재방한객조사_일반외국인.xlsx,일반외국인,B13-1A,<표B13-1A> 향후 3년 내(~2028년) 한국 방문 의향이 없는 이유(1+2+3순위)(한국 방문 비의향자 기준),BASE:B5. 1) 한국 ①~②,싱가포르,싱가포르,국가/지역,불편한 비자 발급 및 출입국 절차(K-ETA 등),47.0,(47),3.4059662804380357,%
2025_잠재방한객조사_일반외국인.xlsx,일반외국인,B13-1A,<표B13-1A> 향후 3년 내(~2028년) 한국 방문 의향이 없는 이유(1+2+3순위)(한국 방문 비의향자 기준),BASE:B5. 1) 한국 ①~②,싱가포르,싱가포르,국가/지역,매력적인 자연경관 부족,47.0,(47),6.882229545198337,%
2025_잠재방한객조사_일반외국인.xlsx,일반외국인,B13-1A,<표B13-1A> 향후 3년 내(~2028년) 한국 방문 의향이 없는 이유(1+2+3순위)(한국 방문 비의향자 기준),BASE:B5. 1) 한국 ①~②,싱가포르,싱가포르,국가/지역,고유한 전통문화 체험 어려움,47.0,(47),10.279324932631951,%
2025_잠재방한객조사_일반외국인.xlsx,일반외국인,B13-1A,<표B13-1A> 향후 3년 내(~2028년) 한국 방문 의향이 없는 이유(1+2+3순위)(한국 방문 비의향자 기준),BASE:B5. 1) 한국 ①~②,싱가포르,싱가포르,국가/지역,"여행하기에 적합하지 않은 날씨/기후, 계절",47.0,(47),16.46104289778325,%
2025_잠재방한객조사_일반외국인.xlsx,일반외국인,B13-1A,<표B13-1A> 향후 3년 내(~2028년) 한국 방문 의향이 없는 이유(1+2+3순위)(한국 방문 비의향자 기준),BASE:B5. 1) 한국 ①~②,싱가포르,싱가포르,국가/지역,다양하지 않은 항공 노선(직항 부족 등),47.0,(47),1.6988118594861021,%
2025_잠재방한객조사_일반외국인.xlsx,일반외국인,B13-1A,<표B13-1A> 향후 3년 내(~2028년) 한국 방문 의향이 없는 이유(1+2+3순위)(한국 방문 비의향자 기준),BASE:B5. 1) 한국 ①~②,싱가포르,싱가포르,국가/지역,노약자/장애인/아이 등과의 동반 또는 단독 여행 불편,47.0,(47),6.849850526001521,%
2025_잠재방한객조사_일반외국인.xlsx,일반외국인,B13-1A,<표B13-1A> 향후 3년 내(~2028년) 한국 방문 의향이 없는 이유(1+2+3순위)(한국 방문 비의향자 기준),BASE:B5. 1) 한국 ①~②,싱가포르,싱가포르,국가/지역,"불편한 종교 환경(음식, 기도실 등)",47.0,(47),0,%
2025_잠재방한객조사_일반외국인.xlsx,일반외국인,B13-1A,<표B13-1A> 향후 3년 내(~2028년) 한국 방문 의향이 없는 이유(1+2+3순위)(한국 방문 비의향자 기준),BASE:B5. 1) 한국 ①~②,싱가포르,싱가포르,국가/지역,기타,47.0,(47),16.97170774994857,%
2025_잠재방한객조사_일반외국인.xlsx,일반외국인,B13-1A,<표B13-1A> 향후 3년 내(~2028년) 한국 방문 의향이 없는 이유(1+2+3순위)(한국 방문 비의향자 기준),BASE:B5. 1) 한국 ①~②,싱가포르,싱가포르,국가/지역,반려동물과의 동반 여행 불편,47.0,(47),1.715313778319802,%
2025_잠재방한객조사_일반외국인.xlsx,일반외국인,B13-1A,<표B13-1A> 향후 3년 내(~2028년) 한국 방문 의향이 없는 이유(1+2+3순위)(한국 방문 비의향자 기준),BASE:B5. 1) 한국 ①~②,싱가포르,싱가포르,국가/지역,부정적인 과거 한국 방문 경험 (#A2. 한국 경험자 한정),47.0,(47),3.4198219454483767,%
2025_잠재방한객조사_일반외국인.xlsx,일반외국인,B13-1A,<표B13-1A> 향후 3년 내(~2028년) 한국 방문 의향이 없는 이유(1+2+3순위)(한국 방문 비의향자 기준),BASE:B5. 1) 한국 ①~②,인도네시아,인도네시아,국가/지역,불편한 언어소통,17.0,(17),37.70714630476124,%
2025_잠재방한객조사_일반외국인.xlsx,일반외국인,B13-1A,<표B13-1A> 향후 3년 내(~2028년) 한국 방문 의향이 없는 이유(1+2+3순위)(한국 방문 비의향자 기준),BASE:B5. 1) 한국 ①~②,인도네시아,인도네시아,국가/지역,한류(한국 문화 콘텐츠) 문화 관련 관심 부재,17.0,(17),26.83459022966026,%
2025_잠재방한객조사_일반외국인.xlsx,일반외국인,B13-1A,<표B13-1A> 향후 3년 내(~2028년) 한국 방문 의향이 없는 이유(1+2+3순위)(한국 방문 비의향자 기준),BASE:B5. 1) 한국 ①~②,인도네시아,인도네시아,국가/지역,여행목적지로서 낮은 한국 인지도,17.0,(17),16.39772484212541,%
2025_잠재방한객조사_일반외국인.xlsx,일반외국인,B13-1A,<표B13-1A> 향후 3년 내(~2028년) 한국 방문 의향이 없는 이유(1+2+3순위)(한국 방문 비의향자 기준),BASE:B5. 1) 한국 ①~②,인도네시아,인도네시아,국가/지역,부정적인 한국 관련 이미지,17.0,(17),27.68621453620045,%
2025_잠재방한객조사_일반외국인.xlsx,일반외국인,B13-1A,<표B13-1A> 향후 3년 내(~2028년) 한국 방문 의향이 없는 이유(1+2+3순위)(한국 방문 비의향자 기준),BASE:B5. 1) 한국 ①~②,인도네시아,인도네시아,국가/지역,적당하지 않은 여행경비 및 물가,17.0,(17),22.146216531559023,%
2025_잠재방한객조사_일반외국인.xlsx,일반외국인,B13-1A,<표B13-1A> 향후 3년 내(~2028년) 한국 방문 의향이 없는 이유(1+2+3순위)(한국 방문 비의향자 기준),BASE:B5. 1) 한국 ①~②,인도네시아,인도네시아,국가/지역,먼 이동거리(장거리 비행 필요),17.0,(17),11.150922177126981,%
2025_잠재방한객조사_일반외국인.xlsx,일반외국인,B13-1A,<표B13-1A> 향후 3년 내(~2028년) 한국 방문 의향이 없는 이유(1+2+3순위)(한국 방문 비의향자 기준),BASE:B5. 1) 한국 ①~②,인도네시아,인도네시아,국가/지역,"불안한 신변(치안, 방역 등)",17.0,(17),4.534302812460216,%
2025_잠재방한객조사_일반외국인.xlsx,일반외국인,B13-1A,<표B13-1A> 향후 3년 내(~2028년) 한국 방문 의향이 없는 이유(1+2+3순위)(한국 방문 비의향자 기준),BASE:B5. 1) 한국 ①~②,인도네시아,인도네시아,국가/지역,"내가 원하는 한국 여행 상품이 없어서/부족해서(일정, 가격, 구성 등)",17.0,(17),5.621269203334143,%
2025_잠재방한객조사_일반외국인.xlsx,일반외국인,B13-1A,<표B13-1A> 향후 3년 내(~2028년) 한국 방문 의향이 없는 이유(1+2+3순위)(한국 방문 비의향자 기준),BASE:B5. 1) 한국 ①~②,인도네시아,인도네시아,국가/지역,매력적인 문화/역사 유적지 부족,17.0,(17),0,%
2025_잠재방한객조사_일반외국인.xlsx,일반외국인,B13-1A,<표B13-1A> 향후 3년 내(~2028년) 한국 방문 의향이 없는 이유(1+2+3순위)(한국 방문 비의향자 기준),BASE:B5. 1) 한국 ①~②,인도네시아,인도네시아,국가/지역,먹을거리 부족,17.0,(17),23.915074262274487,%
2025_잠재방한객조사_일반외국인.xlsx,일반외국인,B13-1A,<표B13-1A> 향후 3년 내(~2028년) 한국 방문 의향이 없는 이유(1+2+3순위)(한국 방문 비의향자 기준),BASE:B5. 1) 한국 ①~②,인도네시아,인도네시아,국가/지역,한국여행 관련 항공권 및 여행상품 특가/프로모션 부족,17.0,(17),8.523281675765393,%
2025_잠재방한객조사_일반외국인.xlsx,일반외국인,B13-1A,<표B13-1A> 향후 3년 내(~2028년) 한국 방문 의향이 없는 이유(1+2+3순위)(한국 방문 비의향자 기준),BASE:B5. 1) 한국 ①~②,인도네시아,인도네시아,국가/지역,불편한 비자 발급 및 출입국 절차(K-ETA 등),17.0,(17),0,%
2025_잠재방한객조사_일반외국인.xlsx,일반외국인,B13-1A,<표B13-1A> 향후 3년 내(~2028년) 한국 방문 의향이 없는 이유(1+2+3순위)(한국 방문 비의향자 기준),BASE:B5. 1) 한국 ①~②,인도네시아,인도네시아,국가/지역,매력적인 자연경관 부족,17.0,(17),5.621269203334143,%
2025_잠재방한객조사_일반외국인.xlsx,일반외국인,B13-1A,<표B13-1A> 향후 3년 내(~2028년) 한국 방문 의향이 없는 이유(1+2+3순위)(한국 방문 비의향자 기준),BASE:B5. 1) 한국 ①~②,인도네시아,인도네시아,국가/지역,고유한 전통문화 체험 어려움,17.0,(17),0,%
2025_잠재방한객조사_일반외국인.xlsx,일반외국인,B13-1A,<표B13-1A> 향후 3년 내(~2028년) 한국 방문 의향이 없는 이유(1+2+3순위)(한국 방문 비의향자 기준),BASE:B5. 1) 한국 ①~②,인도네시아,인도네시아,국가/지역,"여행하기에 적합하지 않은 날씨/기후, 계절",17.0,(17),6.387094089915296,%
2025_잠재방한객조사_일반외국인.xlsx,일반외국인,B13-1A,<표B13-1A> 향후 3년 내(~2028년) 한국 방문 의향이 없는 이유(1+2+3순위)(한국 방문 비의향자 기준),BASE:B5. 1) 한국 ①~②,인도네시아,인도네시아,국가/지역,다양하지 않은 항공 노선(직항 부족 등),17.0,(17),0,%
2025_잠재방한객조사_일반외국인.xlsx,일반외국인,B13-1A,<표B13-1A> 향후 3년 내(~2028년) 한국 방문 의향이 없는 이유(1+2+3순위)(한국 방문 비의향자 기준),BASE:B5. 1) 한국 ①~②,인도네시아,인도네시아,국가/지역,노약자/장애인/아이 등과의 동반 또는 단독 여행 불편,17.0,(17),0,%
2025_잠재방한객조사_일반외국인.xlsx,일반외국인,B13-1A,<표B13-1A> 향후 3년 내(~2028년) 한국 방문 의향이 없는 이유(1+2+3순위)(한국 방문 비의향자 기준),BASE:B5. 1) 한국 ①~②,인도네시아,인도네시아,국가/지역,"불편한 종교 환경(음식, 기도실 등)",17.0,(17),35.849661067345956,%
2025_잠재방한객조사_일반외국인.xlsx,일반외국인,B13-1A,<표B13-1A> 향후 3년 내(~2028년) 한국 방문 의향이 없는 이유(1+2+3순위)(한국 방문 비의향자 기준),BASE:B5. 1) 한국 ①~②,인도네시아,인도네시아,국가/지역,기타,17.0,(17),6.374325318581957,%
2025_잠재방한객조사_일반외국인.xlsx,일반외국인,B13-1A,<표B13-1A> 향후 3년 내(~2028년) 한국 방문 의향이 없는 이유(1+2+3순위)(한국 방문 비의향자 기준),BASE:B5. 1) 한국 ①~②,인도네시아,인도네시아,국가/지역,반려동물과의 동반 여행 불편,17.0,(17),0,%
2025_잠재방한객조사_일반외국인.xlsx,일반외국인,B13-1A,<표B13-1A> 향후 3년 내(~2028년) 한국 방문 의향이 없는 이유(1+2+3순위)(한국 방문 비의향자 기준),BASE:B5. 1) 한국 ①~②,인도네시아,인도네시아,국가/지역,부정적인 과거 한국 방문 경험 (#A2. 한국 경험자 한정),17.0,(17),0,%
2025_잠재방한객조사_일반외국인.xlsx,일반외국인,B13-1A,<표B13-1A> 향후 3년 내(~2028년) 한국 방문 의향이 없는 이유(1+2+3순위)(한국 방문 비의향자 기준),BASE:B5. 1) 한국 ①~②,태국,태국,국가/지역,불편한 언어소통,28.0,(28),24.343620801189576,%
2025_잠재방한객조사_일반외국인.xlsx,일반외국인,B13-1A,<표B13-1A> 향후 3년 내(~2028년) 한국 방문 의향이 없는 이유(1+2+3순위)(한국 방문 비의향자 기준),BASE:B5. 1) 한국 ①~②,태국,태국,국가/지역,한류(한국 문화 콘텐츠) 문화 관련 관심 부재,28.0,(28),29.971750915339268,%
2025_잠재방한객조사_일반외국인.xlsx,일반외국인,B13-1A,<표B13-1A> 향후 3년 내(~2028년) 한국 방문 의향이 없는 이유(1+2+3순위)(한국 방문 비의향자 기준),BASE:B5. 1) 한국 ①~②,태국,태국,국가/지역,여행목적지로서 낮은 한국 인지도,28.0,(28),16.11588394699428,%
2025_잠재방한객조사_일반외국인.xlsx,일반외국인,B13-1A,<표B13-1A> 향후 3년 내(~2028년) 한국 방문 의향이 없는 이유(1+2+3순위)(한국 방문 비의향자 기준),BASE:B5. 1) 한국 ①~②,태국,태국,국가/지역,부정적인 한국 관련 이미지,28.0,(28),24.934933141360762,%
2025_잠재방한객조사_일반외국인.xlsx,일반외국인,B13-1A,<표B13-1A> 향후 3년 내(~2028년) 한국 방문 의향이 없는 이유(1+2+3순위)(한국 방문 비의향자 기준),BASE:B5. 1) 한국 ①~②,태국,태국,국가/지역,적당하지 않은 여행경비 및 물가,28.0,(28),8.847114721652284,%
2025_잠재방한객조사_일반외국인.xlsx,일반외국인,B13-1A,<표B13-1A> 향후 3년 내(~2028년) 한국 방문 의향이 없는 이유(1+2+3순위)(한국 방문 비의향자 기준),BASE:B5. 1) 한국 ①~②,태국,태국,국가/지역,먼 이동거리(장거리 비행 필요),28.0,(28),6.562183591591804,%
2025_잠재방한객조사_일반외국인.xlsx,일반외국인,B13-1A,<표B13-1A> 향후 3년 내(~2028년) 한국 방문 의향이 없는 이유(1+2+3순위)(한국 방문 비의향자 기준),BASE:B5. 1) 한국 ①~②,태국,태국,국가/지역,"불안한 신변(치안, 방역 등)",28.0,(28),9.729533134632863,%
2025_잠재방한객조사_일반외국인.xlsx,일반외국인,B13-1A,<표B13-1A> 향후 3년 내(~2028년) 한국 방문 의향이 없는 이유(1+2+3순위)(한국 방문 비의향자 기준),BASE:B5. 1) 한국 ①~②,태국,태국,국가/지역,"내가 원하는 한국 여행 상품이 없어서/부족해서(일정, 가격, 구성 등)",28.0,(28),21.050152798310666,%
2025_잠재방한객조사_일반외국인.xlsx,일반외국인,B13-1A,<표B13-1A> 향후 3년 내(~2028년) 한국 방문 의향이 없는 이유(1+2+3순위)(한국 방문 비의향자 기준),BASE:B5. 1) 한국 ①~②,태국,태국,국가/지역,매력적인 문화/역사 유적지 부족,28.0,(28),12.304546674755766,%
2025_잠재방한객조사_일반외국인.xlsx,일반외국인,B13-1A,<표B13-1A> 향후 3년 내(~2028년) 한국 방문 의향이 없는 이유(1+2+3순위)(한국 방문 비의향자 기준),BASE:B5. 1) 한국 ①~②,태국,태국,국가/지역,먹을거리 부족,28.0,(28),0,%
2025_잠재방한객조사_일반외국인.xlsx,일반외국인,B13-1A,<표B13-1A> 향후 3년 내(~2028년) 한국 방문 의향이 없는 이유(1+2+3순위)(한국 방문 비의향자 기준),BASE:B5. 1) 한국 ①~②,태국,태국,국가/지역,한국여행 관련 항공권 및 여행상품 특가/프로모션 부족,28.0,(28),12.034750815416485,%
2025_잠재방한객조사_일반외국인.xlsx,일반외국인,B13-1A,<표B13-1A> 향후 3년 내(~2028년) 한국 방문 의향이 없는 이유(1+2+3순위)(한국 방문 비의향자 기준),BASE:B5. 1) 한국 ①~②,태국,태국,국가/지역,불편한 비자 발급 및 출입국 절차(K-ETA 등),28.0,(28),51.645492007307304,%
2025_잠재방한객조사_일반외국인.xlsx,일반외국인,B13-1A,<표B13-1A> 향후 3년 내(~2028년) 한국 방문 의향이 없는 이유(1+2+3순위)(한국 방문 비의향자 기준),BASE:B5. 1) 한국 ①~②,태국,태국,국가/지역,매력적인 자연경관 부족,28.0,(28),3.3991199945357953,%
2025_잠재방한객조사_일반외국인.xlsx,일반외국인,B13-1A,<표B13-1A> 향후 3년 내(~2028년) 한국 방문 의향이 없는 이유(1+2+3순위)(한국 방문 비의향자 기준),BASE:B5. 1) 한국 ①~②,태국,태국,국가/지역,고유한 전통문화 체험 어려움,28.0,(28),9.748863704260716,%
2025_잠재방한객조사_일반외국인.xlsx,일반외국인,B13-1A,<표B13-1A> 향후 3년 내(~2028년) 한국 방문 의향이 없는 이유(1+2+3순위)(한국 방문 비의향자 기준),BASE:B5. 1) 한국 ①~②,태국,태국,국가/지역,"여행하기에 적합하지 않은 날씨/기후, 계절",28.0,(28),29.645592199846675,%
2025_잠재방한객조사_일반외국인.xlsx,일반외국인,B13-1A,<표B13-1A> 향후 3년 내(~2028년) 한국 방문 의향이 없는 이유(1+2+3순위)(한국 방문 비의향자 기준),BASE:B5. 1) 한국 ①~②,태국,태국,국가/지역,다양하지 않은 항공 노선(직항 부족 등),28.0,(28),0,%
2025_잠재방한객조사_일반외국인.xlsx,일반외국인,B13-1A,<표B13-1A> 향후 3년 내(~2028년) 한국 방문 의향이 없는 이유(1+2+3순위)(한국 방문 비의향자 기준),BASE:B5. 1) 한국 ①~②,태국,태국,국가/지역,노약자/장애인/아이 등과의 동반 또는 단독 여행 불편,28.0,(28),6.188500426916376,%
2025_잠재방한객조사_일반외국인.xlsx,일반외국인,B13-1A,<표B13-1A> 향후 3년 내(~2028년) 한국 방문 의향이 없는 이유(1+2+3순위)(한국 방문 비의향자 기준),BASE:B5. 1) 한국 ①~②,태국,태국,국가/지역,"불편한 종교 환경(음식, 기도실 등)",28.0,(28),0,%
2025_잠재방한객조사_일반외국인.xlsx,일반외국인,B13-1A,<표B13-1A> 향후 3년 내(~2028년) 한국 방문 의향이 없는 이유(1+2+3순위)(한국 방문 비의향자 기준),BASE:B5. 1) 한국 ①~②,태국,태국,국가/지역,기타,28.0,(28),8.24801341579038,%
2025_잠재방한객조사_일반외국인.xlsx,일반외국인,B13-1A,<표B13-1A> 향후 3년 내(~2028년) 한국 방문 의향이 없는 이유(1+2+3순위)(한국 방문 비의향자 기준),BASE:B5. 1) 한국 ①~②,태국,태국,국가/지역,반려동물과의 동반 여행 불편,28.0,(28),2.7893804323805815,%
2025_잠재방한객조사_일반외국인.xlsx,일반외국인,B13-1A,<표B13-1A> 향후 3년 내(~2028년) 한국 방문 의향이 없는 이유(1+2+3순위)(한국 방문 비의향자 기준),BASE:B5. 1) 한국 ①~②,태국,태국,국가/지역,부정적인 과거 한국 방문 경험 (#A2. 한국 경험자 한정),28.0,(28),0,%
2025_잠재방한객조사_일반외국인.xlsx,일반외국인,B13-1A,<표B13-1A> 향후 3년 내(~2028년) 한국 방문 의향이 없는 이유(1+2+3순위)(한국 방문 비의향자 기준),BASE:B5. 1) 한국 ①~②,말레이시아,말레이시아,국가/지역,불편한 언어소통,41.0,(41),34.60937419881286,%
2025_잠재방한객조사_일반외국인.xlsx,일반외국인,B13-1A,<표B13-1A> 향후 3년 내(~2028년) 한국 방문 의향이 없는 이유(1+2+3순위)(한국 방문 비의향자 기준),BASE:B5. 1) 한국 ①~②,말레이시아,말레이시아,국가/지역,한류(한국 문화 콘텐츠) 문화 관련 관심 부재,41.0,(41),26.74192034548653,%
2025_잠재방한객조사_일반외국인.xlsx,일반외국인,B13-1A,<표B13-1A> 향후 3년 내(~2028년) 한국 방문 의향이 없는 이유(1+2+3순위)(한국 방문 비의향자 기준),BASE:B5. 1) 한국 ①~②,말레이시아,말레이시아,국가/지역,여행목적지로서 낮은 한국 인지도,41.0,(41),9.888765186679992,%
2025_잠재방한객조사_일반외국인.xlsx,일반외국인,B13-1A,<표B13-1A> 향후 3년 내(~2028년) 한국 방문 의향이 없는 이유(1+2+3순위)(한국 방문 비의향자 기준),BASE:B5. 1) 한국 ①~②,말레이시아,말레이시아,국가/지역,부정적인 한국 관련 이미지,41.0,(41),14.044125567386946,%
2025_잠재방한객조사_일반외국인.xlsx,일반외국인,B13-1A,<표B13-1A> 향후 3년 내(~2028년) 한국 방문 의향이 없는 이유(1+2+3순위)(한국 방문 비의향자 기준),BASE:B5. 1) 한국 ①~②,말레이시아,말레이시아,국가/지역,적당하지 않은 여행경비 및 물가,41.0,(41),26.564933596538975,%
2025_잠재방한객조사_일반외국인.xlsx,일반외국인,B13-1A,<표B13-1A> 향후 3년 내(~2028년) 한국 방문 의향이 없는 이유(1+2+3순위)(한국 방문 비의향자 기준),BASE:B5. 1) 한국 ①~②,말레이시아,말레이시아,국가/지역,먼 이동거리(장거리 비행 필요),41.0,(41),11.96840101097019,%
2025_잠재방한객조사_일반외국인.xlsx,일반외국인,B13-1A,<표B13-1A> 향후 3년 내(~2028년) 한국 방문 의향이 없는 이유(1+2+3순위)(한국 방문 비의향자 기준),BASE:B5. 1) 한국 ①~②,말레이시아,말레이시아,국가/지역,"불안한 신변(치안, 방역 등)",41.0,(41),9.86984203145423,%
2025_잠재방한객조사_일반외국인.xlsx,일반외국인,B13-1A,<표B13-1A> 향후 3년 내(~2028년) 한국 방문 의향이 없는 이유(1+2+3순위)(한국 방문 비의향자 기준),BASE:B5. 1) 한국 ①~②,말레이시아,말레이시아,국가/지역,"내가 원하는 한국 여행 상품이 없어서/부족해서(일정, 가격, 구성 등)",41.0,(41),9.522890923820876,%
2025_잠재방한객조사_일반외국인.xlsx,일반외국인,B13-1A,<표B13-1A> 향후 3년 내(~2028년) 한국 방문 의향이 없는 이유(1+2+3순위)(한국 방문 비의향자 기준),BASE:B5. 1) 한국 ①~②,말레이시아,말레이시아,국가/지역,매력적인 문화/역사 유적지 부족,41.0,(41),14.961360000119328,%
2025_잠재방한객조사_일반외국인.xlsx,일반외국인,B13-1A,<표B13-1A> 향후 3년 내(~2028년) 한국 방문 의향이 없는 이유(1+2+3순위)(한국 방문 비의향자 기준),BASE:B5. 1) 한국 ①~②,말레이시아,말레이시아,국가/지역,먹을거리 부족,41.0,(41),16.686836171835008,%
2025_잠재방한객조사_일반외국인.xlsx,일반외국인,B13-1A,<표B13-1A> 향후 3년 내(~2028년) 한국 방문 의향이 없는 이유(1+2+3순위)(한국 방문 비의향자 기준),BASE:B5. 1) 한국 ①~②,말레이시아,말레이시아,국가/지역,한국여행 관련 항공권 및 여행상품 특가/프로모션 부족,41.0,(41),25.30091398311488,%
2025_잠재방한객조사_일반외국인.xlsx,일반외국인,B13-1A,<표B13-1A> 향후 3년 내(~2028년) 한국 방문 의향이 없는 이유(1+2+3순위)(한국 방문 비의향자 기준),BASE:B5. 1) 한국 ①~②,말레이시아,말레이시아,국가/지역,불편한 비자 발급 및 출입국 절차(K-ETA 등),41.0,(41),12.706327910433677,%
2025_잠재방한객조사_일반외국인.xlsx,일반외국인,B13-1A,<표B13-1A> 향후 3년 내(~2028년) 한국 방문 의향이 없는 이유(1+2+3순위)(한국 방문 비의향자 기준),BASE:B5. 1) 한국 ①~②,말레이시아,말레이시아,국가/지역,매력적인 자연경관 부족,41.0,(41),11.966825177930653,%
2025_잠재방한객조사_일반외국인.xlsx,일반외국인,B13-1A,<표B13-1A> 향후 3년 내(~2028년) 한국 방문 의향이 없는 이유(1+2+3순위)(한국 방문 비의향자 기준),BASE:B5. 1) 한국 ①~②,말레이시아,말레이시아,국가/지역,고유한 전통문화 체험 어려움,41.0,(41),4.921155393784985,%
2025_잠재방한객조사_일반외국인.xlsx,일반외국인,B13-1A,<표B13-1A> 향후 3년 내(~2028년) 한국 방문 의향이 없는 이유(1+2+3순위)(한국 방문 비의향자 기준),BASE:B5. 1) 한국 ①~②,말레이시아,말레이시아,국가/지역,"여행하기에 적합하지 않은 날씨/기후, 계절",41.0,(41),4.560667538534648,%
2025_잠재방한객조사_일반외국인.xlsx,일반외국인,B13-1A,<표B13-1A> 향후 3년 내(~2028년) 한국 방문 의향이 없는 이유(1+2+3순위)(한국 방문 비의향자 기준),BASE:B5. 1) 한국 ①~②,말레이시아,말레이시아,국가/지역,다양하지 않은 항공 노선(직항 부족 등),41.0,(41),7.589329239207039,%
2025_잠재방한객조사_일반외국인.xlsx,일반외국인,B13-1A,<표B13-1A> 향후 3년 내(~2028년) 한국 방문 의향이 없는 이유(1+2+3순위)(한국 방문 비의향자 기준),BASE:B5. 1) 한국 ①~②,말레이시아,말레이시아,국가/지역,노약자/장애인/아이 등과의 동반 또는 단독 여행 불편,41.0,(41),0,%
2025_잠재방한객조사_일반외국인.xlsx,일반외국인,B13-1A,<표B13-1A> 향후 3년 내(~2028년) 한국 방문 의향이 없는 이유(1+2+3순위)(한국 방문 비의향자 기준),BASE:B5. 1) 한국 ①~②,말레이시아,말레이시아,국가/지역,"불편한 종교 환경(음식, 기도실 등)",41.0,(41),19.497580373941016,%
2025_잠재방한객조사_일반외국인.xlsx,일반외국인,B13-1A,<표B13-1A> 향후 3년 내(~2028년) 한국 방문 의향이 없는 이유(1+2+3순위)(한국 방문 비의향자 기준),BASE:B5. 1) 한국 ①~②,말레이시아,말레이시아,국가/지역,기타,41.0,(41),9.422846160208461,%
2025_잠재방한객조사_일반외국인.xlsx,일반외국인,B13-1A,<표B13-1A> 향후 3년 내(~2028년) 한국 방문 의향이 없는 이유(1+2+3순위)(한국 방문 비의향자 기준),BASE:B5. 1) 한국 ①~②,말레이시아,말레이시아,국가/지역,반려동물과의 동반 여행 불편,41.0,(41),0,%
2025_잠재방한객조사_일반외국인.xlsx,일반외국인,B13-1A,<표B13-1A> 향후 3년 내(~2028년) 한국 방문 의향이 없는 이유(1+2+3순위)(한국 방문 비의향자 기준),BASE:B5. 1) 한국 ①~②,말레이시아,말레이시아,국가/지역,부정적인 과거 한국 방문 경험 (#A2. 한국 경험자 한정),41.0,(41),0,%
2025_잠재방한객조사_일반외국인.xlsx,일반외국인,B13-1A,<표B13-1A> 향후 3년 내(~2028년) 한국 방문 의향이 없는 이유(1+2+3순위)(한국 방문 비의향자 기준),BASE:B5. 1) 한국 ①~②,캐나다,캐나다,국가/지역,불편한 언어소통,86.0,(86),35.40317548969961,%
2025_잠재방한객조사_일반외국인.xlsx,일반외국인,B13-1A,<표B13-1A> 향후 3년 내(~2028년) 한국 방문 의향이 없는 이유(1+2+3순위)(한국 방문 비의향자 기준),BASE:B5. 1) 한국 ①~②,캐나다,캐나다,국가/지역,한류(한국 문화 콘텐츠) 문화 관련 관심 부재,86.0,(86),22.01463691734846,%
2025_잠재방한객조사_일반외국인.xlsx,일반외국인,B13-1A,<표B13-1A> 향후 3년 내(~2028년) 한국 방문 의향이 없는 이유(1+2+3순위)(한국 방문 비의향자 기준),BASE:B5. 1) 한국 ①~②,캐나다,캐나다,국가/지역,여행목적지로서 낮은 한국 인지도,86.0,(86),17.55706846397878,%
2025_잠재방한객조사_일반외국인.xlsx,일반외국인,B13-1A,<표B13-1A> 향후 3년 내(~2028년) 한국 방문 의향이 없는 이유(1+2+3순위)(한국 방문 비의향자 기준),BASE:B5. 1) 한국 ①~②,캐나다,캐나다,국가/지역,부정적인 한국 관련 이미지,86.0,(86),15.792021012681323,%
2025_잠재방한객조사_일반외국인.xlsx,일반외국인,B13-1A,<표B13-1A> 향후 3년 내(~2028년) 한국 방문 의향이 없는 이유(1+2+3순위)(한국 방문 비의향자 기준),BASE:B5. 1) 한국 ①~②,캐나다,캐나다,국가/지역,적당하지 않은 여행경비 및 물가,86.0,(86),31.42377223024183,%
2025_잠재방한객조사_일반외국인.xlsx,일반외국인,B13-1A,<표B13-1A> 향후 3년 내(~2028년) 한국 방문 의향이 없는 이유(1+2+3순위)(한국 방문 비의향자 기준),BASE:B5. 1) 한국 ①~②,캐나다,캐나다,국가/지역,먼 이동거리(장거리 비행 필요),86.0,(86),24.07248227365742,%
2025_잠재방한객조사_일반외국인.xlsx,일반외국인,B13-1A,<표B13-1A> 향후 3년 내(~2028년) 한국 방문 의향이 없는 이유(1+2+3순위)(한국 방문 비의향자 기준),BASE:B5. 1) 한국 ①~②,캐나다,캐나다,국가/지역,"불안한 신변(치안, 방역 등)",86.0,(86),19.795287089867468,%
2025_잠재방한객조사_일반외국인.xlsx,일반외국인,B13-1A,<표B13-1A> 향후 3년 내(~2028년) 한국 방문 의향이 없는 이유(1+2+3순위)(한국 방문 비의향자 기준),BASE:B5. 1) 한국 ①~②,캐나다,캐나다,국가/지역,"내가 원하는 한국 여행 상품이 없어서/부족해서(일정, 가격, 구성 등)",86.0,(86),8.862311520549467,%
2025_잠재방한객조사_일반외국인.xlsx,일반외국인,B13-1A,<표B13-1A> 향후 3년 내(~2028년) 한국 방문 의향이 없는 이유(1+2+3순위)(한국 방문 비의향자 기준),BASE:B5. 1) 한국 ①~②,캐나다,캐나다,국가/지역,매력적인 문화/역사 유적지 부족,86.0,(86),6.3015632647932875,%
2025_잠재방한객조사_일반외국인.xlsx,일반외국인,B13-1A,<표B13-1A> 향후 3년 내(~2028년) 한국 방문 의향이 없는 이유(1+2+3순위)(한국 방문 비의향자 기준),BASE:B5. 1) 한국 ①~②,캐나다,캐나다,국가/지역,먹을거리 부족,86.0,(86),7.671857176318846,%
2025_잠재방한객조사_일반외국인.xlsx,일반외국인,B13-1A,<표B13-1A> 향후 3년 내(~2028년) 한국 방문 의향이 없는 이유(1+2+3순위)(한국 방문 비의향자 기준),BASE:B5. 1) 한국 ①~②,캐나다,캐나다,국가/지역,한국여행 관련 항공권 및 여행상품 특가/프로모션 부족,86.0,(86),13.634027453965935,%
2025_잠재방한객조사_일반외국인.xlsx,일반외국인,B13-1A,<표B13-1A> 향후 3년 내(~2028년) 한국 방문 의향이 없는 이유(1+2+3순위)(한국 방문 비의향자 기준),BASE:B5. 1) 한국 ①~②,캐나다,캐나다,국가/지역,불편한 비자 발급 및 출입국 절차(K-ETA 등),86.0,(86),8.154916550942435,%
2025_잠재방한객조사_일반외국인.xlsx,일반외국인,B13-1A,<표B13-1A> 향후 3년 내(~2028년) 한국 방문 의향이 없는 이유(1+2+3순위)(한국 방문 비의향자 기준),BASE:B5. 1) 한국 ①~②,캐나다,캐나다,국가/지역,매력적인 자연경관 부족,86.0,(86),4.719485475729112,%
2025_잠재방한객조사_일반외국인.xlsx,일반외국인,B13-1A,<표B13-1A> 향후 3년 내(~2028년) 한국 방문 의향이 없는 이유(1+2+3순위)(한국 방문 비의향자 기준),BASE:B5. 1) 한국 ①~②,캐나다,캐나다,국가/지역,고유한 전통문화 체험 어려움,86.0,(86),3.728088125000481,%
2025_잠재방한객조사_일반외국인.xlsx,일반외국인,B13-1A,<표B13-1A> 향후 3년 내(~2028년) 한국 방문 의향이 없는 이유(1+2+3순위)(한국 방문 비의향자 기준),BASE:B5. 1) 한국 ①~②,캐나다,캐나다,국가/지역,"여행하기에 적합하지 않은 날씨/기후, 계절",86.0,(86),3.7072075487009997,%
2025_잠재방한객조사_일반외국인.xlsx,일반외국인,B13-1A,<표B13-1A> 향후 3년 내(~2028년) 한국 방문 의향이 없는 이유(1+2+3순위)(한국 방문 비의향자 기준),BASE:B5. 1) 한국 ①~②,캐나다,캐나다,국가/지역,다양하지 않은 항공 노선(직항 부족 등),86.0,(86),13.984519219516942,%
2025_잠재방한객조사_일반외국인.xlsx,일반외국인,B13-1A,<표B13-1A> 향후 3년 내(~2028년) 한국 방문 의향이 없는 이유(1+2+3순위)(한국 방문 비의향자 기준),BASE:B5. 1) 한국 ①~②,캐나다,캐나다,국가/지역,노약자/장애인/아이 등과의 동반 또는 단독 여행 불편,86.0,(86),7.281161007080731,%
2025_잠재방한객조사_일반외국인.xlsx,일반외국인,B13-1A,<표B13-1A> 향후 3년 내(~2028년) 한국 방문 의향이 없는 이유(1+2+3순위)(한국 방문 비의향자 기준),BASE:B5. 1) 한국 ①~②,캐나다,캐나다,국가/지역,"불편한 종교 환경(음식, 기도실 등)",86.0,(86),8.281264644636,%
2025_잠재방한객조사_일반외국인.xlsx,일반외국인,B13-1A,<표B13-1A> 향후 3년 내(~2028년) 한국 방문 의향이 없는 이유(1+2+3순위)(한국 방문 비의향자 기준),BASE:B5. 1) 한국 ①~②,캐나다,캐나다,국가/지역,기타,86.0,(86),5.861011425201261,%
2025_잠재방한객조사_일반외국인.xlsx,일반외국인,B13-1A,<표B13-1A> 향후 3년 내(~2028년) 한국 방문 의향이 없는 이유(1+2+3순위)(한국 방문 비의향자 기준),BASE:B5. 1) 한국 ①~②,캐나다,캐나다,국가/지역,반려동물과의 동반 여행 불편,86.0,(86),1.840899418181851,%
2025_잠재방한객조사_일반외국인.xlsx,일반외국인,B13-1A,<표B13-1A> 향후 3년 내(~2028년) 한국 방문 의향이 없는 이유(1+2+3순위)(한국 방문 비의향자 기준),BASE:B5. 1) 한국 ①~②,캐나다,캐나다,국가/지역,부정적인 과거 한국 방문 경험 (#A2. 한국 경험자 한정),86.0,(86),1.7948046904566084,%
2025_잠재방한객조사_일반외국인.xlsx,일반외국인,B13-1A,<표B13-1A> 향후 3년 내(~2028년) 한국 방문 의향이 없는 이유(1+2+3순위)(한국 방문 비의향자 기준),BASE:B5. 1) 한국 ①~②,호주,호주,국가/지역,불편한 언어소통,109.0,(109),24.672531394798366,%
2025_잠재방한객조사_일반외국인.xlsx,일반외국인,B13-1A,<표B13-1A> 향후 3년 내(~2028년) 한국 방문 의향이 없는 이유(1+2+3순위)(한국 방문 비의향자 기준),BASE:B5. 1) 한국 ①~②,호주,호주,국가/지역,한류(한국 문화 콘텐츠) 문화 관련 관심 부재,109.0,(109),27.033350331655377,%
2025_잠재방한객조사_일반외국인.xlsx,일반외국인,B13-1A,<표B13-1A> 향후 3년 내(~2028년) 한국 방문 의향이 없는 이유(1+2+3순위)(한국 방문 비의향자 기준),BASE:B5. 1) 한국 ①~②,호주,호주,국가/지역,여행목적지로서 낮은 한국 인지도,109.0,(109),33.047130590899116,%
2025_잠재방한객조사_일반외국인.xlsx,일반외국인,B13-1A,<표B13-1A> 향후 3년 내(~2028년) 한국 방문 의향이 없는 이유(1+2+3순위)(한국 방문 비의향자 기준),BASE:B5. 1) 한국 ①~②,호주,호주,국가/지역,부정적인 한국 관련 이미지,109.0,(109),15.56465639349309,%
2025_잠재방한객조사_일반외국인.xlsx,일반외국인,B13-1A,<표B13-1A> 향후 3년 내(~2028년) 한국 방문 의향이 없는 이유(1+2+3순위)(한국 방문 비의향자 기준),BASE:B5. 1) 한국 ①~②,호주,호주,국가/지역,적당하지 않은 여행경비 및 물가,109.0,(109),11.166579061012174,%
2025_잠재방한객조사_일반외국인.xlsx,일반외국인,B13-1A,<표B13-1A> 향후 3년 내(~2028년) 한국 방문 의향이 없는 이유(1+2+3순위)(한국 방문 비의향자 기준),BASE:B5. 1) 한국 ①~②,호주,호주,국가/지역,먼 이동거리(장거리 비행 필요),109.0,(109),10.454717279305491,%
2025_잠재방한객조사_일반외국인.xlsx,일반외국인,B13-1A,<표B13-1A> 향후 3년 내(~2028년) 한국 방문 의향이 없는 이유(1+2+3순위)(한국 방문 비의향자 기준),BASE:B5. 1) 한국 ①~②,호주,호주,국가/지역,"불안한 신변(치안, 방역 등)",109.0,(109),21.57216357341415,%
2025_잠재방한객조사_일반외국인.xlsx,일반외국인,B13-1A,<표B13-1A> 향후 3년 내(~2028년) 한국 방문 의향이 없는 이유(1+2+3순위)(한국 방문 비의향자 기준),BASE:B5. 1) 한국 ①~②,호주,호주,국가/지역,"내가 원하는 한국 여행 상품이 없어서/부족해서(일정, 가격, 구성 등)",109.0,(109),11.246223815562123,%
2025_잠재방한객조사_일반외국인.xlsx,일반외국인,B13-1A,<표B13-1A> 향후 3년 내(~2028년) 한국 방문 의향이 없는 이유(1+2+3순위)(한국 방문 비의향자 기준),BASE:B5. 1) 한국 ①~②,호주,호주,국가/지역,매력적인 문화/역사 유적지 부족,109.0,(109),8.32289764277884,%
2025_잠재방한객조사_일반외국인.xlsx,일반외국인,B13-1A,<표B13-1A> 향후 3년 내(~2028년) 한국 방문 의향이 없는 이유(1+2+3순위)(한국 방문 비의향자 기준),BASE:B5. 1) 한국 ①~②,호주,호주,국가/지역,먹을거리 부족,109.0,(109),7.6196270581951175,%
2025_잠재방한객조사_일반외국인.xlsx,일반외국인,B13-1A,<표B13-1A> 향후 3년 내(~2028년) 한국 방문 의향이 없는 이유(1+2+3순위)(한국 방문 비의향자 기준),BASE:B5. 1) 한국 ①~②,호주,호주,국가/지역,한국여행 관련 항공권 및 여행상품 특가/프로모션 부족,109.0,(109),13.600890721518757,%
2025_잠재방한객조사_일반외국인.xlsx,일반외국인,B13-1A,<표B13-1A> 향후 3년 내(~2028년) 한국 방문 의향이 없는 이유(1+2+3순위)(한국 방문 비의향자 기준),BASE:B5. 1) 한국 ①~②,호주,호주,국가/지역,불편한 비자 발급 및 출입국 절차(K-ETA 등),109.0,(109),6.528782047586716,%
2025_잠재방한객조사_일반외국인.xlsx,일반외국인,B13-1A,<표B13-1A> 향후 3년 내(~2028년) 한국 방문 의향이 없는 이유(1+2+3순위)(한국 방문 비의향자 기준),BASE:B5. 1) 한국 ①~②,호주,호주,국가/지역,매력적인 자연경관 부족,109.0,(109),4.589524659593865,%
2025_잠재방한객조사_일반외국인.xlsx,일반외국인,B13-1A,<표B13-1A> 향후 3년 내(~2028년) 한국 방문 의향이 없는 이유(1+2+3순위)(한국 방문 비의향자 기준),BASE:B5. 1) 한국 ①~②,호주,호주,국가/지역,고유한 전통문화 체험 어려움,109.0,(109),9.32419189028833,%
2025_잠재방한객조사_일반외국인.xlsx,일반외국인,B13-1A,<표B13-1A> 향후 3년 내(~2028년) 한국 방문 의향이 없는 이유(1+2+3순위)(한국 방문 비의향자 기준),BASE:B5. 1) 한국 ①~②,호주,호주,국가/지역,"여행하기에 적합하지 않은 날씨/기후, 계절",109.0,(109),9.873985831715647,%
2025_잠재방한객조사_일반외국인.xlsx,일반외국인,B13-1A,<표B13-1A> 향후 3년 내(~2028년) 한국 방문 의향이 없는 이유(1+2+3순위)(한국 방문 비의향자 기준),BASE:B5. 1) 한국 ①~②,호주,호주,국가/지역,다양하지 않은 항공 노선(직항 부족 등),109.0,(109),10.162729768108097,%
2025_잠재방한객조사_일반외국인.xlsx,일반외국인,B13-1A,<표B13-1A> 향후 3년 내(~2028년) 한국 방문 의향이 없는 이유(1+2+3순위)(한국 방문 비의향자 기준),BASE:B5. 1) 한국 ①~②,호주,호주,국가/지역,노약자/장애인/아이 등과의 동반 또는 단독 여행 불편,109.0,(109),3.1970471049844638,%
2025_잠재방한객조사_일반외국인.xlsx,일반외국인,B13-1A,<표B13-1A> 향후 3년 내(~2028년) 한국 방문 의향이 없는 이유(1+2+3순위)(한국 방문 비의향자 기준),BASE:B5. 1) 한국 ①~②,호주,호주,국가/지역,"불편한 종교 환경(음식, 기도실 등)",109.0,(109),5.399671831825003,%
2025_잠재방한객조사_일반외국인.xlsx,일반외국인,B13-1A,<표B13-1A> 향후 3년 내(~2028년) 한국 방문 의향이 없는 이유(1+2+3순위)(한국 방문 비의향자 기준),BASE:B5. 1) 한국 ①~②,호주,호주,국가/지역,기타,109.0,(109),8.367667679097691,%
2025_잠재방한객조사_일반외국인.xlsx,일반외국인,B13-1A,<표B13-1A> 향후 3년 내(~2028년) 한국 방문 의향이 없는 이유(1+2+3순위)(한국 방문 비의향자 기준),BASE:B5. 1) 한국 ①~②,호주,호주,국가/지역,반려동물과의 동반 여행 불편,109.0,(109),1.5466162797191372,%
2025_잠재방한객조사_일반외국인.xlsx,일반외국인,B13-1A,<표B13-1A> 향후 3년 내(~2028년) 한국 방문 의향이 없는 이유(1+2+3순위)(한국 방문 비의향자 기준),BASE:B5. 1) 한국 ①~②,호주,호주,국가/지역,부정적인 과거 한국 방문 경험 (#A2. 한국 경험자 한정),109.0,(109),1.4565515658405948,%
2025_잠재방한객조사_일반외국인.xlsx,일반외국인,B13-1A,<표B13-1A> 향후 3년 내(~2028년) 한국 방문 의향이 없는 이유(1+2+3순위)(한국 방문 비의향자 기준),BASE:B5. 1) 한국 ①~②,러시아,러시아,국가/지역,불편한 언어소통,93.0,(93),22.803905483211235,%
2025_잠재방한객조사_일반외국인.xlsx,일반외국인,B13-1A,<표B13-1A> 향후 3년 내(~2028년) 한국 방문 의향이 없는 이유(1+2+3순위)(한국 방문 비의향자 기준),BASE:B5. 1) 한국 ①~②,러시아,러시아,국가/지역,한류(한국 문화 콘텐츠) 문화 관련 관심 부재,93.0,(93),23.20471265142835,%
2025_잠재방한객조사_일반외국인.xlsx,일반외국인,B13-1A,<표B13-1A> 향후 3년 내(~2028년) 한국 방문 의향이 없는 이유(1+2+3순위)(한국 방문 비의향자 기준),BASE:B5. 1) 한국 ①~②,러시아,러시아,국가/지역,여행목적지로서 낮은 한국 인지도,93.0,(93),35.79563665033016,%
2025_잠재방한객조사_일반외국인.xlsx,일반외국인,B13-1A,<표B13-1A> 향후 3년 내(~2028년) 한국 방문 의향이 없는 이유(1+2+3순위)(한국 방문 비의향자 기준),BASE:B5. 1) 한국 ①~②,러시아,러시아,국가/지역,부정적인 한국 관련 이미지,93.0,(93),14.121264504262376,%
2025_잠재방한객조사_일반외국인.xlsx,일반외국인,B13-1A,<표B13-1A> 향후 3년 내(~2028년) 한국 방문 의향이 없는 이유(1+2+3순위)(한국 방문 비의향자 기준),BASE:B5. 1) 한국 ①~②,러시아,러시아,국가/지역,적당하지 않은 여행경비 및 물가,93.0,(93),27.747587854047495,%
2025_잠재방한객조사_일반외국인.xlsx,일반외국인,B13-1A,<표B13-1A> 향후 3년 내(~2028년) 한국 방문 의향이 없는 이유(1+2+3순위)(한국 방문 비의향자 기준),BASE:B5. 1) 한국 ①~②,러시아,러시아,국가/지역,먼 이동거리(장거리 비행 필요),93.0,(93),22.946312298308445,%
2025_잠재방한객조사_일반외국인.xlsx,일반외국인,B13-1A,<표B13-1A> 향후 3년 내(~2028년) 한국 방문 의향이 없는 이유(1+2+3순위)(한국 방문 비의향자 기준),BASE:B5. 1) 한국 ①~②,러시아,러시아,국가/지역,"불안한 신변(치안, 방역 등)",93.0,(93),16.439211654160985,%
2025_잠재방한객조사_일반외국인.xlsx,일반외국인,B13-1A,<표B13-1A> 향후 3년 내(~2028년) 한국 방문 의향이 없는 이유(1+2+3순위)(한국 방문 비의향자 기준),BASE:B5. 1) 한국 ①~②,러시아,러시아,국가/지역,"내가 원하는 한국 여행 상품이 없어서/부족해서(일정, 가격, 구성 등)",93.0,(93),13.709605834428878,%
2025_잠재방한객조사_일반외국인.xlsx,일반외국인,B13-1A,<표B13-1A> 향후 3년 내(~2028년) 한국 방문 의향이 없는 이유(1+2+3순위)(한국 방문 비의향자 기준),BASE:B5. 1) 한국 ①~②,러시아,러시아,국가/지역,매력적인 문화/역사 유적지 부족,93.0,(93),6.96043884433917,%
2025_잠재방한객조사_일반외국인.xlsx,일반외국인,B13-1A,<표B13-1A> 향후 3년 내(~2028년) 한국 방문 의향이 없는 이유(1+2+3순위)(한국 방문 비의향자 기준),BASE:B5. 1) 한국 ①~②,러시아,러시아,국가/지역,먹을거리 부족,93.0,(93),0.8594639593725947,%
2025_잠재방한객조사_일반외국인.xlsx,일반외국인,B13-1A,<표B13-1A> 향후 3년 내(~2028년) 한국 방문 의향이 없는 이유(1+2+3순위)(한국 방문 비의향자 기준),BASE:B5. 1) 한국 ①~②,러시아,러시아,국가/지역,한국여행 관련 항공권 및 여행상품 특가/프로모션 부족,93.0,(93),17.598686656511163,%
2025_잠재방한객조사_일반외국인.xlsx,일반외국인,B13-1A,<표B13-1A> 향후 3년 내(~2028년) 한국 방문 의향이 없는 이유(1+2+3순위)(한국 방문 비의향자 기준),BASE:B5. 1) 한국 ①~②,러시아,러시아,국가/지역,불편한 비자 발급 및 출입국 절차(K-ETA 등),93.0,(93),13.579089293333807,%
2025_잠재방한객조사_일반외국인.xlsx,일반외국인,B13-1A,<표B13-1A> 향후 3년 내(~2028년) 한국 방문 의향이 없는 이유(1+2+3순위)(한국 방문 비의향자 기준),BASE:B5. 1) 한국 ①~②,러시아,러시아,국가/지역,매력적인 자연경관 부족,93.0,(93),4.4397153456493745,%
2025_잠재방한객조사_일반외국인.xlsx,일반외국인,B13-1A,<표B13-1A> 향후 3년 내(~2028년) 한국 방문 의향이 없는 이유(1+2+3순위)(한국 방문 비의향자 기준),BASE:B5. 1) 한국 ①~②,러시아,러시아,국가/지역,고유한 전통문화 체험 어려움,93.0,(93),7.053358926153018,%
2025_잠재방한객조사_일반외국인.xlsx,일반외국인,B13-1A,<표B13-1A> 향후 3년 내(~2028년) 한국 방문 의향이 없는 이유(1+2+3순위)(한국 방문 비의향자 기준),BASE:B5. 1) 한국 ①~②,러시아,러시아,국가/지역,"여행하기에 적합하지 않은 날씨/기후, 계절",93.0,(93),6.219345576135945,%
2025_잠재방한객조사_일반외국인.xlsx,일반외국인,B13-1A,<표B13-1A> 향후 3년 내(~2028년) 한국 방문 의향이 없는 이유(1+2+3순위)(한국 방문 비의향자 기준),BASE:B5. 1) 한국 ①~②,러시아,러시아,국가/지역,다양하지 않은 항공 노선(직항 부족 등),93.0,(93),9.209266277051832,%
2025_잠재방한객조사_일반외국인.xlsx,일반외국인,B13-1A,<표B13-1A> 향후 3년 내(~2028년) 한국 방문 의향이 없는 이유(1+2+3순위)(한국 방문 비의향자 기준),BASE:B5. 1) 한국 ①~②,러시아,러시아,국가/지역,노약자/장애인/아이 등과의 동반 또는 단독 여행 불편,93.0,(93),5.279363897257309,%
2025_잠재방한객조사_일반외국인.xlsx,일반외국인,B13-1A,<표B13-1A> 향후 3년 내(~2028년) 한국 방문 의향이 없는 이유(1+2+3순위)(한국 방문 비의향자 기준),BASE:B5. 1) 한국 ①~②,러시아,러시아,국가/지역,"불편한 종교 환경(음식, 기도실 등)",93.0,(93),3.4646133219131805,%
2025_잠재방한객조사_일반외국인.xlsx,일반외국인,B13-1A,<표B13-1A> 향후 3년 내(~2028년) 한국 방문 의향이 없는 이유(1+2+3순위)(한국 방문 비의향자 기준),BASE:B5. 1) 한국 ①~②,러시아,러시아,국가/지역,기타,93.0,(93),0.9174874978528649,%
2025_잠재방한객조사_일반외국인.xlsx,일반외국인,B13-1A,<표B13-1A> 향후 3년 내(~2028년) 한국 방문 의향이 없는 이유(1+2+3순위)(한국 방문 비의향자 기준),BASE:B5. 1) 한국 ①~②,러시아,러시아,국가/지역,반려동물과의 동반 여행 불편,93.0,(93),1.7144321046813984,%
2025_잠재방한객조사_일반외국인.xlsx,일반외국인,B13-1A,<표B13-1A> 향후 3년 내(~2028년) 한국 방문 의향이 없는 이유(1+2+3순위)(한국 방문 비의향자 기준),BASE:B5. 1) 한국 ①~②,러시아,러시아,국가/지역,부정적인 과거 한국 방문 경험 (#A2. 한국 경험자 한정),93.0,(93),0,%
2025_잠재방한객조사_일반외국인.xlsx,일반외국인,B13-1A,<표B13-1A> 향후 3년 내(~2028년) 한국 방문 의향이 없는 이유(1+2+3순위)(한국 방문 비의향자 기준),BASE:B5. 1) 한국 ①~②,인도,인도,국가/지역,불편한 언어소통,52.0,(52),29.770525583354125,%
2025_잠재방한객조사_일반외국인.xlsx,일반외국인,B13-1A,<표B13-1A> 향후 3년 내(~2028년) 한국 방문 의향이 없는 이유(1+2+3순위)(한국 방문 비의향자 기준),BASE:B5. 1) 한국 ①~②,인도,인도,국가/지역,한류(한국 문화 콘텐츠) 문화 관련 관심 부재,52.0,(52),15.129690770613838,%
2025_잠재방한객조사_일반외국인.xlsx,일반외국인,B13-1A,<표B13-1A> 향후 3년 내(~2028년) 한국 방문 의향이 없는 이유(1+2+3순위)(한국 방문 비의향자 기준),BASE:B5. 1) 한국 ①~②,인도,인도,국가/지역,여행목적지로서 낮은 한국 인지도,52.0,(52),22.506828011453802,%
2025_잠재방한객조사_일반외국인.xlsx,일반외국인,B13-1A,<표B13-1A> 향후 3년 내(~2028년) 한국 방문 의향이 없는 이유(1+2+3순위)(한국 방문 비의향자 기준),BASE:B5. 1) 한국 ①~②,인도,인도,국가/지역,부정적인 한국 관련 이미지,52.0,(52),13.57894280872085,%
2025_잠재방한객조사_일반외국인.xlsx,일반외국인,B13-1A,<표B13-1A> 향후 3년 내(~2028년) 한국 방문 의향이 없는 이유(1+2+3순위)(한국 방문 비의향자 기준),BASE:B5. 1) 한국 ①~②,인도,인도,국가/지역,적당하지 않은 여행경비 및 물가,52.0,(52),21.164893536064742,%
2025_잠재방한객조사_일반외국인.xlsx,일반외국인,B13-1A,<표B13-1A> 향후 3년 내(~2028년) 한국 방문 의향이 없는 이유(1+2+3순위)(한국 방문 비의향자 기준),BASE:B5. 1) 한국 ①~②,인도,인도,국가/지역,먼 이동거리(장거리 비행 필요),52.0,(52),14.56006672642255,%
2025_잠재방한객조사_일반외국인.xlsx,일반외국인,B13-1A,<표B13-1A> 향후 3년 내(~2028년) 한국 방문 의향이 없는 이유(1+2+3순위)(한국 방문 비의향자 기준),BASE:B5. 1) 한국 ①~②,인도,인도,국가/지역,"불안한 신변(치안, 방역 등)",52.0,(52),18.157260060095158,%
2025_잠재방한객조사_일반외국인.xlsx,일반외국인,B13-1A,<표B13-1A> 향후 3년 내(~2028년) 한국 방문 의향이 없는 이유(1+2+3순위)(한국 방문 비의향자 기준),BASE:B5. 1) 한국 ①~②,인도,인도,국가/지역,"내가 원하는 한국 여행 상품이 없어서/부족해서(일정, 가격, 구성 등)",52.0,(52),16.499214183068183,%
2025_잠재방한객조사_일반외국인.xlsx,일반외국인,B13-1A,<표B13-1A> 향후 3년 내(~2028년) 한국 방문 의향이 없는 이유(1+2+3순위)(한국 방문 비의향자 기준),BASE:B5. 1) 한국 ①~②,인도,인도,국가/지역,매력적인 문화/역사 유적지 부족,52.0,(52),9.921210666203516,%
2025_잠재방한객조사_일반외국인.xlsx,일반외국인,B13-1A,<표B13-1A> 향후 3년 내(~2028년) 한국 방문 의향이 없는 이유(1+2+3순위)(한국 방문 비의향자 기준),BASE:B5. 1) 한국 ①~②,인도,인도,국가/지역,먹을거리 부족,52.0,(52),18.977570831690084,%
2025_잠재방한객조사_일반외국인.xlsx,일반외국인,B13-1A,<표B13-1A> 향후 3년 내(~2028년) 한국 방문 의향이 없는 이유(1+2+3순위)(한국 방문 비의향자 기준),BASE:B5. 1) 한국 ①~②,인도,인도,국가/지역,한국여행 관련 항공권 및 여행상품 특가/프로모션 부족,52.0,(52),10.187038753291336,%
2025_잠재방한객조사_일반외국인.xlsx,일반외국인,B13-1A,<표B13-1A> 향후 3년 내(~2028년) 한국 방문 의향이 없는 이유(1+2+3순위)(한국 방문 비의향자 기준),BASE:B5. 1) 한국 ①~②,인도,인도,국가/지역,불편한 비자 발급 및 출입국 절차(K-ETA 등),52.0,(52),16.878605377433146,%
2025_잠재방한객조사_일반외국인.xlsx,일반외국인,B13-1A,<표B13-1A> 향후 3년 내(~2028년) 한국 방문 의향이 없는 이유(1+2+3순위)(한국 방문 비의향자 기준),BASE:B5. 1) 한국 ①~②,인도,인도,국가/지역,매력적인 자연경관 부족,52.0,(52),13.29105442707247,%
2025_잠재방한객조사_일반외국인.xlsx,일반외국인,B13-1A,<표B13-1A> 향후 3년 내(~2028년) 한국 방문 의향이 없는 이유(1+2+3순위)(한국 방문 비의향자 기준),BASE:B5. 1) 한국 ①~②,인도,인도,국가/지역,고유한 전통문화 체험 어려움,52.0,(52),17.518269974295073,%
2025_잠재방한객조사_일반외국인.xlsx,일반외국인,B13-1A,<표B13-1A> 향후 3년 내(~2028년) 한국 방문 의향이 없는 이유(1+2+3순위)(한국 방문 비의향자 기준),BASE:B5. 1) 한국 ①~②,인도,인도,국가/지역,"여행하기에 적합하지 않은 날씨/기후, 계절",52.0,(52),9.987506430534793,%
2025_잠재방한객조사_일반외국인.xlsx,일반외국인,B13-1A,<표B13-1A> 향후 3년 내(~2028년) 한국 방문 의향이 없는 이유(1+2+3순위)(한국 방문 비의향자 기준),BASE:B5. 1) 한국 ①~②,인도,인도,국가/지역,다양하지 않은 항공 노선(직항 부족 등),52.0,(52),7.701439732518764,%
2025_잠재방한객조사_일반외국인.xlsx,일반외국인,B13-1A,<표B13-1A> 향후 3년 내(~2028년) 한국 방문 의향이 없는 이유(1+2+3순위)(한국 방문 비의향자 기준),BASE:B5. 1) 한국 ①~②,인도,인도,국가/지역,노약자/장애인/아이 등과의 동반 또는 단독 여행 불편,52.0,(52),9.521592378626178,%
2025_잠재방한객조사_일반외국인.xlsx,일반외국인,B13-1A,<표B13-1A> 향후 3년 내(~2028년) 한국 방문 의향이 없는 이유(1+2+3순위)(한국 방문 비의향자 기준),BASE:B5. 1) 한국 ①~②,인도,인도,국가/지역,"불편한 종교 환경(음식, 기도실 등)",52.0,(52),13.28751845133636,%
2025_잠재방한객조사_일반외국인.xlsx,일반외국인,B13-1A,<표B13-1A> 향후 3년 내(~2028년) 한국 방문 의향이 없는 이유(1+2+3순위)(한국 방문 비의향자 기준),BASE:B5. 1) 한국 ①~②,인도,인도,국가/지역,기타,52.0,(52),0,%
2025_잠재방한객조사_일반외국인.xlsx,일반외국인,B13-1A,<표B13-1A> 향후 3년 내(~2028년) 한국 방문 의향이 없는 이유(1+2+3순위)(한국 방문 비의향자 기준),BASE:B5. 1) 한국 ①~②,인도,인도,국가/지역,반려동물과의 동반 여행 불편,52.0,(52),5.789697452729324,%
2025_잠재방한객조사_일반외국인.xlsx,일반외국인,B13-1A,<표B13-1A> 향후 3년 내(~2028년) 한국 방문 의향이 없는 이유(1+2+3순위)(한국 방문 비의향자 기준),BASE:B5. 1) 한국 ①~②,인도,인도,국가/지역,부정적인 과거 한국 방문 경험 (#A2. 한국 경험자 한정),52.0,(52),1.8917721400332643,%
2025_잠재방한객조사_일반외국인.xlsx,일반외국인,B13-1A,<표B13-1A> 향후 3년 내(~2028년) 한국 방문 의향이 없는 이유(1+2+3순위)(한국 방문 비의향자 기준),BASE:B5. 1) 한국 ①~②,프랑스,프랑스,국가/지역,불편한 언어소통,149.0,(149),14.846635631326265,%
2025_잠재방한객조사_일반외국인.xlsx,일반외국인,B13-1A,<표B13-1A> 향후 3년 내(~2028년) 한국 방문 의향이 없는 이유(1+2+3순위)(한국 방문 비의향자 기준),BASE:B5. 1) 한국 ①~②,프랑스,프랑스,국가/지역,한류(한국 문화 콘텐츠) 문화 관련 관심 부재,149.0,(149),21.2258478622648,%
2025_잠재방한객조사_일반외국인.xlsx,일반외국인,B13-1A,<표B13-1A> 향후 3년 내(~2028년) 한국 방문 의향이 없는 이유(1+2+3순위)(한국 방문 비의향자 기준),BASE:B5. 1) 한국 ①~②,프랑스,프랑스,국가/지역,여행목적지로서 낮은 한국 인지도,149.0,(149),40.18666079548544,%
2025_잠재방한객조사_일반외국인.xlsx,일반외국인,B13-1A,<표B13-1A> 향후 3년 내(~2028년) 한국 방문 의향이 없는 이유(1+2+3순위)(한국 방문 비의향자 기준),BASE:B5. 1) 한국 ①~②,프랑스,프랑스,국가/지역,부정적인 한국 관련 이미지,149.0,(149),18.734932173648417,%
2025_잠재방한객조사_일반외국인.xlsx,일반외국인,B13-1A,<표B13-1A> 향후 3년 내(~2028년) 한국 방문 의향이 없는 이유(1+2+3순위)(한국 방문 비의향자 기준),BASE:B5. 1) 한국 ①~②,프랑스,프랑스,국가/지역,적당하지 않은 여행경비 및 물가,149.0,(149),31.603529694402937,%
2025_잠재방한객조사_일반외국인.xlsx,일반외국인,B13-1A,<표B13-1A> 향후 3년 내(~2028년) 한국 방문 의향이 없는 이유(1+2+3순위)(한국 방문 비의향자 기준),BASE:B5. 1) 한국 ①~②,프랑스,프랑스,국가/지역,먼 이동거리(장거리 비행 필요),149.0,(149),16.005543204664665,%
2025_잠재방한객조사_일반외국인.xlsx,일반외국인,B13-1A,<표B13-1A> 향후 3년 내(~2028년) 한국 방문 의향이 없는 이유(1+2+3순위)(한국 방문 비의향자 기준),BASE:B5. 1) 한국 ①~②,프랑스,프랑스,국가/지역,"불안한 신변(치안, 방역 등)",149.0,(149),12.756186505425793,%
2025_잠재방한객조사_일반외국인.xlsx,일반외국인,B13-1A,<표B13-1A> 향후 3년 내(~2028년) 한국 방문 의향이 없는 이유(1+2+3순위)(한국 방문 비의향자 기준),BASE:B5. 1) 한국 ①~②,프랑스,프랑스,국가/지역,"내가 원하는 한국 여행 상품이 없어서/부족해서(일정, 가격, 구성 등)",149.0,(149),7.6578411749534165,%
2025_잠재방한객조사_일반외국인.xlsx,일반외국인,B13-1A,<표B13-1A> 향후 3년 내(~2028년) 한국 방문 의향이 없는 이유(1+2+3순위)(한국 방문 비의향자 기준),BASE:B5. 1) 한국 ①~②,프랑스,프랑스,국가/지역,매력적인 문화/역사 유적지 부족,149.0,(149),4.1703409278427275,%
2025_잠재방한객조사_일반외국인.xlsx,일반외국인,B13-1A,<표B13-1A> 향후 3년 내(~2028년) 한국 방문 의향이 없는 이유(1+2+3순위)(한국 방문 비의향자 기준),BASE:B5. 1) 한국 ①~②,프랑스,프랑스,국가/지역,먹을거리 부족,149.0,(149),3.1569491364616042,%
2025_잠재방한객조사_일반외국인.xlsx,일반외국인,B13-1A,<표B13-1A> 향후 3년 내(~2028년) 한국 방문 의향이 없는 이유(1+2+3순위)(한국 방문 비의향자 기준),BASE:B5. 1) 한국 ①~②,프랑스,프랑스,국가/지역,한국여행 관련 항공권 및 여행상품 특가/프로모션 부족,149.0,(149),10.44867052442017,%
2025_잠재방한객조사_일반외국인.xlsx,일반외국인,B13-1A,<표B13-1A> 향후 3년 내(~2028년) 한국 방문 의향이 없는 이유(1+2+3순위)(한국 방문 비의향자 기준),BASE:B5. 1) 한국 ①~②,프랑스,프랑스,국가/지역,불편한 비자 발급 및 출입국 절차(K-ETA 등),149.0,(149),7.702725960078093,%
2025_잠재방한객조사_일반외국인.xlsx,일반외국인,B13-1A,<표B13-1A> 향후 3년 내(~2028년) 한국 방문 의향이 없는 이유(1+2+3순위)(한국 방문 비의향자 기준),BASE:B5. 1) 한국 ①~②,프랑스,프랑스,국가/지역,매력적인 자연경관 부족,149.0,(149),9.770805280241571,%
2025_잠재방한객조사_일반외국인.xlsx,일반외국인,B13-1A,<표B13-1A> 향후 3년 내(~2028년) 한국 방문 의향이 없는 이유(1+2+3순위)(한국 방문 비의향자 기준),BASE:B5. 1) 한국 ①~②,프랑스,프랑스,국가/지역,고유한 전통문화 체험 어려움,149.0,(149),9.901415427929825,%
2025_잠재방한객조사_일반외국인.xlsx,일반외국인,B13-1A,<표B13-1A> 향후 3년 내(~2028년) 한국 방문 의향이 없는 이유(1+2+3순위)(한국 방문 비의향자 기준),BASE:B5. 1) 한국 ①~②,프랑스,프랑스,국가/지역,"여행하기에 적합하지 않은 날씨/기후, 계절",149.0,(149),6.105802341655996,%
2025_잠재방한객조사_일반외국인.xlsx,일반외국인,B13-1A,<표B13-1A> 향후 3년 내(~2028년) 한국 방문 의향이 없는 이유(1+2+3순위)(한국 방문 비의향자 기준),BASE:B5. 1) 한국 ①~②,프랑스,프랑스,국가/지역,다양하지 않은 항공 노선(직항 부족 등),149.0,(149),7.6119269579012,%
2025_잠재방한객조사_일반외국인.xlsx,일반외국인,B13-1A,<표B13-1A> 향후 3년 내(~2028년) 한국 방문 의향이 없는 이유(1+2+3순위)(한국 방문 비의향자 기준),BASE:B5. 1) 한국 ①~②,프랑스,프랑스,국가/지역,노약자/장애인/아이 등과의 동반 또는 단독 여행 불편,149.0,(149),6.001400366310302,%
2025_잠재방한객조사_일반외국인.xlsx,일반외국인,B13-1A,<표B13-1A> 향후 3년 내(~2028년) 한국 방문 의향이 없는 이유(1+2+3순위)(한국 방문 비의향자 기준),BASE:B5. 1) 한국 ①~②,프랑스,프랑스,국가/지역,"불편한 종교 환경(음식, 기도실 등)",149.0,(149),1.7030332828492645,%
2025_잠재방한객조사_일반외국인.xlsx,일반외국인,B13-1A,<표B13-1A> 향후 3년 내(~2028년) 한국 방문 의향이 없는 이유(1+2+3순위)(한국 방문 비의향자 기준),BASE:B5. 1) 한국 ①~②,프랑스,프랑스,국가/지역,기타,149.0,(149),1.6129690077090129,%
2025_잠재방한객조사_일반외국인.xlsx,일반외국인,B13-1A,<표B13-1A> 향후 3년 내(~2028년) 한국 방문 의향이 없는 이유(1+2+3순위)(한국 방문 비의향자 기준),BASE:B5. 1) 한국 ①~②,프랑스,프랑스,국가/지역,반려동물과의 동반 여행 불편,149.0,(149),2.632961860871858,%
2025_잠재방한객조사_일반외국인.xlsx,일반외국인,B13-1A,<표B13-1A> 향후 3년 내(~2028년) 한국 방문 의향이 없는 이유(1+2+3순위)(한국 방문 비의향자 기준),BASE:B5. 1) 한국 ①~②,프랑스,프랑스,국가/지역,부정적인 과거 한국 방문 경험 (#A2. 한국 경험자 한정),149.0,(149),0,%
2025_잠재방한객조사_일반외국인.xlsx,일반외국인,B13-1A,<표B13-1A> 향후 3년 내(~2028년) 한국 방문 의향이 없는 이유(1+2+3순위)(한국 방문 비의향자 기준),BASE:B5. 1) 한국 ①~②,독일,독일,국가/지역,불편한 언어소통,176.0,(176),17.65662972634545,%
2025_잠재방한객조사_일반외국인.xlsx,일반외국인,B13-1A,<표B13-1A> 향후 3년 내(~2028년) 한국 방문 의향이 없는 이유(1+2+3순위)(한국 방문 비의향자 기준),BASE:B5. 1) 한국 ①~②,독일,독일,국가/지역,한류(한국 문화 콘텐츠) 문화 관련 관심 부재,176.0,(176),24.64104963568236,%
2025_잠재방한객조사_일반외국인.xlsx,일반외국인,B13-1A,<표B13-1A> 향후 3년 내(~2028년) 한국 방문 의향이 없는 이유(1+2+3순위)(한국 방문 비의향자 기준),BASE:B5. 1) 한국 ①~②,독일,독일,국가/지역,여행목적지로서 낮은 한국 인지도,176.0,(176),31.642258463381,%
2025_잠재방한객조사_일반외국인.xlsx,일반외국인,B13-1A,<표B13-1A> 향후 3년 내(~2028년) 한국 방문 의향이 없는 이유(1+2+3순위)(한국 방문 비의향자 기준),BASE:B5. 1) 한국 ①~②,독일,독일,국가/지역,부정적인 한국 관련 이미지,176.0,(176),19.768192477964934,%
2025_잠재방한객조사_일반외국인.xlsx,일반외국인,B13-1A,<표B13-1A> 향후 3년 내(~2028년) 한국 방문 의향이 없는 이유(1+2+3순위)(한국 방문 비의향자 기준),BASE:B5. 1) 한국 ①~②,독일,독일,국가/지역,적당하지 않은 여행경비 및 물가,176.0,(176),30.772490457439368,%
2025_잠재방한객조사_일반외국인.xlsx,일반외국인,B13-1A,<표B13-1A> 향후 3년 내(~2028년) 한국 방문 의향이 없는 이유(1+2+3순위)(한국 방문 비의향자 기준),BASE:B5. 1) 한국 ①~②,독일,독일,국가/지역,먼 이동거리(장거리 비행 필요),176.0,(176),28.872323022195147,%
2025_잠재방한객조사_일반외국인.xlsx,일반외국인,B13-1A,<표B13-1A> 향후 3년 내(~2028년) 한국 방문 의향이 없는 이유(1+2+3순위)(한국 방문 비의향자 기준),BASE:B5. 1) 한국 ①~②,독일,독일,국가/지역,"불안한 신변(치안, 방역 등)",176.0,(176),22.75933653704319,%
2025_잠재방한객조사_일반외국인.xlsx,일반외국인,B13-1A,<표B13-1A> 향후 3년 내(~2028년) 한국 방문 의향이 없는 이유(1+2+3순위)(한국 방문 비의향자 기준),BASE:B5. 1) 한국 ①~②,독일,독일,국가/지역,"내가 원하는 한국 여행 상품이 없어서/부족해서(일정, 가격, 구성 등)",176.0,(176),11.595435361493646,%
2025_잠재방한객조사_일반외국인.xlsx,일반외국인,B13-1A,<표B13-1A> 향후 3년 내(~2028년) 한국 방문 의향이 없는 이유(1+2+3순위)(한국 방문 비의향자 기준),BASE:B5. 1) 한국 ①~②,독일,독일,국가/지역,매력적인 문화/역사 유적지 부족,176.0,(176),6.9552208786734875,%
2025_잠재방한객조사_일반외국인.xlsx,일반외국인,B13-1A,<표B13-1A> 향후 3년 내(~2028년) 한국 방문 의향이 없는 이유(1+2+3순위)(한국 방문 비의향자 기준),BASE:B5. 1) 한국 ①~②,독일,독일,국가/지역,먹을거리 부족,176.0,(176),3.3886555583483995,%
2025_잠재방한객조사_일반외국인.xlsx,일반외국인,B13-1A,<표B13-1A> 향후 3년 내(~2028년) 한국 방문 의향이 없는 이유(1+2+3순위)(한국 방문 비의향자 기준),BASE:B5. 1) 한국 ①~②,독일,독일,국가/지역,한국여행 관련 항공권 및 여행상품 특가/프로모션 부족,176.0,(176),9.397293002134733,%
2025_잠재방한객조사_일반외국인.xlsx,일반외국인,B13-1A,<표B13-1A> 향후 3년 내(~2028년) 한국 방문 의향이 없는 이유(1+2+3순위)(한국 방문 비의향자 기준),BASE:B5. 1) 한국 ①~②,독일,독일,국가/지역,불편한 비자 발급 및 출입국 절차(K-ETA 등),176.0,(176),8.634921940132582,%
2025_잠재방한객조사_일반외국인.xlsx,일반외국인,B13-1A,<표B13-1A> 향후 3년 내(~2028년) 한국 방문 의향이 없는 이유(1+2+3순위)(한국 방문 비의향자 기준),BASE:B5. 1) 한국 ①~②,독일,독일,국가/지역,매력적인 자연경관 부족,176.0,(176),7.243189945557199,%
2025_잠재방한객조사_일반외국인.xlsx,일반외국인,B13-1A,<표B13-1A> 향후 3년 내(~2028년) 한국 방문 의향이 없는 이유(1+2+3순위)(한국 방문 비의향자 기준),BASE:B5. 1) 한국 ①~②,독일,독일,국가/지역,고유한 전통문화 체험 어려움,176.0,(176),6.580709627976884,%
2025_잠재방한객조사_일반외국인.xlsx,일반외국인,B13-1A,<표B13-1A> 향후 3년 내(~2028년) 한국 방문 의향이 없는 이유(1+2+3순위)(한국 방문 비의향자 기준),BASE:B5. 1) 한국 ①~②,독일,독일,국가/지역,"여행하기에 적합하지 않은 날씨/기후, 계절",176.0,(176),3.3891531698256094,%
2025_잠재방한객조사_일반외국인.xlsx,일반외국인,B13-1A,<표B13-1A> 향후 3년 내(~2028년) 한국 방문 의향이 없는 이유(1+2+3순위)(한국 방문 비의향자 기준),BASE:B5. 1) 한국 ①~②,독일,독일,국가/지역,다양하지 않은 항공 노선(직항 부족 등),176.0,(176),3.8503029703877782,%
2025_잠재방한객조사_일반외국인.xlsx,일반외국인,B13-1A,<표B13-1A> 향후 3년 내(~2028년) 한국 방문 의향이 없는 이유(1+2+3순위)(한국 방문 비의향자 기준),BASE:B5. 1) 한국 ①~②,독일,독일,국가/지역,노약자/장애인/아이 등과의 동반 또는 단독 여행 불편,176.0,(176),3.8961475372891705,%
2025_잠재방한객조사_일반외국인.xlsx,일반외국인,B13-1A,<표B13-1A> 향후 3년 내(~2028년) 한국 방문 의향이 없는 이유(1+2+3순위)(한국 방문 비의향자 기준),BASE:B5. 1) 한국 ①~②,독일,독일,국가/지역,"불편한 종교 환경(음식, 기도실 등)",176.0,(176),2.4423731383026412,%
2025_잠재방한객조사_일반외국인.xlsx,일반외국인,B13-1A,<표B13-1A> 향후 3년 내(~2028년) 한국 방문 의향이 없는 이유(1+2+3순위)(한국 방문 비의향자 기준),BASE:B5. 1) 한국 ①~②,독일,독일,국가/지역,기타,176.0,(176),8.522900224775457,%
2025_잠재방한객조사_일반외국인.xlsx,일반외국인,B13-1A,<표B13-1A> 향후 3년 내(~2028년) 한국 방문 의향이 없는 이유(1+2+3순위)(한국 방문 비의향자 기준),BASE:B5. 1) 한국 ①~②,독일,독일,국가/지역,반려동물과의 동반 여행 불편,176.0,(176),1.2401910694878742,%
2025_잠재방한객조사_일반외국인.xlsx,일반외국인,B13-1A,<표B13-1A> 향후 3년 내(~2028년) 한국 방문 의향이 없는 이유(1+2+3순위)(한국 방문 비의향자 기준),BASE:B5. 1) 한국 ①~②,독일,독일,국가/지역,부정적인 과거 한국 방문 경험 (#A2. 한국 경험자 한정),176.0,(176),0,%
2025_잠재방한객조사_일반외국인.xlsx,일반외국인,B13-1A,<표B13-1A> 향후 3년 내(~2028년) 한국 방문 의향이 없는 이유(1+2+3순위)(한국 방문 비의향자 기준),BASE:B5. 1) 한국 ①~②,영국,영국,국가/지역,불편한 언어소통,162.0,(162),21.659133013919806,%
2025_잠재방한객조사_일반외국인.xlsx,일반외국인,B13-1A,<표B13-1A> 향후 3년 내(~2028년) 한국 방문 의향이 없는 이유(1+2+3순위)(한국 방문 비의향자 기준),BASE:B5. 1) 한국 ①~②,영국,영국,국가/지역,한류(한국 문화 콘텐츠) 문화 관련 관심 부재,162.0,(162),15.522683145520624,%
2025_잠재방한객조사_일반외국인.xlsx,일반외국인,B13-1A,<표B13-1A> 향후 3년 내(~2028년) 한국 방문 의향이 없는 이유(1+2+3순위)(한국 방문 비의향자 기준),BASE:B5. 1) 한국 ①~②,영국,영국,국가/지역,여행목적지로서 낮은 한국 인지도,162.0,(162),33.70416807054531,%
2025_잠재방한객조사_일반외국인.xlsx,일반외국인,B13-1A,<표B13-1A> 향후 3년 내(~2028년) 한국 방문 의향이 없는 이유(1+2+3순위)(한국 방문 비의향자 기준),BASE:B5. 1) 한국 ①~②,영국,영국,국가/지역,부정적인 한국 관련 이미지,162.0,(162),15.759127169552889,%
2025_잠재방한객조사_일반외국인.xlsx,일반외국인,B13-1A,<표B13-1A> 향후 3년 내(~2028년) 한국 방문 의향이 없는 이유(1+2+3순위)(한국 방문 비의향자 기준),BASE:B5. 1) 한국 ①~②,영국,영국,국가/지역,적당하지 않은 여행경비 및 물가,162.0,(162),19.38402098667174,%
2025_잠재방한객조사_일반외국인.xlsx,일반외국인,B13-1A,<표B13-1A> 향후 3년 내(~2028년) 한국 방문 의향이 없는 이유(1+2+3순위)(한국 방문 비의향자 기준),BASE:B5. 1) 한국 ①~②,영국,영국,국가/지역,먼 이동거리(장거리 비행 필요),162.0,(162),29.311560548134885,%
2025_잠재방한객조사_일반외국인.xlsx,일반외국인,B13-1A,<표B13-1A> 향후 3년 내(~2028년) 한국 방문 의향이 없는 이유(1+2+3순위)(한국 방문 비의향자 기준),BASE:B5. 1) 한국 ①~②,영국,영국,국가/지역,"불안한 신변(치안, 방역 등)",162.0,(162),14.150154055788644,%
2025_잠재방한객조사_일반외국인.xlsx,일반외국인,B13-1A,<표B13-1A> 향후 3년 내(~2028년) 한국 방문 의향이 없는 이유(1+2+3순위)(한국 방문 비의향자 기준),BASE:B5. 1) 한국 ①~②,영국,영국,국가/지역,"내가 원하는 한국 여행 상품이 없어서/부족해서(일정, 가격, 구성 등)",162.0,(162),14.862703662594257,%
2025_잠재방한객조사_일반외국인.xlsx,일반외국인,B13-1A,<표B13-1A> 향후 3년 내(~2028년) 한국 방문 의향이 없는 이유(1+2+3순위)(한국 방문 비의향자 기준),BASE:B5. 1) 한국 ①~②,영국,영국,국가/지역,매력적인 문화/역사 유적지 부족,162.0,(162),4.391979242422677,%
2025_잠재방한객조사_일반외국인.xlsx,일반외국인,B13-1A,<표B13-1A> 향후 3년 내(~2028년) 한국 방문 의향이 없는 이유(1+2+3순위)(한국 방문 비의향자 기준),BASE:B5. 1) 한국 ①~②,영국,영국,국가/지역,먹을거리 부족,162.0,(162),8.678943953812219,%
2025_잠재방한객조사_일반외국인.xlsx,일반외국인,B13-1A,<표B13-1A> 향후 3년 내(~2028년) 한국 방문 의향이 없는 이유(1+2+3순위)(한국 방문 비의향자 기준),BASE:B5. 1) 한국 ①~②,영국,영국,국가/지역,한국여행 관련 항공권 및 여행상품 특가/프로모션 부족,162.0,(162),3.775031431443063,%
2025_잠재방한객조사_일반외국인.xlsx,일반외국인,B13-1A,<표B13-1A> 향후 3년 내(~2028년) 한국 방문 의향이 없는 이유(1+2+3순위)(한국 방문 비의향자 기준),BASE:B5. 1) 한국 ①~②,영국,영국,국가/지역,불편한 비자 발급 및 출입국 절차(K-ETA 등),162.0,(162),10.297661323996717,%
2025_잠재방한객조사_일반외국인.xlsx,일반외국인,B13-1A,<표B13-1A> 향후 3년 내(~2028년) 한국 방문 의향이 없는 이유(1+2+3순위)(한국 방문 비의향자 기준),BASE:B5. 1) 한국 ①~②,영국,영국,국가/지역,매력적인 자연경관 부족,162.0,(162),0.9343032689242707,%
2025_잠재방한객조사_일반외국인.xlsx,일반외국인,B13-1A,<표B13-1A> 향후 3년 내(~2028년) 한국 방문 의향이 없는 이유(1+2+3순위)(한국 방문 비의향자 기준),BASE:B5. 1) 한국 ①~②,영국,영국,국가/지역,고유한 전통문화 체험 어려움,162.0,(162),6.014902221714337,%
2025_잠재방한객조사_일반외국인.xlsx,일반외국인,B13-1A,<표B13-1A> 향후 3년 내(~2028년) 한국 방문 의향이 없는 이유(1+2+3순위)(한국 방문 비의향자 기준),BASE:B5. 1) 한국 ①~②,영국,영국,국가/지역,"여행하기에 적합하지 않은 날씨/기후, 계절",162.0,(162),3.6511519904840735,%
2025_잠재방한객조사_일반외국인.xlsx,일반외국인,B13-1A,<표B13-1A> 향후 3년 내(~2028년) 한국 방문 의향이 없는 이유(1+2+3순위)(한국 방문 비의향자 기준),BASE:B5. 1) 한국 ①~②,영국,영국,국가/지역,다양하지 않은 항공 노선(직항 부족 등),162.0,(162),8.017517220372358,%
2025_잠재방한객조사_일반외국인.xlsx,일반외국인,B13-1A,<표B13-1A> 향후 3년 내(~2028년) 한국 방문 의향이 없는 이유(1+2+3순위)(한국 방문 비의향자 기준),BASE:B5. 1) 한국 ①~②,영국,영국,국가/지역,노약자/장애인/아이 등과의 동반 또는 단독 여행 불편,162.0,(162),4.423600325056374,%
2025_잠재방한객조사_일반외국인.xlsx,일반외국인,B13-1A,<표B13-1A> 향후 3년 내(~2028년) 한국 방문 의향이 없는 이유(1+2+3순위)(한국 방문 비의향자 기준),BASE:B5. 1) 한국 ①~②,영국,영국,국가/지역,"불편한 종교 환경(음식, 기도실 등)",162.0,(162),5.289871681036774,%
2025_잠재방한객조사_일반외국인.xlsx,일반외국인,B13-1A,<표B13-1A> 향후 3년 내(~2028년) 한국 방문 의향이 없는 이유(1+2+3순위)(한국 방문 비의향자 기준),BASE:B5. 1) 한국 ①~②,영국,영국,국가/지역,기타,162.0,(162),10.551101075746194,%
2025_잠재방한객조사_일반외국인.xlsx,일반외국인,B13-1A,<표B13-1A> 향후 3년 내(~2028년) 한국 방문 의향이 없는 이유(1+2+3순위)(한국 방문 비의향자 기준),BASE:B5. 1) 한국 ①~②,영국,영국,국가/지역,반려동물과의 동반 여행 불편,162.0,(162),0.4844568819627429,%
2025_잠재방한객조사_일반외국인.xlsx,일반외국인,B13-1A,<표B13-1A> 향후 3년 내(~2028년) 한국 방문 의향이 없는 이유(1+2+3순위)(한국 방문 비의향자 기준),BASE:B5. 1) 한국 ①~②,영국,영국,국가/지역,부정적인 과거 한국 방문 경험 (#A2. 한국 경험자 한정),162.0,(162),1.054775682032529,%
2025_잠재방한객조사_일반외국인.xlsx,일반외국인,B13-1A,<표B13-1A> 향후 3년 내(~2028년) 한국 방문 의향이 없는 이유(1+2+3순위)(한국 방문 비의향자 기준),BASE:B5. 1) 한국 ①~②,멕시코,멕시코,국가/지역,불편한 언어소통,86.0,(86),15.53845205088374,%
2025_잠재방한객조사_일반외국인.xlsx,일반외국인,B13-1A,<표B13-1A> 향후 3년 내(~2028년) 한국 방문 의향이 없는 이유(1+2+3순위)(한국 방문 비의향자 기준),BASE:B5. 1) 한국 ①~②,멕시코,멕시코,국가/지역,한류(한국 문화 콘텐츠) 문화 관련 관심 부재,86.0,(86),21.697510085502216,%
2025_잠재방한객조사_일반외국인.xlsx,일반외국인,B13-1A,<표B13-1A> 향후 3년 내(~2028년) 한국 방문 의향이 없는 이유(1+2+3순위)(한국 방문 비의향자 기준),BASE:B5. 1) 한국 ①~②,멕시코,멕시코,국가/지역,여행목적지로서 낮은 한국 인지도,86.0,(86),25.924437423224983,%
2025_잠재방한객조사_일반외국인.xlsx,일반외국인,B13-1A,<표B13-1A> 향후 3년 내(~2028년) 한국 방문 의향이 없는 이유(1+2+3순위)(한국 방문 비의향자 기준),BASE:B5. 1) 한국 ①~②,멕시코,멕시코,국가/지역,부정적인 한국 관련 이미지,86.0,(86),19.919032550409472,%
2025_잠재방한객조사_일반외국인.xlsx,일반외국인,B13-1A,<표B13-1A> 향후 3년 내(~2028년) 한국 방문 의향이 없는 이유(1+2+3순위)(한국 방문 비의향자 기준),BASE:B5. 1) 한국 ①~②,멕시코,멕시코,국가/지역,적당하지 않은 여행경비 및 물가,86.0,(86),21.47235068429241,%
2025_잠재방한객조사_일반외국인.xlsx,일반외국인,B13-1A,<표B13-1A> 향후 3년 내(~2028년) 한국 방문 의향이 없는 이유(1+2+3순위)(한국 방문 비의향자 기준),BASE:B5. 1) 한국 ①~②,멕시코,멕시코,국가/지역,먼 이동거리(장거리 비행 필요),86.0,(86),16.496810700397223,%
2025_잠재방한객조사_일반외국인.xlsx,일반외국인,B13-1A,<표B13-1A> 향후 3년 내(~2028년) 한국 방문 의향이 없는 이유(1+2+3순위)(한국 방문 비의향자 기준),BASE:B5. 1) 한국 ①~②,멕시코,멕시코,국가/지역,"불안한 신변(치안, 방역 등)",86.0,(86),17.784253692690616,%
2025_잠재방한객조사_일반외국인.xlsx,일반외국인,B13-1A,<표B13-1A> 향후 3년 내(~2028년) 한국 방문 의향이 없는 이유(1+2+3순위)(한국 방문 비의향자 기준),BASE:B5. 1) 한국 ①~②,멕시코,멕시코,국가/지역,"내가 원하는 한국 여행 상품이 없어서/부족해서(일정, 가격, 구성 등)",86.0,(86),11.90358204614996,%
2025_잠재방한객조사_일반외국인.xlsx,일반외국인,B13-1A,<표B13-1A> 향후 3년 내(~2028년) 한국 방문 의향이 없는 이유(1+2+3순위)(한국 방문 비의향자 기준),BASE:B5. 1) 한국 ①~②,멕시코,멕시코,국가/지역,매력적인 문화/역사 유적지 부족,86.0,(86),10.824956010124378,%
2025_잠재방한객조사_일반외국인.xlsx,일반외국인,B13-1A,<표B13-1A> 향후 3년 내(~2028년) 한국 방문 의향이 없는 이유(1+2+3순위)(한국 방문 비의향자 기준),BASE:B5. 1) 한국 ①~②,멕시코,멕시코,국가/지역,먹을거리 부족,86.0,(86),5.965868999269013,%
2025_잠재방한객조사_일반외국인.xlsx,일반외국인,B13-1A,<표B13-1A> 향후 3년 내(~2028년) 한국 방문 의향이 없는 이유(1+2+3순위)(한국 방문 비의향자 기준),BASE:B5. 1) 한국 ①~②,멕시코,멕시코,국가/지역,한국여행 관련 항공권 및 여행상품 특가/프로모션 부족,86.0,(86),20.931783787105612,%
2025_잠재방한객조사_일반외국인.xlsx,일반외국인,B13-1A,<표B13-1A> 향후 3년 내(~2028년) 한국 방문 의향이 없는 이유(1+2+3순위)(한국 방문 비의향자 기준),BASE:B5. 1) 한국 ①~②,멕시코,멕시코,국가/지역,불편한 비자 발급 및 출입국 절차(K-ETA 등),86.0,(86),8.22453562172245,%
2025_잠재방한객조사_일반외국인.xlsx,일반외국인,B13-1A,<표B13-1A> 향후 3년 내(~2028년) 한국 방문 의향이 없는 이유(1+2+3순위)(한국 방문 비의향자 기준),BASE:B5. 1) 한국 ①~②,멕시코,멕시코,국가/지역,매력적인 자연경관 부족,86.0,(86),5.460996935398414,%
2025_잠재방한객조사_일반외국인.xlsx,일반외국인,B13-1A,<표B13-1A> 향후 3년 내(~2028년) 한국 방문 의향이 없는 이유(1+2+3순위)(한국 방문 비의향자 기준),BASE:B5. 1) 한국 ①~②,멕시코,멕시코,국가/지역,고유한 전통문화 체험 어려움,86.0,(86),17.96947060055656,%
2025_잠재방한객조사_일반외국인.xlsx,일반외국인,B13-1A,<표B13-1A> 향후 3년 내(~2028년) 한국 방문 의향이 없는 이유(1+2+3순위)(한국 방문 비의향자 기준),BASE:B5. 1) 한국 ①~②,멕시코,멕시코,국가/지역,"여행하기에 적합하지 않은 날씨/기후, 계절",86.0,(86),4.521676926253893,%
2025_잠재방한객조사_일반외국인.xlsx,일반외국인,B13-1A,<표B13-1A> 향후 3년 내(~2028년) 한국 방문 의향이 없는 이유(1+2+3순위)(한국 방문 비의향자 기준),BASE:B5. 1) 한국 ①~②,멕시코,멕시코,국가/지역,다양하지 않은 항공 노선(직항 부족 등),86.0,(86),13.75609244181398,%
2025_잠재방한객조사_일반외국인.xlsx,일반외국인,B13-1A,<표B13-1A> 향후 3년 내(~2028년) 한국 방문 의향이 없는 이유(1+2+3순위)(한국 방문 비의향자 기준),BASE:B5. 1) 한국 ①~②,멕시코,멕시코,국가/지역,노약자/장애인/아이 등과의 동반 또는 단독 여행 불편,86.0,(86),4.54891616134949,%
2025_잠재방한객조사_일반외국인.xlsx,일반외국인,B13-1A,<표B13-1A> 향후 3년 내(~2028년) 한국 방문 의향이 없는 이유(1+2+3순위)(한국 방문 비의향자 기준),BASE:B5. 1) 한국 ①~②,멕시코,멕시코,국가/지역,"불편한 종교 환경(음식, 기도실 등)",86.0,(86),3.3629997495002337,%
2025_잠재방한객조사_일반외국인.xlsx,일반외국인,B13-1A,<표B13-1A> 향후 3년 내(~2028년) 한국 방문 의향이 없는 이유(1+2+3순위)(한국 방문 비의향자 기준),BASE:B5. 1) 한국 ①~②,멕시코,멕시코,국가/지역,기타,86.0,(86),3.871806813482314,%
2025_잠재방한객조사_일반외국인.xlsx,일반외국인,B13-1A,<표B13-1A> 향후 3년 내(~2028년) 한국 방문 의향이 없는 이유(1+2+3순위)(한국 방문 비의향자 기준),BASE:B5. 1) 한국 ①~②,멕시코,멕시코,국가/지역,반려동물과의 동반 여행 불편,86.0,(86),3.4000464655220406,%
2025_잠재방한객조사_일반외국인.xlsx,일반외국인,B13-1A,<표B13-1A> 향후 3년 내(~2028년) 한국 방문 의향이 없는 이유(1+2+3순위)(한국 방문 비의향자 기준),BASE:B5. 1) 한국 ①~②,멕시코,멕시코,국가/지역,부정적인 과거 한국 방문 경험 (#A2. 한국 경험자 한정),86.0,(86),1.1021235472159856,%
2025_잠재방한객조사_일반외국인.xlsx,일반외국인,B13-1A,<표B13-1A> 향후 3년 내(~2028년) 한국 방문 의향이 없는 이유(1+2+3순위)(한국 방문 비의향자 기준),BASE:B5. 1) 한국 ①~②,카자흐스탄,카자흐스탄,국가/지역,불편한 언어소통,42.0,(42),22.014819691749587,%
2025_잠재방한객조사_일반외국인.xlsx,일반외국인,B13-1A,<표B13-1A> 향후 3년 내(~2028년) 한국 방문 의향이 없는 이유(1+2+3순위)(한국 방문 비의향자 기준),BASE:B5. 1) 한국 ①~②,카자흐스탄,카자흐스탄,국가/지역,한류(한국 문화 콘텐츠) 문화 관련 관심 부재,42.0,(42),24.03626624351281,%
2025_잠재방한객조사_일반외국인.xlsx,일반외국인,B13-1A,<표B13-1A> 향후 3년 내(~2028년) 한국 방문 의향이 없는 이유(1+2+3순위)(한국 방문 비의향자 기준),BASE:B5. 1) 한국 ①~②,카자흐스탄,카자흐스탄,국가/지역,여행목적지로서 낮은 한국 인지도,42.0,(42),35.36391606310577,%
2025_잠재방한객조사_일반외국인.xlsx,일반외국인,B13-1A,<표B13-1A> 향후 3년 내(~2028년) 한국 방문 의향이 없는 이유(1+2+3순위)(한국 방문 비의향자 기준),BASE:B5. 1) 한국 ①~②,카자흐스탄,카자흐스탄,국가/지역,부정적인 한국 관련 이미지,42.0,(42),2.1412342816961583,%
2025_잠재방한객조사_일반외국인.xlsx,일반외국인,B13-1A,<표B13-1A> 향후 3년 내(~2028년) 한국 방문 의향이 없는 이유(1+2+3순위)(한국 방문 비의향자 기준),BASE:B5. 1) 한국 ①~②,카자흐스탄,카자흐스탄,국가/지역,적당하지 않은 여행경비 및 물가,42.0,(42),40.54989443764993,%
2025_잠재방한객조사_일반외국인.xlsx,일반외국인,B13-1A,<표B13-1A> 향후 3년 내(~2028년) 한국 방문 의향이 없는 이유(1+2+3순위)(한국 방문 비의향자 기준),BASE:B5. 1) 한국 ①~②,카자흐스탄,카자흐스탄,국가/지역,먼 이동거리(장거리 비행 필요),42.0,(42),9.038639642637182,%
2025_잠재방한객조사_일반외국인.xlsx,일반외국인,B13-1A,<표B13-1A> 향후 3년 내(~2028년) 한국 방문 의향이 없는 이유(1+2+3순위)(한국 방문 비의향자 기준),BASE:B5. 1) 한국 ①~②,카자흐스탄,카자흐스탄,국가/지역,"불안한 신변(치안, 방역 등)",42.0,(42),11.312701783510454,%
2025_잠재방한객조사_일반외국인.xlsx,일반외국인,B13-1A,<표B13-1A> 향후 3년 내(~2028년) 한국 방문 의향이 없는 이유(1+2+3순위)(한국 방문 비의향자 기준),BASE:B5. 1) 한국 ①~②,카자흐스탄,카자흐스탄,국가/지역,"내가 원하는 한국 여행 상품이 없어서/부족해서(일정, 가격, 구성 등)",42.0,(42),24.37394712914818,%
2025_잠재방한객조사_일반외국인.xlsx,일반외국인,B13-1A,<표B13-1A> 향후 3년 내(~2028년) 한국 방문 의향이 없는 이유(1+2+3순위)(한국 방문 비의향자 기준),BASE:B5. 1) 한국 ①~②,카자흐스탄,카자흐스탄,국가/지역,매력적인 문화/역사 유적지 부족,42.0,(42),2.1588685020442258,%
2025_잠재방한객조사_일반외국인.xlsx,일반외국인,B13-1A,<표B13-1A> 향후 3년 내(~2028년) 한국 방문 의향이 없는 이유(1+2+3순위)(한국 방문 비의향자 기준),BASE:B5. 1) 한국 ①~②,카자흐스탄,카자흐스탄,국가/지역,먹을거리 부족,42.0,(42),4.427054928584104,%
2025_잠재방한객조사_일반외국인.xlsx,일반외국인,B13-1A,<표B13-1A> 향후 3년 내(~2028년) 한국 방문 의향이 없는 이유(1+2+3순위)(한국 방문 비의향자 기준),BASE:B5. 1) 한국 ①~②,카자흐스탄,카자흐스탄,국가/지역,한국여행 관련 항공권 및 여행상품 특가/프로모션 부족,42.0,(42),11.04951150617778,%
2025_잠재방한객조사_일반외국인.xlsx,일반외국인,B13-1A,<표B13-1A> 향후 3년 내(~2028년) 한국 방문 의향이 없는 이유(1+2+3순위)(한국 방문 비의향자 기준),BASE:B5. 1) 한국 ①~②,카자흐스탄,카자흐스탄,국가/지역,불편한 비자 발급 및 출입국 절차(K-ETA 등),42.0,(42),13.166468336429386,%
2025_잠재방한객조사_일반외국인.xlsx,일반외국인,B13-1A,<표B13-1A> 향후 3년 내(~2028년) 한국 방문 의향이 없는 이유(1+2+3순위)(한국 방문 비의향자 기준),BASE:B5. 1) 한국 ①~②,카자흐스탄,카자흐스탄,국가/지역,매력적인 자연경관 부족,42.0,(42),4.244539040995039,%
2025_잠재방한객조사_일반외국인.xlsx,일반외국인,B13-1A,<표B13-1A> 향후 3년 내(~2028년) 한국 방문 의향이 없는 이유(1+2+3순위)(한국 방문 비의향자 기준),BASE:B5. 1) 한국 ①~②,카자흐스탄,카자흐스탄,국가/지역,고유한 전통문화 체험 어려움,42.0,(42),4.308272051549401,%
2025_잠재방한객조사_일반외국인.xlsx,일반외국인,B13-1A,<표B13-1A> 향후 3년 내(~2028년) 한국 방문 의향이 없는 이유(1+2+3순위)(한국 방문 비의향자 기준),BASE:B5. 1) 한국 ①~②,카자흐스탄,카자흐스탄,국가/지역,"여행하기에 적합하지 않은 날씨/기후, 계절",42.0,(42),11.126298704830683,%
2025_잠재방한객조사_일반외국인.xlsx,일반외국인,B13-1A,<표B13-1A> 향후 3년 내(~2028년) 한국 방문 의향이 없는 이유(1+2+3순위)(한국 방문 비의향자 기준),BASE:B5. 1) 한국 ①~②,카자흐스탄,카자흐스탄,국가/지역,다양하지 않은 항공 노선(직항 부족 등),42.0,(42),6.6680967059836505,%
2025_잠재방한객조사_일반외국인.xlsx,일반외국인,B13-1A,<표B13-1A> 향후 3년 내(~2028년) 한국 방문 의향이 없는 이유(1+2+3순위)(한국 방문 비의향자 기준),BASE:B5. 1) 한국 ①~②,카자흐스탄,카자흐스탄,국가/지역,노약자/장애인/아이 등과의 동반 또는 단독 여행 불편,42.0,(42),4.364517257948315,%
2025_잠재방한객조사_일반외국인.xlsx,일반외국인,B13-1A,<표B13-1A> 향후 3년 내(~2028년) 한국 방문 의향이 없는 이유(1+2+3순위)(한국 방문 비의향자 기준),BASE:B5. 1) 한국 ①~②,카자흐스탄,카자흐스탄,국가/지역,"불편한 종교 환경(음식, 기도실 등)",42.0,(42),6.448340386946398,%
2025_잠재방한객조사_일반외국인.xlsx,일반외국인,B13-1A,<표B13-1A> 향후 3년 내(~2028년) 한국 방문 의향이 없는 이유(1+2+3순위)(한국 방문 비의향자 기준),BASE:B5. 1) 한국 ①~②,카자흐스탄,카자흐스탄,국가/지역,기타,42.0,(42),2.182847714080972,%
2025_잠재방한객조사_일반외국인.xlsx,일반외국인,B13-1A,<표B13-1A> 향후 3년 내(~2028년) 한국 방문 의향이 없는 이유(1+2+3순위)(한국 방문 비의향자 기준),BASE:B5. 1) 한국 ①~②,카자흐스탄,카자흐스탄,국가/지역,반려동물과의 동반 여행 불편,42.0,(42),4.523016587217805,%
2025_잠재방한객조사_일반외국인.xlsx,일반외국인,B13-1A,<표B13-1A> 향후 3년 내(~2028년) 한국 방문 의향이 없는 이유(1+2+3순위)(한국 방문 비의향자 기준),BASE:B5. 1) 한국 ①~②,카자흐스탄,카자흐스탄,국가/지역,부정적인 과거 한국 방문 경험 (#A2. 한국 경험자 한정),42.0,(42),0,%
2025_잠재방한객조사_일반외국인.xlsx,일반외국인,B13-1A,<표B13-1A> 향후 3년 내(~2028년) 한국 방문 의향이 없는 이유(1+2+3순위)(한국 방문 비의향자 기준),BASE:B5. 1) 한국 ①~②,튀르키예,튀르키예,국가/지역,불편한 언어소통,80.0,(80),30.140255979569254,%
2025_잠재방한객조사_일반외국인.xlsx,일반외국인,B13-1A,<표B13-1A> 향후 3년 내(~2028년) 한국 방문 의향이 없는 이유(1+2+3순위)(한국 방문 비의향자 기준),BASE:B5. 1) 한국 ①~②,튀르키예,튀르키예,국가/지역,한류(한국 문화 콘텐츠) 문화 관련 관심 부재,80.0,(80),10.486463731527394,%
2025_잠재방한객조사_일반외국인.xlsx,일반외국인,B13-1A,<표B13-1A> 향후 3년 내(~2028년) 한국 방문 의향이 없는 이유(1+2+3순위)(한국 방문 비의향자 기준),BASE:B5. 1) 한국 ①~②,튀르키예,튀르키예,국가/지역,여행목적지로서 낮은 한국 인지도,80.0,(80),13.551808733131274,%
2025_잠재방한객조사_일반외국인.xlsx,일반외국인,B13-1A,<표B13-1A> 향후 3년 내(~2028년) 한국 방문 의향이 없는 이유(1+2+3순위)(한국 방문 비의향자 기준),BASE:B5. 1) 한국 ①~②,튀르키예,튀르키예,국가/지역,부정적인 한국 관련 이미지,80.0,(80),15.012902125946923,%
2025_잠재방한객조사_일반외국인.xlsx,일반외국인,B13-1A,<표B13-1A> 향후 3년 내(~2028년) 한국 방문 의향이 없는 이유(1+2+3순위)(한국 방문 비의향자 기준),BASE:B5. 1) 한국 ①~②,튀르키예,튀르키예,국가/지역,적당하지 않은 여행경비 및 물가,80.0,(80),21.970240188170852,%
2025_잠재방한객조사_일반외국인.xlsx,일반외국인,B13-1A,<표B13-1A> 향후 3년 내(~2028년) 한국 방문 의향이 없는 이유(1+2+3순위)(한국 방문 비의향자 기준),BASE:B5. 1) 한국 ①~②,튀르키예,튀르키예,국가/지역,먼 이동거리(장거리 비행 필요),80.0,(80),23.515774115511277,%
2025_잠재방한객조사_일반외국인.xlsx,일반외국인,B13-1A,<표B13-1A> 향후 3년 내(~2028년) 한국 방문 의향이 없는 이유(1+2+3순위)(한국 방문 비의향자 기준),BASE:B5. 1) 한국 ①~②,튀르키예,튀르키예,국가/지역,"불안한 신변(치안, 방역 등)",80.0,(80),13.494631798439945,%
2025_잠재방한객조사_일반외국인.xlsx,일반외국인,B13-1A,<표B13-1A> 향후 3년 내(~2028년) 한국 방문 의향이 없는 이유(1+2+3순위)(한국 방문 비의향자 기준),BASE:B5. 1) 한국 ①~②,튀르키예,튀르키예,국가/지역,"내가 원하는 한국 여행 상품이 없어서/부족해서(일정, 가격, 구성 등)",80.0,(80),12.488236621593229,%
2025_잠재방한객조사_일반외국인.xlsx,일반외국인,B13-1A,<표B13-1A> 향후 3년 내(~2028년) 한국 방문 의향이 없는 이유(1+2+3순위)(한국 방문 비의향자 기준),BASE:B5. 1) 한국 ①~②,튀르키예,튀르키예,국가/지역,매력적인 문화/역사 유적지 부족,80.0,(80),6.198823542047098,%
2025_잠재방한객조사_일반외국인.xlsx,일반외국인,B13-1A,<표B13-1A> 향후 3년 내(~2028년) 한국 방문 의향이 없는 이유(1+2+3순위)(한국 방문 비의향자 기준),BASE:B5. 1) 한국 ①~②,튀르키예,튀르키예,국가/지역,먹을거리 부족,80.0,(80),24.326522364073536,%
2025_잠재방한객조사_일반외국인.xlsx,일반외국인,B13-1A,<표B13-1A> 향후 3년 내(~2028년) 한국 방문 의향이 없는 이유(1+2+3순위)(한국 방문 비의향자 기준),BASE:B5. 1) 한국 ①~②,튀르키예,튀르키예,국가/지역,한국여행 관련 항공권 및 여행상품 특가/프로모션 부족,80.0,(80),11.253443223071525,%
2025_잠재방한객조사_일반외국인.xlsx,일반외국인,B13-1A,<표B13-1A> 향후 3년 내(~2028년) 한국 방문 의향이 없는 이유(1+2+3순위)(한국 방문 비의향자 기준),BASE:B5. 1) 한국 ①~②,튀르키예,튀르키예,국가/지역,불편한 비자 발급 및 출입국 절차(K-ETA 등),80.0,(80),15.18125124798188,%
2025_잠재방한객조사_일반외국인.xlsx,일반외국인,B13-1A,<표B13-1A> 향후 3년 내(~2028년) 한국 방문 의향이 없는 이유(1+2+3순위)(한국 방문 비의향자 기준),BASE:B5. 1) 한국 ①~②,튀르키예,튀르키예,국가/지역,매력적인 자연경관 부족,80.0,(80),8.423520226967849,%
2025_잠재방한객조사_일반외국인.xlsx,일반외국인,B13-1A,<표B13-1A> 향후 3년 내(~2028년) 한국 방문 의향이 없는 이유(1+2+3순위)(한국 방문 비의향자 기준),BASE:B5. 1) 한국 ①~②,튀르키예,튀르키예,국가/지역,고유한 전통문화 체험 어려움,80.0,(80),2.325832776499535,%
2025_잠재방한객조사_일반외국인.xlsx,일반외국인,B13-1A,<표B13-1A> 향후 3년 내(~2028년) 한국 방문 의향이 없는 이유(1+2+3순위)(한국 방문 비의향자 기준),BASE:B5. 1) 한국 ①~②,튀르키예,튀르키예,국가/지역,"여행하기에 적합하지 않은 날씨/기후, 계절",80.0,(80),10.026230067284816,%
2025_잠재방한객조사_일반외국인.xlsx,일반외국인,B13-1A,<표B13-1A> 향후 3년 내(~2028년) 한국 방문 의향이 없는 이유(1+2+3순위)(한국 방문 비의향자 기준),BASE:B5. 1) 한국 ①~②,튀르키예,튀르키예,국가/지역,다양하지 않은 항공 노선(직항 부족 등),80.0,(80),12.668458109440216,%
2025_잠재방한객조사_일반외국인.xlsx,일반외국인,B13-1A,<표B13-1A> 향후 3년 내(~2028년) 한국 방문 의향이 없는 이유(1+2+3순위)(한국 방문 비의향자 기준),BASE:B5. 1) 한국 ①~②,튀르키예,튀르키예,국가/지역,노약자/장애인/아이 등과의 동반 또는 단독 여행 불편,80.0,(80),9.185947411120237,%
2025_잠재방한객조사_일반외국인.xlsx,일반외국인,B13-1A,<표B13-1A> 향후 3년 내(~2028년) 한국 방문 의향이 없는 이유(1+2+3순위)(한국 방문 비의향자 기준),BASE:B5. 1) 한국 ①~②,튀르키예,튀르키예,국가/지역,"불편한 종교 환경(음식, 기도실 등)",80.0,(80),8.333441001216231,%
2025_잠재방한객조사_일반외국인.xlsx,일반외국인,B13-1A,<표B13-1A> 향후 3년 내(~2028년) 한국 방문 의향이 없는 이유(1+2+3순위)(한국 방문 비의향자 기준),BASE:B5. 1) 한국 ①~②,튀르키예,튀르키예,국가/지역,기타,80.0,(80),5.669246548405062,%
2025_잠재방한객조사_일반외국인.xlsx,일반외국인,B13-1A,<표B13-1A> 향후 3년 내(~2028년) 한국 방문 의향이 없는 이유(1+2+3순위)(한국 방문 비의향자 기준),BASE:B5. 1) 한국 ①~②,튀르키예,튀르키예,국가/지역,반려동물과의 동반 여행 불편,80.0,(80),0,%
2025_잠재방한객조사_일반외국인.xlsx,일반외국인,B13-1A,<표B13-1A> 향후 3년 내(~2028년) 한국 방문 의향이 없는 이유(1+2+3순위)(한국 방문 비의향자 기준),BASE:B5. 1) 한국 ①~②,튀르키예,튀르키예,국가/지역,부정적인 과거 한국 방문 경험 (#A2. 한국 경험자 한정),80.0,(80),0,%
2025_잠재방한객조사_일반외국인.xlsx,일반외국인,B13-1A,<표B13-1A> 향후 3년 내(~2028년) 한국 방문 의향이 없는 이유(1+2+3순위)(한국 방문 비의향자 기준),BASE:B5. 1) 한국 ①~②,브라질,브라질,국가/지역,불편한 언어소통,88.0,(88),37.23586769067765,%
2025_잠재방한객조사_일반외국인.xlsx,일반외국인,B13-1A,<표B13-1A> 향후 3년 내(~2028년) 한국 방문 의향이 없는 이유(1+2+3순위)(한국 방문 비의향자 기준),BASE:B5. 1) 한국 ①~②,브라질,브라질,국가/지역,한류(한국 문화 콘텐츠) 문화 관련 관심 부재,88.0,(88),32.06904088166061,%
2025_잠재방한객조사_일반외국인.xlsx,일반외국인,B13-1A,<표B13-1A> 향후 3년 내(~2028년) 한국 방문 의향이 없는 이유(1+2+3순위)(한국 방문 비의향자 기준),BASE:B5. 1) 한국 ①~②,브라질,브라질,국가/지역,여행목적지로서 낮은 한국 인지도,88.0,(88),21.05477194559393,%
2025_잠재방한객조사_일반외국인.xlsx,일반외국인,B13-1A,<표B13-1A> 향후 3년 내(~2028년) 한국 방문 의향이 없는 이유(1+2+3순위)(한국 방문 비의향자 기준),BASE:B5. 1) 한국 ①~②,브라질,브라질,국가/지역,부정적인 한국 관련 이미지,88.0,(88),13.1676335278093,%
2025_잠재방한객조사_일반외국인.xlsx,일반외국인,B13-1A,<표B13-1A> 향후 3년 내(~2028년) 한국 방문 의향이 없는 이유(1+2+3순위)(한국 방문 비의향자 기준),BASE:B5. 1) 한국 ①~②,브라질,브라질,국가/지역,적당하지 않은 여행경비 및 물가,88.0,(88),16.423035742679165,%
2025_잠재방한객조사_일반외국인.xlsx,일반외국인,B13-1A,<표B13-1A> 향후 3년 내(~2028년) 한국 방문 의향이 없는 이유(1+2+3순위)(한국 방문 비의향자 기준),BASE:B5. 1) 한국 ①~②,브라질,브라질,국가/지역,먼 이동거리(장거리 비행 필요),88.0,(88),19.17675879594149,%
2025_잠재방한객조사_일반외국인.xlsx,일반외국인,B13-1A,<표B13-1A> 향후 3년 내(~2028년) 한국 방문 의향이 없는 이유(1+2+3순위)(한국 방문 비의향자 기준),BASE:B5. 1) 한국 ①~②,브라질,브라질,국가/지역,"불안한 신변(치안, 방역 등)",88.0,(88),2.186280670936388,%
2025_잠재방한객조사_일반외국인.xlsx,일반외국인,B13-1A,<표B13-1A> 향후 3년 내(~2028년) 한국 방문 의향이 없는 이유(1+2+3순위)(한국 방문 비의향자 기준),BASE:B5. 1) 한국 ①~②,브라질,브라질,국가/지역,"내가 원하는 한국 여행 상품이 없어서/부족해서(일정, 가격, 구성 등)",88.0,(88),16.444822599583496,%
2025_잠재방한객조사_일반외국인.xlsx,일반외국인,B13-1A,<표B13-1A> 향후 3년 내(~2028년) 한국 방문 의향이 없는 이유(1+2+3순위)(한국 방문 비의향자 기준),BASE:B5. 1) 한국 ①~②,브라질,브라질,국가/지역,매력적인 문화/역사 유적지 부족,88.0,(88),3.778504874319087,%
2025_잠재방한객조사_일반외국인.xlsx,일반외국인,B13-1A,<표B13-1A> 향후 3년 내(~2028년) 한국 방문 의향이 없는 이유(1+2+3순위)(한국 방문 비의향자 기준),BASE:B5. 1) 한국 ①~②,브라질,브라질,국가/지역,먹을거리 부족,88.0,(88),4.821160577564947,%
2025_잠재방한객조사_일반외국인.xlsx,일반외국인,B13-1A,<표B13-1A> 향후 3년 내(~2028년) 한국 방문 의향이 없는 이유(1+2+3순위)(한국 방문 비의향자 기준),BASE:B5. 1) 한국 ①~②,브라질,브라질,국가/지역,한국여행 관련 항공권 및 여행상품 특가/프로모션 부족,88.0,(88),11.379698311930634,%
2025_잠재방한객조사_일반외국인.xlsx,일반외국인,B13-1A,<표B13-1A> 향후 3년 내(~2028년) 한국 방문 의향이 없는 이유(1+2+3순위)(한국 방문 비의향자 기준),BASE:B5. 1) 한국 ①~②,브라질,브라질,국가/지역,불편한 비자 발급 및 출입국 절차(K-ETA 등),88.0,(88),12.69265850126778,%
2025_잠재방한객조사_일반외국인.xlsx,일반외국인,B13-1A,<표B13-1A> 향후 3년 내(~2028년) 한국 방문 의향이 없는 이유(1+2+3순위)(한국 방문 비의향자 기준),BASE:B5. 1) 한국 ①~②,브라질,브라질,국가/지역,매력적인 자연경관 부족,88.0,(88),2.0229648252757917,%
2025_잠재방한객조사_일반외국인.xlsx,일반외국인,B13-1A,<표B13-1A> 향후 3년 내(~2028년) 한국 방문 의향이 없는 이유(1+2+3순위)(한국 방문 비의향자 기준),BASE:B5. 1) 한국 ①~②,브라질,브라질,국가/지역,고유한 전통문화 체험 어려움,88.0,(88),15.742650462641027,%
2025_잠재방한객조사_일반외국인.xlsx,일반외국인,B13-1A,<표B13-1A> 향후 3년 내(~2028년) 한국 방문 의향이 없는 이유(1+2+3순위)(한국 방문 비의향자 기준),BASE:B5. 1) 한국 ①~②,브라질,브라질,국가/지역,"여행하기에 적합하지 않은 날씨/기후, 계절",88.0,(88),6.8012248512325,%
2025_잠재방한객조사_일반외국인.xlsx,일반외국인,B13-1A,<표B13-1A> 향후 3년 내(~2028년) 한국 방문 의향이 없는 이유(1+2+3순위)(한국 방문 비의향자 기준),BASE:B5. 1) 한국 ①~②,브라질,브라질,국가/지역,다양하지 않은 항공 노선(직항 부족 등),88.0,(88),4.3328925918453365,%
2025_잠재방한객조사_일반외국인.xlsx,일반외국인,B13-1A,<표B13-1A> 향후 3년 내(~2028년) 한국 방문 의향이 없는 이유(1+2+3순위)(한국 방문 비의향자 기준),BASE:B5. 1) 한국 ①~②,브라질,브라질,국가/지역,노약자/장애인/아이 등과의 동반 또는 단독 여행 불편,88.0,(88),7.349523167234164,%
2025_잠재방한객조사_일반외국인.xlsx,일반외국인,B13-1A,<표B13-1A> 향후 3년 내(~2028년) 한국 방문 의향이 없는 이유(1+2+3순위)(한국 방문 비의향자 기준),BASE:B5. 1) 한국 ①~②,브라질,브라질,국가/지역,"불편한 종교 환경(음식, 기도실 등)",88.0,(88),4.492497483385197,%
2025_잠재방한객조사_일반외국인.xlsx,일반외국인,B13-1A,<표B13-1A> 향후 3년 내(~2028년) 한국 방문 의향이 없는 이유(1+2+3순위)(한국 방문 비의향자 기준),BASE:B5. 1) 한국 ①~②,브라질,브라질,국가/지역,기타,88.0,(88),6.599887690614918,%
2025_잠재방한객조사_일반외국인.xlsx,일반외국인,B13-1A,<표B13-1A> 향후 3년 내(~2028년) 한국 방문 의향이 없는 이유(1+2+3순위)(한국 방문 비의향자 기준),BASE:B5. 1) 한국 ①~②,브라질,브라질,국가/지역,반려동물과의 동반 여행 불편,88.0,(88),0.9609694135469998,%
2025_잠재방한객조사_일반외국인.xlsx,일반외국인,B13-1A,<표B13-1A> 향후 3년 내(~2028년) 한국 방문 의향이 없는 이유(1+2+3순위)(한국 방문 비의향자 기준),BASE:B5. 1) 한국 ①~②,브라질,브라질,국가/지역,부정적인 과거 한국 방문 경험 (#A2. 한국 경험자 한정),88.0,(88),0,%
2025_잠재방한객조사_일반외국인.xlsx,일반외국인,B13-1A,<표B13-1A> 향후 3년 내(~2028년) 한국 방문 의향이 없는 이유(1+2+3순위)(한국 방문 비의향자 기준),BASE:B5. 1) 한국 ①~②,사우디아라비아,사우디아라비아,국가/지역,불편한 언어소통,66.0,(66),28.738682061987564,%
2025_잠재방한객조사_일반외국인.xlsx,일반외국인,B13-1A,<표B13-1A> 향후 3년 내(~2028년) 한국 방문 의향이 없는 이유(1+2+3순위)(한국 방문 비의향자 기준),BASE:B5. 1) 한국 ①~②,사우디아라비아,사우디아라비아,국가/지역,한류(한국 문화 콘텐츠) 문화 관련 관심 부재,66.0,(66),12.805036733478085,%
2025_잠재방한객조사_일반외국인.xlsx,일반외국인,B13-1A,<표B13-1A> 향후 3년 내(~2028년) 한국 방문 의향이 없는 이유(1+2+3순위)(한국 방문 비의향자 기준),BASE:B5. 1) 한국 ①~②,사우디아라비아,사우디아라비아,국가/지역,여행목적지로서 낮은 한국 인지도,66.0,(66),31.44377602848009,%
2025_잠재방한객조사_일반외국인.xlsx,일반외국인,B13-1A,<표B13-1A> 향후 3년 내(~2028년) 한국 방문 의향이 없는 이유(1+2+3순위)(한국 방문 비의향자 기준),BASE:B5. 1) 한국 ①~②,사우디아라비아,사우디아라비아,국가/지역,부정적인 한국 관련 이미지,66.0,(66),16.44322835377512,%
2025_잠재방한객조사_일반외국인.xlsx,일반외국인,B13-1A,<표B13-1A> 향후 3년 내(~2028년) 한국 방문 의향이 없는 이유(1+2+3순위)(한국 방문 비의향자 기준),BASE:B5. 1) 한국 ①~②,사우디아라비아,사우디아라비아,국가/지역,적당하지 않은 여행경비 및 물가,66.0,(66),18.235830957056226,%
2025_잠재방한객조사_일반외국인.xlsx,일반외국인,B13-1A,<표B13-1A> 향후 3년 내(~2028년) 한국 방문 의향이 없는 이유(1+2+3순위)(한국 방문 비의향자 기준),BASE:B5. 1) 한국 ①~②,사우디아라비아,사우디아라비아,국가/지역,먼 이동거리(장거리 비행 필요),66.0,(66),17.588553846021654,%
2025_잠재방한객조사_일반외국인.xlsx,일반외국인,B13-1A,<표B13-1A> 향후 3년 내(~2028년) 한국 방문 의향이 없는 이유(1+2+3순위)(한국 방문 비의향자 기준),BASE:B5. 1) 한국 ①~②,사우디아라비아,사우디아라비아,국가/지역,"불안한 신변(치안, 방역 등)",66.0,(66),16.1804750247494,%
2025_잠재방한객조사_일반외국인.xlsx,일반외국인,B13-1A,<표B13-1A> 향후 3년 내(~2028년) 한국 방문 의향이 없는 이유(1+2+3순위)(한국 방문 비의향자 기준),BASE:B5. 1) 한국 ①~②,사우디아라비아,사우디아라비아,국가/지역,"내가 원하는 한국 여행 상품이 없어서/부족해서(일정, 가격, 구성 등)",66.0,(66),17.362505621301107,%
2025_잠재방한객조사_일반외국인.xlsx,일반외국인,B13-1A,<표B13-1A> 향후 3년 내(~2028년) 한국 방문 의향이 없는 이유(1+2+3순위)(한국 방문 비의향자 기준),BASE:B5. 1) 한국 ①~②,사우디아라비아,사우디아라비아,국가/지역,매력적인 문화/역사 유적지 부족,66.0,(66),13.818782612906599,%
2025_잠재방한객조사_일반외국인.xlsx,일반외국인,B13-1A,<표B13-1A> 향후 3년 내(~2028년) 한국 방문 의향이 없는 이유(1+2+3순위)(한국 방문 비의향자 기준),BASE:B5. 1) 한국 ①~②,사우디아라비아,사우디아라비아,국가/지역,먹을거리 부족,66.0,(66),12.477312600157276,%
2025_잠재방한객조사_일반외국인.xlsx,일반외국인,B13-1A,<표B13-1A> 향후 3년 내(~2028년) 한국 방문 의향이 없는 이유(1+2+3순위)(한국 방문 비의향자 기준),BASE:B5. 1) 한국 ①~②,사우디아라비아,사우디아라비아,국가/지역,한국여행 관련 항공권 및 여행상품 특가/프로모션 부족,66.0,(66),12.151433574539878,%
2025_잠재방한객조사_일반외국인.xlsx,일반외국인,B13-1A,<표B13-1A> 향후 3년 내(~2028년) 한국 방문 의향이 없는 이유(1+2+3순위)(한국 방문 비의향자 기준),BASE:B5. 1) 한국 ①~②,사우디아라비아,사우디아라비아,국가/지역,불편한 비자 발급 및 출입국 절차(K-ETA 등),66.0,(66),15.42420222655789,%
2025_잠재방한객조사_일반외국인.xlsx,일반외국인,B13-1A,<표B13-1A> 향후 3년 내(~2028년) 한국 방문 의향이 없는 이유(1+2+3순위)(한국 방문 비의향자 기준),BASE:B5. 1) 한국 ①~②,사우디아라비아,사우디아라비아,국가/지역,매력적인 자연경관 부족,66.0,(66),14.106218312964259,%
2025_잠재방한객조사_일반외국인.xlsx,일반외국인,B13-1A,<표B13-1A> 향후 3년 내(~2028년) 한국 방문 의향이 없는 이유(1+2+3순위)(한국 방문 비의향자 기준),BASE:B5. 1) 한국 ①~②,사우디아라비아,사우디아라비아,국가/지역,고유한 전통문화 체험 어려움,66.0,(66),6.564332384157372,%
2025_잠재방한객조사_일반외국인.xlsx,일반외국인,B13-1A,<표B13-1A> 향후 3년 내(~2028년) 한국 방문 의향이 없는 이유(1+2+3순위)(한국 방문 비의향자 기준),BASE:B5. 1) 한국 ①~②,사우디아라비아,사우디아라비아,국가/지역,"여행하기에 적합하지 않은 날씨/기후, 계절",66.0,(66),8.76681796879611,%
2025_잠재방한객조사_일반외국인.xlsx,일반외국인,B13-1A,<표B13-1A> 향후 3년 내(~2028년) 한국 방문 의향이 없는 이유(1+2+3순위)(한국 방문 비의향자 기준),BASE:B5. 1) 한국 ①~②,사우디아라비아,사우디아라비아,국가/지역,다양하지 않은 항공 노선(직항 부족 등),66.0,(66),3.8635949045248896,%
2025_잠재방한객조사_일반외국인.xlsx,일반외국인,B13-1A,<표B13-1A> 향후 3년 내(~2028년) 한국 방문 의향이 없는 이유(1+2+3순위)(한국 방문 비의향자 기준),BASE:B5. 1) 한국 ①~②,사우디아라비아,사우디아라비아,국가/지역,노약자/장애인/아이 등과의 동반 또는 단독 여행 불편,66.0,(66),8.713182626096064,%
2025_잠재방한객조사_일반외국인.xlsx,일반외국인,B13-1A,<표B13-1A> 향후 3년 내(~2028년) 한국 방문 의향이 없는 이유(1+2+3순위)(한국 방문 비의향자 기준),BASE:B5. 1) 한국 ①~②,사우디아라비아,사우디아라비아,국가/지역,"불편한 종교 환경(음식, 기도실 등)",66.0,(66),21.16189278920938,%
2025_잠재방한객조사_일반외국인.xlsx,일반외국인,B13-1A,<표B13-1A> 향후 3년 내(~2028년) 한국 방문 의향이 없는 이유(1+2+3순위)(한국 방문 비의향자 기준),BASE:B5. 1) 한국 ①~②,사우디아라비아,사우디아라비아,국가/지역,기타,66.0,(66),0,%
2025_잠재방한객조사_일반외국인.xlsx,일반외국인,B13-1A,<표B13-1A> 향후 3년 내(~2028년) 한국 방문 의향이 없는 이유(1+2+3순위)(한국 방문 비의향자 기준),BASE:B5. 1) 한국 ①~②,사우디아라비아,사우디아라비아,국가/지역,반려동물과의 동반 여행 불편,66.0,(66),8.150770320636818,%
2025_잠재방한객조사_일반외국인.xlsx,일반외국인,B13-1A,<표B13-1A> 향후 3년 내(~2028년) 한국 방문 의향이 없는 이유(1+2+3순위)(한국 방문 비의향자 기준),BASE:B5. 1) 한국 ①~②,사우디아라비아,사우디아라비아,국가/지역,부정적인 과거 한국 방문 경험 (#A2. 한국 경험자 한정),66.0,(66),0.6349381239763496,%
2025_잠재방한객조사_일반외국인.xlsx,일반외국인,B13-1A,<표B13-1A> 향후 3년 내(~2028년) 한국 방문 의향이 없는 이유(1+2+3순위)(한국 방문 비의향자 기준),BASE:B5. 1) 한국 ①~②,아랍에미리트,UAE,국가/지역,불편한 언어소통,73.0,(73),33.55853988612479,%
2025_잠재방한객조사_일반외국인.xlsx,일반외국인,B13-1A,<표B13-1A> 향후 3년 내(~2028년) 한국 방문 의향이 없는 이유(1+2+3순위)(한국 방문 비의향자 기준),BASE:B5. 1) 한국 ①~②,아랍에미리트,UAE,국가/지역,한류(한국 문화 콘텐츠) 문화 관련 관심 부재,73.0,(73),17.337272858040027,%
2025_잠재방한객조사_일반외국인.xlsx,일반외국인,B13-1A,<표B13-1A> 향후 3년 내(~2028년) 한국 방문 의향이 없는 이유(1+2+3순위)(한국 방문 비의향자 기준),BASE:B5. 1) 한국 ①~②,아랍에미리트,UAE,국가/지역,여행목적지로서 낮은 한국 인지도,73.0,(73),19.731824713061716,%
2025_잠재방한객조사_일반외국인.xlsx,일반외국인,B13-1A,<표B13-1A> 향후 3년 내(~2028년) 한국 방문 의향이 없는 이유(1+2+3순위)(한국 방문 비의향자 기준),BASE:B5. 1) 한국 ①~②,아랍에미리트,UAE,국가/지역,부정적인 한국 관련 이미지,73.0,(73),17.1424947871537,%
2025_잠재방한객조사_일반외국인.xlsx,일반외국인,B13-1A,<표B13-1A> 향후 3년 내(~2028년) 한국 방문 의향이 없는 이유(1+2+3순위)(한국 방문 비의향자 기준),BASE:B5. 1) 한국 ①~②,아랍에미리트,UAE,국가/지역,적당하지 않은 여행경비 및 물가,73.0,(73),14.488193060870955,%
2025_잠재방한객조사_일반외국인.xlsx,일반외국인,B13-1A,<표B13-1A> 향후 3년 내(~2028년) 한국 방문 의향이 없는 이유(1+2+3순위)(한국 방문 비의향자 기준),BASE:B5. 1) 한국 ①~②,아랍에미리트,UAE,국가/지역,먼 이동거리(장거리 비행 필요),73.0,(73),16.14040747984346,%
2025_잠재방한객조사_일반외국인.xlsx,일반외국인,B13-1A,<표B13-1A> 향후 3년 내(~2028년) 한국 방문 의향이 없는 이유(1+2+3순위)(한국 방문 비의향자 기준),BASE:B5. 1) 한국 ①~②,아랍에미리트,UAE,국가/지역,"불안한 신변(치안, 방역 등)",73.0,(73),13.02056917948656,%
2025_잠재방한객조사_일반외국인.xlsx,일반외국인,B13-1A,<표B13-1A> 향후 3년 내(~2028년) 한국 방문 의향이 없는 이유(1+2+3순위)(한국 방문 비의향자 기준),BASE:B5. 1) 한국 ①~②,아랍에미리트,UAE,국가/지역,"내가 원하는 한국 여행 상품이 없어서/부족해서(일정, 가격, 구성 등)",73.0,(73),7.92298242946561,%
2025_잠재방한객조사_일반외국인.xlsx,일반외국인,B13-1A,<표B13-1A> 향후 3년 내(~2028년) 한국 방문 의향이 없는 이유(1+2+3순위)(한국 방문 비의향자 기준),BASE:B5. 1) 한국 ①~②,아랍에미리트,UAE,국가/지역,매력적인 문화/역사 유적지 부족,73.0,(73),12.693779409179454,%
2025_잠재방한객조사_일반외국인.xlsx,일반외국인,B13-1A,<표B13-1A> 향후 3년 내(~2028년) 한국 방문 의향이 없는 이유(1+2+3순위)(한국 방문 비의향자 기준),BASE:B5. 1) 한국 ①~②,아랍에미리트,UAE,국가/지역,먹을거리 부족,73.0,(73),14.735375546909484,%
2025_잠재방한객조사_일반외국인.xlsx,일반외국인,B13-1A,<표B13-1A> 향후 3년 내(~2028년) 한국 방문 의향이 없는 이유(1+2+3순위)(한국 방문 비의향자 기준),BASE:B5. 1) 한국 ①~②,아랍에미리트,UAE,국가/지역,한국여행 관련 항공권 및 여행상품 특가/프로모션 부족,73.0,(73),8.10272841949355,%
2025_잠재방한객조사_일반외국인.xlsx,일반외국인,B13-1A,<표B13-1A> 향후 3년 내(~2028년) 한국 방문 의향이 없는 이유(1+2+3순위)(한국 방문 비의향자 기준),BASE:B5. 1) 한국 ①~②,아랍에미리트,UAE,국가/지역,불편한 비자 발급 및 출입국 절차(K-ETA 등),73.0,(73),15.240385737749996,%
2025_잠재방한객조사_일반외국인.xlsx,일반외국인,B13-1A,<표B13-1A> 향후 3년 내(~2028년) 한국 방문 의향이 없는 이유(1+2+3순위)(한국 방문 비의향자 기준),BASE:B5. 1) 한국 ①~②,아랍에미리트,UAE,국가/지역,매력적인 자연경관 부족,73.0,(73),9.059160940683523,%
2025_잠재방한객조사_일반외국인.xlsx,일반외국인,B13-1A,<표B13-1A> 향후 3년 내(~2028년) 한국 방문 의향이 없는 이유(1+2+3순위)(한국 방문 비의향자 기준),BASE:B5. 1) 한국 ①~②,아랍에미리트,UAE,국가/지역,고유한 전통문화 체험 어려움,73.0,(73),11.134844688028387,%
2025_잠재방한객조사_일반외국인.xlsx,일반외국인,B13-1A,<표B13-1A> 향후 3년 내(~2028년) 한국 방문 의향이 없는 이유(1+2+3순위)(한국 방문 비의향자 기준),BASE:B5. 1) 한국 ①~②,아랍에미리트,UAE,국가/지역,"여행하기에 적합하지 않은 날씨/기후, 계절",73.0,(73),5.0923375409878995,%
2025_잠재방한객조사_일반외국인.xlsx,일반외국인,B13-1A,<표B13-1A> 향후 3년 내(~2028년) 한국 방문 의향이 없는 이유(1+2+3순위)(한국 방문 비의향자 기준),BASE:B5. 1) 한국 ①~②,아랍에미리트,UAE,국가/지역,다양하지 않은 항공 노선(직항 부족 등),73.0,(73),12.387055175205143,%
2025_잠재방한객조사_일반외국인.xlsx,일반외국인,B13-1A,<표B13-1A> 향후 3년 내(~2028년) 한국 방문 의향이 없는 이유(1+2+3순위)(한국 방문 비의향자 기준),BASE:B5. 1) 한국 ①~②,아랍에미리트,UAE,국가/지역,노약자/장애인/아이 등과의 동반 또는 단독 여행 불편,73.0,(73),12.047056143341136,%
2025_잠재방한객조사_일반외국인.xlsx,일반외국인,B13-1A,<표B13-1A> 향후 3년 내(~2028년) 한국 방문 의향이 없는 이유(1+2+3순위)(한국 방문 비의향자 기준),BASE:B5. 1) 한국 ①~②,아랍에미리트,UAE,국가/지역,"불편한 종교 환경(음식, 기도실 등)",73.0,(73),20.318047191283036,%
2025_잠재방한객조사_일반외국인.xlsx,일반외국인,B13-1A,<표B13-1A> 향후 3년 내(~2028년) 한국 방문 의향이 없는 이유(1+2+3순위)(한국 방문 비의향자 기준),BASE:B5. 1) 한국 ①~②,아랍에미리트,UAE,국가/지역,기타,73.0,(73),0,%
2025_잠재방한객조사_일반외국인.xlsx,일반외국인,B13-1A,<표B13-1A> 향후 3년 내(~2028년) 한국 방문 의향이 없는 이유(1+2+3순위)(한국 방문 비의향자 기준),BASE:B5. 1) 한국 ①~②,아랍에미리트,UAE,국가/지역,반려동물과의 동반 여행 불편,73.0,(73),1.5191742431828974,%
2025_잠재방한객조사_일반외국인.xlsx,일반외국인,B13-1A,<표B13-1A> 향후 3년 내(~2028년) 한국 방문 의향이 없는 이유(1+2+3순위)(한국 방문 비의향자 기준),BASE:B5. 1) 한국 ①~②,아랍에미리트,UAE,국가/지역,부정적인 과거 한국 방문 경험 (#A2. 한국 경험자 한정),73.0,(73),1.510187369206991,%
2025_잠재방한객조사_일반외국인.xlsx,일반외국인,B13-2A,<표B13-2A> 향후 3년 내(~2028년) 한국 방문 의향이 없는 이유(1순위)(한국 방문 비의향자 기준),BASE:B5. 1) 한국 ①~②,전체,전체,전체,여행목적지로서 낮은 한국 인지도,2380.0,(2380),11.039858824463542,%
2025_잠재방한객조사_일반외국인.xlsx,일반외국인,B13-2A,<표B13-2A> 향후 3년 내(~2028년) 한국 방문 의향이 없는 이유(1순위)(한국 방문 비의향자 기준),BASE:B5. 1) 한국 ①~②,전체,전체,전체,부정적인 한국 관련 이미지,2380.0,(2380),10.36517292395154,%
2025_잠재방한객조사_일반외국인.xlsx,일반외국인,B13-2A,<표B13-2A> 향후 3년 내(~2028년) 한국 방문 의향이 없는 이유(1순위)(한국 방문 비의향자 기준),BASE:B5. 1) 한국 ①~②,전체,전체,전체,한류(한국 문화 콘텐츠) 문화 관련 관심 부재,2380.0,(2380),9.90347664606935,%
2025_잠재방한객조사_일반외국인.xlsx,일반외국인,B13-2A,<표B13-2A> 향후 3년 내(~2028년) 한국 방문 의향이 없는 이유(1순위)(한국 방문 비의향자 기준),BASE:B5. 1) 한국 ①~②,전체,전체,전체,불편한 언어소통,2380.0,(2380),8.739647612388291,%
2025_잠재방한객조사_일반외국인.xlsx,일반외국인,B13-2A,<표B13-2A> 향후 3년 내(~2028년) 한국 방문 의향이 없는 이유(1순위)(한국 방문 비의향자 기준),BASE:B5. 1) 한국 ①~②,전체,전체,전체,적당하지 않은 여행경비 및 물가,2380.0,(2380),8.152787665061561,%
2025_잠재방한객조사_일반외국인.xlsx,일반외국인,B13-2A,<표B13-2A> 향후 3년 내(~2028년) 한국 방문 의향이 없는 이유(1순위)(한국 방문 비의향자 기준),BASE:B5. 1) 한국 ①~②,전체,전체,전체,먼 이동거리(장거리 비행 필요),2380.0,(2380),6.222337236818209,%
2025_잠재방한객조사_일반외국인.xlsx,일반외국인,B13-2A,<표B13-2A> 향후 3년 내(~2028년) 한국 방문 의향이 없는 이유(1순위)(한국 방문 비의향자 기준),BASE:B5. 1) 한국 ①~②,전체,전체,전체,"불안한 신변(치안, 방역 등)",2380.0,(2380),6.075275421853492,%
2025_잠재방한객조사_일반외국인.xlsx,일반외국인,B13-2A,<표B13-2A> 향후 3년 내(~2028년) 한국 방문 의향이 없는 이유(1순위)(한국 방문 비의향자 기준),BASE:B5. 1) 한국 ①~②,전체,전체,전체,불편한 비자 발급 및 출입국 절차(K-ETA 등),2380.0,(2380),4.049097191833165,%
2025_잠재방한객조사_일반외국인.xlsx,일반외국인,B13-2A,<표B13-2A> 향후 3년 내(~2028년) 한국 방문 의향이 없는 이유(1순위)(한국 방문 비의향자 기준),BASE:B5. 1) 한국 ①~②,전체,전체,전체,"내가 원하는 한국 여행 상품이 없어서/부족해서(일정, 가격, 구성 등)",2380.0,(2380),3.968179618627881,%
2025_잠재방한객조사_일반외국인.xlsx,일반외국인,B13-2A,<표B13-2A> 향후 3년 내(~2028년) 한국 방문 의향이 없는 이유(1순위)(한국 방문 비의향자 기준),BASE:B5. 1) 한국 ①~②,전체,전체,전체,매력적인 문화/역사 유적지 부족,2380.0,(2380),3.890722007289338,%
2025_잠재방한객조사_일반외국인.xlsx,일반외국인,B13-2A,<표B13-2A> 향후 3년 내(~2028년) 한국 방문 의향이 없는 이유(1순위)(한국 방문 비의향자 기준),BASE:B5. 1) 한국 ①~②,전체,전체,전체,기타,2380.0,(2380),3.871978737816726,%
2025_잠재방한객조사_일반외국인.xlsx,일반외국인,B13-2A,<표B13-2A> 향후 3년 내(~2028년) 한국 방문 의향이 없는 이유(1순위)(한국 방문 비의향자 기준),BASE:B5. 1) 한국 ①~②,전체,전체,전체,먹을거리 부족,2380.0,(2380),3.4580149578627344,%
2025_잠재방한객조사_일반외국인.xlsx,일반외국인,B13-2A,<표B13-2A> 향후 3년 내(~2028년) 한국 방문 의향이 없는 이유(1순위)(한국 방문 비의향자 기준),BASE:B5. 1) 한국 ①~②,전체,전체,전체,한국여행 관련 항공권 및 여행상품 특가/프로모션 부족,2380.0,(2380),3.402649505270993,%
2025_잠재방한객조사_일반외국인.xlsx,일반외국인,B13-2A,<표B13-2A> 향후 3년 내(~2028년) 한국 방문 의향이 없는 이유(1순위)(한국 방문 비의향자 기준),BASE:B5. 1) 한국 ①~②,전체,전체,전체,고유한 전통문화 체험 어려움,2380.0,(2380),3.0177287131339074,%
2025_잠재방한객조사_일반외국인.xlsx,일반외국인,B13-2A,<표B13-2A> 향후 3년 내(~2028년) 한국 방문 의향이 없는 이유(1순위)(한국 방문 비의향자 기준),BASE:B5. 1) 한국 ①~②,전체,전체,전체,매력적인 자연경관 부족,2380.0,(2380),2.91358422766064,%
2025_잠재방한객조사_일반외국인.xlsx,일반외국인,B13-2A,<표B13-2A> 향후 3년 내(~2028년) 한국 방문 의향이 없는 이유(1순위)(한국 방문 비의향자 기준),BASE:B5. 1) 한국 ①~②,전체,전체,전체,"여행하기에 적합하지 않은 날씨/기후, 계절",2380.0,(2380),2.857707929138557,%
2025_잠재방한객조사_일반외국인.xlsx,일반외국인,B13-2A,<표B13-2A> 향후 3년 내(~2028년) 한국 방문 의향이 없는 이유(1순위)(한국 방문 비의향자 기준),BASE:B5. 1) 한국 ①~②,전체,전체,전체,다양하지 않은 항공 노선(직항 부족 등),2380.0,(2380),2.1736326333087717,%
2025_잠재방한객조사_일반외국인.xlsx,일반외국인,B13-2A,<표B13-2A> 향후 3년 내(~2028년) 한국 방문 의향이 없는 이유(1순위)(한국 방문 비의향자 기준),BASE:B5. 1) 한국 ①~②,전체,전체,전체,노약자/장애인/아이 등과의 동반 또는 단독 여행 불편,2380.0,(2380),2.0879775316736304,%
2025_잠재방한객조사_일반외국인.xlsx,일반외국인,B13-2A,<표B13-2A> 향후 3년 내(~2028년) 한국 방문 의향이 없는 이유(1순위)(한국 방문 비의향자 기준),BASE:B5. 1) 한국 ①~②,전체,전체,전체,"불편한 종교 환경(음식, 기도실 등)",2380.0,(2380),1.7989497744152432,%
2025_잠재방한객조사_일반외국인.xlsx,일반외국인,B13-2A,<표B13-2A> 향후 3년 내(~2028년) 한국 방문 의향이 없는 이유(1순위)(한국 방문 비의향자 기준),BASE:B5. 1) 한국 ①~②,전체,전체,전체,반려동물과의 동반 여행 불편,2380.0,(2380),1.1427349893952197,%
2025_잠재방한객조사_일반외국인.xlsx,일반외국인,B13-2A,<표B13-2A> 향후 3년 내(~2028년) 한국 방문 의향이 없는 이유(1순위)(한국 방문 비의향자 기준),BASE:B5. 1) 한국 ①~②,전체,전체,전체,부정적인 과거 한국 방문 경험 (#A2. 한국 경험자 한정),2380.0,(2380),0.868485851966987,%
2025_잠재방한객조사_일반외국인.xlsx,일반외국인,B13-2A,<표B13-2A> 향후 3년 내(~2028년) 한국 방문 의향이 없는 이유(1순위)(한국 방문 비의향자 기준),BASE:B5. 1) 한국 ①~②,전체,전체,전체,계,2380.0,(2380),100,%
2025_잠재방한객조사_일반외국인.xlsx,일반외국인,B13-2A,<표B13-2A> 향후 3년 내(~2028년) 한국 방문 의향이 없는 이유(1순위)(한국 방문 비의향자 기준),BASE:B5. 1) 한국 ①~②,중국,중국,국가/지역,여행목적지로서 낮은 한국 인지도,285.0,(285),1.2299759999324116,%
2025_잠재방한객조사_일반외국인.xlsx,일반외국인,B13-2A,<표B13-2A> 향후 3년 내(~2028년) 한국 방문 의향이 없는 이유(1순위)(한국 방문 비의향자 기준),BASE:B5. 1) 한국 ①~②,중국,중국,국가/지역,부정적인 한국 관련 이미지,285.0,(285),9.353561096434984,%
2025_잠재방한객조사_일반외국인.xlsx,일반외국인,B13-2A,<표B13-2A> 향후 3년 내(~2028년) 한국 방문 의향이 없는 이유(1순위)(한국 방문 비의향자 기준),BASE:B5. 1) 한국 ①~②,중국,중국,국가/지역,한류(한국 문화 콘텐츠) 문화 관련 관심 부재,285.0,(285),11.159561994723584,%
2025_잠재방한객조사_일반외국인.xlsx,일반외국인,B13-2A,<표B13-2A> 향후 3년 내(~2028년) 한국 방문 의향이 없는 이유(1순위)(한국 방문 비의향자 기준),BASE:B5. 1) 한국 ①~②,중국,중국,국가/지역,불편한 언어소통,285.0,(285),7.6281742862275586,%
2025_잠재방한객조사_일반외국인.xlsx,일반외국인,B13-2A,<표B13-2A> 향후 3년 내(~2028년) 한국 방문 의향이 없는 이유(1순위)(한국 방문 비의향자 기준),BASE:B5. 1) 한국 ①~②,중국,중국,국가/지역,적당하지 않은 여행경비 및 물가,285.0,(285),3.7553021187979105,%
2025_잠재방한객조사_일반외국인.xlsx,일반외국인,B13-2A,<표B13-2A> 향후 3년 내(~2028년) 한국 방문 의향이 없는 이유(1순위)(한국 방문 비의향자 기준),BASE:B5. 1) 한국 ①~②,중국,중국,국가/지역,먼 이동거리(장거리 비행 필요),285.0,(285),3.4996317974853817,%
2025_잠재방한객조사_일반외국인.xlsx,일반외국인,B13-2A,<표B13-2A> 향후 3년 내(~2028년) 한국 방문 의향이 없는 이유(1순위)(한국 방문 비의향자 기준),BASE:B5. 1) 한국 ①~②,중국,중국,국가/지역,"불안한 신변(치안, 방역 등)",285.0,(285),6.9444633014915675,%
2025_잠재방한객조사_일반외국인.xlsx,일반외국인,B13-2A,<표B13-2A> 향후 3년 내(~2028년) 한국 방문 의향이 없는 이유(1순위)(한국 방문 비의향자 기준),BASE:B5. 1) 한국 ①~②,중국,중국,국가/지역,불편한 비자 발급 및 출입국 절차(K-ETA 등),285.0,(285),4.617322415614088,%
2025_잠재방한객조사_일반외국인.xlsx,일반외국인,B13-2A,<표B13-2A> 향후 3년 내(~2028년) 한국 방문 의향이 없는 이유(1순위)(한국 방문 비의향자 기준),BASE:B5. 1) 한국 ①~②,중국,중국,국가/지역,"내가 원하는 한국 여행 상품이 없어서/부족해서(일정, 가격, 구성 등)",285.0,(285),3.0447771205007768,%
2025_잠재방한객조사_일반외국인.xlsx,일반외국인,B13-2A,<표B13-2A> 향후 3년 내(~2028년) 한국 방문 의향이 없는 이유(1순위)(한국 방문 비의향자 기준),BASE:B5. 1) 한국 ①~②,중국,중국,국가/지역,매력적인 문화/역사 유적지 부족,285.0,(285),7.448268820649863,%
2025_잠재방한객조사_일반외국인.xlsx,일반외국인,B13-2A,<표B13-2A> 향후 3년 내(~2028년) 한국 방문 의향이 없는 이유(1순위)(한국 방문 비의향자 기준),BASE:B5. 1) 한국 ①~②,중국,중국,국가/지역,기타,285.0,(285),0.342093170756746,%
2025_잠재방한객조사_일반외국인.xlsx,일반외국인,B13-2A,<표B13-2A> 향후 3년 내(~2028년) 한국 방문 의향이 없는 이유(1순위)(한국 방문 비의향자 기준),BASE:B5. 1) 한국 ①~②,중국,중국,국가/지역,먹을거리 부족,285.0,(285),6.8328743509202,%
2025_잠재방한객조사_일반외국인.xlsx,일반외국인,B13-2A,<표B13-2A> 향후 3년 내(~2028년) 한국 방문 의향이 없는 이유(1순위)(한국 방문 비의향자 기준),BASE:B5. 1) 한국 ①~②,중국,중국,국가/지역,한국여행 관련 항공권 및 여행상품 특가/프로모션 부족,285.0,(285),5.456574567400771,%
2025_잠재방한객조사_일반외국인.xlsx,일반외국인,B13-2A,<표B13-2A> 향후 3년 내(~2028년) 한국 방문 의향이 없는 이유(1순위)(한국 방문 비의향자 기준),BASE:B5. 1) 한국 ①~②,중국,중국,국가/지역,고유한 전통문화 체험 어려움,285.0,(285),4.17384980777962,%
2025_잠재방한객조사_일반외국인.xlsx,일반외국인,B13-2A,<표B13-2A> 향후 3년 내(~2028년) 한국 방문 의향이 없는 이유(1순위)(한국 방문 비의향자 기준),BASE:B5. 1) 한국 ①~②,중국,중국,국가/지역,매력적인 자연경관 부족,285.0,(285),7.517003448476841,%
2025_잠재방한객조사_일반외국인.xlsx,일반외국인,B13-2A,<표B13-2A> 향후 3년 내(~2028년) 한국 방문 의향이 없는 이유(1순위)(한국 방문 비의향자 기준),BASE:B5. 1) 한국 ①~②,중국,중국,국가/지역,"여행하기에 적합하지 않은 날씨/기후, 계절",285.0,(285),5.316047236051815,%
2025_잠재방한객조사_일반외국인.xlsx,일반외국인,B13-2A,<표B13-2A> 향후 3년 내(~2028년) 한국 방문 의향이 없는 이유(1순위)(한국 방문 비의향자 기준),BASE:B5. 1) 한국 ①~②,중국,중국,국가/지역,다양하지 않은 항공 노선(직항 부족 등),285.0,(285),1.7109853126421901,%
2025_잠재방한객조사_일반외국인.xlsx,일반외국인,B13-2A,<표B13-2A> 향후 3년 내(~2028년) 한국 방문 의향이 없는 이유(1순위)(한국 방문 비의향자 기준),BASE:B5. 1) 한국 ①~②,중국,중국,국가/지역,노약자/장애인/아이 등과의 동반 또는 단독 여행 불편,285.0,(285),4.957943101539045,%
2025_잠재방한객조사_일반외국인.xlsx,일반외국인,B13-2A,<표B13-2A> 향후 3년 내(~2028년) 한국 방문 의향이 없는 이유(1순위)(한국 방문 비의향자 기준),BASE:B5. 1) 한국 ①~②,중국,중국,국가/지역,"불편한 종교 환경(음식, 기도실 등)",285.0,(285),1.8076764674534989,%
2025_잠재방한객조사_일반외국인.xlsx,일반외국인,B13-2A,<표B13-2A> 향후 3년 내(~2028년) 한국 방문 의향이 없는 이유(1순위)(한국 방문 비의향자 기준),BASE:B5. 1) 한국 ①~②,중국,중국,국가/지역,반려동물과의 동반 여행 불편,285.0,(285),2.904188580748387,%
2025_잠재방한객조사_일반외국인.xlsx,일반외국인,B13-2A,<표B13-2A> 향후 3년 내(~2028년) 한국 방문 의향이 없는 이유(1순위)(한국 방문 비의향자 기준),BASE:B5. 1) 한국 ①~②,중국,중국,국가/지역,부정적인 과거 한국 방문 경험 (#A2. 한국 경험자 한정),285.0,(285),0.29972500437284655,%
2025_잠재방한객조사_일반외국인.xlsx,일반외국인,B13-2A,<표B13-2A> 향후 3년 내(~2028년) 한국 방문 의향이 없는 이유(1순위)(한국 방문 비의향자 기준),BASE:B5. 1) 한국 ①~②,중국,중국,국가/지역,계,285.0,(285),100,%
2025_잠재방한객조사_일반외국인.xlsx,일반외국인,B13-2A,<표B13-2A> 향후 3년 내(~2028년) 한국 방문 의향이 없는 이유(1순위)(한국 방문 비의향자 기준),BASE:B5. 1) 한국 ①~②,일본,일본,국가/지역,여행목적지로서 낮은 한국 인지도,165.0,(165),2.2114811118560334,%
2025_잠재방한객조사_일반외국인.xlsx,일반외국인,B13-2A,<표B13-2A> 향후 3년 내(~2028년) 한국 방문 의향이 없는 이유(1순위)(한국 방문 비의향자 기준),BASE:B5. 1) 한국 ①~②,일본,일본,국가/지역,부정적인 한국 관련 이미지,165.0,(165),38.0818804820478,%
2025_잠재방한객조사_일반외국인.xlsx,일반외국인,B13-2A,<표B13-2A> 향후 3년 내(~2028년) 한국 방문 의향이 없는 이유(1순위)(한국 방문 비의향자 기준),BASE:B5. 1) 한국 ①~②,일본,일본,국가/지역,한류(한국 문화 콘텐츠) 문화 관련 관심 부재,165.0,(165),7.032816715379277,%
2025_잠재방한객조사_일반외국인.xlsx,일반외국인,B13-2A,<표B13-2A> 향후 3년 내(~2028년) 한국 방문 의향이 없는 이유(1순위)(한국 방문 비의향자 기준),BASE:B5. 1) 한국 ①~②,일본,일본,국가/지역,불편한 언어소통,165.0,(165),4.387701274088203,%
2025_잠재방한객조사_일반외국인.xlsx,일반외국인,B13-2A,<표B13-2A> 향후 3년 내(~2028년) 한국 방문 의향이 없는 이유(1순위)(한국 방문 비의향자 기준),BASE:B5. 1) 한국 ①~②,일본,일본,국가/지역,적당하지 않은 여행경비 및 물가,165.0,(165),0.8582473848617269,%
2025_잠재방한객조사_일반외국인.xlsx,일반외국인,B13-2A,<표B13-2A> 향후 3년 내(~2028년) 한국 방문 의향이 없는 이유(1순위)(한국 방문 비의향자 기준),BASE:B5. 1) 한국 ①~②,일본,일본,국가/지역,먼 이동거리(장거리 비행 필요),165.0,(165),2.260329683135133,%
2025_잠재방한객조사_일반외국인.xlsx,일반외국인,B13-2A,<표B13-2A> 향후 3년 내(~2028년) 한국 방문 의향이 없는 이유(1순위)(한국 방문 비의향자 기준),BASE:B5. 1) 한국 ①~②,일본,일본,국가/지역,"불안한 신변(치안, 방역 등)",165.0,(165),6.605385497747432,%
2025_잠재방한객조사_일반외국인.xlsx,일반외국인,B13-2A,<표B13-2A> 향후 3년 내(~2028년) 한국 방문 의향이 없는 이유(1순위)(한국 방문 비의향자 기준),BASE:B5. 1) 한국 ①~②,일본,일본,국가/지역,불편한 비자 발급 및 출입국 절차(K-ETA 등),165.0,(165),0.481305297063479,%
2025_잠재방한객조사_일반외국인.xlsx,일반외국인,B13-2A,<표B13-2A> 향후 3년 내(~2028년) 한국 방문 의향이 없는 이유(1순위)(한국 방문 비의향자 기준),BASE:B5. 1) 한국 ①~②,일본,일본,국가/지역,"내가 원하는 한국 여행 상품이 없어서/부족해서(일정, 가격, 구성 등)",165.0,(165),7.052982483003658,%
2025_잠재방한객조사_일반외국인.xlsx,일반외국인,B13-2A,<표B13-2A> 향후 3년 내(~2028년) 한국 방문 의향이 없는 이유(1순위)(한국 방문 비의향자 기준),BASE:B5. 1) 한국 ①~②,일본,일본,국가/지역,매력적인 문화/역사 유적지 부족,165.0,(165),4.926011965610565,%
2025_잠재방한객조사_일반외국인.xlsx,일반외국인,B13-2A,<표B13-2A> 향후 3년 내(~2028년) 한국 방문 의향이 없는 이유(1순위)(한국 방문 비의향자 기준),BASE:B5. 1) 한국 ①~②,일본,일본,국가/지역,기타,165.0,(165),1.3894225281423291,%
2025_잠재방한객조사_일반외국인.xlsx,일반외국인,B13-2A,<표B13-2A> 향후 3년 내(~2028년) 한국 방문 의향이 없는 이유(1순위)(한국 방문 비의향자 기준),BASE:B5. 1) 한국 ①~②,일본,일본,국가/지역,먹을거리 부족,165.0,(165),1.706498944608906,%
2025_잠재방한객조사_일반외국인.xlsx,일반외국인,B13-2A,<표B13-2A> 향후 3년 내(~2028년) 한국 방문 의향이 없는 이유(1순위)(한국 방문 비의향자 기준),BASE:B5. 1) 한국 ①~②,일본,일본,국가/지역,한국여행 관련 항공권 및 여행상품 특가/프로모션 부족,165.0,(165),0,%
2025_잠재방한객조사_일반외국인.xlsx,일반외국인,B13-2A,<표B13-2A> 향후 3년 내(~2028년) 한국 방문 의향이 없는 이유(1순위)(한국 방문 비의향자 기준),BASE:B5. 1) 한국 ①~②,일본,일본,국가/지역,고유한 전통문화 체험 어려움,165.0,(165),4.1544152224625215,%
2025_잠재방한객조사_일반외국인.xlsx,일반외국인,B13-2A,<표B13-2A> 향후 3년 내(~2028년) 한국 방문 의향이 없는 이유(1순위)(한국 방문 비의향자 기준),BASE:B5. 1) 한국 ①~②,일본,일본,국가/지역,매력적인 자연경관 부족,165.0,(165),10.671449201835571,%
2025_잠재방한객조사_일반외국인.xlsx,일반외국인,B13-2A,<표B13-2A> 향후 3년 내(~2028년) 한국 방문 의향이 없는 이유(1순위)(한국 방문 비의향자 기준),BASE:B5. 1) 한국 ①~②,일본,일본,국가/지역,"여행하기에 적합하지 않은 날씨/기후, 계절",165.0,(165),2.2257749252996075,%
2025_잠재방한객조사_일반외국인.xlsx,일반외국인,B13-2A,<표B13-2A> 향후 3년 내(~2028년) 한국 방문 의향이 없는 이유(1순위)(한국 방문 비의향자 기준),BASE:B5. 1) 한국 ①~②,일본,일본,국가/지역,다양하지 않은 항공 노선(직항 부족 등),165.0,(165),1.2546457304026455,%
2025_잠재방한객조사_일반외국인.xlsx,일반외국인,B13-2A,<표B13-2A> 향후 3년 내(~2028년) 한국 방문 의향이 없는 이유(1순위)(한국 방문 비의향자 기준),BASE:B5. 1) 한국 ①~②,일본,일본,국가/지역,노약자/장애인/아이 등과의 동반 또는 단독 여행 불편,165.0,(165),1.6368292377351188,%
2025_잠재방한객조사_일반외국인.xlsx,일반외국인,B13-2A,<표B13-2A> 향후 3년 내(~2028년) 한국 방문 의향이 없는 이유(1순위)(한국 방문 비의향자 기준),BASE:B5. 1) 한국 ①~②,일본,일본,국가/지역,"불편한 종교 환경(음식, 기도실 등)",165.0,(165),0.8435697206903511,%
2025_잠재방한객조사_일반외국인.xlsx,일반외국인,B13-2A,<표B13-2A> 향후 3년 내(~2028년) 한국 방문 의향이 없는 이유(1순위)(한국 방문 비의향자 기준),BASE:B5. 1) 한국 ①~②,일본,일본,국가/지역,반려동물과의 동반 여행 불편,165.0,(165),0.4791934484243501,%
2025_잠재방한객조사_일반외국인.xlsx,일반외국인,B13-2A,<표B13-2A> 향후 3년 내(~2028년) 한국 방문 의향이 없는 이유(1순위)(한국 방문 비의향자 기준),BASE:B5. 1) 한국 ①~②,일본,일본,국가/지역,부정적인 과거 한국 방문 경험 (#A2. 한국 경험자 한정),165.0,(165),1.7400591456053074,%
2025_잠재방한객조사_일반외국인.xlsx,일반외국인,B13-2A,<표B13-2A> 향후 3년 내(~2028년) 한국 방문 의향이 없는 이유(1순위)(한국 방문 비의향자 기준),BASE:B5. 1) 한국 ①~②,일본,일본,국가/지역,계,165.0,(165),100,%
2025_잠재방한객조사_일반외국인.xlsx,일반외국인,B13-2A,<표B13-2A> 향후 3년 내(~2028년) 한국 방문 의향이 없는 이유(1순위)(한국 방문 비의향자 기준),BASE:B5. 1) 한국 ①~②,대만,대만,국가/지역,여행목적지로서 낮은 한국 인지도,32.0,(32),2.7858350278526096,%
2025_잠재방한객조사_일반외국인.xlsx,일반외국인,B13-2A,<표B13-2A> 향후 3년 내(~2028년) 한국 방문 의향이 없는 이유(1순위)(한국 방문 비의향자 기준),BASE:B5. 1) 한국 ①~②,대만,대만,국가/지역,부정적인 한국 관련 이미지,32.0,(32),25.75968460120828,%
2025_잠재방한객조사_일반외국인.xlsx,일반외국인,B13-2A,<표B13-2A> 향후 3년 내(~2028년) 한국 방문 의향이 없는 이유(1순위)(한국 방문 비의향자 기준),BASE:B5. 1) 한국 ①~②,대만,대만,국가/지역,한류(한국 문화 콘텐츠) 문화 관련 관심 부재,32.0,(32),8.1195098324165,%
2025_잠재방한객조사_일반외국인.xlsx,일반외국인,B13-2A,<표B13-2A> 향후 3년 내(~2028년) 한국 방문 의향이 없는 이유(1순위)(한국 방문 비의향자 기준),BASE:B5. 1) 한국 ①~②,대만,대만,국가/지역,불편한 언어소통,32.0,(32),10.483639480510366,%
2025_잠재방한객조사_일반외국인.xlsx,일반외국인,B13-2A,<표B13-2A> 향후 3년 내(~2028년) 한국 방문 의향이 없는 이유(1순위)(한국 방문 비의향자 기준),BASE:B5. 1) 한국 ①~②,대만,대만,국가/지역,적당하지 않은 여행경비 및 물가,32.0,(32),5.499801009173126,%
2025_잠재방한객조사_일반외국인.xlsx,일반외국인,B13-2A,<표B13-2A> 향후 3년 내(~2028년) 한국 방문 의향이 없는 이유(1순위)(한국 방문 비의향자 기준),BASE:B5. 1) 한국 ①~②,대만,대만,국가/지역,먼 이동거리(장거리 비행 필요),32.0,(32),0,%
2025_잠재방한객조사_일반외국인.xlsx,일반외국인,B13-2A,<표B13-2A> 향후 3년 내(~2028년) 한국 방문 의향이 없는 이유(1순위)(한국 방문 비의향자 기준),BASE:B5. 1) 한국 ①~②,대만,대만,국가/지역,"불안한 신변(치안, 방역 등)",32.0,(32),4.8944324963301495,%
2025_잠재방한객조사_일반외국인.xlsx,일반외국인,B13-2A,<표B13-2A> 향후 3년 내(~2028년) 한국 방문 의향이 없는 이유(1순위)(한국 방문 비의향자 기준),BASE:B5. 1) 한국 ①~②,대만,대만,국가/지역,불편한 비자 발급 및 출입국 절차(K-ETA 등),32.0,(32),0,%
2025_잠재방한객조사_일반외국인.xlsx,일반외국인,B13-2A,<표B13-2A> 향후 3년 내(~2028년) 한국 방문 의향이 없는 이유(1순위)(한국 방문 비의향자 기준),BASE:B5. 1) 한국 ①~②,대만,대만,국가/지역,"내가 원하는 한국 여행 상품이 없어서/부족해서(일정, 가격, 구성 등)",32.0,(32),5.310669029441552,%
2025_잠재방한객조사_일반외국인.xlsx,일반외국인,B13-2A,<표B13-2A> 향후 3년 내(~2028년) 한국 방문 의향이 없는 이유(1순위)(한국 방문 비의향자 기준),BASE:B5. 1) 한국 ①~②,대만,대만,국가/지역,매력적인 문화/역사 유적지 부족,32.0,(32),10.191343227442431,%
2025_잠재방한객조사_일반외국인.xlsx,일반외국인,B13-2A,<표B13-2A> 향후 3년 내(~2028년) 한국 방문 의향이 없는 이유(1순위)(한국 방문 비의향자 기준),BASE:B5. 1) 한국 ①~②,대만,대만,국가/지역,기타,32.0,(32),5.4529431595497355,%
2025_잠재방한객조사_일반외국인.xlsx,일반외국인,B13-2A,<표B13-2A> 향후 3년 내(~2028년) 한국 방문 의향이 없는 이유(1순위)(한국 방문 비의향자 기준),BASE:B5. 1) 한국 ①~②,대만,대만,국가/지역,먹을거리 부족,32.0,(32),5.434681208195629,%
2025_잠재방한객조사_일반외국인.xlsx,일반외국인,B13-2A,<표B13-2A> 향후 3년 내(~2028년) 한국 방문 의향이 없는 이유(1순위)(한국 방문 비의향자 기준),BASE:B5. 1) 한국 ①~②,대만,대만,국가/지역,한국여행 관련 항공권 및 여행상품 특가/프로모션 부족,32.0,(32),0,%
2025_잠재방한객조사_일반외국인.xlsx,일반외국인,B13-2A,<표B13-2A> 향후 3년 내(~2028년) 한국 방문 의향이 없는 이유(1순위)(한국 방문 비의향자 기준),BASE:B5. 1) 한국 ①~②,대만,대만,국가/지역,고유한 전통문화 체험 어려움,32.0,(32),0,%
2025_잠재방한객조사_일반외국인.xlsx,일반외국인,B13-2A,<표B13-2A> 향후 3년 내(~2028년) 한국 방문 의향이 없는 이유(1순위)(한국 방문 비의향자 기준),BASE:B5. 1) 한국 ①~②,대만,대만,국가/지역,매력적인 자연경관 부족,32.0,(32),2.536414466388239,%
2025_잠재방한객조사_일반외국인.xlsx,일반외국인,B13-2A,<표B13-2A> 향후 3년 내(~2028년) 한국 방문 의향이 없는 이유(1순위)(한국 방문 비의향자 기준),BASE:B5. 1) 한국 ①~②,대만,대만,국가/지역,"여행하기에 적합하지 않은 날씨/기후, 계절",32.0,(32),2.701425688017766,%
2025_잠재방한객조사_일반외국인.xlsx,일반외국인,B13-2A,<표B13-2A> 향후 3년 내(~2028년) 한국 방문 의향이 없는 이유(1순위)(한국 방문 비의향자 기준),BASE:B5. 1) 한국 ①~②,대만,대만,국가/지역,다양하지 않은 항공 노선(직항 부족 등),32.0,(32),0,%
2025_잠재방한객조사_일반외국인.xlsx,일반외국인,B13-2A,<표B13-2A> 향후 3년 내(~2028년) 한국 방문 의향이 없는 이유(1순위)(한국 방문 비의향자 기준),BASE:B5. 1) 한국 ①~②,대만,대만,국가/지역,노약자/장애인/아이 등과의 동반 또는 단독 여행 불편,32.0,(32),5.486514958621204,%
2025_잠재방한객조사_일반외국인.xlsx,일반외국인,B13-2A,<표B13-2A> 향후 3년 내(~2028년) 한국 방문 의향이 없는 이유(1순위)(한국 방문 비의향자 기준),BASE:B5. 1) 한국 ①~②,대만,대만,국가/지역,"불편한 종교 환경(음식, 기도실 등)",32.0,(32),0,%
2025_잠재방한객조사_일반외국인.xlsx,일반외국인,B13-2A,<표B13-2A> 향후 3년 내(~2028년) 한국 방문 의향이 없는 이유(1순위)(한국 방문 비의향자 기준),BASE:B5. 1) 한국 ①~②,대만,대만,국가/지역,반려동물과의 동반 여행 불편,32.0,(32),0,%
2025_잠재방한객조사_일반외국인.xlsx,일반외국인,B13-2A,<표B13-2A> 향후 3년 내(~2028년) 한국 방문 의향이 없는 이유(1순위)(한국 방문 비의향자 기준),BASE:B5. 1) 한국 ①~②,대만,대만,국가/지역,부정적인 과거 한국 방문 경험 (#A2. 한국 경험자 한정),32.0,(32),5.343105814852424,%
2025_잠재방한객조사_일반외국인.xlsx,일반외국인,B13-2A,<표B13-2A> 향후 3년 내(~2028년) 한국 방문 의향이 없는 이유(1순위)(한국 방문 비의향자 기준),BASE:B5. 1) 한국 ①~②,대만,대만,국가/지역,계,32.0,(32),100,%
2025_잠재방한객조사_일반외국인.xlsx,일반외국인,B13-2A,<표B13-2A> 향후 3년 내(~2028년) 한국 방문 의향이 없는 이유(1순위)(한국 방문 비의향자 기준),BASE:B5. 1) 한국 ①~②,미국,미국,국가/지역,여행목적지로서 낮은 한국 인지도,155.0,(155),13.858345572680259,%
2025_잠재방한객조사_일반외국인.xlsx,일반외국인,B13-2A,<표B13-2A> 향후 3년 내(~2028년) 한국 방문 의향이 없는 이유(1순위)(한국 방문 비의향자 기준),BASE:B5. 1) 한국 ①~②,미국,미국,국가/지역,부정적인 한국 관련 이미지,155.0,(155),7.988311930240931,%
2025_잠재방한객조사_일반외국인.xlsx,일반외국인,B13-2A,<표B13-2A> 향후 3년 내(~2028년) 한국 방문 의향이 없는 이유(1순위)(한국 방문 비의향자 기준),BASE:B5. 1) 한국 ①~②,미국,미국,국가/지역,한류(한국 문화 콘텐츠) 문화 관련 관심 부재,155.0,(155),14.539401388056486,%
2025_잠재방한객조사_일반외국인.xlsx,일반외국인,B13-2A,<표B13-2A> 향후 3년 내(~2028년) 한국 방문 의향이 없는 이유(1순위)(한국 방문 비의향자 기준),BASE:B5. 1) 한국 ①~②,미국,미국,국가/지역,불편한 언어소통,155.0,(155),10.384535054906308,%
2025_잠재방한객조사_일반외국인.xlsx,일반외국인,B13-2A,<표B13-2A> 향후 3년 내(~2028년) 한국 방문 의향이 없는 이유(1순위)(한국 방문 비의향자 기준),BASE:B5. 1) 한국 ①~②,미국,미국,국가/지역,적당하지 않은 여행경비 및 물가,155.0,(155),6.478786510005488,%
2025_잠재방한객조사_일반외국인.xlsx,일반외국인,B13-2A,<표B13-2A> 향후 3년 내(~2028년) 한국 방문 의향이 없는 이유(1순위)(한국 방문 비의향자 기준),BASE:B5. 1) 한국 ①~②,미국,미국,국가/지역,먼 이동거리(장거리 비행 필요),155.0,(155),6.519374594070851,%
2025_잠재방한객조사_일반외국인.xlsx,일반외국인,B13-2A,<표B13-2A> 향후 3년 내(~2028년) 한국 방문 의향이 없는 이유(1순위)(한국 방문 비의향자 기준),BASE:B5. 1) 한국 ①~②,미국,미국,국가/지역,"불안한 신변(치안, 방역 등)",155.0,(155),10.805990095364912,%
2025_잠재방한객조사_일반외국인.xlsx,일반외국인,B13-2A,<표B13-2A> 향후 3년 내(~2028년) 한국 방문 의향이 없는 이유(1순위)(한국 방문 비의향자 기준),BASE:B5. 1) 한국 ①~②,미국,미국,국가/지역,불편한 비자 발급 및 출입국 절차(K-ETA 등),155.0,(155),1.538378615732934,%
2025_잠재방한객조사_일반외국인.xlsx,일반외국인,B13-2A,<표B13-2A> 향후 3년 내(~2028년) 한국 방문 의향이 없는 이유(1순위)(한국 방문 비의향자 기준),BASE:B5. 1) 한국 ①~②,미국,미국,국가/지역,"내가 원하는 한국 여행 상품이 없어서/부족해서(일정, 가격, 구성 등)",155.0,(155),2.823090942616511,%
2025_잠재방한객조사_일반외국인.xlsx,일반외국인,B13-2A,<표B13-2A> 향후 3년 내(~2028년) 한국 방문 의향이 없는 이유(1순위)(한국 방문 비의향자 기준),BASE:B5. 1) 한국 ①~②,미국,미국,국가/지역,매력적인 문화/역사 유적지 부족,155.0,(155),4.5623297452695635,%
2025_잠재방한객조사_일반외국인.xlsx,일반외국인,B13-2A,<표B13-2A> 향후 3년 내(~2028년) 한국 방문 의향이 없는 이유(1순위)(한국 방문 비의향자 기준),BASE:B5. 1) 한국 ①~②,미국,미국,국가/지역,기타,155.0,(155),5.4151609713651,%
2025_잠재방한객조사_일반외국인.xlsx,일반외국인,B13-2A,<표B13-2A> 향후 3년 내(~2028년) 한국 방문 의향이 없는 이유(1순위)(한국 방문 비의향자 기준),BASE:B5. 1) 한국 ①~②,미국,미국,국가/지역,먹을거리 부족,155.0,(155),1.5392535072360483,%
2025_잠재방한객조사_일반외국인.xlsx,일반외국인,B13-2A,<표B13-2A> 향후 3년 내(~2028년) 한국 방문 의향이 없는 이유(1순위)(한국 방문 비의향자 기준),BASE:B5. 1) 한국 ①~②,미국,미국,국가/지역,한국여행 관련 항공권 및 여행상품 특가/프로모션 부족,155.0,(155),5.225008034850834,%
2025_잠재방한객조사_일반외국인.xlsx,일반외국인,B13-2A,<표B13-2A> 향후 3년 내(~2028년) 한국 방문 의향이 없는 이유(1순위)(한국 방문 비의향자 기준),BASE:B5. 1) 한국 ①~②,미국,미국,국가/지역,고유한 전통문화 체험 어려움,155.0,(155),1.586537561663998,%
2025_잠재방한객조사_일반외국인.xlsx,일반외국인,B13-2A,<표B13-2A> 향후 3년 내(~2028년) 한국 방문 의향이 없는 이유(1순위)(한국 방문 비의향자 기준),BASE:B5. 1) 한국 ①~②,미국,미국,국가/지역,매력적인 자연경관 부족,155.0,(155),0.5087937143223458,%
2025_잠재방한객조사_일반외국인.xlsx,일반외국인,B13-2A,<표B13-2A> 향후 3년 내(~2028년) 한국 방문 의향이 없는 이유(1순위)(한국 방문 비의향자 기준),BASE:B5. 1) 한국 ①~②,미국,미국,국가/지역,"여행하기에 적합하지 않은 날씨/기후, 계절",155.0,(155),2.5749177653997526,%
2025_잠재방한객조사_일반외국인.xlsx,일반외국인,B13-2A,<표B13-2A> 향후 3년 내(~2028년) 한국 방문 의향이 없는 이유(1순위)(한국 방문 비의향자 기준),BASE:B5. 1) 한국 ①~②,미국,미국,국가/지역,다양하지 않은 항공 노선(직항 부족 등),155.0,(155),2.08010603478663,%
2025_잠재방한객조사_일반외국인.xlsx,일반외국인,B13-2A,<표B13-2A> 향후 3년 내(~2028년) 한국 방문 의향이 없는 이유(1순위)(한국 방문 비의향자 기준),BASE:B5. 1) 한국 ①~②,미국,미국,국가/지역,노약자/장애인/아이 등과의 동반 또는 단독 여행 불편,155.0,(155),0,%
2025_잠재방한객조사_일반외국인.xlsx,일반외국인,B13-2A,<표B13-2A> 향후 3년 내(~2028년) 한국 방문 의향이 없는 이유(1순위)(한국 방문 비의향자 기준),BASE:B5. 1) 한국 ①~②,미국,미국,국가/지역,"불편한 종교 환경(음식, 기도실 등)",155.0,(155),1.0441405875459715,%
2025_잠재방한객조사_일반외국인.xlsx,일반외국인,B13-2A,<표B13-2A> 향후 3년 내(~2028년) 한국 방문 의향이 없는 이유(1순위)(한국 방문 비의향자 기준),BASE:B5. 1) 한국 ①~②,미국,미국,국가/지역,반려동물과의 동반 여행 불편,155.0,(155),0,%
2025_잠재방한객조사_일반외국인.xlsx,일반외국인,B13-2A,<표B13-2A> 향후 3년 내(~2028년) 한국 방문 의향이 없는 이유(1순위)(한국 방문 비의향자 기준),BASE:B5. 1) 한국 ①~②,미국,미국,국가/지역,부정적인 과거 한국 방문 경험 (#A2. 한국 경험자 한정),155.0,(155),0.5275373738850737,%
2025_잠재방한객조사_일반외국인.xlsx,일반외국인,B13-2A,<표B13-2A> 향후 3년 내(~2028년) 한국 방문 의향이 없는 이유(1순위)(한국 방문 비의향자 기준),BASE:B5. 1) 한국 ①~②,미국,미국,국가/지역,계,155.0,(155),100,%
2025_잠재방한객조사_일반외국인.xlsx,일반외국인,B13-2A,<표B13-2A> 향후 3년 내(~2028년) 한국 방문 의향이 없는 이유(1순위)(한국 방문 비의향자 기준),BASE:B5. 1) 한국 ①~②,필리핀,필리핀,국가/지역,여행목적지로서 낮은 한국 인지도,21.0,(21),4.616080469337365,%
2025_잠재방한객조사_일반외국인.xlsx,일반외국인,B13-2A,<표B13-2A> 향후 3년 내(~2028년) 한국 방문 의향이 없는 이유(1순위)(한국 방문 비의향자 기준),BASE:B5. 1) 한국 ①~②,필리핀,필리핀,국가/지역,부정적인 한국 관련 이미지,21.0,(21),4.582167707742125,%
2025_잠재방한객조사_일반외국인.xlsx,일반외국인,B13-2A,<표B13-2A> 향후 3년 내(~2028년) 한국 방문 의향이 없는 이유(1순위)(한국 방문 비의향자 기준),BASE:B5. 1) 한국 ①~②,필리핀,필리핀,국가/지역,한류(한국 문화 콘텐츠) 문화 관련 관심 부재,21.0,(21),18.68434931402712,%
2025_잠재방한객조사_일반외국인.xlsx,일반외국인,B13-2A,<표B13-2A> 향후 3년 내(~2028년) 한국 방문 의향이 없는 이유(1순위)(한국 방문 비의향자 기준),BASE:B5. 1) 한국 ①~②,필리핀,필리핀,국가/지역,불편한 언어소통,21.0,(21),16.834713178263048,%
2025_잠재방한객조사_일반외국인.xlsx,일반외국인,B13-2A,<표B13-2A> 향후 3년 내(~2028년) 한국 방문 의향이 없는 이유(1순위)(한국 방문 비의향자 기준),BASE:B5. 1) 한국 ①~②,필리핀,필리핀,국가/지역,적당하지 않은 여행경비 및 물가,21.0,(21),4.590168069412726,%
2025_잠재방한객조사_일반외국인.xlsx,일반외국인,B13-2A,<표B13-2A> 향후 3년 내(~2028년) 한국 방문 의향이 없는 이유(1순위)(한국 방문 비의향자 기준),BASE:B5. 1) 한국 ①~②,필리핀,필리핀,국가/지역,먼 이동거리(장거리 비행 필요),21.0,(21),11.508866605136463,%
2025_잠재방한객조사_일반외국인.xlsx,일반외국인,B13-2A,<표B13-2A> 향후 3년 내(~2028년) 한국 방문 의향이 없는 이유(1순위)(한국 방문 비의향자 기준),BASE:B5. 1) 한국 ①~②,필리핀,필리핀,국가/지역,"불안한 신변(치안, 방역 등)",21.0,(21),4.87898830559249,%
2025_잠재방한객조사_일반외국인.xlsx,일반외국인,B13-2A,<표B13-2A> 향후 3년 내(~2028년) 한국 방문 의향이 없는 이유(1순위)(한국 방문 비의향자 기준),BASE:B5. 1) 한국 ①~②,필리핀,필리핀,국가/지역,불편한 비자 발급 및 출입국 절차(K-ETA 등),21.0,(21),4.94603209342216,%
2025_잠재방한객조사_일반외국인.xlsx,일반외국인,B13-2A,<표B13-2A> 향후 3년 내(~2028년) 한국 방문 의향이 없는 이유(1순위)(한국 방문 비의향자 기준),BASE:B5. 1) 한국 ①~②,필리핀,필리핀,국가/지역,"내가 원하는 한국 여행 상품이 없어서/부족해서(일정, 가격, 구성 등)",21.0,(21),9.629401404153985,%
2025_잠재방한객조사_일반외국인.xlsx,일반외국인,B13-2A,<표B13-2A> 향후 3년 내(~2028년) 한국 방문 의향이 없는 이유(1순위)(한국 방문 비의향자 기준),BASE:B5. 1) 한국 ①~②,필리핀,필리핀,국가/지역,매력적인 문화/역사 유적지 부족,21.0,(21),5.069977426495862,%
2025_잠재방한객조사_일반외국인.xlsx,일반외국인,B13-2A,<표B13-2A> 향후 3년 내(~2028년) 한국 방문 의향이 없는 이유(1순위)(한국 방문 비의향자 기준),BASE:B5. 1) 한국 ①~②,필리핀,필리핀,국가/지역,기타,21.0,(21),0,%
2025_잠재방한객조사_일반외국인.xlsx,일반외국인,B13-2A,<표B13-2A> 향후 3년 내(~2028년) 한국 방문 의향이 없는 이유(1순위)(한국 방문 비의향자 기준),BASE:B5. 1) 한국 ①~②,필리핀,필리핀,국가/지역,먹을거리 부족,21.0,(21),5.038543859337263,%
2025_잠재방한객조사_일반외국인.xlsx,일반외국인,B13-2A,<표B13-2A> 향후 3년 내(~2028년) 한국 방문 의향이 없는 이유(1순위)(한국 방문 비의향자 기준),BASE:B5. 1) 한국 ①~②,필리핀,필리핀,국가/지역,한국여행 관련 항공권 및 여행상품 특가/프로모션 부족,21.0,(21),0,%
2025_잠재방한객조사_일반외국인.xlsx,일반외국인,B13-2A,<표B13-2A> 향후 3년 내(~2028년) 한국 방문 의향이 없는 이유(1순위)(한국 방문 비의향자 기준),BASE:B5. 1) 한국 ①~②,필리핀,필리핀,국가/지역,고유한 전통문화 체험 어려움,21.0,(21),0,%
2025_잠재방한객조사_일반외국인.xlsx,일반외국인,B13-2A,<표B13-2A> 향후 3년 내(~2028년) 한국 방문 의향이 없는 이유(1순위)(한국 방문 비의향자 기준),BASE:B5. 1) 한국 ①~②,필리핀,필리핀,국가/지역,매력적인 자연경관 부족,21.0,(21),0,%
2025_잠재방한객조사_일반외국인.xlsx,일반외국인,B13-2A,<표B13-2A> 향후 3년 내(~2028년) 한국 방문 의향이 없는 이유(1순위)(한국 방문 비의향자 기준),BASE:B5. 1) 한국 ①~②,필리핀,필리핀,국가/지역,"여행하기에 적합하지 않은 날씨/기후, 계절",21.0,(21),0,%
2025_잠재방한객조사_일반외국인.xlsx,일반외국인,B13-2A,<표B13-2A> 향후 3년 내(~2028년) 한국 방문 의향이 없는 이유(1순위)(한국 방문 비의향자 기준),BASE:B5. 1) 한국 ①~②,필리핀,필리핀,국가/지역,다양하지 않은 항공 노선(직항 부족 등),21.0,(21),4.582167707742125,%
2025_잠재방한객조사_일반외국인.xlsx,일반외국인,B13-2A,<표B13-2A> 향후 3년 내(~2028년) 한국 방문 의향이 없는 이유(1순위)(한국 방문 비의향자 기준),BASE:B5. 1) 한국 ①~②,필리핀,필리핀,국가/지역,노약자/장애인/아이 등과의 동반 또는 단독 여행 불편,21.0,(21),5.038543859337263,%
2025_잠재방한객조사_일반외국인.xlsx,일반외국인,B13-2A,<표B13-2A> 향후 3년 내(~2028년) 한국 방문 의향이 없는 이유(1순위)(한국 방문 비의향자 기준),BASE:B5. 1) 한국 ①~②,필리핀,필리핀,국가/지역,"불편한 종교 환경(음식, 기도실 등)",21.0,(21),0,%
2025_잠재방한객조사_일반외국인.xlsx,일반외국인,B13-2A,<표B13-2A> 향후 3년 내(~2028년) 한국 방문 의향이 없는 이유(1순위)(한국 방문 비의향자 기준),BASE:B5. 1) 한국 ①~②,필리핀,필리핀,국가/지역,반려동물과의 동반 여행 불편,21.0,(21),0,%
2025_잠재방한객조사_일반외국인.xlsx,일반외국인,B13-2A,<표B13-2A> 향후 3년 내(~2028년) 한국 방문 의향이 없는 이유(1순위)(한국 방문 비의향자 기준),BASE:B5. 1) 한국 ①~②,필리핀,필리핀,국가/지역,부정적인 과거 한국 방문 경험 (#A2. 한국 경험자 한정),21.0,(21),0,%
2025_잠재방한객조사_일반외국인.xlsx,일반외국인,B13-2A,<표B13-2A> 향후 3년 내(~2028년) 한국 방문 의향이 없는 이유(1순위)(한국 방문 비의향자 기준),BASE:B5. 1) 한국 ①~②,필리핀,필리핀,국가/지역,계,21.0,(21),100,%
2025_잠재방한객조사_일반외국인.xlsx,일반외국인,B13-2A,<표B13-2A> 향후 3년 내(~2028년) 한국 방문 의향이 없는 이유(1순위)(한국 방문 비의향자 기준),BASE:B5. 1) 한국 ①~②,베트남,베트남,국가/지역,여행목적지로서 낮은 한국 인지도,9.0,(9),11.393466385306354,%
2025_잠재방한객조사_일반외국인.xlsx,일반외국인,B13-2A,<표B13-2A> 향후 3년 내(~2028년) 한국 방문 의향이 없는 이유(1순위)(한국 방문 비의향자 기준),BASE:B5. 1) 한국 ①~②,베트남,베트남,국가/지역,부정적인 한국 관련 이미지,9.0,(9),0,%
2025_잠재방한객조사_일반외국인.xlsx,일반외국인,B13-2A,<표B13-2A> 향후 3년 내(~2028년) 한국 방문 의향이 없는 이유(1순위)(한국 방문 비의향자 기준),BASE:B5. 1) 한국 ①~②,베트남,베트남,국가/지역,한류(한국 문화 콘텐츠) 문화 관련 관심 부재,9.0,(9),10.909990207407878,%
2025_잠재방한객조사_일반외국인.xlsx,일반외국인,B13-2A,<표B13-2A> 향후 3년 내(~2028년) 한국 방문 의향이 없는 이유(1순위)(한국 방문 비의향자 기준),BASE:B5. 1) 한국 ①~②,베트남,베트남,국가/지역,불편한 언어소통,9.0,(9),22.231046634421926,%
2025_잠재방한객조사_일반외국인.xlsx,일반외국인,B13-2A,<표B13-2A> 향후 3년 내(~2028년) 한국 방문 의향이 없는 이유(1순위)(한국 방문 비의향자 기준),BASE:B5. 1) 한국 ①~②,베트남,베트남,국가/지역,적당하지 않은 여행경비 및 물가,9.0,(9),0,%
2025_잠재방한객조사_일반외국인.xlsx,일반외국인,B13-2A,<표B13-2A> 향후 3년 내(~2028년) 한국 방문 의향이 없는 이유(1순위)(한국 방문 비의향자 기준),BASE:B5. 1) 한국 ①~②,베트남,베트남,국가/지역,먼 이동거리(장거리 비행 필요),9.0,(9),0,%
2025_잠재방한객조사_일반외국인.xlsx,일반외국인,B13-2A,<표B13-2A> 향후 3년 내(~2028년) 한국 방문 의향이 없는 이유(1순위)(한국 방문 비의향자 기준),BASE:B5. 1) 한국 ①~②,베트남,베트남,국가/지역,"불안한 신변(치안, 방역 등)",9.0,(9),0,%
2025_잠재방한객조사_일반외국인.xlsx,일반외국인,B13-2A,<표B13-2A> 향후 3년 내(~2028년) 한국 방문 의향이 없는 이유(1순위)(한국 방문 비의향자 기준),BASE:B5. 1) 한국 ①~②,베트남,베트남,국가/지역,불편한 비자 발급 및 출입국 절차(K-ETA 등),9.0,(9),22.61509111221818,%
2025_잠재방한객조사_일반외국인.xlsx,일반외국인,B13-2A,<표B13-2A> 향후 3년 내(~2028년) 한국 방문 의향이 없는 이유(1순위)(한국 방문 비의향자 기준),BASE:B5. 1) 한국 ①~②,베트남,베트남,국가/지역,"내가 원하는 한국 여행 상품이 없어서/부족해서(일정, 가격, 구성 등)",9.0,(9),0,%
2025_잠재방한객조사_일반외국인.xlsx,일반외국인,B13-2A,<표B13-2A> 향후 3년 내(~2028년) 한국 방문 의향이 없는 이유(1순위)(한국 방문 비의향자 기준),BASE:B5. 1) 한국 ①~②,베트남,베트남,국가/지역,매력적인 문화/역사 유적지 부족,9.0,(9),0,%
2025_잠재방한객조사_일반외국인.xlsx,일반외국인,B13-2A,<표B13-2A> 향후 3년 내(~2028년) 한국 방문 의향이 없는 이유(1순위)(한국 방문 비의향자 기준),BASE:B5. 1) 한국 ①~②,베트남,베트남,국가/지역,기타,9.0,(9),0,%
2025_잠재방한객조사_일반외국인.xlsx,일반외국인,B13-2A,<표B13-2A> 향후 3년 내(~2028년) 한국 방문 의향이 없는 이유(1순위)(한국 방문 비의향자 기준),BASE:B5. 1) 한국 ①~②,베트남,베트남,국가/지역,먹을거리 부족,9.0,(9),11.172352730567535,%
2025_잠재방한객조사_일반외국인.xlsx,일반외국인,B13-2A,<표B13-2A> 향후 3년 내(~2028년) 한국 방문 의향이 없는 이유(1순위)(한국 방문 비의향자 기준),BASE:B5. 1) 한국 ①~②,베트남,베트남,국가/지역,한국여행 관련 항공권 및 여행상품 특가/프로모션 부족,9.0,(9),0,%
2025_잠재방한객조사_일반외국인.xlsx,일반외국인,B13-2A,<표B13-2A> 향후 3년 내(~2028년) 한국 방문 의향이 없는 이유(1순위)(한국 방문 비의향자 기준),BASE:B5. 1) 한국 ①~②,베트남,베트남,국가/지역,고유한 전통문화 체험 어려움,9.0,(9),11.40115235563312,%
2025_잠재방한객조사_일반외국인.xlsx,일반외국인,B13-2A,<표B13-2A> 향후 3년 내(~2028년) 한국 방문 의향이 없는 이유(1순위)(한국 방문 비의향자 기준),BASE:B5. 1) 한국 ①~②,베트남,베트남,국가/지역,매력적인 자연경관 부족,9.0,(9),0,%
2025_잠재방한객조사_일반외국인.xlsx,일반외국인,B13-2A,<표B13-2A> 향후 3년 내(~2028년) 한국 방문 의향이 없는 이유(1순위)(한국 방문 비의향자 기준),BASE:B5. 1) 한국 ①~②,베트남,베트남,국가/지역,"여행하기에 적합하지 않은 날씨/기후, 계절",9.0,(9),0,%
2025_잠재방한객조사_일반외국인.xlsx,일반외국인,B13-2A,<표B13-2A> 향후 3년 내(~2028년) 한국 방문 의향이 없는 이유(1순위)(한국 방문 비의향자 기준),BASE:B5. 1) 한국 ①~②,베트남,베트남,국가/지역,다양하지 않은 항공 노선(직항 부족 등),9.0,(9),0,%
2025_잠재방한객조사_일반외국인.xlsx,일반외국인,B13-2A,<표B13-2A> 향후 3년 내(~2028년) 한국 방문 의향이 없는 이유(1순위)(한국 방문 비의향자 기준),BASE:B5. 1) 한국 ①~②,베트남,베트남,국가/지역,노약자/장애인/아이 등과의 동반 또는 단독 여행 불편,9.0,(9),10.276900574445005,%
2025_잠재방한객조사_일반외국인.xlsx,일반외국인,B13-2A,<표B13-2A> 향후 3년 내(~2028년) 한국 방문 의향이 없는 이유(1순위)(한국 방문 비의향자 기준),BASE:B5. 1) 한국 ①~②,베트남,베트남,국가/지역,"불편한 종교 환경(음식, 기도실 등)",9.0,(9),0,%
2025_잠재방한객조사_일반외국인.xlsx,일반외국인,B13-2A,<표B13-2A> 향후 3년 내(~2028년) 한국 방문 의향이 없는 이유(1순위)(한국 방문 비의향자 기준),BASE:B5. 1) 한국 ①~②,베트남,베트남,국가/지역,반려동물과의 동반 여행 불편,9.0,(9),0,%
2025_잠재방한객조사_일반외국인.xlsx,일반외국인,B13-2A,<표B13-2A> 향후 3년 내(~2028년) 한국 방문 의향이 없는 이유(1순위)(한국 방문 비의향자 기준),BASE:B5. 1) 한국 ①~②,베트남,베트남,국가/지역,부정적인 과거 한국 방문 경험 (#A2. 한국 경험자 한정),9.0,(9),0,%
2025_잠재방한객조사_일반외국인.xlsx,일반외국인,B13-2A,<표B13-2A> 향후 3년 내(~2028년) 한국 방문 의향이 없는 이유(1순위)(한국 방문 비의향자 기준),BASE:B5. 1) 한국 ①~②,베트남,베트남,국가/지역,계,9.0,(9),100,%
2025_잠재방한객조사_일반외국인.xlsx,일반외국인,B13-2A,<표B13-2A> 향후 3년 내(~2028년) 한국 방문 의향이 없는 이유(1순위)(한국 방문 비의향자 기준),BASE:B5. 1) 한국 ①~②,싱가포르,싱가포르,국가/지역,여행목적지로서 낮은 한국 인지도,47.0,(47),3.4291941568357887,%
2025_잠재방한객조사_일반외국인.xlsx,일반외국인,B13-2A,<표B13-2A> 향후 3년 내(~2028년) 한국 방문 의향이 없는 이유(1순위)(한국 방문 비의향자 기준),BASE:B5. 1) 한국 ①~②,싱가포르,싱가포르,국가/지역,부정적인 한국 관련 이미지,47.0,(47),0,%
2025_잠재방한객조사_일반외국인.xlsx,일반외국인,B13-2A,<표B13-2A> 향후 3년 내(~2028년) 한국 방문 의향이 없는 이유(1순위)(한국 방문 비의향자 기준),BASE:B5. 1) 한국 ①~②,싱가포르,싱가포르,국가/지역,한류(한국 문화 콘텐츠) 문화 관련 관심 부재,47.0,(47),11.346950151918165,%
2025_잠재방한객조사_일반외국인.xlsx,일반외국인,B13-2A,<표B13-2A> 향후 3년 내(~2028년) 한국 방문 의향이 없는 이유(1순위)(한국 방문 비의향자 기준),BASE:B5. 1) 한국 ①~②,싱가포르,싱가포르,국가/지역,불편한 언어소통,47.0,(47),23.428977456523878,%
2025_잠재방한객조사_일반외국인.xlsx,일반외국인,B13-2A,<표B13-2A> 향후 3년 내(~2028년) 한국 방문 의향이 없는 이유(1순위)(한국 방문 비의향자 기준),BASE:B5. 1) 한국 ①~②,싱가포르,싱가포르,국가/지역,적당하지 않은 여행경비 및 물가,47.0,(47),10.679528514697708,%
2025_잠재방한객조사_일반외국인.xlsx,일반외국인,B13-2A,<표B13-2A> 향후 3년 내(~2028년) 한국 방문 의향이 없는 이유(1순위)(한국 방문 비의향자 기준),BASE:B5. 1) 한국 ①~②,싱가포르,싱가포르,국가/지역,먼 이동거리(장거리 비행 필요),47.0,(47),1.7214561005441824,%
2025_잠재방한객조사_일반외국인.xlsx,일반외국인,B13-2A,<표B13-2A> 향후 3년 내(~2028년) 한국 방문 의향이 없는 이유(1순위)(한국 방문 비의향자 기준),BASE:B5. 1) 한국 ①~②,싱가포르,싱가포르,국가/지역,"불안한 신변(치안, 방역 등)",47.0,(47),1.6988118594861021,%
2025_잠재방한객조사_일반외국인.xlsx,일반외국인,B13-2A,<표B13-2A> 향후 3년 내(~2028년) 한국 방문 의향이 없는 이유(1순위)(한국 방문 비의향자 기준),BASE:B5. 1) 한국 ①~②,싱가포르,싱가포르,국가/지역,불편한 비자 발급 및 출입국 절차(K-ETA 등),47.0,(47),3.4059662804380357,%
2025_잠재방한객조사_일반외국인.xlsx,일반외국인,B13-2A,<표B13-2A> 향후 3년 내(~2028년) 한국 방문 의향이 없는 이유(1순위)(한국 방문 비의향자 기준),BASE:B5. 1) 한국 ①~②,싱가포르,싱가포르,국가/지역,"내가 원하는 한국 여행 상품이 없어서/부족해서(일정, 가격, 구성 등)",47.0,(47),5.17449148890673,%
2025_잠재방한객조사_일반외국인.xlsx,일반외국인,B13-2A,<표B13-2A> 향후 3년 내(~2028년) 한국 방문 의향이 없는 이유(1순위)(한국 방문 비의향자 기준),BASE:B5. 1) 한국 ①~②,싱가포르,싱가포르,국가/지역,매력적인 문화/역사 유적지 부족,47.0,(47),3.4141256378059035,%
2025_잠재방한객조사_일반외국인.xlsx,일반외국인,B13-2A,<표B13-2A> 향후 3년 내(~2028년) 한국 방문 의향이 없는 이유(1순위)(한국 방문 비의향자 기준),BASE:B5. 1) 한국 ①~②,싱가포르,싱가포르,국가/지역,기타,47.0,(47),13.486655909140532,%
2025_잠재방한객조사_일반외국인.xlsx,일반외국인,B13-2A,<표B13-2A> 향후 3년 내(~2028년) 한국 방문 의향이 없는 이유(1순위)(한국 방문 비의향자 기준),BASE:B5. 1) 한국 ①~②,싱가포르,싱가포르,국가/지역,먹을거리 부족,47.0,(47),3.423051834611409,%
2025_잠재방한객조사_일반외국인.xlsx,일반외국인,B13-2A,<표B13-2A> 향후 3년 내(~2028년) 한국 방문 의향이 없는 이유(1순위)(한국 방문 비의향자 기준),BASE:B5. 1) 한국 ①~②,싱가포르,싱가포르,국가/지역,한국여행 관련 항공권 및 여행상품 특가/프로모션 부족,47.0,(47),1.6988118594861021,%
2025_잠재방한객조사_일반외국인.xlsx,일반외국인,B13-2A,<표B13-2A> 향후 3년 내(~2028년) 한국 방문 의향이 없는 이유(1순위)(한국 방문 비의향자 기준),BASE:B5. 1) 한국 ①~②,싱가포르,싱가포르,국가/지역,고유한 전통문화 체험 어려움,47.0,(47),5.143743194281862,%
2025_잠재방한객조사_일반외국인.xlsx,일반외국인,B13-2A,<표B13-2A> 향후 3년 내(~2028년) 한국 방문 의향이 없는 이유(1순위)(한국 방문 비의향자 기준),BASE:B5. 1) 한국 ①~②,싱가포르,싱가포르,국가/지역,매력적인 자연경관 부족,47.0,(47),1.7077380562916067,%
2025_잠재방한객조사_일반외국인.xlsx,일반외국인,B13-2A,<표B13-2A> 향후 3년 내(~2028년) 한국 방문 의향이 없는 이유(1순위)(한국 방문 비의향자 기준),BASE:B5. 1) 한국 ①~②,싱가포르,싱가포르,국가/지역,"여행하기에 적합하지 않은 날씨/기후, 계절",47.0,(47),5.118633804934479,%
2025_잠재방한객조사_일반외국인.xlsx,일반외국인,B13-2A,<표B13-2A> 향후 3년 내(~2028년) 한국 방문 의향이 없는 이유(1순위)(한국 방문 비의향자 기준),BASE:B5. 1) 한국 ①~②,싱가포르,싱가포르,국가/지역,다양하지 않은 항공 노선(직항 부족 등),47.0,(47),0,%
2025_잠재방한객조사_일반외국인.xlsx,일반외국인,B13-2A,<표B13-2A> 향후 3년 내(~2028년) 한국 방문 의향이 없는 이유(1순위)(한국 방문 비의향자 기준),BASE:B5. 1) 한국 ①~②,싱가포르,싱가포르,국가/지역,노약자/장애인/아이 등과의 동반 또는 단독 여행 불편,47.0,(47),1.6988118594861021,%
2025_잠재방한객조사_일반외국인.xlsx,일반외국인,B13-2A,<표B13-2A> 향후 3년 내(~2028년) 한국 방문 의향이 없는 이유(1순위)(한국 방문 비의향자 기준),BASE:B5. 1) 한국 ①~②,싱가포르,싱가포르,국가/지역,"불편한 종교 환경(음식, 기도실 등)",47.0,(47),0,%
2025_잠재방한객조사_일반외국인.xlsx,일반외국인,B13-2A,<표B13-2A> 향후 3년 내(~2028년) 한국 방문 의향이 없는 이유(1순위)(한국 방문 비의향자 기준),BASE:B5. 1) 한국 ①~②,싱가포르,싱가포르,국가/지역,반려동물과의 동반 여행 불편,47.0,(47),1.715313778319802,%
2025_잠재방한객조사_일반외국인.xlsx,일반외국인,B13-2A,<표B13-2A> 향후 3년 내(~2028년) 한국 방문 의향이 없는 이유(1순위)(한국 방문 비의향자 기준),BASE:B5. 1) 한국 ①~②,싱가포르,싱가포르,국가/지역,부정적인 과거 한국 방문 경험 (#A2. 한국 경험자 한정),47.0,(47),1.7077380562916067,%
2025_잠재방한객조사_일반외국인.xlsx,일반외국인,B13-2A,<표B13-2A> 향후 3년 내(~2028년) 한국 방문 의향이 없는 이유(1순위)(한국 방문 비의향자 기준),BASE:B5. 1) 한국 ①~②,싱가포르,싱가포르,국가/지역,계,47.0,(47),100,%
2025_잠재방한객조사_일반외국인.xlsx,일반외국인,B13-2A,<표B13-2A> 향후 3년 내(~2028년) 한국 방문 의향이 없는 이유(1순위)(한국 방문 비의향자 기준),BASE:B5. 1) 한국 ①~②,인도네시아,인도네시아,국가/지역,여행목적지로서 낮은 한국 인지도,17.0,(17),0,%
2025_잠재방한객조사_일반외국인.xlsx,일반외국인,B13-2A,<표B13-2A> 향후 3년 내(~2028년) 한국 방문 의향이 없는 이유(1순위)(한국 방문 비의향자 기준),BASE:B5. 1) 한국 ①~②,인도네시아,인도네시아,국가/지역,부정적인 한국 관련 이미지,17.0,(17),17.548361297890864,%
2025_잠재방한객조사_일반외국인.xlsx,일반외국인,B13-2A,<표B13-2A> 향후 3년 내(~2028년) 한국 방문 의향이 없는 이유(1순위)(한국 방문 비의향자 기준),BASE:B5. 1) 한국 ①~②,인도네시아,인도네시아,국가/지역,한류(한국 문화 콘텐츠) 문화 관련 관심 부재,17.0,(17),5.848072187050685,%
2025_잠재방한객조사_일반외국인.xlsx,일반외국인,B13-2A,<표B13-2A> 향후 3년 내(~2028년) 한국 방문 의향이 없는 이유(1순위)(한국 방문 비의향자 기준),BASE:B5. 1) 한국 ①~②,인도네시아,인도네시아,국가/지역,불편한 언어소통,17.0,(17),18.357751440788977,%
2025_잠재방한객조사_일반외국인.xlsx,일반외국인,B13-2A,<표B13-2A> 향후 3년 내(~2028년) 한국 방문 의향이 없는 이유(1순위)(한국 방문 비의향자 기준),BASE:B5. 1) 한국 ①~②,인도네시아,인도네시아,국가/지역,적당하지 않은 여행경비 및 물가,17.0,(17),10.92139690237551,%
2025_잠재방한객조사_일반외국인.xlsx,일반외국인,B13-2A,<표B13-2A> 향후 3년 내(~2028년) 한국 방문 의향이 없는 이유(1순위)(한국 방문 비의향자 기준),BASE:B5. 1) 한국 ①~②,인도네시아,인도네시아,국가/지역,먼 이동거리(장거리 비행 필요),17.0,(17),5.580436623667439,%
2025_잠재방한객조사_일반외국인.xlsx,일반외국인,B13-2A,<표B13-2A> 향후 3년 내(~2028년) 한국 방문 의향이 없는 이유(1순위)(한국 방문 비의향자 기준),BASE:B5. 1) 한국 ①~②,인도네시아,인도네시아,국가/지역,"불안한 신변(치안, 방역 등)",17.0,(17),4.534302812460216,%
2025_잠재방한객조사_일반외국인.xlsx,일반외국인,B13-2A,<표B13-2A> 향후 3년 내(~2028년) 한국 방문 의향이 없는 이유(1순위)(한국 방문 비의향자 기준),BASE:B5. 1) 한국 ①~②,인도네시아,인도네시아,국가/지역,불편한 비자 발급 및 출입국 절차(K-ETA 등),17.0,(17),0,%
2025_잠재방한객조사_일반외국인.xlsx,일반외국인,B13-2A,<표B13-2A> 향후 3년 내(~2028년) 한국 방문 의향이 없는 이유(1순위)(한국 방문 비의향자 기준),BASE:B5. 1) 한국 ①~②,인도네시아,인도네시아,국가/지역,"내가 원하는 한국 여행 상품이 없어서/부족해서(일정, 가격, 구성 등)",17.0,(17),5.621269203334143,%
2025_잠재방한객조사_일반외국인.xlsx,일반외국인,B13-2A,<표B13-2A> 향후 3년 내(~2028년) 한국 방문 의향이 없는 이유(1순위)(한국 방문 비의향자 기준),BASE:B5. 1) 한국 ①~②,인도네시아,인도네시아,국가/지역,매력적인 문화/역사 유적지 부족,17.0,(17),0,%
2025_잠재방한객조사_일반외국인.xlsx,일반외국인,B13-2A,<표B13-2A> 향후 3년 내(~2028년) 한국 방문 의향이 없는 이유(1순위)(한국 방문 비의향자 기준),BASE:B5. 1) 한국 ①~②,인도네시아,인도네시아,국가/지역,기타,17.0,(17),0,%
2025_잠재방한객조사_일반외국인.xlsx,일반외국인,B13-2A,<표B13-2A> 향후 3년 내(~2028년) 한국 방문 의향이 없는 이유(1순위)(한국 방문 비의향자 기준),BASE:B5. 1) 한국 ①~②,인도네시아,인도네시아,국가/지역,먹을거리 부족,17.0,(17),14.103718299432833,%
2025_잠재방한객조사_일반외국인.xlsx,일반외국인,B13-2A,<표B13-2A> 향후 3년 내(~2028년) 한국 방문 의향이 없는 이유(1순위)(한국 방문 비의향자 기준),BASE:B5. 1) 한국 ①~②,인도네시아,인도네시아,국가/지역,한국여행 관련 항공권 및 여행상품 특가/프로모션 부족,17.0,(17),0,%
2025_잠재방한객조사_일반외국인.xlsx,일반외국인,B13-2A,<표B13-2A> 향후 3년 내(~2028년) 한국 방문 의향이 없는 이유(1순위)(한국 방문 비의향자 기준),BASE:B5. 1) 한국 ①~②,인도네시아,인도네시아,국가/지역,고유한 전통문화 체험 어려움,17.0,(17),0,%
2025_잠재방한객조사_일반외국인.xlsx,일반외국인,B13-2A,<표B13-2A> 향후 3년 내(~2028년) 한국 방문 의향이 없는 이유(1순위)(한국 방문 비의향자 기준),BASE:B5. 1) 한국 ①~②,인도네시아,인도네시아,국가/지역,매력적인 자연경관 부족,17.0,(17),0,%
2025_잠재방한객조사_일반외국인.xlsx,일반외국인,B13-2A,<표B13-2A> 향후 3년 내(~2028년) 한국 방문 의향이 없는 이유(1순위)(한국 방문 비의향자 기준),BASE:B5. 1) 한국 ①~②,인도네시아,인도네시아,국가/지역,"여행하기에 적합하지 않은 날씨/기후, 계절",17.0,(17),0,%
2025_잠재방한객조사_일반외국인.xlsx,일반외국인,B13-2A,<표B13-2A> 향후 3년 내(~2028년) 한국 방문 의향이 없는 이유(1순위)(한국 방문 비의향자 기준),BASE:B5. 1) 한국 ①~②,인도네시아,인도네시아,국가/지역,다양하지 않은 항공 노선(직항 부족 등),17.0,(17),0,%
2025_잠재방한객조사_일반외국인.xlsx,일반외국인,B13-2A,<표B13-2A> 향후 3년 내(~2028년) 한국 방문 의향이 없는 이유(1순위)(한국 방문 비의향자 기준),BASE:B5. 1) 한국 ①~②,인도네시아,인도네시아,국가/지역,노약자/장애인/아이 등과의 동반 또는 단독 여행 불편,17.0,(17),0,%
2025_잠재방한객조사_일반외국인.xlsx,일반외국인,B13-2A,<표B13-2A> 향후 3년 내(~2028년) 한국 방문 의향이 없는 이유(1순위)(한국 방문 비의향자 기준),BASE:B5. 1) 한국 ①~②,인도네시아,인도네시아,국가/지역,"불편한 종교 환경(음식, 기도실 등)",17.0,(17),17.48469123299934,%
2025_잠재방한객조사_일반외국인.xlsx,일반외국인,B13-2A,<표B13-2A> 향후 3년 내(~2028년) 한국 방문 의향이 없는 이유(1순위)(한국 방문 비의향자 기준),BASE:B5. 1) 한국 ①~②,인도네시아,인도네시아,국가/지역,반려동물과의 동반 여행 불편,17.0,(17),0,%
2025_잠재방한객조사_일반외국인.xlsx,일반외국인,B13-2A,<표B13-2A> 향후 3년 내(~2028년) 한국 방문 의향이 없는 이유(1순위)(한국 방문 비의향자 기준),BASE:B5. 1) 한국 ①~②,인도네시아,인도네시아,국가/지역,부정적인 과거 한국 방문 경험 (#A2. 한국 경험자 한정),17.0,(17),0,%
2025_잠재방한객조사_일반외국인.xlsx,일반외국인,B13-2A,<표B13-2A> 향후 3년 내(~2028년) 한국 방문 의향이 없는 이유(1순위)(한국 방문 비의향자 기준),BASE:B5. 1) 한국 ①~②,인도네시아,인도네시아,국가/지역,계,17.0,(17),100,%
2025_잠재방한객조사_일반외국인.xlsx,일반외국인,B13-2A,<표B13-2A> 향후 3년 내(~2028년) 한국 방문 의향이 없는 이유(1순위)(한국 방문 비의향자 기준),BASE:B5. 1) 한국 ①~②,태국,태국,국가/지역,여행목적지로서 낮은 한국 인지도,28.0,(28),6.165682761585776,%
2025_잠재방한객조사_일반외국인.xlsx,일반외국인,B13-2A,<표B13-2A> 향후 3년 내(~2028년) 한국 방문 의향이 없는 이유(1순위)(한국 방문 비의향자 기준),BASE:B5. 1) 한국 ①~②,태국,태국,국가/지역,부정적인 한국 관련 이미지,28.0,(28),9.200412989165404,%
2025_잠재방한객조사_일반외국인.xlsx,일반외국인,B13-2A,<표B13-2A> 향후 3년 내(~2028년) 한국 방문 의향이 없는 이유(1순위)(한국 방문 비의향자 기준),BASE:B5. 1) 한국 ①~②,태국,태국,국가/지역,한류(한국 문화 콘텐츠) 문화 관련 관심 부재,28.0,(28),6.934743146923088,%
2025_잠재방한객조사_일반외국인.xlsx,일반외국인,B13-2A,<표B13-2A> 향후 3년 내(~2028년) 한국 방문 의향이 없는 이유(1순위)(한국 방문 비의향자 기준),BASE:B5. 1) 한국 ①~②,태국,태국,국가/지역,불편한 언어소통,28.0,(28),7.069365711775043,%
2025_잠재방한객조사_일반외국인.xlsx,일반외국인,B13-2A,<표B13-2A> 향후 3년 내(~2028년) 한국 방문 의향이 없는 이유(1순위)(한국 방문 비의향자 기준),BASE:B5. 1) 한국 ①~②,태국,태국,국가/지역,적당하지 않은 여행경비 및 물가,28.0,(28),0,%
2025_잠재방한객조사_일반외국인.xlsx,일반외국인,B13-2A,<표B13-2A> 향후 3년 내(~2028년) 한국 방문 의향이 없는 이유(1순위)(한국 방문 비의향자 기준),BASE:B5. 1) 한국 ①~②,태국,태국,국가/지역,먼 이동거리(장거리 비행 필요),28.0,(28),6.562183591591804,%
2025_잠재방한객조사_일반외국인.xlsx,일반외국인,B13-2A,<표B13-2A> 향후 3년 내(~2028년) 한국 방문 의향이 없는 이유(1순위)(한국 방문 비의향자 기준),BASE:B5. 1) 한국 ①~②,태국,태국,국가/지역,"불안한 신변(치안, 방역 등)",28.0,(28),9.729533134632863,%
2025_잠재방한객조사_일반외국인.xlsx,일반외국인,B13-2A,<표B13-2A> 향후 3년 내(~2028년) 한국 방문 의향이 없는 이유(1순위)(한국 방문 비의향자 기준),BASE:B5. 1) 한국 ①~②,태국,태국,국가/지역,불편한 비자 발급 및 출입국 절차(K-ETA 등),28.0,(28),17.905348876126858,%
2025_잠재방한객조사_일반외국인.xlsx,일반외국인,B13-2A,<표B13-2A> 향후 3년 내(~2028년) 한국 방문 의향이 없는 이유(1순위)(한국 방문 비의향자 기준),BASE:B5. 1) 한국 ①~②,태국,태국,국가/지역,"내가 원하는 한국 여행 상품이 없어서/부족해서(일정, 가격, 구성 등)",28.0,(28),0,%
2025_잠재방한객조사_일반외국인.xlsx,일반외국인,B13-2A,<표B13-2A> 향후 3년 내(~2028년) 한국 방문 의향이 없는 이유(1순위)(한국 방문 비의향자 기준),BASE:B5. 1) 한국 ①~②,태국,태국,국가/지역,매력적인 문화/역사 유적지 부족,28.0,(28),3.3991199945357953,%
2025_잠재방한객조사_일반외국인.xlsx,일반외국인,B13-2A,<표B13-2A> 향후 3년 내(~2028년) 한국 방문 의향이 없는 이유(1순위)(한국 방문 비의향자 기준),BASE:B5. 1) 한국 ①~②,태국,태국,국가/지역,기타,28.0,(28),0,%
2025_잠재방한객조사_일반외국인.xlsx,일반외국인,B13-2A,<표B13-2A> 향후 3년 내(~2028년) 한국 방문 의향이 없는 이유(1순위)(한국 방문 비의향자 기준),BASE:B5. 1) 한국 ①~②,태국,태국,국가/지역,먹을거리 부족,28.0,(28),0,%
2025_잠재방한객조사_일반외국인.xlsx,일반외국인,B13-2A,<표B13-2A> 향후 3년 내(~2028년) 한국 방문 의향이 없는 이유(1순위)(한국 방문 비의향자 기준),BASE:B5. 1) 한국 ①~②,태국,태국,국가/지역,한국여행 관련 항공권 및 여행상품 특가/프로모션 부족,28.0,(28),6.913054470632199,%
2025_잠재방한객조사_일반외국인.xlsx,일반외국인,B13-2A,<표B13-2A> 향후 3년 내(~2028년) 한국 방문 의향이 없는 이유(1순위)(한국 방문 비의향자 기준),BASE:B5. 1) 한국 ①~②,태국,태국,국가/지역,고유한 전통문화 체험 어려움,28.0,(28),6.593553224784196,%
2025_잠재방한객조사_일반외국인.xlsx,일반외국인,B13-2A,<표B13-2A> 향후 3년 내(~2028년) 한국 방문 의향이 없는 이유(1순위)(한국 방문 비의향자 기준),BASE:B5. 1) 한국 ①~②,태국,태국,국가/지역,매력적인 자연경관 부족,28.0,(28),0,%
2025_잠재방한객조사_일반외국인.xlsx,일반외국인,B13-2A,<표B13-2A> 향후 3년 내(~2028년) 한국 방문 의향이 없는 이유(1순위)(한국 방문 비의향자 기준),BASE:B5. 1) 한국 ①~②,태국,태국,국가/지역,"여행하기에 적합하지 않은 날씨/기후, 계절",28.0,(28),16.7376216658664,%
2025_잠재방한객조사_일반외국인.xlsx,일반외국인,B13-2A,<표B13-2A> 향후 3년 내(~2028년) 한국 방문 의향이 없는 이유(1순위)(한국 방문 비의향자 기준),BASE:B5. 1) 한국 ①~②,태국,태국,국가/지역,다양하지 않은 항공 노선(직항 부족 등),28.0,(28),0,%
2025_잠재방한객조사_일반외국인.xlsx,일반외국인,B13-2A,<표B13-2A> 향후 3년 내(~2028년) 한국 방문 의향이 없는 이유(1순위)(한국 방문 비의향자 기준),BASE:B5. 1) 한국 ①~②,태국,태국,국가/지역,노약자/장애인/아이 등과의 동반 또는 단독 여행 불편,28.0,(28),0,%
2025_잠재방한객조사_일반외국인.xlsx,일반외국인,B13-2A,<표B13-2A> 향후 3년 내(~2028년) 한국 방문 의향이 없는 이유(1순위)(한국 방문 비의향자 기준),BASE:B5. 1) 한국 ①~②,태국,태국,국가/지역,"불편한 종교 환경(음식, 기도실 등)",28.0,(28),0,%
2025_잠재방한객조사_일반외국인.xlsx,일반외국인,B13-2A,<표B13-2A> 향후 3년 내(~2028년) 한국 방문 의향이 없는 이유(1순위)(한국 방문 비의향자 기준),BASE:B5. 1) 한국 ①~②,태국,태국,국가/지역,반려동물과의 동반 여행 불편,28.0,(28),2.7893804323805815,%
2025_잠재방한객조사_일반외국인.xlsx,일반외국인,B13-2A,<표B13-2A> 향후 3년 내(~2028년) 한국 방문 의향이 없는 이유(1순위)(한국 방문 비의향자 기준),BASE:B5. 1) 한국 ①~②,태국,태국,국가/지역,부정적인 과거 한국 방문 경험 (#A2. 한국 경험자 한정),28.0,(28),0,%
2025_잠재방한객조사_일반외국인.xlsx,일반외국인,B13-2A,<표B13-2A> 향후 3년 내(~2028년) 한국 방문 의향이 없는 이유(1순위)(한국 방문 비의향자 기준),BASE:B5. 1) 한국 ①~②,태국,태국,국가/지역,계,28.0,(28),100,%
2025_잠재방한객조사_일반외국인.xlsx,일반외국인,B13-2A,<표B13-2A> 향후 3년 내(~2028년) 한국 방문 의향이 없는 이유(1순위)(한국 방문 비의향자 기준),BASE:B5. 1) 한국 ①~②,말레이시아,말레이시아,국가/지역,여행목적지로서 낮은 한국 인지도,41.0,(41),2.4033640889360086,%
2025_잠재방한객조사_일반외국인.xlsx,일반외국인,B13-2A,<표B13-2A> 향후 3년 내(~2028년) 한국 방문 의향이 없는 이유(1순위)(한국 방문 비의향자 기준),BASE:B5. 1) 한국 ①~②,말레이시아,말레이시아,국가/지역,부정적인 한국 관련 이미지,41.0,(41),6.938340457235895,%
2025_잠재방한객조사_일반외국인.xlsx,일반외국인,B13-2A,<표B13-2A> 향후 3년 내(~2028년) 한국 방문 의향이 없는 이유(1순위)(한국 방문 비의향자 기준),BASE:B5. 1) 한국 ①~②,말레이시아,말레이시아,국가/지역,한류(한국 문화 콘텐츠) 문화 관련 관심 부재,41.0,(41),7.232315508200039,%
2025_잠재방한객조사_일반외국인.xlsx,일반외국인,B13-2A,<표B13-2A> 향후 3년 내(~2028년) 한국 방문 의향이 없는 이유(1순위)(한국 방문 비의향자 기준),BASE:B5. 1) 한국 ①~②,말레이시아,말레이시아,국가/지역,불편한 언어소통,41.0,(41),9.639610865993795,%
2025_잠재방한객조사_일반외국인.xlsx,일반외국인,B13-2A,<표B13-2A> 향후 3년 내(~2028년) 한국 방문 의향이 없는 이유(1순위)(한국 방문 비의향자 기준),BASE:B5. 1) 한국 ①~②,말레이시아,말레이시아,국가/지역,적당하지 않은 여행경비 및 물가,41.0,(41),12.048733455046113,%
2025_잠재방한객조사_일반외국인.xlsx,일반외국인,B13-2A,<표B13-2A> 향후 3년 내(~2028년) 한국 방문 의향이 없는 이유(1순위)(한국 방문 비의향자 기준),BASE:B5. 1) 한국 ①~②,말레이시아,말레이시아,국가/지역,먼 이동거리(장거리 비행 필요),41.0,(41),4.8978820925642665,%
2025_잠재방한객조사_일반외국인.xlsx,일반외국인,B13-2A,<표B13-2A> 향후 3년 내(~2028년) 한국 방문 의향이 없는 이유(1순위)(한국 방문 비의향자 기준),BASE:B5. 1) 한국 ①~②,말레이시아,말레이시아,국가/지역,"불안한 신변(치안, 방역 등)",41.0,(41),2.4247937643378012,%
2025_잠재방한객조사_일반외국인.xlsx,일반외국인,B13-2A,<표B13-2A> 향후 3년 내(~2028년) 한국 방문 의향이 없는 이유(1순위)(한국 방문 비의향자 기준),BASE:B5. 1) 한국 ①~②,말레이시아,말레이시아,국가/지역,불편한 비자 발급 및 출입국 절차(K-ETA 등),41.0,(41),5.42328179583707,%
2025_잠재방한객조사_일반외국인.xlsx,일반외국인,B13-2A,<표B13-2A> 향후 3년 내(~2028년) 한국 방문 의향이 없는 이유(1순위)(한국 방문 비의향자 기준),BASE:B5. 1) 한국 ①~②,말레이시아,말레이시아,국가/지역,"내가 원하는 한국 여행 상품이 없어서/부족해서(일정, 가격, 구성 등)",41.0,(41),4.710838999643375,%
2025_잠재방한객조사_일반외국인.xlsx,일반외국인,B13-2A,<표B13-2A> 향후 3년 내(~2028년) 한국 방문 의향이 없는 이유(1순위)(한국 방문 비의향자 기준),BASE:B5. 1) 한국 ①~②,말레이시아,말레이시아,국가/지역,매력적인 문화/역사 유적지 부족,41.0,(41),10.167484743637937,%
2025_잠재방한객조사_일반외국인.xlsx,일반외국인,B13-2A,<표B13-2A> 향후 3년 내(~2028년) 한국 방문 의향이 없는 이유(1순위)(한국 방문 비의향자 기준),BASE:B5. 1) 한국 ①~②,말레이시아,말레이시아,국가/지역,기타,41.0,(41),2.351659312467156,%
2025_잠재방한객조사_일반외국인.xlsx,일반외국인,B13-2A,<표B13-2A> 향후 3년 내(~2028년) 한국 방문 의향이 없는 이유(1순위)(한국 방문 비의향자 기준),BASE:B5. 1) 한국 ①~②,말레이시아,말레이시아,국가/지역,먹을거리 부족,41.0,(41),7.09618151851598,%
2025_잠재방한객조사_일반외국인.xlsx,일반외국인,B13-2A,<표B13-2A> 향후 3년 내(~2028년) 한국 방문 의향이 없는 이유(1순위)(한국 방문 비의향자 기준),BASE:B5. 1) 한국 ①~②,말레이시아,말레이시아,국가/지역,한국여행 관련 항공권 및 여행상품 특가/프로모션 부족,41.0,(41),7.691667887956307,%
2025_잠재방한객조사_일반외국인.xlsx,일반외국인,B13-2A,<표B13-2A> 향후 3년 내(~2028년) 한국 방문 의향이 없는 이유(1순위)(한국 방문 비의향자 기준),BASE:B5. 1) 한국 ①~②,말레이시아,말레이시아,국가/지역,고유한 전통문화 체험 어려움,41.0,(41),2.4465213070289993,%
2025_잠재방한객조사_일반외국인.xlsx,일반외국인,B13-2A,<표B13-2A> 향후 3년 내(~2028년) 한국 방문 의향이 없는 이유(1순위)(한국 방문 비의향자 기준),BASE:B5. 1) 한국 ①~②,말레이시아,말레이시아,국가/지역,매력적인 자연경관 부족,41.0,(41),4.737167689771504,%
2025_잠재방한객조사_일반외국인.xlsx,일반외국인,B13-2A,<표B13-2A> 향후 3년 내(~2028년) 한국 방문 의향이 없는 이유(1순위)(한국 방문 비의향자 기준),BASE:B5. 1) 한국 ①~②,말레이시아,말레이시아,국가/지역,"여행하기에 적합하지 않은 날씨/기후, 계절",41.0,(41),0,%
2025_잠재방한객조사_일반외국인.xlsx,일반외국인,B13-2A,<표B13-2A> 향후 3년 내(~2028년) 한국 방문 의향이 없는 이유(1순위)(한국 방문 비의향자 기준),BASE:B5. 1) 한국 ①~②,말레이시아,말레이시아,국가/지역,다양하지 않은 항공 노선(직항 부족 등),41.0,(41),2.4629870507933065,%
2025_잠재방한객조사_일반외국인.xlsx,일반외국인,B13-2A,<표B13-2A> 향후 3년 내(~2028년) 한국 방문 의향이 없는 이유(1순위)(한국 방문 비의향자 기준),BASE:B5. 1) 한국 ①~②,말레이시아,말레이시아,국가/지역,노약자/장애인/아이 등과의 동반 또는 단독 여행 불편,41.0,(41),0,%
2025_잠재방한객조사_일반외국인.xlsx,일반외국인,B13-2A,<표B13-2A> 향후 3년 내(~2028년) 한국 방문 의향이 없는 이유(1순위)(한국 방문 비의향자 기준),BASE:B5. 1) 한국 ①~②,말레이시아,말레이시아,국가/지역,"불편한 종교 환경(음식, 기도실 등)",41.0,(41),7.3271694620344485,%
2025_잠재방한객조사_일반외국인.xlsx,일반외국인,B13-2A,<표B13-2A> 향후 3년 내(~2028년) 한국 방문 의향이 없는 이유(1순위)(한국 방문 비의향자 기준),BASE:B5. 1) 한국 ①~②,말레이시아,말레이시아,국가/지역,반려동물과의 동반 여행 불편,41.0,(41),0,%
2025_잠재방한객조사_일반외국인.xlsx,일반외국인,B13-2A,<표B13-2A> 향후 3년 내(~2028년) 한국 방문 의향이 없는 이유(1순위)(한국 방문 비의향자 기준),BASE:B5. 1) 한국 ①~②,말레이시아,말레이시아,국가/지역,부정적인 과거 한국 방문 경험 (#A2. 한국 경험자 한정),41.0,(41),0,%
2025_잠재방한객조사_일반외국인.xlsx,일반외국인,B13-2A,<표B13-2A> 향후 3년 내(~2028년) 한국 방문 의향이 없는 이유(1순위)(한국 방문 비의향자 기준),BASE:B5. 1) 한국 ①~②,말레이시아,말레이시아,국가/지역,계,41.0,(41),100,%
2025_잠재방한객조사_일반외국인.xlsx,일반외국인,B13-2A,<표B13-2A> 향후 3년 내(~2028년) 한국 방문 의향이 없는 이유(1순위)(한국 방문 비의향자 기준),BASE:B5. 1) 한국 ①~②,캐나다,캐나다,국가/지역,여행목적지로서 낮은 한국 인지도,86.0,(86),8.986239125626039,%
2025_잠재방한객조사_일반외국인.xlsx,일반외국인,B13-2A,<표B13-2A> 향후 3년 내(~2028년) 한국 방문 의향이 없는 이유(1순위)(한국 방문 비의향자 기준),BASE:B5. 1) 한국 ①~②,캐나다,캐나다,국가/지역,부정적인 한국 관련 이미지,86.0,(86),9.47429690565543,%
2025_잠재방한객조사_일반외국인.xlsx,일반외국인,B13-2A,<표B13-2A> 향후 3년 내(~2028년) 한국 방문 의향이 없는 이유(1순위)(한국 방문 비의향자 기준),BASE:B5. 1) 한국 ①~②,캐나다,캐나다,국가/지역,한류(한국 문화 콘텐츠) 문화 관련 관심 부재,86.0,(86),6.828675411120775,%
2025_잠재방한객조사_일반외국인.xlsx,일반외국인,B13-2A,<표B13-2A> 향후 3년 내(~2028년) 한국 방문 의향이 없는 이유(1순위)(한국 방문 비의향자 기준),BASE:B5. 1) 한국 ①~②,캐나다,캐나다,국가/지역,불편한 언어소통,86.0,(86),9.234085071228183,%
2025_잠재방한객조사_일반외국인.xlsx,일반외국인,B13-2A,<표B13-2A> 향후 3년 내(~2028년) 한국 방문 의향이 없는 이유(1순위)(한국 방문 비의향자 기준),BASE:B5. 1) 한국 ①~②,캐나다,캐나다,국가/지역,적당하지 않은 여행경비 및 물가,86.0,(86),15.428640519208999,%
2025_잠재방한객조사_일반외국인.xlsx,일반외국인,B13-2A,<표B13-2A> 향후 3년 내(~2028년) 한국 방문 의향이 없는 이유(1순위)(한국 방문 비의향자 기준),BASE:B5. 1) 한국 ①~②,캐나다,캐나다,국가/지역,먼 이동거리(장거리 비행 필요),86.0,(86),10.441841620453095,%
2025_잠재방한객조사_일반외국인.xlsx,일반외국인,B13-2A,<표B13-2A> 향후 3년 내(~2028년) 한국 방문 의향이 없는 이유(1순위)(한국 방문 비의향자 기준),BASE:B5. 1) 한국 ①~②,캐나다,캐나다,국가/지역,"불안한 신변(치안, 방역 등)",86.0,(86),7.691675002932703,%
2025_잠재방한객조사_일반외국인.xlsx,일반외국인,B13-2A,<표B13-2A> 향후 3년 내(~2028년) 한국 방문 의향이 없는 이유(1순위)(한국 방문 비의향자 기준),BASE:B5. 1) 한국 ①~②,캐나다,캐나다,국가/지역,불편한 비자 발급 및 출입국 절차(K-ETA 등),86.0,(86),0.9163586052464173,%
2025_잠재방한객조사_일반외국인.xlsx,일반외국인,B13-2A,<표B13-2A> 향후 3년 내(~2028년) 한국 방문 의향이 없는 이유(1순위)(한국 방문 비의향자 기준),BASE:B5. 1) 한국 ①~②,캐나다,캐나다,국가/지역,"내가 원하는 한국 여행 상품이 없어서/부족해서(일정, 가격, 구성 등)",86.0,(86),5.157580022018196,%
2025_잠재방한객조사_일반외국인.xlsx,일반외국인,B13-2A,<표B13-2A> 향후 3년 내(~2028년) 한국 방문 의향이 없는 이유(1순위)(한국 방문 비의향자 기준),BASE:B5. 1) 한국 ①~②,캐나다,캐나다,국가/지역,매력적인 문화/역사 유적지 부족,86.0,(86),3.5719408198875464,%
2025_잠재방한객조사_일반외국인.xlsx,일반외국인,B13-2A,<표B13-2A> 향후 3년 내(~2028년) 한국 방문 의향이 없는 이유(1순위)(한국 방문 비의향자 기준),BASE:B5. 1) 한국 ①~②,캐나다,캐나다,국가/지역,기타,86.0,(86),2.79642774593483,%
2025_잠재방한객조사_일반외국인.xlsx,일반외국인,B13-2A,<표B13-2A> 향후 3년 내(~2028년) 한국 방문 의향이 없는 이유(1순위)(한국 방문 비의향자 기준),BASE:B5. 1) 한국 ①~②,캐나다,캐나다,국가/지역,먹을거리 부족,86.0,(86),4.895033935965736,%
2025_잠재방한객조사_일반외국인.xlsx,일반외국인,B13-2A,<표B13-2A> 향후 3년 내(~2028년) 한국 방문 의향이 없는 이유(1순위)(한국 방문 비의향자 기준),BASE:B5. 1) 한국 ①~②,캐나다,캐나다,국가/지역,한국여행 관련 항공권 및 여행상품 특가/프로모션 부족,86.0,(86),4.494965599562335,%
2025_잠재방한객조사_일반외국인.xlsx,일반외국인,B13-2A,<표B13-2A> 향후 3년 내(~2028년) 한국 방문 의향이 없는 이유(1순위)(한국 방문 비의향자 기준),BASE:B5. 1) 한국 ①~②,캐나다,캐나다,국가/지역,고유한 전통문화 체험 어려움,86.0,(86),1.79996033940606,%
2025_잠재방한객조사_일반외국인.xlsx,일반외국인,B13-2A,<표B13-2A> 향후 3년 내(~2028년) 한국 방문 의향이 없는 이유(1순위)(한국 방문 비의향자 기준),BASE:B5. 1) 한국 ①~②,캐나다,캐나다,국가/지역,매력적인 자연경관 부족,86.0,(86),0,%
2025_잠재방한객조사_일반외국인.xlsx,일반외국인,B13-2A,<표B13-2A> 향후 3년 내(~2028년) 한국 방문 의향이 없는 이유(1순위)(한국 방문 비의향자 기준),BASE:B5. 1) 한국 ①~②,캐나다,캐나다,국가/지역,"여행하기에 적합하지 않은 날씨/기후, 계절",86.0,(86),0.9163586052464173,%
2025_잠재방한객조사_일반외국인.xlsx,일반외국인,B13-2A,<표B13-2A> 향후 3년 내(~2028년) 한국 방문 의향이 없는 이유(1순위)(한국 방문 비의향자 기준),BASE:B5. 1) 한국 ①~②,캐나다,캐나다,국가/지역,다양하지 않은 항공 노선(직항 부족 등),86.0,(86),2.75865898654411,%
2025_잠재방한객조사_일반외국인.xlsx,일반외국인,B13-2A,<표B13-2A> 향후 3년 내(~2028년) 한국 방문 의향이 없는 이유(1순위)(한국 방문 비의향자 기준),BASE:B5. 1) 한국 ①~②,캐나다,캐나다,국가/지역,노약자/장애인/아이 등과의 동반 또는 단독 여행 불편,86.0,(86),1.8268396020043751,%
2025_잠재방한객조사_일반외국인.xlsx,일반외국인,B13-2A,<표B13-2A> 향후 3년 내(~2028년) 한국 방문 의향이 없는 이유(1순위)(한국 방문 비의향자 기준),BASE:B5. 1) 한국 ①~②,캐나다,캐나다,국가/지역,"불편한 종교 환경(음식, 기도실 등)",86.0,(86),2.7804220819587244,%
2025_잠재방한객조사_일반외국인.xlsx,일반외국인,B13-2A,<표B13-2A> 향후 3년 내(~2028년) 한국 방문 의향이 없는 이유(1순위)(한국 방문 비의향자 기준),BASE:B5. 1) 한국 ①~②,캐나다,캐나다,국가/지역,반려동물과의 동반 여행 불편,86.0,(86),0,%
2025_잠재방한객조사_일반외국인.xlsx,일반외국인,B13-2A,<표B13-2A> 향후 3년 내(~2028년) 한국 방문 의향이 없는 이유(1순위)(한국 방문 비의향자 기준),BASE:B5. 1) 한국 ①~②,캐나다,캐나다,국가/지역,부정적인 과거 한국 방문 경험 (#A2. 한국 경험자 한정),86.0,(86),0,%
2025_잠재방한객조사_일반외국인.xlsx,일반외국인,B13-2A,<표B13-2A> 향후 3년 내(~2028년) 한국 방문 의향이 없는 이유(1순위)(한국 방문 비의향자 기준),BASE:B5. 1) 한국 ①~②,캐나다,캐나다,국가/지역,계,86.0,(86),100,%
2025_잠재방한객조사_일반외국인.xlsx,일반외국인,B13-2A,<표B13-2A> 향후 3년 내(~2028년) 한국 방문 의향이 없는 이유(1순위)(한국 방문 비의향자 기준),BASE:B5. 1) 한국 ①~②,호주,호주,국가/지역,여행목적지로서 낮은 한국 인지도,109.0,(109),20.054283452098517,%
2025_잠재방한객조사_일반외국인.xlsx,일반외국인,B13-2A,<표B13-2A> 향후 3년 내(~2028년) 한국 방문 의향이 없는 이유(1순위)(한국 방문 비의향자 기준),BASE:B5. 1) 한국 ①~②,호주,호주,국가/지역,부정적인 한국 관련 이미지,109.0,(109),7.901960339063677,%
2025_잠재방한객조사_일반외국인.xlsx,일반외국인,B13-2A,<표B13-2A> 향후 3년 내(~2028년) 한국 방문 의향이 없는 이유(1순위)(한국 방문 비의향자 기준),BASE:B5. 1) 한국 ①~②,호주,호주,국가/지역,한류(한국 문화 콘텐츠) 문화 관련 관심 부재,109.0,(109),11.26250330037198,%
2025_잠재방한객조사_일반외국인.xlsx,일반외국인,B13-2A,<표B13-2A> 향후 3년 내(~2028년) 한국 방문 의향이 없는 이유(1순위)(한국 방문 비의향자 기준),BASE:B5. 1) 한국 ①~②,호주,호주,국가/지역,불편한 언어소통,109.0,(109),9.183331642638803,%
2025_잠재방한객조사_일반외국인.xlsx,일반외국인,B13-2A,<표B13-2A> 향후 3년 내(~2028년) 한국 방문 의향이 없는 이유(1순위)(한국 방문 비의향자 기준),BASE:B5. 1) 한국 ①~②,호주,호주,국가/지역,적당하지 않은 여행경비 및 물가,109.0,(109),2.3853673062466294,%
2025_잠재방한객조사_일반외국인.xlsx,일반외국인,B13-2A,<표B13-2A> 향후 3년 내(~2028년) 한국 방문 의향이 없는 이유(1순위)(한국 방문 비의향자 기준),BASE:B5. 1) 한국 ①~②,호주,호주,국가/지역,먼 이동거리(장거리 비행 필요),109.0,(109),3.0436639262926906,%
2025_잠재방한객조사_일반외국인.xlsx,일반외국인,B13-2A,<표B13-2A> 향후 3년 내(~2028년) 한국 방문 의향이 없는 이유(1순위)(한국 방문 비의향자 기준),BASE:B5. 1) 한국 ①~②,호주,호주,국가/지역,"불안한 신변(치안, 방역 등)",109.0,(109),6.8793057970450375,%
2025_잠재방한객조사_일반외국인.xlsx,일반외국인,B13-2A,<표B13-2A> 향후 3년 내(~2028년) 한국 방문 의향이 없는 이유(1순위)(한국 방문 비의향자 기준),BASE:B5. 1) 한국 ①~②,호주,호주,국가/지역,불편한 비자 발급 및 출입국 절차(K-ETA 등),109.0,(109),2.74499610299215,%
2025_잠재방한객조사_일반외국인.xlsx,일반외국인,B13-2A,<표B13-2A> 향후 3년 내(~2028년) 한국 방문 의향이 없는 이유(1순위)(한국 방문 비의향자 기준),BASE:B5. 1) 한국 ①~②,호주,호주,국가/지역,"내가 원하는 한국 여행 상품이 없어서/부족해서(일정, 가격, 구성 등)",109.0,(109),0,%
2025_잠재방한객조사_일반외국인.xlsx,일반외국인,B13-2A,<표B13-2A> 향후 3년 내(~2028년) 한국 방문 의향이 없는 이유(1순위)(한국 방문 비의향자 기준),BASE:B5. 1) 한국 ①~②,호주,호주,국가/지역,매력적인 문화/역사 유적지 부족,109.0,(109),3.0908658102861377,%
2025_잠재방한객조사_일반외국인.xlsx,일반외국인,B13-2A,<표B13-2A> 향후 3년 내(~2028년) 한국 방문 의향이 없는 이유(1순위)(한국 방문 비의향자 기준),BASE:B5. 1) 한국 ①~②,호주,호주,국가/지역,기타,109.0,(109),6.865958177334387,%
2025_잠재방한객조사_일반외국인.xlsx,일반외국인,B13-2A,<표B13-2A> 향후 3년 내(~2028년) 한국 방문 의향이 없는 이유(1순위)(한국 방문 비의향자 기준),BASE:B5. 1) 한국 ①~②,호주,호주,국가/지역,먹을거리 부족,109.0,(109),3.03341723569007,%
2025_잠재방한객조사_일반외국인.xlsx,일반외국인,B13-2A,<표B13-2A> 향후 3년 내(~2028년) 한국 방문 의향이 없는 이유(1순위)(한국 방문 비의향자 기준),BASE:B5. 1) 한국 ①~②,호주,호주,국가/지역,한국여행 관련 항공권 및 여행상품 특가/프로모션 부족,109.0,(109),8.205245721998313,%
2025_잠재방한객조사_일반외국인.xlsx,일반외국인,B13-2A,<표B13-2A> 향후 3년 내(~2028년) 한국 방문 의향이 없는 이유(1순위)(한국 방문 비의향자 기준),BASE:B5. 1) 한국 ①~②,호주,호주,국가/지역,고유한 전통문화 체험 어려움,109.0,(109),4.865125023806458,%
2025_잠재방한객조사_일반외국인.xlsx,일반외국인,B13-2A,<표B13-2A> 향후 3년 내(~2028년) 한국 방문 의향이 없는 이유(1순위)(한국 방문 비의향자 기준),BASE:B5. 1) 한국 ①~②,호주,호주,국가/지역,매력적인 자연경관 부족,109.0,(109),1.5635606117837157,%
2025_잠재방한객조사_일반외국인.xlsx,일반외국인,B13-2A,<표B13-2A> 향후 3년 내(~2028년) 한국 방문 의향이 없는 이유(1순위)(한국 방문 비의향자 기준),BASE:B5. 1) 한국 ①~②,호주,호주,국가/지역,"여행하기에 적합하지 않은 날씨/기후, 계절",109.0,(109),3.5893171452508303,%
2025_잠재방한객조사_일반외국인.xlsx,일반외국인,B13-2A,<표B13-2A> 향후 3년 내(~2028년) 한국 방문 의향이 없는 이유(1순위)(한국 방문 비의향자 기준),BASE:B5. 1) 한국 ①~②,호주,호주,국가/지역,다양하지 않은 항공 노선(직항 부족 등),109.0,(109),3.1532044098391596,%
2025_잠재방한객조사_일반외국인.xlsx,일반외국인,B13-2A,<표B13-2A> 향후 3년 내(~2028년) 한국 방문 의향이 없는 이유(1순위)(한국 방문 비의향자 기준),BASE:B5. 1) 한국 ①~②,호주,호주,국가/지역,노약자/장애인/아이 등과의 동반 또는 단독 여행 불편,109.0,(109),0,%
2025_잠재방한객조사_일반외국인.xlsx,일반외국인,B13-2A,<표B13-2A> 향후 3년 내(~2028년) 한국 방문 의향이 없는 이유(1순위)(한국 방문 비의향자 기준),BASE:B5. 1) 한국 ①~②,호주,호주,국가/지역,"불편한 종교 환경(음식, 기도실 등)",109.0,(109),0,%
2025_잠재방한객조사_일반외국인.xlsx,일반외국인,B13-2A,<표B13-2A> 향후 3년 내(~2028년) 한국 방문 의향이 없는 이유(1순위)(한국 방문 비의향자 기준),BASE:B5. 1) 한국 ①~②,호주,호주,국가/지역,반려동물과의 동반 여행 불편,109.0,(109),0.7213424314208644,%
2025_잠재방한객조사_일반외국인.xlsx,일반외국인,B13-2A,<표B13-2A> 향후 3년 내(~2028년) 한국 방문 의향이 없는 이유(1순위)(한국 방문 비의향자 기준),BASE:B5. 1) 한국 ①~②,호주,호주,국가/지역,부정적인 과거 한국 방문 경험 (#A2. 한국 경험자 한정),109.0,(109),1.4565515658405948,%
2025_잠재방한객조사_일반외국인.xlsx,일반외국인,B13-2A,<표B13-2A> 향후 3년 내(~2028년) 한국 방문 의향이 없는 이유(1순위)(한국 방문 비의향자 기준),BASE:B5. 1) 한국 ①~②,호주,호주,국가/지역,계,109.0,(109),100,%
2025_잠재방한객조사_일반외국인.xlsx,일반외국인,B13-2A,<표B13-2A> 향후 3년 내(~2028년) 한국 방문 의향이 없는 이유(1순위)(한국 방문 비의향자 기준),BASE:B5. 1) 한국 ①~②,러시아,러시아,국가/지역,여행목적지로서 낮은 한국 인지도,93.0,(93),16.87131269594596,%
2025_잠재방한객조사_일반외국인.xlsx,일반외국인,B13-2A,<표B13-2A> 향후 3년 내(~2028년) 한국 방문 의향이 없는 이유(1순위)(한국 방문 비의향자 기준),BASE:B5. 1) 한국 ①~②,러시아,러시아,국가/지역,부정적인 한국 관련 이미지,93.0,(93),8.856885574340648,%
2025_잠재방한객조사_일반외국인.xlsx,일반외국인,B13-2A,<표B13-2A> 향후 3년 내(~2028년) 한국 방문 의향이 없는 이유(1순위)(한국 방문 비의향자 기준),BASE:B5. 1) 한국 ①~②,러시아,러시아,국가/지역,한류(한국 문화 콘텐츠) 문화 관련 관심 부재,93.0,(93),9.86564159830188,%
2025_잠재방한객조사_일반외국인.xlsx,일반외국인,B13-2A,<표B13-2A> 향후 3년 내(~2028년) 한국 방문 의향이 없는 이유(1순위)(한국 방문 비의향자 기준),BASE:B5. 1) 한국 ①~②,러시아,러시아,국가/지역,불편한 언어소통,93.0,(93),9.571700409251907,%
2025_잠재방한객조사_일반외국인.xlsx,일반외국인,B13-2A,<표B13-2A> 향후 3년 내(~2028년) 한국 방문 의향이 없는 이유(1순위)(한국 방문 비의향자 기준),BASE:B5. 1) 한국 ①~②,러시아,러시아,국가/지역,적당하지 않은 여행경비 및 물가,93.0,(93),9.894644344225329,%
2025_잠재방한객조사_일반외국인.xlsx,일반외국인,B13-2A,<표B13-2A> 향후 3년 내(~2028년) 한국 방문 의향이 없는 이유(1순위)(한국 방문 비의향자 기준),BASE:B5. 1) 한국 ①~②,러시아,러시아,국가/지역,먼 이동거리(장거리 비행 필요),93.0,(93),8.851417425552382,%
2025_잠재방한객조사_일반외국인.xlsx,일반외국인,B13-2A,<표B13-2A> 향후 3년 내(~2028년) 한국 방문 의향이 없는 이유(1순위)(한국 방문 비의향자 기준),BASE:B5. 1) 한국 ①~②,러시아,러시아,국가/지역,"불안한 신변(치안, 방역 등)",93.0,(93),8.452795949364415,%
2025_잠재방한객조사_일반외국인.xlsx,일반외국인,B13-2A,<표B13-2A> 향후 3년 내(~2028년) 한국 방문 의향이 없는 이유(1순위)(한국 방문 비의향자 기준),BASE:B5. 1) 한국 ①~②,러시아,러시아,국가/지역,불편한 비자 발급 및 출입국 절차(K-ETA 등),93.0,(93),5.719972363504917,%
2025_잠재방한객조사_일반외국인.xlsx,일반외국인,B13-2A,<표B13-2A> 향후 3년 내(~2028년) 한국 방문 의향이 없는 이유(1순위)(한국 방문 비의향자 기준),BASE:B5. 1) 한국 ①~②,러시아,러시아,국가/지역,"내가 원하는 한국 여행 상품이 없어서/부족해서(일정, 가격, 구성 등)",93.0,(93),2.664669004843415,%
2025_잠재방한객조사_일반외국인.xlsx,일반외국인,B13-2A,<표B13-2A> 향후 3년 내(~2028년) 한국 방문 의향이 없는 이유(1순위)(한국 방문 비의향자 기준),BASE:B5. 1) 한국 ①~②,러시아,러시아,국가/지역,매력적인 문화/역사 유적지 부족,93.0,(93),4.37841494569444,%
2025_잠재방한객조사_일반외국인.xlsx,일반외국인,B13-2A,<표B13-2A> 향후 3년 내(~2028년) 한국 방문 의향이 없는 이유(1순위)(한국 방문 비의향자 기준),BASE:B5. 1) 한국 ①~②,러시아,러시아,국가/지역,기타,93.0,(93),0.9174874978528649,%
2025_잠재방한객조사_일반외국인.xlsx,일반외국인,B13-2A,<표B13-2A> 향후 3년 내(~2028년) 한국 방문 의향이 없는 이유(1순위)(한국 방문 비의향자 기준),BASE:B5. 1) 한국 ①~②,러시아,러시아,국가/지역,먹을거리 부족,93.0,(93),0.8594639593725947,%
2025_잠재방한객조사_일반외국인.xlsx,일반외국인,B13-2A,<표B13-2A> 향후 3년 내(~2028년) 한국 방문 의향이 없는 이유(1순위)(한국 방문 비의향자 기준),BASE:B5. 1) 한국 ①~②,러시아,러시아,국가/지역,한국여행 관련 항공권 및 여행상품 특가/프로모션 부족,93.0,(93),5.228378847164431,%
2025_잠재방한객조사_일반외국인.xlsx,일반외국인,B13-2A,<표B13-2A> 향후 3년 내(~2028년) 한국 방문 의향이 없는 이유(1순위)(한국 방문 비의향자 기준),BASE:B5. 1) 한국 ①~②,러시아,러시아,국가/지역,고유한 전통문화 체험 어려움,93.0,(93),1.8099045118943204,%
2025_잠재방한객조사_일반외국인.xlsx,일반외국인,B13-2A,<표B13-2A> 향후 3년 내(~2028년) 한국 방문 의향이 없는 이유(1순위)(한국 방문 비의향자 기준),BASE:B5. 1) 한국 ①~②,러시아,러시아,국가/지역,매력적인 자연경관 부족,93.0,(93),0.8854392835891387,%
2025_잠재방한객조사_일반외국인.xlsx,일반외국인,B13-2A,<표B13-2A> 향후 3년 내(~2028년) 한국 방문 의향이 없는 이유(1순위)(한국 방문 비의향자 기준),BASE:B5. 1) 한국 ①~②,러시아,러시아,국가/지역,"여행하기에 적합하지 않은 날씨/기후, 계절",93.0,(93),0.8594851758906841,%
2025_잠재방한객조사_일반외국인.xlsx,일반외국인,B13-2A,<표B13-2A> 향후 3년 내(~2028년) 한국 방문 의향이 없는 이유(1순위)(한국 방문 비의향자 기준),BASE:B5. 1) 한국 ①~②,러시아,러시아,국가/지역,다양하지 않은 항공 노선(직항 부족 등),93.0,(93),2.626483020305129,%
2025_잠재방한객조사_일반외국인.xlsx,일반외국인,B13-2A,<표B13-2A> 향후 3년 내(~2028년) 한국 방문 의향이 없는 이유(1순위)(한국 방문 비의향자 기준),BASE:B5. 1) 한국 ①~②,러시아,러시아,국가/지역,노약자/장애인/아이 등과의 동반 또는 단독 여행 불편,93.0,(93),0.8429516964527592,%
2025_잠재방한객조사_일반외국인.xlsx,일반외국인,B13-2A,<표B13-2A> 향후 3년 내(~2028년) 한국 방문 의향이 없는 이유(1순위)(한국 방문 비의향자 기준),BASE:B5. 1) 한국 ①~②,러시아,러시아,국가/지역,"불편한 종교 환경(음식, 기도실 등)",93.0,(93),0.8429516964527592,%
2025_잠재방한객조사_일반외국인.xlsx,일반외국인,B13-2A,<표B13-2A> 향후 3년 내(~2028년) 한국 방문 의향이 없는 이유(1순위)(한국 방문 비의향자 기준),BASE:B5. 1) 한국 ①~②,러시아,러시아,국가/지역,반려동물과의 동반 여행 불편,93.0,(93),0,%
2025_잠재방한객조사_일반외국인.xlsx,일반외국인,B13-2A,<표B13-2A> 향후 3년 내(~2028년) 한국 방문 의향이 없는 이유(1순위)(한국 방문 비의향자 기준),BASE:B5. 1) 한국 ①~②,러시아,러시아,국가/지역,부정적인 과거 한국 방문 경험 (#A2. 한국 경험자 한정),93.0,(93),0,%
2025_잠재방한객조사_일반외국인.xlsx,일반외국인,B13-2A,<표B13-2A> 향후 3년 내(~2028년) 한국 방문 의향이 없는 이유(1순위)(한국 방문 비의향자 기준),BASE:B5. 1) 한국 ①~②,러시아,러시아,국가/지역,계,93.0,(93),100,%
2025_잠재방한객조사_일반외국인.xlsx,일반외국인,B13-2A,<표B13-2A> 향후 3년 내(~2028년) 한국 방문 의향이 없는 이유(1순위)(한국 방문 비의향자 기준),BASE:B5. 1) 한국 ①~②,인도,인도,국가/지역,여행목적지로서 낮은 한국 인지도,52.0,(52),5.380324320796865,%
2025_잠재방한객조사_일반외국인.xlsx,일반외국인,B13-2A,<표B13-2A> 향후 3년 내(~2028년) 한국 방문 의향이 없는 이유(1순위)(한국 방문 비의향자 기준),BASE:B5. 1) 한국 ①~②,인도,인도,국가/지역,부정적인 한국 관련 이미지,52.0,(52),1.8558288543787833,%
2025_잠재방한객조사_일반외국인.xlsx,일반외국인,B13-2A,<표B13-2A> 향후 3년 내(~2028년) 한국 방문 의향이 없는 이유(1순위)(한국 방문 비의향자 기준),BASE:B5. 1) 한국 ①~②,인도,인도,국가/지역,한류(한국 문화 콘텐츠) 문화 관련 관심 부재,52.0,(52),7.61871200998119,%
2025_잠재방한객조사_일반외국인.xlsx,일반외국인,B13-2A,<표B13-2A> 향후 3년 내(~2028년) 한국 방문 의향이 없는 이유(1순위)(한국 방문 비의향자 기준),BASE:B5. 1) 한국 ①~②,인도,인도,국가/지역,불편한 언어소통,52.0,(52),9.300768709679744,%
2025_잠재방한객조사_일반외국인.xlsx,일반외국인,B13-2A,<표B13-2A> 향후 3년 내(~2028년) 한국 방문 의향이 없는 이유(1순위)(한국 방문 비의향자 기준),BASE:B5. 1) 한국 ①~②,인도,인도,국가/지역,적당하지 않은 여행경비 및 물가,52.0,(52),7.848181552044569,%
2025_잠재방한객조사_일반외국인.xlsx,일반외국인,B13-2A,<표B13-2A> 향후 3년 내(~2028년) 한국 방문 의향이 없는 이유(1순위)(한국 방문 비의향자 기준),BASE:B5. 1) 한국 ①~②,인도,인도,국가/지역,먼 이동거리(장거리 비행 필요),52.0,(52),7.757019219138268,%
2025_잠재방한객조사_일반외국인.xlsx,일반외국인,B13-2A,<표B13-2A> 향후 3년 내(~2028년) 한국 방문 의향이 없는 이유(1순위)(한국 방문 비의향자 기준),BASE:B5. 1) 한국 ①~②,인도,인도,국가/지역,"불안한 신변(치안, 방역 등)",52.0,(52),6.912044740808689,%
2025_잠재방한객조사_일반외국인.xlsx,일반외국인,B13-2A,<표B13-2A> 향후 3년 내(~2028년) 한국 방문 의향이 없는 이유(1순위)(한국 방문 비의향자 기준),BASE:B5. 1) 한국 ①~②,인도,인도,국가/지역,불편한 비자 발급 및 출입국 절차(K-ETA 등),52.0,(52),7.356853168893183,%
2025_잠재방한객조사_일반외국인.xlsx,일반외국인,B13-2A,<표B13-2A> 향후 3년 내(~2028년) 한국 방문 의향이 없는 이유(1순위)(한국 방문 비의향자 기준),BASE:B5. 1) 한국 ①~②,인도,인도,국가/지역,"내가 원하는 한국 여행 상품이 없어서/부족해서(일정, 가격, 구성 등)",52.0,(52),5.906760134435012,%
2025_잠재방한객조사_일반외국인.xlsx,일반외국인,B13-2A,<표B13-2A> 향후 3년 내(~2028년) 한국 방문 의향이 없는 이유(1순위)(한국 방문 비의향자 기준),BASE:B5. 1) 한국 ①~②,인도,인도,국가/지역,매력적인 문화/역사 유적지 부족,52.0,(52),3.746865638716939,%
2025_잠재방한객조사_일반외국인.xlsx,일반외국인,B13-2A,<표B13-2A> 향후 3년 내(~2028년) 한국 방문 의향이 없는 이유(1순위)(한국 방문 비의향자 기준),BASE:B5. 1) 한국 ①~②,인도,인도,국가/지역,기타,52.0,(52),0,%
2025_잠재방한객조사_일반외국인.xlsx,일반외국인,B13-2A,<표B13-2A> 향후 3년 내(~2028년) 한국 방문 의향이 없는 이유(1순위)(한국 방문 비의향자 기준),BASE:B5. 1) 한국 ①~②,인도,인도,국가/지역,먹을거리 부족,52.0,(52),5.856921383206694,%
2025_잠재방한객조사_일반외국인.xlsx,일반외국인,B13-2A,<표B13-2A> 향후 3년 내(~2028년) 한국 방문 의향이 없는 이유(1순위)(한국 방문 비의향자 기준),BASE:B5. 1) 한국 ①~②,인도,인도,국가/지역,한국여행 관련 항공권 및 여행상품 특가/프로모션 부족,52.0,(52),3.8133377382302576,%
2025_잠재방한객조사_일반외국인.xlsx,일반외국인,B13-2A,<표B13-2A> 향후 3년 내(~2028년) 한국 방문 의향이 없는 이유(1순위)(한국 방문 비의향자 기준),BASE:B5. 1) 한국 ①~②,인도,인도,국가/지역,고유한 전통문화 체험 어려움,52.0,(52),3.842891705285641,%
2025_잠재방한객조사_일반외국인.xlsx,일반외국인,B13-2A,<표B13-2A> 향후 3년 내(~2028년) 한국 방문 의향이 없는 이유(1순위)(한국 방문 비의향자 기준),BASE:B5. 1) 한국 ①~②,인도,인도,국가/지역,매력적인 자연경관 부족,52.0,(52),0,%
2025_잠재방한객조사_일반외국인.xlsx,일반외국인,B13-2A,<표B13-2A> 향후 3년 내(~2028년) 한국 방문 의향이 없는 이유(1순위)(한국 방문 비의향자 기준),BASE:B5. 1) 한국 ①~②,인도,인도,국가/지역,"여행하기에 적합하지 않은 날씨/기후, 계절",52.0,(52),3.8760110540576402,%
2025_잠재방한객조사_일반외국인.xlsx,일반외국인,B13-2A,<표B13-2A> 향후 3년 내(~2028년) 한국 방문 의향이 없는 이유(1순위)(한국 방문 비의향자 기준),BASE:B5. 1) 한국 ①~②,인도,인도,국가/지역,다양하지 않은 항공 노선(직항 부족 등),52.0,(52),5.867610517871412,%
2025_잠재방한객조사_일반외국인.xlsx,일반외국인,B13-2A,<표B13-2A> 향후 3년 내(~2028년) 한국 방문 의향이 없는 이유(1순위)(한국 방문 비의향자 기준),BASE:B5. 1) 한국 ①~②,인도,인도,국가/지역,노약자/장애인/아이 등과의 동반 또는 단독 여행 불편,52.0,(52),5.686426864744009,%
2025_잠재방한객조사_일반외국인.xlsx,일반외국인,B13-2A,<표B13-2A> 향후 3년 내(~2028년) 한국 방문 의향이 없는 이유(1순위)(한국 방문 비의향자 기준),BASE:B5. 1) 한국 ①~②,인도,인도,국가/지역,"불편한 종교 환경(음식, 기도실 등)",52.0,(52),1.6698698071633062,%
2025_잠재방한객조사_일반외국인.xlsx,일반외국인,B13-2A,<표B13-2A> 향후 3년 내(~2028년) 한국 방문 의향이 없는 이유(1순위)(한국 방문 비의향자 기준),BASE:B5. 1) 한국 ①~②,인도,인도,국가/지역,반려동물과의 동반 여행 불편,52.0,(52),3.8118004405345496,%
2025_잠재방한객조사_일반외국인.xlsx,일반외국인,B13-2A,<표B13-2A> 향후 3년 내(~2028년) 한국 방문 의향이 없는 이유(1순위)(한국 방문 비의향자 기준),BASE:B5. 1) 한국 ①~②,인도,인도,국가/지역,부정적인 과거 한국 방문 경험 (#A2. 한국 경험자 한정),52.0,(52),1.8917721400332643,%
2025_잠재방한객조사_일반외국인.xlsx,일반외국인,B13-2A,<표B13-2A> 향후 3년 내(~2028년) 한국 방문 의향이 없는 이유(1순위)(한국 방문 비의향자 기준),BASE:B5. 1) 한국 ①~②,인도,인도,국가/지역,계,52.0,(52),100,%
2025_잠재방한객조사_일반외국인.xlsx,일반외국인,B13-2A,<표B13-2A> 향후 3년 내(~2028년) 한국 방문 의향이 없는 이유(1순위)(한국 방문 비의향자 기준),BASE:B5. 1) 한국 ①~②,프랑스,프랑스,국가/지역,여행목적지로서 낮은 한국 인지도,149.0,(149),20.495548101909637,%
2025_잠재방한객조사_일반외국인.xlsx,일반외국인,B13-2A,<표B13-2A> 향후 3년 내(~2028년) 한국 방문 의향이 없는 이유(1순위)(한국 방문 비의향자 기준),BASE:B5. 1) 한국 ①~②,프랑스,프랑스,국가/지역,부정적인 한국 관련 이미지,149.0,(149),13.645483618022187,%
2025_잠재방한객조사_일반외국인.xlsx,일반외국인,B13-2A,<표B13-2A> 향후 3년 내(~2028년) 한국 방문 의향이 없는 이유(1순위)(한국 방문 비의향자 기준),BASE:B5. 1) 한국 ①~②,프랑스,프랑스,국가/지역,한류(한국 문화 콘텐츠) 문화 관련 관심 부재,149.0,(149),11.639491529332693,%
2025_잠재방한객조사_일반외국인.xlsx,일반외국인,B13-2A,<표B13-2A> 향후 3년 내(~2028년) 한국 방문 의향이 없는 이유(1순위)(한국 방문 비의향자 기준),BASE:B5. 1) 한국 ①~②,프랑스,프랑스,국가/지역,불편한 언어소통,149.0,(149),5.095355413814442,%
2025_잠재방한객조사_일반외국인.xlsx,일반외국인,B13-2A,<표B13-2A> 향후 3년 내(~2028년) 한국 방문 의향이 없는 이유(1순위)(한국 방문 비의향자 기준),BASE:B5. 1) 한국 ①~②,프랑스,프랑스,국가/지역,적당하지 않은 여행경비 및 물가,149.0,(149),10.714168554304091,%
2025_잠재방한객조사_일반외국인.xlsx,일반외국인,B13-2A,<표B13-2A> 향후 3년 내(~2028년) 한국 방문 의향이 없는 이유(1순위)(한국 방문 비의향자 기준),BASE:B5. 1) 한국 ①~②,프랑스,프랑스,국가/지역,먼 이동거리(장거리 비행 필요),149.0,(149),1.0898752957522646,%
2025_잠재방한객조사_일반외국인.xlsx,일반외국인,B13-2A,<표B13-2A> 향후 3년 내(~2028년) 한국 방문 의향이 없는 이유(1순위)(한국 방문 비의향자 기준),BASE:B5. 1) 한국 ①~②,프랑스,프랑스,국가/지역,"불안한 신변(치안, 방역 등)",149.0,(149),1.9467038462690947,%
2025_잠재방한객조사_일반외국인.xlsx,일반외국인,B13-2A,<표B13-2A> 향후 3년 내(~2028년) 한국 방문 의향이 없는 이유(1순위)(한국 방문 비의향자 기준),BASE:B5. 1) 한국 ①~②,프랑스,프랑스,국가/지역,불편한 비자 발급 및 출입국 절차(K-ETA 등),149.0,(149),2.24762058314252,%
2025_잠재방한객조사_일반외국인.xlsx,일반외국인,B13-2A,<표B13-2A> 향후 3년 내(~2028년) 한국 방문 의향이 없는 이유(1순위)(한국 방문 비의향자 기준),BASE:B5. 1) 한국 ①~②,프랑스,프랑스,국가/지역,"내가 원하는 한국 여행 상품이 없어서/부족해서(일정, 가격, 구성 등)",149.0,(149),1.0988103188662852,%
2025_잠재방한객조사_일반외국인.xlsx,일반외국인,B13-2A,<표B13-2A> 향후 3년 내(~2028년) 한국 방문 의향이 없는 이유(1순위)(한국 방문 비의향자 기준),BASE:B5. 1) 한국 ①~②,프랑스,프랑스,국가/지역,매력적인 문화/역사 유적지 부족,149.0,(149),2.587797822667699,%
2025_잠재방한객조사_일반외국인.xlsx,일반외국인,B13-2A,<표B13-2A> 향후 3년 내(~2028년) 한국 방문 의향이 없는 이유(1순위)(한국 방문 비의향자 기준),BASE:B5. 1) 한국 ①~②,프랑스,프랑스,국가/지역,기타,149.0,(149),1.6129690077090129,%
2025_잠재방한객조사_일반외국인.xlsx,일반외국인,B13-2A,<표B13-2A> 향후 3년 내(~2028년) 한국 방문 의향이 없는 이유(1순위)(한국 방문 비의향자 기준),BASE:B5. 1) 한국 ①~②,프랑스,프랑스,국가/지역,먹을거리 부족,149.0,(149),1.4800256870694668,%
2025_잠재방한객조사_일반외국인.xlsx,일반외국인,B13-2A,<표B13-2A> 향후 3년 내(~2028년) 한국 방문 의향이 없는 이유(1순위)(한국 방문 비의향자 기준),BASE:B5. 1) 한국 ①~②,프랑스,프랑스,국가/지역,한국여행 관련 항공권 및 여행상품 특가/프로모션 부족,149.0,(149),2.4041402459225583,%
2025_잠재방한객조사_일반외국인.xlsx,일반외국인,B13-2A,<표B13-2A> 향후 3년 내(~2028년) 한국 방문 의향이 없는 이유(1순위)(한국 방문 비의향자 기준),BASE:B5. 1) 한국 ①~②,프랑스,프랑스,국가/지역,고유한 전통문화 체험 어려움,149.0,(149),4.557846102661898,%
2025_잠재방한객조사_일반외국인.xlsx,일반외국인,B13-2A,<표B13-2A> 향후 3년 내(~2028년) 한국 방문 의향이 없는 이유(1순위)(한국 방문 비의향자 기준),BASE:B5. 1) 한국 ①~②,프랑스,프랑스,국가/지역,매력적인 자연경관 부족,149.0,(149),5.42209003778298,%
2025_잠재방한객조사_일반외국인.xlsx,일반외국인,B13-2A,<표B13-2A> 향후 3년 내(~2028년) 한국 방문 의향이 없는 이유(1순위)(한국 방문 비의향자 기준),BASE:B5. 1) 한국 ①~②,프랑스,프랑스,국가/지역,"여행하기에 적합하지 않은 날씨/기후, 계절",149.0,(149),2.7764645111280863,%
2025_잠재방한객조사_일반외국인.xlsx,일반외국인,B13-2A,<표B13-2A> 향후 3년 내(~2028년) 한국 방문 의향이 없는 이유(1순위)(한국 방문 비의향자 기준),BASE:B5. 1) 한국 ①~②,프랑스,프랑스,국가/지역,다양하지 않은 항공 노선(직항 부족 등),149.0,(149),5.601136524876705,%
2025_잠재방한객조사_일반외국인.xlsx,일반외국인,B13-2A,<표B13-2A> 향후 3년 내(~2028년) 한국 방문 의향이 없는 이유(1순위)(한국 방문 비의향자 기준),BASE:B5. 1) 한국 ①~②,프랑스,프랑스,국가/지역,노약자/장애인/아이 등과의 동반 또는 단독 여행 불편,149.0,(149),2.7668086124133753,%
2025_잠재방한객조사_일반외국인.xlsx,일반외국인,B13-2A,<표B13-2A> 향후 3년 내(~2028년) 한국 방문 의향이 없는 이유(1순위)(한국 방문 비의향자 기준),BASE:B5. 1) 한국 ①~②,프랑스,프랑스,국가/지역,"불편한 종교 환경(음식, 기도실 등)",149.0,(149),1.7030332828492645,%
2025_잠재방한객조사_일반외국인.xlsx,일반외국인,B13-2A,<표B13-2A> 향후 3년 내(~2028년) 한국 방문 의향이 없는 이유(1순위)(한국 방문 비의향자 기준),BASE:B5. 1) 한국 ①~②,프랑스,프랑스,국가/지역,반려동물과의 동반 여행 불편,149.0,(149),1.1146309035057582,%
2025_잠재방한객조사_일반외국인.xlsx,일반외국인,B13-2A,<표B13-2A> 향후 3년 내(~2028년) 한국 방문 의향이 없는 이유(1순위)(한국 방문 비의향자 기준),BASE:B5. 1) 한국 ①~②,프랑스,프랑스,국가/지역,부정적인 과거 한국 방문 경험 (#A2. 한국 경험자 한정),149.0,(149),0,%
2025_잠재방한객조사_일반외국인.xlsx,일반외국인,B13-2A,<표B13-2A> 향후 3년 내(~2028년) 한국 방문 의향이 없는 이유(1순위)(한국 방문 비의향자 기준),BASE:B5. 1) 한국 ①~②,프랑스,프랑스,국가/지역,계,149.0,(149),100,%
2025_잠재방한객조사_일반외국인.xlsx,일반외국인,B13-2A,<표B13-2A> 향후 3년 내(~2028년) 한국 방문 의향이 없는 이유(1순위)(한국 방문 비의향자 기준),BASE:B5. 1) 한국 ①~②,독일,독일,국가/지역,여행목적지로서 낮은 한국 인지도,176.0,(176),14.621578934225862,%
2025_잠재방한객조사_일반외국인.xlsx,일반외국인,B13-2A,<표B13-2A> 향후 3년 내(~2028년) 한국 방문 의향이 없는 이유(1순위)(한국 방문 비의향자 기준),BASE:B5. 1) 한국 ①~②,독일,독일,국가/지역,부정적인 한국 관련 이미지,176.0,(176),10.945578745613426,%
2025_잠재방한객조사_일반외국인.xlsx,일반외국인,B13-2A,<표B13-2A> 향후 3년 내(~2028년) 한국 방문 의향이 없는 이유(1순위)(한국 방문 비의향자 기준),BASE:B5. 1) 한국 ①~②,독일,독일,국가/지역,한류(한국 문화 콘텐츠) 문화 관련 관심 부재,176.0,(176),5.9791677181848,%
2025_잠재방한객조사_일반외국인.xlsx,일반외국인,B13-2A,<표B13-2A> 향후 3년 내(~2028년) 한국 방문 의향이 없는 이유(1순위)(한국 방문 비의향자 기준),BASE:B5. 1) 한국 ①~②,독일,독일,국가/지역,불편한 언어소통,176.0,(176),6.125592193675002,%
2025_잠재방한객조사_일반외국인.xlsx,일반외국인,B13-2A,<표B13-2A> 향후 3년 내(~2028년) 한국 방문 의향이 없는 이유(1순위)(한국 방문 비의향자 기준),BASE:B5. 1) 한국 ①~②,독일,독일,국가/지역,적당하지 않은 여행경비 및 물가,176.0,(176),11.537050843762247,%
2025_잠재방한객조사_일반외국인.xlsx,일반외국인,B13-2A,<표B13-2A> 향후 3년 내(~2028년) 한국 방문 의향이 없는 이유(1순위)(한국 방문 비의향자 기준),BASE:B5. 1) 한국 ①~②,독일,독일,국가/지역,먼 이동거리(장거리 비행 필요),176.0,(176),9.129850668496598,%
2025_잠재방한객조사_일반외국인.xlsx,일반외국인,B13-2A,<표B13-2A> 향후 3년 내(~2028년) 한국 방문 의향이 없는 이유(1순위)(한국 방문 비의향자 기준),BASE:B5. 1) 한국 ①~②,독일,독일,국가/지역,"불안한 신변(치안, 방역 등)",176.0,(176),10.60699656823411,%
2025_잠재방한객조사_일반외국인.xlsx,일반외국인,B13-2A,<표B13-2A> 향후 3년 내(~2028년) 한국 방문 의향이 없는 이유(1순위)(한국 방문 비의향자 기준),BASE:B5. 1) 한국 ①~②,독일,독일,국가/지역,불편한 비자 발급 및 출입국 절차(K-ETA 등),176.0,(176),3.8186396460091023,%
2025_잠재방한객조사_일반외국인.xlsx,일반외국인,B13-2A,<표B13-2A> 향후 3년 내(~2028년) 한국 방문 의향이 없는 이유(1순위)(한국 방문 비의향자 기준),BASE:B5. 1) 한국 ①~②,독일,독일,국가/지역,"내가 원하는 한국 여행 상품이 없어서/부족해서(일정, 가격, 구성 등)",176.0,(176),6.457979099086042,%
2025_잠재방한객조사_일반외국인.xlsx,일반외국인,B13-2A,<표B13-2A> 향후 3년 내(~2028년) 한국 방문 의향이 없는 이유(1순위)(한국 방문 비의향자 기준),BASE:B5. 1) 한국 ①~②,독일,독일,국가/지역,매력적인 문화/역사 유적지 부족,176.0,(176),4.151519761850069,%
2025_잠재방한객조사_일반외국인.xlsx,일반외국인,B13-2A,<표B13-2A> 향후 3년 내(~2028년) 한국 방문 의향이 없는 이유(1순위)(한국 방문 비의향자 기준),BASE:B5. 1) 한국 ①~②,독일,독일,국가/지역,기타,176.0,(176),5.101798797556724,%
2025_잠재방한객조사_일반외국인.xlsx,일반외국인,B13-2A,<표B13-2A> 향후 3년 내(~2028년) 한국 방문 의향이 없는 이유(1순위)(한국 방문 비의향자 기준),BASE:B5. 1) 한국 ①~②,독일,독일,국가/지역,먹을거리 부족,176.0,(176),2.159809669086294,%
2025_잠재방한객조사_일반외국인.xlsx,일반외국인,B13-2A,<표B13-2A> 향후 3년 내(~2028년) 한국 방문 의향이 없는 이유(1순위)(한국 방문 비의향자 기준),BASE:B5. 1) 한국 ①~②,독일,독일,국가/지역,한국여행 관련 항공권 및 여행상품 특가/프로모션 부족,176.0,(176),2.1631203569846815,%
2025_잠재방한객조사_일반외국인.xlsx,일반외국인,B13-2A,<표B13-2A> 향후 3년 내(~2028년) 한국 방문 의향이 없는 이유(1순위)(한국 방문 비의향자 기준),BASE:B5. 1) 한국 ①~②,독일,독일,국가/지역,고유한 전통문화 체험 어려움,176.0,(176),0.4034293214737407,%
2025_잠재방한객조사_일반외국인.xlsx,일반외국인,B13-2A,<표B13-2A> 향후 3년 내(~2028년) 한국 방문 의향이 없는 이유(1순위)(한국 방문 비의향자 기준),BASE:B5. 1) 한국 ①~②,독일,독일,국가/지역,매력적인 자연경관 부족,176.0,(176),1.3546957153465269,%
2025_잠재방한객조사_일반외국인.xlsx,일반외국인,B13-2A,<표B13-2A> 향후 3년 내(~2028년) 한국 방문 의향이 없는 이유(1순위)(한국 방문 비의향자 기준),BASE:B5. 1) 한국 ①~②,독일,독일,국가/지역,"여행하기에 적합하지 않은 날씨/기후, 계절",176.0,(176),1.300392361492873,%
2025_잠재방한객조사_일반외국인.xlsx,일반외국인,B13-2A,<표B13-2A> 향후 3년 내(~2028년) 한국 방문 의향이 없는 이유(1순위)(한국 방문 비의향자 기준),BASE:B5. 1) 한국 ①~②,독일,독일,국가/지역,다양하지 않은 항공 노선(직항 부족 등),176.0,(176),1.289524988931477,%
2025_잠재방한객조사_일반외국인.xlsx,일반외국인,B13-2A,<표B13-2A> 향후 3년 내(~2028년) 한국 방문 의향이 없는 이유(1순위)(한국 방문 비의향자 기준),BASE:B5. 1) 한국 ①~②,독일,독일,국가/지역,노약자/장애인/아이 등과의 동반 또는 단독 여행 불편,176.0,(176),0.4183472653709691,%
2025_잠재방한객조사_일반외국인.xlsx,일반외국인,B13-2A,<표B13-2A> 향후 3년 내(~2028년) 한국 방문 의향이 없는 이유(1순위)(한국 방문 비의향자 기준),BASE:B5. 1) 한국 ①~②,독일,독일,국가/지역,"불편한 종교 환경(음식, 기도실 등)",176.0,(176),1.1947362751316388,%
2025_잠재방한객조사_일반외국인.xlsx,일반외국인,B13-2A,<표B13-2A> 향후 3년 내(~2028년) 한국 방문 의향이 없는 이유(1순위)(한국 방문 비의향자 기준),BASE:B5. 1) 한국 ①~②,독일,독일,국가/지역,반려동물과의 동반 여행 불편,176.0,(176),1.2401910694878742,%
2025_잠재방한객조사_일반외국인.xlsx,일반외국인,B13-2A,<표B13-2A> 향후 3년 내(~2028년) 한국 방문 의향이 없는 이유(1순위)(한국 방문 비의향자 기준),BASE:B5. 1) 한국 ①~②,독일,독일,국가/지역,부정적인 과거 한국 방문 경험 (#A2. 한국 경험자 한정),176.0,(176),0,%
2025_잠재방한객조사_일반외국인.xlsx,일반외국인,B13-2A,<표B13-2A> 향후 3년 내(~2028년) 한국 방문 의향이 없는 이유(1순위)(한국 방문 비의향자 기준),BASE:B5. 1) 한국 ①~②,독일,독일,국가/지역,계,176.0,(176),100,%
2025_잠재방한객조사_일반외국인.xlsx,일반외국인,B13-2A,<표B13-2A> 향후 3년 내(~2028년) 한국 방문 의향이 없는 이유(1순위)(한국 방문 비의향자 기준),BASE:B5. 1) 한국 ①~②,영국,영국,국가/지역,여행목적지로서 낮은 한국 인지도,162.0,(162),16.992746537429976,%
2025_잠재방한객조사_일반외국인.xlsx,일반외국인,B13-2A,<표B13-2A> 향후 3년 내(~2028년) 한국 방문 의향이 없는 이유(1순위)(한국 방문 비의향자 기준),BASE:B5. 1) 한국 ①~②,영국,영국,국가/지역,부정적인 한국 관련 이미지,162.0,(162),7.1304188816636405,%
2025_잠재방한객조사_일반외국인.xlsx,일반외국인,B13-2A,<표B13-2A> 향후 3년 내(~2028년) 한국 방문 의향이 없는 이유(1순위)(한국 방문 비의향자 기준),BASE:B5. 1) 한국 ①~②,영국,영국,국가/지역,한류(한국 문화 콘텐츠) 문화 관련 관심 부재,162.0,(162),8.130438653407738,%
2025_잠재방한객조사_일반외국인.xlsx,일반외국인,B13-2A,<표B13-2A> 향후 3년 내(~2028년) 한국 방문 의향이 없는 이유(1순위)(한국 방문 비의향자 기준),BASE:B5. 1) 한국 ①~②,영국,영국,국가/지역,불편한 언어소통,162.0,(162),6.292601852283817,%
2025_잠재방한객조사_일반외국인.xlsx,일반외국인,B13-2A,<표B13-2A> 향후 3년 내(~2028년) 한국 방문 의향이 없는 이유(1순위)(한국 방문 비의향자 기준),BASE:B5. 1) 한국 ①~②,영국,영국,국가/지역,적당하지 않은 여행경비 및 물가,162.0,(162),14.537128714822172,%
2025_잠재방한객조사_일반외국인.xlsx,일반외국인,B13-2A,<표B13-2A> 향후 3년 내(~2028년) 한국 방문 의향이 없는 이유(1순위)(한국 방문 비의향자 기준),BASE:B5. 1) 한국 ①~②,영국,영국,국가/지역,먼 이동거리(장거리 비행 필요),162.0,(162),12.521983475473231,%
2025_잠재방한객조사_일반외국인.xlsx,일반외국인,B13-2A,<표B13-2A> 향후 3년 내(~2028년) 한국 방문 의향이 없는 이유(1순위)(한국 방문 비의향자 기준),BASE:B5. 1) 한국 ①~②,영국,영국,국가/지역,"불안한 신변(치안, 방역 등)",162.0,(162),2.367293987063457,%
2025_잠재방한객조사_일반외국인.xlsx,일반외국인,B13-2A,<표B13-2A> 향후 3년 내(~2028년) 한국 방문 의향이 없는 이유(1순위)(한국 방문 비의향자 기준),BASE:B5. 1) 한국 ①~②,영국,영국,국가/지역,불편한 비자 발급 및 출입국 절차(K-ETA 등),162.0,(162),1.9773649078404558,%
2025_잠재방한객조사_일반외국인.xlsx,일반외국인,B13-2A,<표B13-2A> 향후 3년 내(~2028년) 한국 방문 의향이 없는 이유(1순위)(한국 방문 비의향자 기준),BASE:B5. 1) 한국 ①~②,영국,영국,국가/지역,"내가 원하는 한국 여행 상품이 없어서/부족해서(일정, 가격, 구성 등)",162.0,(162),5.680974898777123,%
2025_잠재방한객조사_일반외국인.xlsx,일반외국인,B13-2A,<표B13-2A> 향후 3년 내(~2028년) 한국 방문 의향이 없는 이유(1순위)(한국 방문 비의향자 기준),BASE:B5. 1) 한국 ①~②,영국,영국,국가/지역,매력적인 문화/역사 유적지 부족,162.0,(162),1.4178201660010246,%
2025_잠재방한객조사_일반외국인.xlsx,일반외국인,B13-2A,<표B13-2A> 향후 3년 내(~2028년) 한국 방문 의향이 없는 이유(1순위)(한국 방문 비의향자 기준),BASE:B5. 1) 한국 ①~②,영국,영국,국가/지역,기타,162.0,(162),10.08283250543923,%
2025_잠재방한객조사_일반외국인.xlsx,일반외국인,B13-2A,<표B13-2A> 향후 3년 내(~2028년) 한국 방문 의향이 없는 이유(1순위)(한국 방문 비의향자 기준),BASE:B5. 1) 한국 ①~②,영국,영국,국가/지역,먹을거리 부족,162.0,(162),1.6603822429518675,%
2025_잠재방한객조사_일반외국인.xlsx,일반외국인,B13-2A,<표B13-2A> 향후 3년 내(~2028년) 한국 방문 의향이 없는 이유(1순위)(한국 방문 비의향자 기준),BASE:B5. 1) 한국 ①~②,영국,영국,국가/지역,한국여행 관련 항공권 및 여행상품 특가/프로모션 부족,162.0,(162),0.9351292623021276,%
2025_잠재방한객조사_일반외국인.xlsx,일반외국인,B13-2A,<표B13-2A> 향후 3년 내(~2028년) 한국 방문 의향이 없는 이유(1순위)(한국 방문 비의향자 기준),BASE:B5. 1) 한국 ①~②,영국,영국,국가/지역,고유한 전통문화 체험 어려움,162.0,(162),2.866046627045704,%
2025_잠재방한객조사_일반외국인.xlsx,일반외국인,B13-2A,<표B13-2A> 향후 3년 내(~2028년) 한국 방문 의향이 없는 이유(1순위)(한국 방문 비의향자 기준),BASE:B5. 1) 한국 ①~②,영국,영국,국가/지역,매력적인 자연경관 부족,162.0,(162),0,%
2025_잠재방한객조사_일반외국인.xlsx,일반외국인,B13-2A,<표B13-2A> 향후 3년 내(~2028년) 한국 방문 의향이 없는 이유(1순위)(한국 방문 비의향자 기준),BASE:B5. 1) 한국 ①~②,영국,영국,국가/지역,"여행하기에 적합하지 않은 날씨/기후, 계절",162.0,(162),1.4398818036393024,%
2025_잠재방한객조사_일반외국인.xlsx,일반외국인,B13-2A,<표B13-2A> 향후 3년 내(~2028년) 한국 방문 의향이 없는 이유(1순위)(한국 방문 비의향자 기준),BASE:B5. 1) 한국 ①~②,영국,영국,국가/지역,다양하지 않은 항공 노선(직항 부족 등),162.0,(162),2.7692336245594884,%
2025_잠재방한객조사_일반외국인.xlsx,일반외국인,B13-2A,<표B13-2A> 향후 3년 내(~2028년) 한국 방문 의향이 없는 이유(1순위)(한국 방문 비의향자 기준),BASE:B5. 1) 한국 ①~②,영국,영국,국가/지역,노약자/장애인/아이 등과의 동반 또는 단독 여행 불편,162.0,(162),0.9432272479219344,%
2025_잠재방한객조사_일반외국인.xlsx,일반외국인,B13-2A,<표B13-2A> 향후 3년 내(~2028년) 한국 방문 의향이 없는 이유(1순위)(한국 방문 비의향자 기준),BASE:B5. 1) 한국 ①~②,영국,영국,국가/지역,"불편한 종교 환경(음식, 기도실 등)",162.0,(162),1.8031343332311558,%
2025_잠재방한객조사_일반외국인.xlsx,일반외국인,B13-2A,<표B13-2A> 향후 3년 내(~2028년) 한국 방문 의향이 없는 이유(1순위)(한국 방문 비의향자 기준),BASE:B5. 1) 한국 ①~②,영국,영국,국가/지역,반려동물과의 동반 여행 불편,162.0,(162),0,%
2025_잠재방한객조사_일반외국인.xlsx,일반외국인,B13-2A,<표B13-2A> 향후 3년 내(~2028년) 한국 방문 의향이 없는 이유(1순위)(한국 방문 비의향자 기준),BASE:B5. 1) 한국 ①~②,영국,영국,국가/지역,부정적인 과거 한국 방문 경험 (#A2. 한국 경험자 한정),162.0,(162),0.4513602781466921,%
2025_잠재방한객조사_일반외국인.xlsx,일반외국인,B13-2A,<표B13-2A> 향후 3년 내(~2028년) 한국 방문 의향이 없는 이유(1순위)(한국 방문 비의향자 기준),BASE:B5. 1) 한국 ①~②,영국,영국,국가/지역,계,162.0,(162),100,%
2025_잠재방한객조사_일반외국인.xlsx,일반외국인,B13-2A,<표B13-2A> 향후 3년 내(~2028년) 한국 방문 의향이 없는 이유(1순위)(한국 방문 비의향자 기준),BASE:B5. 1) 한국 ①~②,멕시코,멕시코,국가/지역,여행목적지로서 낮은 한국 인지도,86.0,(86),11.340433310784688,%
2025_잠재방한객조사_일반외국인.xlsx,일반외국인,B13-2A,<표B13-2A> 향후 3년 내(~2028년) 한국 방문 의향이 없는 이유(1순위)(한국 방문 비의향자 기준),BASE:B5. 1) 한국 ①~②,멕시코,멕시코,국가/지역,부정적인 한국 관련 이미지,86.0,(86),8.946881693646528,%
2025_잠재방한객조사_일반외국인.xlsx,일반외국인,B13-2A,<표B13-2A> 향후 3년 내(~2028년) 한국 방문 의향이 없는 이유(1순위)(한국 방문 비의향자 기준),BASE:B5. 1) 한국 ①~②,멕시코,멕시코,국가/지역,한류(한국 문화 콘텐츠) 문화 관련 관심 부재,86.0,(86),7.672202889095417,%
2025_잠재방한객조사_일반외국인.xlsx,일반외국인,B13-2A,<표B13-2A> 향후 3년 내(~2028년) 한국 방문 의향이 없는 이유(1순위)(한국 방문 비의향자 기준),BASE:B5. 1) 한국 ①~②,멕시코,멕시코,국가/지역,불편한 언어소통,86.0,(86),7.715102164961713,%
2025_잠재방한객조사_일반외국인.xlsx,일반외국인,B13-2A,<표B13-2A> 향후 3년 내(~2028년) 한국 방문 의향이 없는 이유(1순위)(한국 방문 비의향자 기준),BASE:B5. 1) 한국 ①~②,멕시코,멕시코,국가/지역,적당하지 않은 여행경비 및 물가,86.0,(86),15.630058921146347,%
2025_잠재방한객조사_일반외국인.xlsx,일반외국인,B13-2A,<표B13-2A> 향후 3년 내(~2028년) 한국 방문 의향이 없는 이유(1순위)(한국 방문 비의향자 기준),BASE:B5. 1) 한국 ①~②,멕시코,멕시코,국가/지역,먼 이동거리(장거리 비행 필요),86.0,(86),4.373936778103152,%
2025_잠재방한객조사_일반외국인.xlsx,일반외국인,B13-2A,<표B13-2A> 향후 3년 내(~2028년) 한국 방문 의향이 없는 이유(1순위)(한국 방문 비의향자 기준),BASE:B5. 1) 한국 ①~②,멕시코,멕시코,국가/지역,"불안한 신변(치안, 방역 등)",86.0,(86),8.376389187979372,%
2025_잠재방한객조사_일반외국인.xlsx,일반외국인,B13-2A,<표B13-2A> 향후 3년 내(~2028년) 한국 방문 의향이 없는 이유(1순위)(한국 방문 비의향자 기준),BASE:B5. 1) 한국 ①~②,멕시코,멕시코,국가/지역,불편한 비자 발급 및 출입국 절차(K-ETA 등),86.0,(86),4.510482331815364,%
2025_잠재방한객조사_일반외국인.xlsx,일반외국인,B13-2A,<표B13-2A> 향후 3년 내(~2028년) 한국 방문 의향이 없는 이유(1순위)(한국 방문 비의향자 기준),BASE:B5. 1) 한국 ①~②,멕시코,멕시코,국가/지역,"내가 원하는 한국 여행 상품이 없어서/부족해서(일정, 가격, 구성 등)",86.0,(86),3.816860557903233,%
2025_잠재방한객조사_일반외국인.xlsx,일반외국인,B13-2A,<표B13-2A> 향후 3년 내(~2028년) 한국 방문 의향이 없는 이유(1순위)(한국 방문 비의향자 기준),BASE:B5. 1) 한국 ①~②,멕시코,멕시코,국가/지역,매력적인 문화/역사 유적지 부족,86.0,(86),2.1430251984057698,%
2025_잠재방한객조사_일반외국인.xlsx,일반외국인,B13-2A,<표B13-2A> 향후 3년 내(~2028년) 한국 방문 의향이 없는 이유(1순위)(한국 방문 비의향자 기준),BASE:B5. 1) 한국 ①~②,멕시코,멕시코,국가/지역,기타,86.0,(86),2.797139354059221,%
2025_잠재방한객조사_일반외국인.xlsx,일반외국인,B13-2A,<표B13-2A> 향후 3년 내(~2028년) 한국 방문 의향이 없는 이유(1순위)(한국 방문 비의향자 기준),BASE:B5. 1) 한국 ①~②,멕시코,멕시코,국가/지역,먹을거리 부족,86.0,(86),0,%
2025_잠재방한객조사_일반외국인.xlsx,일반외국인,B13-2A,<표B13-2A> 향후 3년 내(~2028년) 한국 방문 의향이 없는 이유(1순위)(한국 방문 비의향자 기준),BASE:B5. 1) 한국 ①~②,멕시코,멕시코,국가/지역,한국여행 관련 항공권 및 여행상품 특가/프로모션 부족,86.0,(86),5.058723611857109,%
2025_잠재방한객조사_일반외국인.xlsx,일반외국인,B13-2A,<표B13-2A> 향후 3년 내(~2028년) 한국 방문 의향이 없는 이유(1순위)(한국 방문 비의향자 기준),BASE:B5. 1) 한국 ①~②,멕시코,멕시코,국가/지역,고유한 전통문화 체험 어려움,86.0,(86),5.908752239604227,%
2025_잠재방한객조사_일반외국인.xlsx,일반외국인,B13-2A,<표B13-2A> 향후 3년 내(~2028년) 한국 방문 의향이 없는 이유(1순위)(한국 방문 비의향자 기준),BASE:B5. 1) 한국 ①~②,멕시코,멕시코,국가/지역,매력적인 자연경관 부족,86.0,(86),0,%
2025_잠재방한객조사_일반외국인.xlsx,일반외국인,B13-2A,<표B13-2A> 향후 3년 내(~2028년) 한국 방문 의향이 없는 이유(1순위)(한국 방문 비의향자 기준),BASE:B5. 1) 한국 ①~②,멕시코,멕시코,국가/지역,"여행하기에 적합하지 않은 날씨/기후, 계절",86.0,(86),2.2619711397479034,%
2025_잠재방한객조사_일반외국인.xlsx,일반외국인,B13-2A,<표B13-2A> 향후 3년 내(~2028년) 한국 방문 의향이 없는 이유(1순위)(한국 방문 비의향자 기준),BASE:B5. 1) 한국 ①~②,멕시코,멕시코,국가/지역,다양하지 않은 항공 노선(직항 부족 등),86.0,(86),3.9057643528345127,%
2025_잠재방한객조사_일반외국인.xlsx,일반외국인,B13-2A,<표B13-2A> 향후 3년 내(~2028년) 한국 방문 의향이 없는 이유(1순위)(한국 방문 비의향자 기준),BASE:B5. 1) 한국 ①~②,멕시코,멕시코,국가/지역,노약자/장애인/아이 등과의 동반 또는 단독 여행 불편,86.0,(86),1.1215945928434268,%
2025_잠재방한객조사_일반외국인.xlsx,일반외국인,B13-2A,<표B13-2A> 향후 3년 내(~2028년) 한국 방문 의향이 없는 이유(1순위)(한국 방문 비의향자 기준),BASE:B5. 1) 한국 ①~②,멕시코,멕시코,국가/지역,"불편한 종교 환경(음식, 기도실 등)",86.0,(86),2.241405156656807,%
2025_잠재방한객조사_일반외국인.xlsx,일반외국인,B13-2A,<표B13-2A> 향후 3년 내(~2028년) 한국 방문 의향이 없는 이유(1순위)(한국 방문 비의향자 기준),BASE:B5. 1) 한국 ①~②,멕시코,멕시코,국가/지역,반려동물과의 동반 여행 불편,86.0,(86),1.077152971339172,%
2025_잠재방한객조사_일반외국인.xlsx,일반외국인,B13-2A,<표B13-2A> 향후 3년 내(~2028년) 한국 방문 의향이 없는 이유(1순위)(한국 방문 비의향자 기준),BASE:B5. 1) 한국 ①~②,멕시코,멕시코,국가/지역,부정적인 과거 한국 방문 경험 (#A2. 한국 경험자 한정),86.0,(86),1.1021235472159856,%
2025_잠재방한객조사_일반외국인.xlsx,일반외국인,B13-2A,<표B13-2A> 향후 3년 내(~2028년) 한국 방문 의향이 없는 이유(1순위)(한국 방문 비의향자 기준),BASE:B5. 1) 한국 ①~②,멕시코,멕시코,국가/지역,계,86.0,(86),100,%
2025_잠재방한객조사_일반외국인.xlsx,일반외국인,B13-2A,<표B13-2A> 향후 3년 내(~2028년) 한국 방문 의향이 없는 이유(1순위)(한국 방문 비의향자 기준),BASE:B5. 1) 한국 ①~②,카자흐스탄,카자흐스탄,국가/지역,여행목적지로서 낮은 한국 인지도,42.0,(42),15.229304972110969,%
2025_잠재방한객조사_일반외국인.xlsx,일반외국인,B13-2A,<표B13-2A> 향후 3년 내(~2028년) 한국 방문 의향이 없는 이유(1순위)(한국 방문 비의향자 기준),BASE:B5. 1) 한국 ①~②,카자흐스탄,카자흐스탄,국가/지역,부정적인 한국 관련 이미지,42.0,(42),0,%
2025_잠재방한객조사_일반외국인.xlsx,일반외국인,B13-2A,<표B13-2A> 향후 3년 내(~2028년) 한국 방문 의향이 없는 이유(1순위)(한국 방문 비의향자 기준),BASE:B5. 1) 한국 ①~②,카자흐스탄,카자흐스탄,국가/지역,한류(한국 문화 콘텐츠) 문화 관련 관심 부재,42.0,(42),6.56620229333454,%
2025_잠재방한객조사_일반외국인.xlsx,일반외국인,B13-2A,<표B13-2A> 향후 3년 내(~2028년) 한국 방문 의향이 없는 이유(1순위)(한국 방문 비의향자 기준),BASE:B5. 1) 한국 ①~②,카자흐스탄,카자흐스탄,국가/지역,불편한 언어소통,42.0,(42),8.870871776107206,%
2025_잠재방한객조사_일반외국인.xlsx,일반외국인,B13-2A,<표B13-2A> 향후 3년 내(~2028년) 한국 방문 의향이 없는 이유(1순위)(한국 방문 비의향자 기준),BASE:B5. 1) 한국 ①~②,카자흐스탄,카자흐스탄,국가/지역,적당하지 않은 여행경비 및 물가,42.0,(42),20.974824487932047,%
2025_잠재방한객조사_일반외국인.xlsx,일반외국인,B13-2A,<표B13-2A> 향후 3년 내(~2028년) 한국 방문 의향이 없는 이유(1순위)(한국 방문 비의향자 기준),BASE:B5. 1) 한국 ①~②,카자흐스탄,카자흐스탄,국가/지역,먼 이동거리(장거리 비행 필요),42.0,(42),2.1693692816916688,%
2025_잠재방한객조사_일반외국인.xlsx,일반외국인,B13-2A,<표B13-2A> 향후 3년 내(~2028년) 한국 방문 의향이 없는 이유(1순위)(한국 방문 비의향자 기준),BASE:B5. 1) 한국 ①~②,카자흐스탄,카자흐스탄,국가/지역,"불안한 신변(치안, 방역 등)",42.0,(42),4.476301581730013,%
2025_잠재방한객조사_일반외국인.xlsx,일반외국인,B13-2A,<표B13-2A> 향후 3년 내(~2028년) 한국 방문 의향이 없는 이유(1순위)(한국 방문 비의향자 기준),BASE:B5. 1) 한국 ①~②,카자흐스탄,카자흐스탄,국가/지역,불편한 비자 발급 및 출입국 절차(K-ETA 등),42.0,(42),4.372456999385108,%
2025_잠재방한객조사_일반외국인.xlsx,일반외국인,B13-2A,<표B13-2A> 향후 3년 내(~2028년) 한국 방문 의향이 없는 이유(1순위)(한국 방문 비의향자 기준),BASE:B5. 1) 한국 ①~②,카자흐스탄,카자흐스탄,국가/지역,"내가 원하는 한국 여행 상품이 없어서/부족해서(일정, 가격, 구성 등)",42.0,(42),11.031700002117764,%
2025_잠재방한객조사_일반외국인.xlsx,일반외국인,B13-2A,<표B13-2A> 향후 3년 내(~2028년) 한국 방문 의향이 없는 이유(1순위)(한국 방문 비의향자 기준),BASE:B5. 1) 한국 ①~②,카자흐스탄,카자흐스탄,국가/지역,매력적인 문화/역사 유적지 부족,42.0,(42),0,%
2025_잠재방한객조사_일반외국인.xlsx,일반외국인,B13-2A,<표B13-2A> 향후 3년 내(~2028년) 한국 방문 의향이 없는 이유(1순위)(한국 방문 비의향자 기준),BASE:B5. 1) 한국 ①~②,카자흐스탄,카자흐스탄,국가/지역,기타,42.0,(42),2.182847714080972,%
2025_잠재방한객조사_일반외국인.xlsx,일반외국인,B13-2A,<표B13-2A> 향후 3년 내(~2028년) 한국 방문 의향이 없는 이유(1순위)(한국 방문 비의향자 기준),BASE:B5. 1) 한국 ①~②,카자흐스탄,카자흐스탄,국가/지역,먹을거리 부족,42.0,(42),4.427054928584104,%
2025_잠재방한객조사_일반외국인.xlsx,일반외국인,B13-2A,<표B13-2A> 향후 3년 내(~2028년) 한국 방문 의향이 없는 이유(1순위)(한국 방문 비의향자 기준),BASE:B5. 1) 한국 ①~②,카자흐스탄,카자흐스탄,국가/지역,한국여행 관련 항공권 및 여행상품 특가/프로모션 부족,42.0,(42),4.522031841818134,%
2025_잠재방한객조사_일반외국인.xlsx,일반외국인,B13-2A,<표B13-2A> 향후 3년 내(~2028년) 한국 방문 의향이 없는 이유(1순위)(한국 방문 비의향자 기준),BASE:B5. 1) 한국 ①~②,카자흐스탄,카자흐스탄,국가/지역,고유한 전통문화 체험 어려움,42.0,(42),2.103304759298881,%
2025_잠재방한객조사_일반외국인.xlsx,일반외국인,B13-2A,<표B13-2A> 향후 3년 내(~2028년) 한국 방문 의향이 없는 이유(1순위)(한국 방문 비의향자 기준),BASE:B5. 1) 한국 ①~②,카자흐스탄,카자흐스탄,국가/지역,매력적인 자연경관 부족,42.0,(42),4.244539040995039,%
2025_잠재방한객조사_일반외국인.xlsx,일반외국인,B13-2A,<표B13-2A> 향후 3년 내(~2028년) 한국 방문 의향이 없는 이유(1순위)(한국 방문 비의향자 기준),BASE:B5. 1) 한국 ①~②,카자흐스탄,카자흐스탄,국가/지역,"여행하기에 적합하지 않은 날씨/기후, 계절",42.0,(42),4.4691077489678985,%
2025_잠재방한객조사_일반외국인.xlsx,일반외국인,B13-2A,<표B13-2A> 향후 3년 내(~2028년) 한국 방문 의향이 없는 이유(1순위)(한국 방문 비의향자 기준),BASE:B5. 1) 한국 ①~②,카자흐스탄,카자흐스탄,국가/지역,다양하지 않은 항공 노선(직항 부족 등),42.0,(42),0,%
2025_잠재방한객조사_일반외국인.xlsx,일반외국인,B13-2A,<표B13-2A> 향후 3년 내(~2028년) 한국 방문 의향이 없는 이유(1순위)(한국 방문 비의향자 기준),BASE:B5. 1) 한국 ①~②,카자흐스탄,카자흐스탄,국가/지역,노약자/장애인/아이 등과의 동반 또는 단독 여행 불편,42.0,(42),2.1327056912263544,%
2025_잠재방한객조사_일반외국인.xlsx,일반외국인,B13-2A,<표B13-2A> 향후 3년 내(~2028년) 한국 방문 의향이 없는 이유(1순위)(한국 방문 비의향자 기준),BASE:B5. 1) 한국 ①~②,카자흐스탄,카자흐스탄,국가/지역,"불편한 종교 환경(음식, 기도실 등)",42.0,(42),0,%
2025_잠재방한객조사_일반외국인.xlsx,일반외국인,B13-2A,<표B13-2A> 향후 3년 내(~2028년) 한국 방문 의향이 없는 이유(1순위)(한국 방문 비의향자 기준),BASE:B5. 1) 한국 ①~②,카자흐스탄,카자흐스탄,국가/지역,반려동물과의 동반 여행 불편,42.0,(42),2.2273768806192624,%
2025_잠재방한객조사_일반외국인.xlsx,일반외국인,B13-2A,<표B13-2A> 향후 3년 내(~2028년) 한국 방문 의향이 없는 이유(1순위)(한국 방문 비의향자 기준),BASE:B5. 1) 한국 ①~②,카자흐스탄,카자흐스탄,국가/지역,부정적인 과거 한국 방문 경험 (#A2. 한국 경험자 한정),42.0,(42),0,%
2025_잠재방한객조사_일반외국인.xlsx,일반외국인,B13-2A,<표B13-2A> 향후 3년 내(~2028년) 한국 방문 의향이 없는 이유(1순위)(한국 방문 비의향자 기준),BASE:B5. 1) 한국 ①~②,카자흐스탄,카자흐스탄,국가/지역,계,42.0,(42),100,%
2025_잠재방한객조사_일반외국인.xlsx,일반외국인,B13-2A,<표B13-2A> 향후 3년 내(~2028년) 한국 방문 의향이 없는 이유(1순위)(한국 방문 비의향자 기준),BASE:B5. 1) 한국 ①~②,튀르키예,튀르키예,국가/지역,여행목적지로서 낮은 한국 인지도,80.0,(80),3.4679525758161605,%
2025_잠재방한객조사_일반외국인.xlsx,일반외국인,B13-2A,<표B13-2A> 향후 3년 내(~2028년) 한국 방문 의향이 없는 이유(1순위)(한국 방문 비의향자 기준),BASE:B5. 1) 한국 ①~②,튀르키예,튀르키예,국가/지역,부정적인 한국 관련 이미지,80.0,(80),10.50592255165707,%
2025_잠재방한객조사_일반외국인.xlsx,일반외국인,B13-2A,<표B13-2A> 향후 3년 내(~2028년) 한국 방문 의향이 없는 이유(1순위)(한국 방문 비의향자 기준),BASE:B5. 1) 한국 ①~②,튀르키예,튀르키예,국가/지역,한류(한국 문화 콘텐츠) 문화 관련 관심 부재,80.0,(80),0,%
2025_잠재방한객조사_일반외국인.xlsx,일반외국인,B13-2A,<표B13-2A> 향후 3년 내(~2028년) 한국 방문 의향이 없는 이유(1순위)(한국 방문 비의향자 기준),BASE:B5. 1) 한국 ①~②,튀르키예,튀르키예,국가/지역,불편한 언어소통,80.0,(80),6.71676382944721,%
2025_잠재방한객조사_일반외국인.xlsx,일반외국인,B13-2A,<표B13-2A> 향후 3년 내(~2028년) 한국 방문 의향이 없는 이유(1순위)(한국 방문 비의향자 기준),BASE:B5. 1) 한국 ①~②,튀르키예,튀르키예,국가/지역,적당하지 않은 여행경비 및 물가,80.0,(80),5.817118461921396,%
2025_잠재방한객조사_일반외국인.xlsx,일반외국인,B13-2A,<표B13-2A> 향후 3년 내(~2028년) 한국 방문 의향이 없는 이유(1순위)(한국 방문 비의향자 기준),BASE:B5. 1) 한국 ①~②,튀르키예,튀르키예,국가/지역,먼 이동거리(장거리 비행 필요),80.0,(80),10.260188880550084,%
2025_잠재방한객조사_일반외국인.xlsx,일반외국인,B13-2A,<표B13-2A> 향후 3년 내(~2028년) 한국 방문 의향이 없는 이유(1순위)(한국 방문 비의향자 기준),BASE:B5. 1) 한국 ①~②,튀르키예,튀르키예,국가/지역,"불안한 신변(치안, 방역 등)",80.0,(80),5.834409464650917,%
2025_잠재방한객조사_일반외국인.xlsx,일반외국인,B13-2A,<표B13-2A> 향후 3년 내(~2028년) 한국 방문 의향이 없는 이유(1순위)(한국 방문 비의향자 기준),BASE:B5. 1) 한국 ①~②,튀르키예,튀르키예,국가/지역,불편한 비자 발급 및 출입국 절차(K-ETA 등),80.0,(80),8.47171369970555,%
2025_잠재방한객조사_일반외국인.xlsx,일반외국인,B13-2A,<표B13-2A> 향후 3년 내(~2028년) 한국 방문 의향이 없는 이유(1순위)(한국 방문 비의향자 기준),BASE:B5. 1) 한국 ①~②,튀르키예,튀르키예,국가/지역,"내가 원하는 한국 여행 상품이 없어서/부족해서(일정, 가격, 구성 등)",80.0,(80),5.886476080570498,%
2025_잠재방한객조사_일반외국인.xlsx,일반외국인,B13-2A,<표B13-2A> 향후 3년 내(~2028년) 한국 방문 의향이 없는 이유(1순위)(한국 방문 비의향자 기준),BASE:B5. 1) 한국 ①~②,튀르키예,튀르키예,국가/지역,매력적인 문화/역사 유적지 부족,80.0,(80),2.815696343310966,%
2025_잠재방한객조사_일반외국인.xlsx,일반외국인,B13-2A,<표B13-2A> 향후 3년 내(~2028년) 한국 방문 의향이 없는 이유(1순위)(한국 방문 비의향자 기준),BASE:B5. 1) 한국 ①~②,튀르키예,튀르키예,국가/지역,기타,80.0,(80),3.436143090418172,%
2025_잠재방한객조사_일반외국인.xlsx,일반외국인,B13-2A,<표B13-2A> 향후 3년 내(~2028년) 한국 방문 의향이 없는 이유(1순위)(한국 방문 비의향자 기준),BASE:B5. 1) 한국 ①~②,튀르키예,튀르키예,국가/지역,먹을거리 부족,80.0,(80),12.384915572099434,%
2025_잠재방한객조사_일반외국인.xlsx,일반외국인,B13-2A,<표B13-2A> 향후 3년 내(~2028년) 한국 방문 의향이 없는 이유(1순위)(한국 방문 비의향자 기준),BASE:B5. 1) 한국 ①~②,튀르키예,튀르키예,국가/지역,한국여행 관련 항공권 및 여행상품 특가/프로모션 부족,80.0,(80),7.0067823144449815,%
2025_잠재방한객조사_일반외국인.xlsx,일반외국인,B13-2A,<표B13-2A> 향후 3년 내(~2028년) 한국 방문 의향이 없는 이유(1순위)(한국 방문 비의향자 기준),BASE:B5. 1) 한국 ①~②,튀르키예,튀르키예,국가/지역,고유한 전통문화 체험 어려움,80.0,(80),1.1691629330638456,%
2025_잠재방한객조사_일반외국인.xlsx,일반외국인,B13-2A,<표B13-2A> 향후 3년 내(~2028년) 한국 방문 의향이 없는 이유(1순위)(한국 방문 비의향자 기준),BASE:B5. 1) 한국 ①~②,튀르키예,튀르키예,국가/지역,매력적인 자연경관 부족,80.0,(80),1.1001128720726367,%
2025_잠재방한객조사_일반외국인.xlsx,일반외국인,B13-2A,<표B13-2A> 향후 3년 내(~2028년) 한국 방문 의향이 없는 이유(1순위)(한국 방문 비의향자 기준),BASE:B5. 1) 한국 ①~②,튀르키예,튀르키예,국가/지역,"여행하기에 적합하지 않은 날씨/기후, 계절",80.0,(80),3.470264978097886,%
2025_잠재방한객조사_일반외국인.xlsx,일반외국인,B13-2A,<표B13-2A> 향후 3년 내(~2028년) 한국 방문 의향이 없는 이유(1순위)(한국 방문 비의향자 기준),BASE:B5. 1) 한국 ①~②,튀르키예,튀르키예,국가/지역,다양하지 않은 항공 노선(직항 부족 등),80.0,(80),3.358619191992411,%
2025_잠재방한객조사_일반외국인.xlsx,일반외국인,B13-2A,<표B13-2A> 향후 3년 내(~2028년) 한국 방문 의향이 없는 이유(1순위)(한국 방문 비의향자 기준),BASE:B5. 1) 한국 ①~②,튀르키예,튀르키예,국가/지역,노약자/장애인/아이 등과의 동반 또는 단독 여행 불편,80.0,(80),4.862032450966967,%
2025_잠재방한객조사_일반외국인.xlsx,일반외국인,B13-2A,<표B13-2A> 향후 3년 내(~2028년) 한국 방문 의향이 없는 이유(1순위)(한국 방문 비의향자 기준),BASE:B5. 1) 한국 ①~②,튀르키예,튀르키예,국가/지역,"불편한 종교 환경(음식, 기도실 등)",80.0,(80),3.4357247092137793,%
2025_잠재방한객조사_일반외국인.xlsx,일반외국인,B13-2A,<표B13-2A> 향후 3년 내(~2028년) 한국 방문 의향이 없는 이유(1순위)(한국 방문 비의향자 기준),BASE:B5. 1) 한국 ①~②,튀르키예,튀르키예,국가/지역,반려동물과의 동반 여행 불편,80.0,(80),0,%
2025_잠재방한객조사_일반외국인.xlsx,일반외국인,B13-2A,<표B13-2A> 향후 3년 내(~2028년) 한국 방문 의향이 없는 이유(1순위)(한국 방문 비의향자 기준),BASE:B5. 1) 한국 ①~②,튀르키예,튀르키예,국가/지역,부정적인 과거 한국 방문 경험 (#A2. 한국 경험자 한정),80.0,(80),0,%
2025_잠재방한객조사_일반외국인.xlsx,일반외국인,B13-2A,<표B13-2A> 향후 3년 내(~2028년) 한국 방문 의향이 없는 이유(1순위)(한국 방문 비의향자 기준),BASE:B5. 1) 한국 ①~②,튀르키예,튀르키예,국가/지역,계,80.0,(80),100,%
2025_잠재방한객조사_일반외국인.xlsx,일반외국인,B13-2A,<표B13-2A> 향후 3년 내(~2028년) 한국 방문 의향이 없는 이유(1순위)(한국 방문 비의향자 기준),BASE:B5. 1) 한국 ①~②,브라질,브라질,국가/지역,여행목적지로서 낮은 한국 인지도,88.0,(88),14.806290850817957,%
2025_잠재방한객조사_일반외국인.xlsx,일반외국인,B13-2A,<표B13-2A> 향후 3년 내(~2028년) 한국 방문 의향이 없는 이유(1순위)(한국 방문 비의향자 기준),BASE:B5. 1) 한국 ①~②,브라질,브라질,국가/지역,부정적인 한국 관련 이미지,88.0,(88),4.752254382335725,%
2025_잠재방한객조사_일반외국인.xlsx,일반외국인,B13-2A,<표B13-2A> 향후 3년 내(~2028년) 한국 방문 의향이 없는 이유(1순위)(한국 방문 비의향자 기준),BASE:B5. 1) 한국 ①~②,브라질,브라질,국가/지역,한류(한국 문화 콘텐츠) 문화 관련 관심 부재,88.0,(88),21.954840342163937,%
2025_잠재방한객조사_일반외국인.xlsx,일반외국인,B13-2A,<표B13-2A> 향후 3년 내(~2028년) 한국 방문 의향이 없는 이유(1순위)(한국 방문 비의향자 기준),BASE:B5. 1) 한국 ①~②,브라질,브라질,국가/지역,불편한 언어소통,88.0,(88),6.301289009427218,%
2025_잠재방한객조사_일반외국인.xlsx,일반외국인,B13-2A,<표B13-2A> 향후 3년 내(~2028년) 한국 방문 의향이 없는 이유(1순위)(한국 방문 비의향자 기준),BASE:B5. 1) 한국 ①~②,브라질,브라질,국가/지역,적당하지 않은 여행경비 및 물가,88.0,(88),10.055995607352212,%
2025_잠재방한객조사_일반외국인.xlsx,일반외국인,B13-2A,<표B13-2A> 향후 3년 내(~2028년) 한국 방문 의향이 없는 이유(1순위)(한국 방문 비의향자 기준),BASE:B5. 1) 한국 ①~②,브라질,브라질,국가/지역,먼 이동거리(장거리 비행 필요),88.0,(88),4.467020028755901,%
2025_잠재방한객조사_일반외국인.xlsx,일반외국인,B13-2A,<표B13-2A> 향후 3년 내(~2028년) 한국 방문 의향이 없는 이유(1순위)(한국 방문 비의향자 기준),BASE:B5. 1) 한국 ①~②,브라질,브라질,국가/지역,"불안한 신변(치안, 방역 등)",88.0,(88),0,%
2025_잠재방한객조사_일반외국인.xlsx,일반외국인,B13-2A,<표B13-2A> 향후 3년 내(~2028년) 한국 방문 의향이 없는 이유(1순위)(한국 방문 비의향자 기준),BASE:B5. 1) 한국 ①~②,브라질,브라질,국가/지역,불편한 비자 발급 및 출입국 절차(K-ETA 등),88.0,(88),7.341255990752864,%
2025_잠재방한객조사_일반외국인.xlsx,일반외국인,B13-2A,<표B13-2A> 향후 3년 내(~2028년) 한국 방문 의향이 없는 이유(1순위)(한국 방문 비의향자 기준),BASE:B5. 1) 한국 ①~②,브라질,브라질,국가/지역,"내가 원하는 한국 여행 상품이 없어서/부족해서(일정, 가격, 구성 등)",88.0,(88),2.094230637673725,%
2025_잠재방한객조사_일반외국인.xlsx,일반외국인,B13-2A,<표B13-2A> 향후 3년 내(~2028년) 한국 방문 의향이 없는 이유(1순위)(한국 방문 비의향자 기준),BASE:B5. 1) 한국 ①~②,브라질,브라질,국가/지역,매력적인 문화/역사 유적지 부족,88.0,(88),0.9944788027550509,%
2025_잠재방한객조사_일반외국인.xlsx,일반외국인,B13-2A,<표B13-2A> 향후 3년 내(~2028년) 한국 방문 의향이 없는 이유(1순위)(한국 방문 비의향자 기준),BASE:B5. 1) 한국 ①~②,브라질,브라질,국가/지역,기타,88.0,(88),4.678256945985071,%
2025_잠재방한객조사_일반외국인.xlsx,일반외국인,B13-2A,<표B13-2A> 향후 3년 내(~2028년) 한국 방문 의향이 없는 이유(1순위)(한국 방문 비의향자 기준),BASE:B5. 1) 한국 ①~②,브라질,브라질,국가/지역,먹을거리 부족,88.0,(88),2.754804467395518,%
2025_잠재방한객조사_일반외국인.xlsx,일반외국인,B13-2A,<표B13-2A> 향후 3년 내(~2028년) 한국 방문 의향이 없는 이유(1순위)(한국 방문 비의향자 기준),BASE:B5. 1) 한국 ①~②,브라질,브라질,국가/지역,한국여행 관련 항공권 및 여행상품 특가/프로모션 부족,88.0,(88),2.9587870076863654,%
2025_잠재방한객조사_일반외국인.xlsx,일반외국인,B13-2A,<표B13-2A> 향후 3년 내(~2028년) 한국 방문 의향이 없는 이유(1순위)(한국 방문 비의향자 기준),BASE:B5. 1) 한국 ①~②,브라질,브라질,국가/지역,고유한 전통문화 체험 어려움,88.0,(88),6.987159671386133,%
2025_잠재방한객조사_일반외국인.xlsx,일반외국인,B13-2A,<표B13-2A> 향후 3년 내(~2028년) 한국 방문 의향이 없는 이유(1순위)(한국 방문 비의향자 기준),BASE:B5. 1) 한국 ①~②,브라질,브라질,국가/지역,매력적인 자연경관 부족,88.0,(88),1.0619954117287915,%
2025_잠재방한객조사_일반외국인.xlsx,일반외국인,B13-2A,<표B13-2A> 향후 3년 내(~2028년) 한국 방문 의향이 없는 이유(1순위)(한국 방문 비의향자 기준),BASE:B5. 1) 한국 ①~②,브라질,브라질,국가/지역,"여행하기에 적합하지 않은 날씨/기후, 계절",88.0,(88),2.0815650110586112,%
2025_잠재방한객조사_일반외국인.xlsx,일반외국인,B13-2A,<표B13-2A> 향후 3년 내(~2028년) 한국 방문 의향이 없는 이유(1순위)(한국 방문 비의향자 기준),BASE:B5. 1) 한국 ①~②,브라질,브라질,국가/지역,다양하지 않은 항공 노선(직항 부족 등),88.0,(88),2.1807266050688114,%
2025_잠재방한객조사_일반외국인.xlsx,일반외국인,B13-2A,<표B13-2A> 향후 3년 내(~2028년) 한국 방문 의향이 없는 이유(1순위)(한국 방문 비의향자 기준),BASE:B5. 1) 한국 ①~②,브라질,브라질,국가/지역,노약자/장애인/아이 등과의 동반 또는 단독 여행 불편,88.0,(88),2.269007431030506,%
2025_잠재방한객조사_일반외국인.xlsx,일반외국인,B13-2A,<표B13-2A> 향후 3년 내(~2028년) 한국 방문 의향이 없는 이유(1순위)(한국 방문 비의향자 기준),BASE:B5. 1) 한국 ①~②,브라질,브라질,국가/지역,"불편한 종교 환경(음식, 기도실 등)",88.0,(88),1.2990723830786437,%
2025_잠재방한객조사_일반외국인.xlsx,일반외국인,B13-2A,<표B13-2A> 향후 3년 내(~2028년) 한국 방문 의향이 없는 이유(1순위)(한국 방문 비의향자 기준),BASE:B5. 1) 한국 ①~②,브라질,브라질,국가/지역,반려동물과의 동반 여행 불편,88.0,(88),0.9609694135469998,%
2025_잠재방한객조사_일반외국인.xlsx,일반외국인,B13-2A,<표B13-2A> 향후 3년 내(~2028년) 한국 방문 의향이 없는 이유(1순위)(한국 방문 비의향자 기준),BASE:B5. 1) 한국 ①~②,브라질,브라질,국가/지역,부정적인 과거 한국 방문 경험 (#A2. 한국 경험자 한정),88.0,(88),0,%
2025_잠재방한객조사_일반외국인.xlsx,일반외국인,B13-2A,<표B13-2A> 향후 3년 내(~2028년) 한국 방문 의향이 없는 이유(1순위)(한국 방문 비의향자 기준),BASE:B5. 1) 한국 ①~②,브라질,브라질,국가/지역,계,88.0,(88),100,%
2025_잠재방한객조사_일반외국인.xlsx,일반외국인,B13-2A,<표B13-2A> 향후 3년 내(~2028년) 한국 방문 의향이 없는 이유(1순위)(한국 방문 비의향자 기준),BASE:B5. 1) 한국 ①~②,사우디아라비아,사우디아라비아,국가/지역,여행목적지로서 낮은 한국 인지도,66.0,(66),11.992553562082552,%
2025_잠재방한객조사_일반외국인.xlsx,일반외국인,B13-2A,<표B13-2A> 향후 3년 내(~2028년) 한국 방문 의향이 없는 이유(1순위)(한국 방문 비의향자 기준),BASE:B5. 1) 한국 ①~②,사우디아라비아,사우디아라비아,국가/지역,부정적인 한국 관련 이미지,66.0,(66),6.648209964243939,%
2025_잠재방한객조사_일반외국인.xlsx,일반외국인,B13-2A,<표B13-2A> 향후 3년 내(~2028년) 한국 방문 의향이 없는 이유(1순위)(한국 방문 비의향자 기준),BASE:B5. 1) 한국 ①~②,사우디아라비아,사우디아라비아,국가/지역,한류(한국 문화 콘텐츠) 문화 관련 관심 부재,66.0,(66),3.181501446928899,%
2025_잠재방한객조사_일반외국인.xlsx,일반외국인,B13-2A,<표B13-2A> 향후 3년 내(~2028년) 한국 방문 의향이 없는 이유(1순위)(한국 방문 비의향자 기준),BASE:B5. 1) 한국 ①~②,사우디아라비아,사우디아라비아,국가/지역,불편한 언어소통,66.0,(66),9.586509909191802,%
2025_잠재방한객조사_일반외국인.xlsx,일반외국인,B13-2A,<표B13-2A> 향후 3년 내(~2028년) 한국 방문 의향이 없는 이유(1순위)(한국 방문 비의향자 기준),BASE:B5. 1) 한국 ①~②,사우디아라비아,사우디아라비아,국가/지역,적당하지 않은 여행경비 및 물가,66.0,(66),11.066321369928705,%
2025_잠재방한객조사_일반외국인.xlsx,일반외국인,B13-2A,<표B13-2A> 향후 3년 내(~2028년) 한국 방문 의향이 없는 이유(1순위)(한국 방문 비의향자 기준),BASE:B5. 1) 한국 ①~②,사우디아라비아,사우디아라비아,국가/지역,먼 이동거리(장거리 비행 필요),66.0,(66),7.081830022265979,%
2025_잠재방한객조사_일반외국인.xlsx,일반외국인,B13-2A,<표B13-2A> 향후 3년 내(~2028년) 한국 방문 의향이 없는 이유(1순위)(한국 방문 비의향자 기준),BASE:B5. 1) 한국 ①~②,사우디아라비아,사우디아라비아,국가/지역,"불안한 신변(치안, 방역 등)",66.0,(66),8.827654033339103,%
2025_잠재방한객조사_일반외국인.xlsx,일반외국인,B13-2A,<표B13-2A> 향후 3년 내(~2028년) 한국 방문 의향이 없는 이유(1순위)(한국 방문 비의향자 기준),BASE:B5. 1) 한국 ①~②,사우디아라비아,사우디아라비아,국가/지역,불편한 비자 발급 및 출입국 절차(K-ETA 등),66.0,(66),2.5154548255337064,%
2025_잠재방한객조사_일반외국인.xlsx,일반외국인,B13-2A,<표B13-2A> 향후 3년 내(~2028년) 한국 방문 의향이 없는 이유(1순위)(한국 방문 비의향자 기준),BASE:B5. 1) 한국 ①~②,사우디아라비아,사우디아라비아,국가/지역,"내가 원하는 한국 여행 상품이 없어서/부족해서(일정, 가격, 구성 등)",66.0,(66),4.886430576929331,%
2025_잠재방한객조사_일반외국인.xlsx,일반외국인,B13-2A,<표B13-2A> 향후 3년 내(~2028년) 한국 방문 의향이 없는 이유(1순위)(한국 방문 비의향자 기준),BASE:B5. 1) 한국 ①~②,사우디아라비아,사우디아라비아,국가/지역,매력적인 문화/역사 유적지 부족,66.0,(66),2.9323571866530362,%
2025_잠재방한객조사_일반외국인.xlsx,일반외국인,B13-2A,<표B13-2A> 향후 3년 내(~2028년) 한국 방문 의향이 없는 이유(1순위)(한국 방문 비의향자 기준),BASE:B5. 1) 한국 ①~②,사우디아라비아,사우디아라비아,국가/지역,기타,66.0,(66),0,%
2025_잠재방한객조사_일반외국인.xlsx,일반외국인,B13-2A,<표B13-2A> 향후 3년 내(~2028년) 한국 방문 의향이 없는 이유(1순위)(한국 방문 비의향자 기준),BASE:B5. 1) 한국 ①~②,사우디아라비아,사우디아라비아,국가/지역,먹을거리 부족,66.0,(66),0.8634923843240944,%
2025_잠재방한객조사_일반외국인.xlsx,일반외국인,B13-2A,<표B13-2A> 향후 3년 내(~2028년) 한국 방문 의향이 없는 이유(1순위)(한국 방문 비의향자 기준),BASE:B5. 1) 한국 ①~②,사우디아라비아,사우디아라비아,국가/지역,한국여행 관련 항공권 및 여행상품 특가/프로모션 부족,66.0,(66),3.215642724563033,%
2025_잠재방한객조사_일반외국인.xlsx,일반외국인,B13-2A,<표B13-2A> 향후 3년 내(~2028년) 한국 방문 의향이 없는 이유(1순위)(한국 방문 비의향자 기준),BASE:B5. 1) 한국 ①~②,사우디아라비아,사우디아라비아,국가/지역,고유한 전통문화 체험 어려움,66.0,(66),1.6473593402866198,%
2025_잠재방한객조사_일반외국인.xlsx,일반외국인,B13-2A,<표B13-2A> 향후 3년 내(~2028년) 한국 방문 의향이 없는 이유(1순위)(한국 방문 비의향자 기준),BASE:B5. 1) 한국 ①~②,사우디아라비아,사우디아라비아,국가/지역,매력적인 자연경관 부족,66.0,(66),2.930354662921323,%
2025_잠재방한객조사_일반외국인.xlsx,일반외국인,B13-2A,<표B13-2A> 향후 3년 내(~2028년) 한국 방문 의향이 없는 이유(1순위)(한국 방문 비의향자 기준),BASE:B5. 1) 한국 ①~②,사우디아라비아,사우디아라비아,국가/지역,"여행하기에 적합하지 않은 날씨/기후, 계절",66.0,(66),3.3364185696401294,%
2025_잠재방한객조사_일반외국인.xlsx,일반외국인,B13-2A,<표B13-2A> 향후 3년 내(~2028년) 한국 방문 의향이 없는 이유(1순위)(한국 방문 비의향자 기준),BASE:B5. 1) 한국 ①~②,사우디아라비아,사우디아라비아,국가/지역,다양하지 않은 항공 노선(직항 부족 등),66.0,(66),2.2645009671191305,%
2025_잠재방한객조사_일반외국인.xlsx,일반외국인,B13-2A,<표B13-2A> 향후 3년 내(~2028년) 한국 방문 의향이 없는 이유(1순위)(한국 방문 비의향자 기준),BASE:B5. 1) 한국 ①~②,사우디아라비아,사우디아라비아,국가/지역,노약자/장애인/아이 등과의 동반 또는 단독 여행 불편,66.0,(66),4.846645263383385,%
2025_잠재방한객조사_일반외국인.xlsx,일반외국인,B13-2A,<표B13-2A> 향후 3년 내(~2028년) 한국 방문 의향이 없는 이유(1순위)(한국 방문 비의향자 기준),BASE:B5. 1) 한국 ①~②,사우디아라비아,사우디아라비아,국가/지역,"불편한 종교 환경(음식, 기도실 등)",66.0,(66),7.288061014501731,%
2025_잠재방한객조사_일반외국인.xlsx,일반외국인,B13-2A,<표B13-2A> 향후 3년 내(~2028년) 한국 방문 의향이 없는 이유(1순위)(한국 방문 비의향자 기준),BASE:B5. 1) 한국 ①~②,사우디아라비아,사우디아라비아,국가/지역,반려동물과의 동반 여행 불편,66.0,(66),4.888702176163467,%
2025_잠재방한객조사_일반외국인.xlsx,일반외국인,B13-2A,<표B13-2A> 향후 3년 내(~2028년) 한국 방문 의향이 없는 이유(1순위)(한국 방문 비의향자 기준),BASE:B5. 1) 한국 ①~②,사우디아라비아,사우디아라비아,국가/지역,부정적인 과거 한국 방문 경험 (#A2. 한국 경험자 한정),66.0,(66),0,%
2025_잠재방한객조사_일반외국인.xlsx,일반외국인,B13-2A,<표B13-2A> 향후 3년 내(~2028년) 한국 방문 의향이 없는 이유(1순위)(한국 방문 비의향자 기준),BASE:B5. 1) 한국 ①~②,사우디아라비아,사우디아라비아,국가/지역,계,66.0,(66),100,%
2025_잠재방한객조사_일반외국인.xlsx,일반외국인,B13-2A,<표B13-2A> 향후 3년 내(~2028년) 한국 방문 의향이 없는 이유(1순위)(한국 방문 비의향자 기준),BASE:B5. 1) 한국 ①~②,아랍에미리트,UAE,국가/지역,여행목적지로서 낮은 한국 인지도,73.0,(73),15.171140388219692,%
2025_잠재방한객조사_일반외국인.xlsx,일반외국인,B13-2A,<표B13-2A> 향후 3년 내(~2028년) 한국 방문 의향이 없는 이유(1순위)(한국 방문 비의향자 기준),BASE:B5. 1) 한국 ①~②,아랍에미리트,UAE,국가/지역,부정적인 한국 관련 이미지,73.0,(73),4.543329011848901,%
2025_잠재방한객조사_일반외국인.xlsx,일반외국인,B13-2A,<표B13-2A> 향후 3년 내(~2028년) 한국 방문 의향이 없는 이유(1순위)(한국 방문 비의향자 기준),BASE:B5. 1) 한국 ①~②,아랍에미리트,UAE,국가/지역,한류(한국 문화 콘텐츠) 문화 관련 관심 부재,73.0,(73),4.882778638223738,%
2025_잠재방한객조사_일반외국인.xlsx,일반외국인,B13-2A,<표B13-2A> 향후 3년 내(~2028년) 한국 방문 의향이 없는 이유(1순위)(한국 방문 비의향자 기준),BASE:B5. 1) 한국 ①~②,아랍에미리트,UAE,국가/지역,불편한 언어소통,73.0,(73),15.151337099605088,%
2025_잠재방한객조사_일반외국인.xlsx,일반외국인,B13-2A,<표B13-2A> 향후 3년 내(~2028년) 한국 방문 의향이 없는 이유(1순위)(한국 방문 비의향자 기준),BASE:B5. 1) 한국 ①~②,아랍에미리트,UAE,국가/지역,적당하지 않은 여행경비 및 물가,73.0,(73),6.581947509439777,%
2025_잠재방한객조사_일반외국인.xlsx,일반외국인,B13-2A,<표B13-2A> 향후 3년 내(~2028년) 한국 방문 의향이 없는 이유(1순위)(한국 방문 비의향자 기준),BASE:B5. 1) 한국 ①~②,아랍에미리트,UAE,국가/지역,먼 이동거리(장거리 비행 필요),73.0,(73),9.027299839885846,%
2025_잠재방한객조사_일반외국인.xlsx,일반외국인,B13-2A,<표B13-2A> 향후 3년 내(~2028년) 한국 방문 의향이 없는 이유(1순위)(한국 방문 비의향자 기준),BASE:B5. 1) 한국 ①~②,아랍에미리트,UAE,국가/지역,"불안한 신변(치안, 방역 등)",73.0,(73),6.402262011880502,%
2025_잠재방한객조사_일반외국인.xlsx,일반외국인,B13-2A,<표B13-2A> 향후 3년 내(~2028년) 한국 방문 의향이 없는 이유(1순위)(한국 방문 비의향자 기준),BASE:B5. 1) 한국 ①~②,아랍에미리트,UAE,국가/지역,불편한 비자 발급 및 출입국 절차(K-ETA 등),73.0,(73),6.031023008945076,%
2025_잠재방한객조사_일반외국인.xlsx,일반외국인,B13-2A,<표B13-2A> 향후 3년 내(~2028년) 한국 방문 의향이 없는 이유(1순위)(한국 방문 비의향자 기준),BASE:B5. 1) 한국 ①~②,아랍에미리트,UAE,국가/지역,"내가 원하는 한국 여행 상품이 없어서/부족해서(일정, 가격, 구성 등)",73.0,(73),4.53241741249705,%
2025_잠재방한객조사_일반외국인.xlsx,일반외국인,B13-2A,<표B13-2A> 향후 3년 내(~2028년) 한국 방문 의향이 없는 이유(1순위)(한국 방문 비의향자 기준),BASE:B5. 1) 한국 ①~②,아랍에미리트,UAE,국가/지역,매력적인 문화/역사 유적지 부족,73.0,(73),3.0325232076832176,%
2025_잠재방한객조사_일반외국인.xlsx,일반외국인,B13-2A,<표B13-2A> 향후 3년 내(~2028년) 한국 방문 의향이 없는 이유(1순위)(한국 방문 비의향자 기준),BASE:B5. 1) 한국 ①~②,아랍에미리트,UAE,국가/지역,기타,73.0,(73),0,%
2025_잠재방한객조사_일반외국인.xlsx,일반외국인,B13-2A,<표B13-2A> 향후 3년 내(~2028년) 한국 방문 의향이 없는 이유(1순위)(한국 방문 비의향자 기준),BASE:B5. 1) 한국 ①~②,아랍에미리트,UAE,국가/지역,먹을거리 부족,73.0,(73),3.5700017025116737,%
2025_잠재방한객조사_일반외국인.xlsx,일반외국인,B13-2A,<표B13-2A> 향후 3년 내(~2028년) 한국 방문 의향이 없는 이유(1순위)(한국 방문 비의향자 기준),BASE:B5. 1) 한국 ①~②,아랍에미리트,UAE,국가/지역,한국여행 관련 항공권 및 여행상품 특가/프로모션 부족,73.0,(73),2.0607420727482006,%
2025_잠재방한객조사_일반외국인.xlsx,일반외국인,B13-2A,<표B13-2A> 향후 3년 내(~2028년) 한국 방문 의향이 없는 이유(1순위)(한국 방문 비의향자 기준),BASE:B5. 1) 한국 ①~②,아랍에미리트,UAE,국가/지역,고유한 전통문화 체험 어려움,73.0,(73),3.5799163159310985,%
2025_잠재방한객조사_일반외국인.xlsx,일반외국인,B13-2A,<표B13-2A> 향후 3년 내(~2028년) 한국 방문 의향이 없는 이유(1순위)(한국 방문 비의향자 기준),BASE:B5. 1) 한국 ①~②,아랍에미리트,UAE,국가/지역,매력적인 자연경관 부족,73.0,(73),3.0231665367538207,%
2025_잠재방한객조사_일반외국인.xlsx,일반외국인,B13-2A,<표B13-2A> 향후 3년 내(~2028년) 한국 방문 의향이 없는 이유(1순위)(한국 방문 비의향자 기준),BASE:B5. 1) 한국 ①~②,아랍에미리트,UAE,국가/지역,"여행하기에 적합하지 않은 날씨/기후, 계절",73.0,(73),3.0037719637304514,%
2025_잠재방한객조사_일반외국인.xlsx,일반외국인,B13-2A,<표B13-2A> 향후 3년 내(~2028년) 한국 방문 의향이 없는 이유(1순위)(한국 방문 비의향자 기준),BASE:B5. 1) 한국 ①~②,아랍에미리트,UAE,국가/지역,다양하지 않은 항공 노선(직항 부족 등),73.0,(73),2.9916234944612152,%
2025_잠재방한객조사_일반외국인.xlsx,일반외국인,B13-2A,<표B13-2A> 향후 3년 내(~2028년) 한국 방문 의향이 없는 이유(1순위)(한국 방문 비의향자 기준),BASE:B5. 1) 한국 ①~②,아랍에미리트,UAE,국가/지역,노약자/장애인/아이 등과의 동반 또는 단독 여행 불편,73.0,(73),0,%
2025_잠재방한객조사_일반외국인.xlsx,일반외국인,B13-2A,<표B13-2A> 향후 3년 내(~2028년) 한국 방문 의향이 없는 이유(1순위)(한국 방문 비의향자 기준),BASE:B5. 1) 한국 ①~②,아랍에미리트,UAE,국가/지역,"불편한 종교 환경(음식, 기도실 등)",73.0,(73),6.414719785634565,%
2025_잠재방한객조사_일반외국인.xlsx,일반외국인,B13-2A,<표B13-2A> 향후 3년 내(~2028년) 한국 방문 의향이 없는 이유(1순위)(한국 방문 비의향자 기준),BASE:B5. 1) 한국 ①~②,아랍에미리트,UAE,국가/지역,반려동물과의 동반 여행 불편,73.0,(73),0,%
2025_잠재방한객조사_일반외국인.xlsx,일반외국인,B13-2A,<표B13-2A> 향후 3년 내(~2028년) 한국 방문 의향이 없는 이유(1순위)(한국 방문 비의향자 기준),BASE:B5. 1) 한국 ①~②,아랍에미리트,UAE,국가/지역,부정적인 과거 한국 방문 경험 (#A2. 한국 경험자 한정),73.0,(73),0,%
2025_잠재방한객조사_일반외국인.xlsx,일반외국인,B13-2A,<표B13-2A> 향후 3년 내(~2028년) 한국 방문 의향이 없는 이유(1순위)(한국 방문 비의향자 기준),BASE:B5. 1) 한국 ①~②,아랍에미리트,UAE,국가/지역,계,73.0,(73),100,%
2025_잠재방한객조사_일반외국인.xlsx,일반외국인,A2AA-1-1,<표A2AA-1-1> (전생애) 해외여행 목적지 방문 경험_1. 한국 (전체 응답자 기준),BASE:전체,전체,전체,전체,있다,16360.0,(16360),23.321300175368652,%
2025_잠재방한객조사_일반외국인.xlsx,일반외국인,A2AA-1-1,<표A2AA-1-1> (전생애) 해외여행 목적지 방문 경험_1. 한국 (전체 응답자 기준),BASE:전체,전체,전체,전체,없다,16360.0,(16360),51.2032304644219,%
2025_잠재방한객조사_일반외국인.xlsx,일반외국인,A2AA-1-1,<표A2AA-1-1> (전생애) 해외여행 목적지 방문 경험_1. 한국 (전체 응답자 기준),BASE:전체,전체,전체,전체,무응답,16360.0,(16360),25.47546936020848,%
2025_잠재방한객조사_일반외국인.xlsx,일반외국인,A2AA-1-1,<표A2AA-1-1> (전생애) 해외여행 목적지 방문 경험_1. 한국 (전체 응답자 기준),BASE:전체,전체,전체,전체,계,16360.0,(16360),100,%
2025_잠재방한객조사_일반외국인.xlsx,일반외국인,A2AA-1-1,<표A2AA-1-1> (전생애) 해외여행 목적지 방문 경험_1. 한국 (전체 응답자 기준),BASE:전체,중국,중국,국가/지역,있다,2600.0,(2600),40.73826341179868,%
2025_잠재방한객조사_일반외국인.xlsx,일반외국인,A2AA-1-1,<표A2AA-1-1> (전생애) 해외여행 목적지 방문 경험_1. 한국 (전체 응답자 기준),BASE:전체,중국,중국,국가/지역,없다,2600.0,(2600),31.030911091329198,%
2025_잠재방한객조사_일반외국인.xlsx,일반외국인,A2AA-1-1,<표A2AA-1-1> (전생애) 해외여행 목적지 방문 경험_1. 한국 (전체 응답자 기준),BASE:전체,중국,중국,국가/지역,무응답,2600.0,(2600),28.230825496872324,%
2025_잠재방한객조사_일반외국인.xlsx,일반외국인,A2AA-1-1,<표A2AA-1-1> (전생애) 해외여행 목적지 방문 경험_1. 한국 (전체 응답자 기준),BASE:전체,중국,중국,국가/지역,계,2600.0,(2600),100,%
2025_잠재방한객조사_일반외국인.xlsx,일반외국인,A2AA-1-1,<표A2AA-1-1> (전생애) 해외여행 목적지 방문 경험_1. 한국 (전체 응답자 기준),BASE:전체,일본,일본,국가/지역,있다,1670.0,(1670),33.6945807344628,%
2025_잠재방한객조사_일반외국인.xlsx,일반외국인,A2AA-1-1,<표A2AA-1-1> (전생애) 해외여행 목적지 방문 경험_1. 한국 (전체 응답자 기준),BASE:전체,일본,일본,국가/지역,없다,1670.0,(1670),34.07664863337337,%
2025_잠재방한객조사_일반외국인.xlsx,일반외국인,A2AA-1-1,<표A2AA-1-1> (전생애) 해외여행 목적지 방문 경험_1. 한국 (전체 응답자 기준),BASE:전체,일본,일본,국가/지역,무응답,1670.0,(1670),32.228770632163936,%
2025_잠재방한객조사_일반외국인.xlsx,일반외국인,A2AA-1-1,<표A2AA-1-1> (전생애) 해외여행 목적지 방문 경험_1. 한국 (전체 응답자 기준),BASE:전체,일본,일본,국가/지역,계,1670.0,(1670),100,%
2025_잠재방한객조사_일반외국인.xlsx,일반외국인,A2AA-1-1,<표A2AA-1-1> (전생애) 해외여행 목적지 방문 경험_1. 한국 (전체 응답자 기준),BASE:전체,대만,대만,국가/지역,있다,465.0,(465),51.260619892584444,%
2025_잠재방한객조사_일반외국인.xlsx,일반외국인,A2AA-1-1,<표A2AA-1-1> (전생애) 해외여행 목적지 방문 경험_1. 한국 (전체 응답자 기준),BASE:전체,대만,대만,국가/지역,없다,465.0,(465),39.83654725141499,%
2025_잠재방한객조사_일반외국인.xlsx,일반외국인,A2AA-1-1,<표A2AA-1-1> (전생애) 해외여행 목적지 방문 경험_1. 한국 (전체 응답자 기준),BASE:전체,대만,대만,국가/지역,무응답,465.0,(465),8.902832856000515,%
2025_잠재방한객조사_일반외국인.xlsx,일반외국인,A2AA-1-1,<표A2AA-1-1> (전생애) 해외여행 목적지 방문 경험_1. 한국 (전체 응답자 기준),BASE:전체,대만,대만,국가/지역,계,465.0,(465),100,%
2025_잠재방한객조사_일반외국인.xlsx,일반외국인,A2AA-1-1,<표A2AA-1-1> (전생애) 해외여행 목적지 방문 경험_1. 한국 (전체 응답자 기준),BASE:전체,미국,미국,국가/지역,있다,930.0,(930),7.6653246268186885,%
2025_잠재방한객조사_일반외국인.xlsx,일반외국인,A2AA-1-1,<표A2AA-1-1> (전생애) 해외여행 목적지 방문 경험_1. 한국 (전체 응답자 기준),BASE:전체,미국,미국,국가/지역,없다,930.0,(930),51.62897722490093,%
2025_잠재방한객조사_일반외국인.xlsx,일반외국인,A2AA-1-1,<표A2AA-1-1> (전생애) 해외여행 목적지 방문 경험_1. 한국 (전체 응답자 기준),BASE:전체,미국,미국,국가/지역,무응답,930.0,(930),40.70569814828062,%
2025_잠재방한객조사_일반외국인.xlsx,일반외국인,A2AA-1-1,<표A2AA-1-1> (전생애) 해외여행 목적지 방문 경험_1. 한국 (전체 응답자 기준),BASE:전체,미국,미국,국가/지역,계,930.0,(930),100,%
2025_잠재방한객조사_일반외국인.xlsx,일반외국인,A2AA-1-1,<표A2AA-1-1> (전생애) 해외여행 목적지 방문 경험_1. 한국 (전체 응답자 기준),BASE:전체,필리핀,필리핀,국가/지역,있다,465.0,(465),19.885626086997192,%
2025_잠재방한객조사_일반외국인.xlsx,일반외국인,A2AA-1-1,<표A2AA-1-1> (전생애) 해외여행 목적지 방문 경험_1. 한국 (전체 응답자 기준),BASE:전체,필리핀,필리핀,국가/지역,없다,465.0,(465),41.18648094303308,%
2025_잠재방한객조사_일반외국인.xlsx,일반외국인,A2AA-1-1,<표A2AA-1-1> (전생애) 해외여행 목적지 방문 경험_1. 한국 (전체 응답자 기준),BASE:전체,필리핀,필리핀,국가/지역,무응답,465.0,(465),38.92789296996977,%
2025_잠재방한객조사_일반외국인.xlsx,일반외국인,A2AA-1-1,<표A2AA-1-1> (전생애) 해외여행 목적지 방문 경험_1. 한국 (전체 응답자 기준),BASE:전체,필리핀,필리핀,국가/지역,계,465.0,(465),100,%
2025_잠재방한객조사_일반외국인.xlsx,일반외국인,A2AA-1-1,<표A2AA-1-1> (전생애) 해외여행 목적지 방문 경험_1. 한국 (전체 응답자 기준),BASE:전체,베트남,베트남,국가/지역,있다,465.0,(465),40.46617097140731,%
2025_잠재방한객조사_일반외국인.xlsx,일반외국인,A2AA-1-1,<표A2AA-1-1> (전생애) 해외여행 목적지 방문 경험_1. 한국 (전체 응답자 기준),BASE:전체,베트남,베트남,국가/지역,없다,465.0,(465),36.30922768400421,%
2025_잠재방한객조사_일반외국인.xlsx,일반외국인,A2AA-1-1,<표A2AA-1-1> (전생애) 해외여행 목적지 방문 경험_1. 한국 (전체 응답자 기준),BASE:전체,베트남,베트남,국가/지역,무응답,465.0,(465),23.224601344588557,%
2025_잠재방한객조사_일반외국인.xlsx,일반외국인,A2AA-1-1,<표A2AA-1-1> (전생애) 해외여행 목적지 방문 경험_1. 한국 (전체 응답자 기준),BASE:전체,베트남,베트남,국가/지역,계,465.0,(465),100,%
2025_잠재방한객조사_일반외국인.xlsx,일반외국인,A2AA-1-1,<표A2AA-1-1> (전생애) 해외여행 목적지 방문 경험_1. 한국 (전체 응답자 기준),BASE:전체,싱가포르,싱가포르,국가/지역,있다,465.0,(465),54.87187167064687,%
2025_잠재방한객조사_일반외국인.xlsx,일반외국인,A2AA-1-1,<표A2AA-1-1> (전생애) 해외여행 목적지 방문 경험_1. 한국 (전체 응답자 기준),BASE:전체,싱가포르,싱가포르,국가/지역,없다,465.0,(465),41.46280427489826,%
2025_잠재방한객조사_일반외국인.xlsx,일반외국인,A2AA-1-1,<표A2AA-1-1> (전생애) 해외여행 목적지 방문 경험_1. 한국 (전체 응답자 기준),BASE:전체,싱가포르,싱가포르,국가/지역,무응답,465.0,(465),3.6653240544547936,%
2025_잠재방한객조사_일반외국인.xlsx,일반외국인,A2AA-1-1,<표A2AA-1-1> (전생애) 해외여행 목적지 방문 경험_1. 한국 (전체 응답자 기준),BASE:전체,싱가포르,싱가포르,국가/지역,계,465.0,(465),100,%
2025_잠재방한객조사_일반외국인.xlsx,일반외국인,A2AA-1-1,<표A2AA-1-1> (전생애) 해외여행 목적지 방문 경험_1. 한국 (전체 응답자 기준),BASE:전체,인도네시아,인도네시아,국가/지역,있다,465.0,(465),22.432365460845418,%
2025_잠재방한객조사_일반외국인.xlsx,일반외국인,A2AA-1-1,<표A2AA-1-1> (전생애) 해외여행 목적지 방문 경험_1. 한국 (전체 응답자 기준),BASE:전체,인도네시아,인도네시아,국가/지역,없다,465.0,(465),43.47245622973344,%
2025_잠재방한객조사_일반외국인.xlsx,일반외국인,A2AA-1-1,<표A2AA-1-1> (전생애) 해외여행 목적지 방문 경험_1. 한국 (전체 응답자 기준),BASE:전체,인도네시아,인도네시아,국가/지역,무응답,465.0,(465),34.09517830942101,%
2025_잠재방한객조사_일반외국인.xlsx,일반외국인,A2AA-1-1,<표A2AA-1-1> (전생애) 해외여행 목적지 방문 경험_1. 한국 (전체 응답자 기준),BASE:전체,인도네시아,인도네시아,국가/지역,계,465.0,(465),100,%
2025_잠재방한객조사_일반외국인.xlsx,일반외국인,A2AA-1-1,<표A2AA-1-1> (전생애) 해외여행 목적지 방문 경험_1. 한국 (전체 응답자 기준),BASE:전체,태국,태국,국가/지역,있다,465.0,(465),25.261686283256534,%
2025_잠재방한객조사_일반외국인.xlsx,일반외국인,A2AA-1-1,<표A2AA-1-1> (전생애) 해외여행 목적지 방문 경험_1. 한국 (전체 응답자 기준),BASE:전체,태국,태국,국가/지역,없다,465.0,(465),42.14269426386124,%
2025_잠재방한객조사_일반외국인.xlsx,일반외국인,A2AA-1-1,<표A2AA-1-1> (전생애) 해외여행 목적지 방문 경험_1. 한국 (전체 응답자 기준),BASE:전체,태국,태국,국가/지역,무응답,465.0,(465),32.59561945288219,%
2025_잠재방한객조사_일반외국인.xlsx,일반외국인,A2AA-1-1,<표A2AA-1-1> (전생애) 해외여행 목적지 방문 경험_1. 한국 (전체 응답자 기준),BASE:전체,태국,태국,국가/지역,계,465.0,(465),100,%
2025_잠재방한객조사_일반외국인.xlsx,일반외국인,A2AA-1-1,<표A2AA-1-1> (전생애) 해외여행 목적지 방문 경험_1. 한국 (전체 응답자 기준),BASE:전체,말레이시아,말레이시아,국가/지역,있다,465.0,(465),25.560833875745757,%
2025_잠재방한객조사_일반외국인.xlsx,일반외국인,A2AA-1-1,<표A2AA-1-1> (전생애) 해외여행 목적지 방문 경험_1. 한국 (전체 응답자 기준),BASE:전체,말레이시아,말레이시아,국가/지역,없다,465.0,(465),55.14180153281983,%
2025_잠재방한객조사_일반외국인.xlsx,일반외국인,A2AA-1-1,<표A2AA-1-1> (전생애) 해외여행 목적지 방문 경험_1. 한국 (전체 응답자 기준),BASE:전체,말레이시아,말레이시아,국가/지역,무응답,465.0,(465),19.297364591434366,%
2025_잠재방한객조사_일반외국인.xlsx,일반외국인,A2AA-1-1,<표A2AA-1-1> (전생애) 해외여행 목적지 방문 경험_1. 한국 (전체 응답자 기준),BASE:전체,말레이시아,말레이시아,국가/지역,계,465.0,(465),100,%
2025_잠재방한객조사_일반외국인.xlsx,일반외국인,A2AA-1-1,<표A2AA-1-1> (전생애) 해외여행 목적지 방문 경험_1. 한국 (전체 응답자 기준),BASE:전체,캐나다,캐나다,국가/지역,있다,465.0,(465),7.5267122387443335,%
2025_잠재방한객조사_일반외국인.xlsx,일반외국인,A2AA-1-1,<표A2AA-1-1> (전생애) 해외여행 목적지 방문 경험_1. 한국 (전체 응답자 기준),BASE:전체,캐나다,캐나다,국가/지역,없다,465.0,(465),69.97649249570249,%
2025_잠재방한객조사_일반외국인.xlsx,일반외국인,A2AA-1-1,<표A2AA-1-1> (전생애) 해외여행 목적지 방문 경험_1. 한국 (전체 응답자 기준),BASE:전체,캐나다,캐나다,국가/지역,무응답,465.0,(465),22.496795265553047,%
2025_잠재방한객조사_일반외국인.xlsx,일반외국인,A2AA-1-1,<표A2AA-1-1> (전생애) 해외여행 목적지 방문 경험_1. 한국 (전체 응답자 기준),BASE:전체,캐나다,캐나다,국가/지역,계,465.0,(465),100,%
2025_잠재방한객조사_일반외국인.xlsx,일반외국인,A2AA-1-1,<표A2AA-1-1> (전생애) 해외여행 목적지 방문 경험_1. 한국 (전체 응답자 기준),BASE:전체,호주,호주,국가/지역,있다,465.0,(465),12.460077581775263,%
2025_잠재방한객조사_일반외국인.xlsx,일반외국인,A2AA-1-1,<표A2AA-1-1> (전생애) 해외여행 목적지 방문 경험_1. 한국 (전체 응답자 기준),BASE:전체,호주,호주,국가/지역,없다,465.0,(465),74.08754296936932,%
2025_잠재방한객조사_일반외국인.xlsx,일반외국인,A2AA-1-1,<표A2AA-1-1> (전생애) 해외여행 목적지 방문 경험_1. 한국 (전체 응답자 기준),BASE:전체,호주,호주,국가/지역,무응답,465.0,(465),13.452379448855545,%
2025_잠재방한객조사_일반외국인.xlsx,일반외국인,A2AA-1-1,<표A2AA-1-1> (전생애) 해외여행 목적지 방문 경험_1. 한국 (전체 응답자 기준),BASE:전체,호주,호주,국가/지역,계,465.0,(465),100,%
2025_잠재방한객조사_일반외국인.xlsx,일반외국인,A2AA-1-1,<표A2AA-1-1> (전생애) 해외여행 목적지 방문 경험_1. 한국 (전체 응답자 기준),BASE:전체,러시아,러시아,국가/지역,있다,930.0,(930),6.711340162874892,%
2025_잠재방한객조사_일반외국인.xlsx,일반외국인,A2AA-1-1,<표A2AA-1-1> (전생애) 해외여행 목적지 방문 경험_1. 한국 (전체 응답자 기준),BASE:전체,러시아,러시아,국가/지역,없다,930.0,(930),61.05096714596336,%
2025_잠재방한객조사_일반외국인.xlsx,일반외국인,A2AA-1-1,<표A2AA-1-1> (전생애) 해외여행 목적지 방문 경험_1. 한국 (전체 응답자 기준),BASE:전체,러시아,러시아,국가/지역,무응답,930.0,(930),32.237692691161726,%
2025_잠재방한객조사_일반외국인.xlsx,일반외국인,A2AA-1-1,<표A2AA-1-1> (전생애) 해외여행 목적지 방문 경험_1. 한국 (전체 응답자 기준),BASE:전체,러시아,러시아,국가/지역,계,930.0,(930),100,%
2025_잠재방한객조사_일반외국인.xlsx,일반외국인,A2AA-1-1,<표A2AA-1-1> (전생애) 해외여행 목적지 방문 경험_1. 한국 (전체 응답자 기준),BASE:전체,인도,인도,국가/지역,있다,465.0,(465),14.984424039643926,%
2025_잠재방한객조사_일반외국인.xlsx,일반외국인,A2AA-1-1,<표A2AA-1-1> (전생애) 해외여행 목적지 방문 경험_1. 한국 (전체 응답자 기준),BASE:전체,인도,인도,국가/지역,없다,465.0,(465),58.10300226543033,%
2025_잠재방한객조사_일반외국인.xlsx,일반외국인,A2AA-1-1,<표A2AA-1-1> (전생애) 해외여행 목적지 방문 경험_1. 한국 (전체 응답자 기준),BASE:전체,인도,인도,국가/지역,무응답,465.0,(465),26.91257369492578,%
2025_잠재방한객조사_일반외국인.xlsx,일반외국인,A2AA-1-1,<표A2AA-1-1> (전생애) 해외여행 목적지 방문 경험_1. 한국 (전체 응답자 기준),BASE:전체,인도,인도,국가/지역,계,465.0,(465),100,%
2025_잠재방한객조사_일반외국인.xlsx,일반외국인,A2AA-1-1,<표A2AA-1-1> (전생애) 해외여행 목적지 방문 경험_1. 한국 (전체 응답자 기준),BASE:전체,프랑스,프랑스,국가/지역,있다,465.0,(465),5.645904662358963,%
2025_잠재방한객조사_일반외국인.xlsx,일반외국인,A2AA-1-1,<표A2AA-1-1> (전생애) 해외여행 목적지 방문 경험_1. 한국 (전체 응답자 기준),BASE:전체,프랑스,프랑스,국가/지역,없다,465.0,(465),85.23503816063717,%
2025_잠재방한객조사_일반외국인.xlsx,일반외국인,A2AA-1-1,<표A2AA-1-1> (전생애) 해외여행 목적지 방문 경험_1. 한국 (전체 응답자 기준),BASE:전체,프랑스,프랑스,국가/지역,무응답,465.0,(465),9.119057177003793,%
2025_잠재방한객조사_일반외국인.xlsx,일반외국인,A2AA-1-1,<표A2AA-1-1> (전생애) 해외여행 목적지 방문 경험_1. 한국 (전체 응답자 기준),BASE:전체,프랑스,프랑스,국가/지역,계,465.0,(465),100,%
2025_잠재방한객조사_일반외국인.xlsx,일반외국인,A2AA-1-1,<표A2AA-1-1> (전생애) 해외여행 목적지 방문 경험_1. 한국 (전체 응답자 기준),BASE:전체,독일,독일,국가/지역,있다,465.0,(465),4.884816889456803,%
2025_잠재방한객조사_일반외국인.xlsx,일반외국인,A2AA-1-1,<표A2AA-1-1> (전생애) 해외여행 목적지 방문 경험_1. 한국 (전체 응답자 기준),BASE:전체,독일,독일,국가/지역,없다,465.0,(465),89.69429729045129,%
2025_잠재방한객조사_일반외국인.xlsx,일반외국인,A2AA-1-1,<표A2AA-1-1> (전생애) 해외여행 목적지 방문 경험_1. 한국 (전체 응답자 기준),BASE:전체,독일,독일,국가/지역,무응답,465.0,(465),5.420885820091886,%
2025_잠재방한객조사_일반외국인.xlsx,일반외국인,A2AA-1-1,<표A2AA-1-1> (전생애) 해외여행 목적지 방문 경험_1. 한국 (전체 응답자 기준),BASE:전체,독일,독일,국가/지역,계,465.0,(465),100,%
2025_잠재방한객조사_일반외국인.xlsx,일반외국인,A2AA-1-1,<표A2AA-1-1> (전생애) 해외여행 목적지 방문 경험_1. 한국 (전체 응답자 기준),BASE:전체,영국,영국,국가/지역,있다,465.0,(465),8.066110814970964,%
2025_잠재방한객조사_일반외국인.xlsx,일반외국인,A2AA-1-1,<표A2AA-1-1> (전생애) 해외여행 목적지 방문 경험_1. 한국 (전체 응답자 기준),BASE:전체,영국,영국,국가/지역,없다,465.0,(465),86.96562392900732,%
2025_잠재방한객조사_일반외국인.xlsx,일반외국인,A2AA-1-1,<표A2AA-1-1> (전생애) 해외여행 목적지 방문 경험_1. 한국 (전체 응답자 기준),BASE:전체,영국,영국,국가/지역,무응답,465.0,(465),4.968265256021642,%
2025_잠재방한객조사_일반외국인.xlsx,일반외국인,A2AA-1-1,<표A2AA-1-1> (전생애) 해외여행 목적지 방문 경험_1. 한국 (전체 응답자 기준),BASE:전체,영국,영국,국가/지역,계,465.0,(465),100,%
2025_잠재방한객조사_일반외국인.xlsx,일반외국인,A2AA-1-1,<표A2AA-1-1> (전생애) 해외여행 목적지 방문 경험_1. 한국 (전체 응답자 기준),BASE:전체,멕시코,멕시코,국가/지역,있다,465.0,(465),9.349064115556798,%
2025_잠재방한객조사_일반외국인.xlsx,일반외국인,A2AA-1-1,<표A2AA-1-1> (전생애) 해외여행 목적지 방문 경험_1. 한국 (전체 응답자 기준),BASE:전체,멕시코,멕시코,국가/지역,없다,465.0,(465),57.79034157362357,%
2025_잠재방한객조사_일반외국인.xlsx,일반외국인,A2AA-1-1,<표A2AA-1-1> (전생애) 해외여행 목적지 방문 경험_1. 한국 (전체 응답자 기준),BASE:전체,멕시코,멕시코,국가/지역,무응답,465.0,(465),32.86059431081953,%
2025_잠재방한객조사_일반외국인.xlsx,일반외국인,A2AA-1-1,<표A2AA-1-1> (전생애) 해외여행 목적지 방문 경험_1. 한국 (전체 응답자 기준),BASE:전체,멕시코,멕시코,국가/지역,계,465.0,(465),100,%
2025_잠재방한객조사_일반외국인.xlsx,일반외국인,A2AA-1-1,<표A2AA-1-1> (전생애) 해외여행 목적지 방문 경험_1. 한국 (전체 응답자 기준),BASE:전체,카자흐스탄,카자흐스탄,국가/지역,있다,465.0,(465),7.043695836139051,%
2025_잠재방한객조사_일반외국인.xlsx,일반외국인,A2AA-1-1,<표A2AA-1-1> (전생애) 해외여행 목적지 방문 경험_1. 한국 (전체 응답자 기준),BASE:전체,카자흐스탄,카자흐스탄,국가/지역,없다,465.0,(465),53.83112752513484,%
2025_잠재방한객조사_일반외국인.xlsx,일반외국인,A2AA-1-1,<표A2AA-1-1> (전생애) 해외여행 목적지 방문 경험_1. 한국 (전체 응답자 기준),BASE:전체,카자흐스탄,카자흐스탄,국가/지역,무응답,465.0,(465),39.125176638726,%
2025_잠재방한객조사_일반외국인.xlsx,일반외국인,A2AA-1-1,<표A2AA-1-1> (전생애) 해외여행 목적지 방문 경험_1. 한국 (전체 응답자 기준),BASE:전체,카자흐스탄,카자흐스탄,국가/지역,계,465.0,(465),100,%
2025_잠재방한객조사_일반외국인.xlsx,일반외국인,A2AA-1-1,<표A2AA-1-1> (전생애) 해외여행 목적지 방문 경험_1. 한국 (전체 응답자 기준),BASE:전체,튀르키예,튀르키예,국가/지역,있다,465.0,(465),7.787529337495039,%
2025_잠재방한객조사_일반외국인.xlsx,일반외국인,A2AA-1-1,<표A2AA-1-1> (전생애) 해외여행 목적지 방문 경험_1. 한국 (전체 응답자 기준),BASE:전체,튀르키예,튀르키예,국가/지역,없다,465.0,(465),53.034552304068846,%
2025_잠재방한객조사_일반외국인.xlsx,일반외국인,A2AA-1-1,<표A2AA-1-1> (전생애) 해외여행 목적지 방문 경험_1. 한국 (전체 응답자 기준),BASE:전체,튀르키예,튀르키예,국가/지역,무응답,465.0,(465),39.17791835843584,%
2025_잠재방한객조사_일반외국인.xlsx,일반외국인,A2AA-1-1,<표A2AA-1-1> (전생애) 해외여행 목적지 방문 경험_1. 한국 (전체 응답자 기준),BASE:전체,튀르키예,튀르키예,국가/지역,계,465.0,(465),100,%
2025_잠재방한객조사_일반외국인.xlsx,일반외국인,A2AA-1-1,<표A2AA-1-1> (전생애) 해외여행 목적지 방문 경험_1. 한국 (전체 응답자 기준),BASE:전체,브라질,브라질,국가/지역,있다,465.0,(465),6.144369080268731,%
2025_잠재방한객조사_일반외국인.xlsx,일반외국인,A2AA-1-1,<표A2AA-1-1> (전생애) 해외여행 목적지 방문 경험_1. 한국 (전체 응답자 기준),BASE:전체,브라질,브라질,국가/지역,없다,465.0,(465),52.11896821062375,%
2025_잠재방한객조사_일반외국인.xlsx,일반외국인,A2AA-1-1,<표A2AA-1-1> (전생애) 해외여행 목적지 방문 경험_1. 한국 (전체 응답자 기준),BASE:전체,브라질,브라질,국가/지역,무응답,465.0,(465),41.73666270910762,%
2025_잠재방한객조사_일반외국인.xlsx,일반외국인,A2AA-1-1,<표A2AA-1-1> (전생애) 해외여행 목적지 방문 경험_1. 한국 (전체 응답자 기준),BASE:전체,브라질,브라질,국가/지역,계,465.0,(465),100,%
2025_잠재방한객조사_일반외국인.xlsx,일반외국인,A2AA-1-1,<표A2AA-1-1> (전생애) 해외여행 목적지 방문 경험_1. 한국 (전체 응답자 기준),BASE:전체,사우디아라비아,사우디아라비아,국가/지역,있다,465.0,(465),21.141137611528396,%
2025_잠재방한객조사_일반외국인.xlsx,일반외국인,A2AA-1-1,<표A2AA-1-1> (전생애) 해외여행 목적지 방문 경험_1. 한국 (전체 응답자 기준),BASE:전체,사우디아라비아,사우디아라비아,국가/지역,없다,465.0,(465),65.48764672939991,%
2025_잠재방한객조사_일반외국인.xlsx,일반외국인,A2AA-1-1,<표A2AA-1-1> (전생애) 해외여행 목적지 방문 경험_1. 한국 (전체 응답자 기준),BASE:전체,사우디아라비아,사우디아라비아,국가/지역,무응답,465.0,(465),13.37121565907197,%
2025_잠재방한객조사_일반외국인.xlsx,일반외국인,A2AA-1-1,<표A2AA-1-1> (전생애) 해외여행 목적지 방문 경험_1. 한국 (전체 응답자 기준),BASE:전체,사우디아라비아,사우디아라비아,국가/지역,계,465.0,(465),100,%
2025_잠재방한객조사_일반외국인.xlsx,일반외국인,A2AA-1-1,<표A2AA-1-1> (전생애) 해외여행 목적지 방문 경험_1. 한국 (전체 응답자 기준),BASE:전체,아랍에미리트,UAE,국가/지역,있다,465.0,(465),16.561913965489037,%
2025_잠재방한객조사_일반외국인.xlsx,일반외국인,A2AA-1-1,<표A2AA-1-1> (전생애) 해외여행 목적지 방문 경험_1. 한국 (전체 응답자 기준),BASE:전체,아랍에미리트,UAE,국가/지역,없다,465.0,(465),80.76766082928685,%
2025_잠재방한객조사_일반외국인.xlsx,일반외국인,A2AA-1-1,<표A2AA-1-1> (전생애) 해외여행 목적지 방문 경험_1. 한국 (전체 응답자 기준),BASE:전체,아랍에미리트,UAE,국가/지역,무응답,465.0,(465),2.6704252052242325,%
2025_잠재방한객조사_일반외국인.xlsx,일반외국인,A2AA-1-1,<표A2AA-1-1> (전생애) 해외여행 목적지 방문 경험_1. 한국 (전체 응답자 기준),BASE:전체,아랍에미리트,UAE,국가/지역,계,465.0,(465),100,%
2025_잠재방한객조사_일반외국인.xlsx,일반외국인,A2A-1-1,<표A2A-1-1> (전생애) 해외여행 목적지 방문 경험_1. 한국 (해외여행 경험자 기준),BASE:A1. ①,전체,전체,전체,있다,12192.0,(12192),31.293454618440407,%
2025_잠재방한객조사_일반외국인.xlsx,일반외국인,A2A-1-1,<표A2A-1-1> (전생애) 해외여행 목적지 방문 경험_1. 한국 (해외여행 경험자 기준),BASE:A1. ①,전체,전체,전체,없다,12192.0,(12192),68.70654538155925,%
2025_잠재방한객조사_일반외국인.xlsx,일반외국인,A2A-1-1,<표A2A-1-1> (전생애) 해외여행 목적지 방문 경험_1. 한국 (해외여행 경험자 기준),BASE:A1. ①,전체,전체,전체,계,12192.0,(12192),100,%
2025_잠재방한객조사_일반외국인.xlsx,일반외국인,A2A-1-1,<표A2A-1-1> (전생애) 해외여행 목적지 방문 경험_1. 한국 (해외여행 경험자 기준),BASE:A1. ①,중국,중국,국가/지역,있다,1866.0,(1866),56.76289812978563,%
2025_잠재방한객조사_일반외국인.xlsx,일반외국인,A2A-1-1,<표A2A-1-1> (전생애) 해외여행 목적지 방문 경험_1. 한국 (해외여행 경험자 기준),BASE:A1. ①,중국,중국,국가/지역,없다,1866.0,(1866),43.237101870214076,%
2025_잠재방한객조사_일반외국인.xlsx,일반외국인,A2A-1-1,<표A2A-1-1> (전생애) 해외여행 목적지 방문 경험_1. 한국 (해외여행 경험자 기준),BASE:A1. ①,중국,중국,국가/지역,계,1866.0,(1866),100,%
2025_잠재방한객조사_일반외국인.xlsx,일반외국인,A2A-1-1,<표A2A-1-1> (전생애) 해외여행 목적지 방문 경험_1. 한국 (해외여행 경험자 기준),BASE:A1. ①,일본,일본,국가/지역,있다,1132.0,(1132),49.71811939780759,%
2025_잠재방한객조사_일반외국인.xlsx,일반외국인,A2A-1-1,<표A2A-1-1> (전생애) 해외여행 목적지 방문 경험_1. 한국 (해외여행 경험자 기준),BASE:A1. ①,일본,일본,국가/지역,없다,1132.0,(1132),50.281880602192494,%
2025_잠재방한객조사_일반외국인.xlsx,일반외국인,A2A-1-1,<표A2A-1-1> (전생애) 해외여행 목적지 방문 경험_1. 한국 (해외여행 경험자 기준),BASE:A1. ①,일본,일본,국가/지역,계,1132.0,(1132),100,%
2025_잠재방한객조사_일반외국인.xlsx,일반외국인,A2A-1-1,<표A2A-1-1> (전생애) 해외여행 목적지 방문 경험_1. 한국 (해외여행 경험자 기준),BASE:A1. ①,대만,대만,국가/지역,있다,424.0,(424),56.27026778072645,%
2025_잠재방한객조사_일반외국인.xlsx,일반외국인,A2A-1-1,<표A2A-1-1> (전생애) 해외여행 목적지 방문 경험_1. 한국 (해외여행 경험자 기준),BASE:A1. ①,대만,대만,국가/지역,없다,424.0,(424),43.72973221927353,%
2025_잠재방한객조사_일반외국인.xlsx,일반외국인,A2A-1-1,<표A2A-1-1> (전생애) 해외여행 목적지 방문 경험_1. 한국 (해외여행 경험자 기준),BASE:A1. ①,대만,대만,국가/지역,계,424.0,(424),100,%
2025_잠재방한객조사_일반외국인.xlsx,일반외국인,A2A-1-1,<표A2A-1-1> (전생애) 해외여행 목적지 방문 경험_1. 한국 (해외여행 경험자 기준),BASE:A1. ①,미국,미국,국가/지역,있다,551.0,(551),12.927590657847313,%
2025_잠재방한객조사_일반외국인.xlsx,일반외국인,A2A-1-1,<표A2A-1-1> (전생애) 해외여행 목적지 방문 경험_1. 한국 (해외여행 경험자 기준),BASE:A1. ①,미국,미국,국가/지역,없다,551.0,(551),87.07240934215272,%
2025_잠재방한객조사_일반외국인.xlsx,일반외국인,A2A-1-1,<표A2A-1-1> (전생애) 해외여행 목적지 방문 경험_1. 한국 (해외여행 경험자 기준),BASE:A1. ①,미국,미국,국가/지역,계,551.0,(551),100,%
2025_잠재방한객조사_일반외국인.xlsx,일반외국인,A2A-1-1,<표A2A-1-1> (전생애) 해외여행 목적지 방문 경험_1. 한국 (해외여행 경험자 기준),BASE:A1. ①,필리핀,필리핀,국가/지역,있다,284.0,(284),32.560897362226356,%
2025_잠재방한객조사_일반외국인.xlsx,일반외국인,A2A-1-1,<표A2A-1-1> (전생애) 해외여행 목적지 방문 경험_1. 한국 (해외여행 경험자 기준),BASE:A1. ①,필리핀,필리핀,국가/지역,없다,284.0,(284),67.43910263777359,%
2025_잠재방한객조사_일반외국인.xlsx,일반외국인,A2A-1-1,<표A2A-1-1> (전생애) 해외여행 목적지 방문 경험_1. 한국 (해외여행 경험자 기준),BASE:A1. ①,필리핀,필리핀,국가/지역,계,284.0,(284),100,%
2025_잠재방한객조사_일반외국인.xlsx,일반외국인,A2A-1-1,<표A2A-1-1> (전생애) 해외여행 목적지 방문 경험_1. 한국 (해외여행 경험자 기준),BASE:A1. ①,베트남,베트남,국가/지역,있다,357.0,(357),52.70721048682576,%
2025_잠재방한객조사_일반외국인.xlsx,일반외국인,A2A-1-1,<표A2A-1-1> (전생애) 해외여행 목적지 방문 경험_1. 한국 (해외여행 경험자 기준),BASE:A1. ①,베트남,베트남,국가/지역,없다,357.0,(357),47.292789513174334,%
2025_잠재방한객조사_일반외국인.xlsx,일반외국인,A2A-1-1,<표A2A-1-1> (전생애) 해외여행 목적지 방문 경험_1. 한국 (해외여행 경험자 기준),BASE:A1. ①,베트남,베트남,국가/지역,계,357.0,(357),100,%
2025_잠재방한객조사_일반외국인.xlsx,일반외국인,A2A-1-1,<표A2A-1-1> (전생애) 해외여행 목적지 방문 경험_1. 한국 (해외여행 경험자 기준),BASE:A1. ①,싱가포르,싱가포르,국가/지역,있다,448.0,(448),56.95962656444096,%
2025_잠재방한객조사_일반외국인.xlsx,일반외국인,A2A-1-1,<표A2A-1-1> (전생애) 해외여행 목적지 방문 경험_1. 한국 (해외여행 경험자 기준),BASE:A1. ①,싱가포르,싱가포르,국가/지역,없다,448.0,(448),43.04037343555898,%
2025_잠재방한객조사_일반외국인.xlsx,일반외국인,A2A-1-1,<표A2A-1-1> (전생애) 해외여행 목적지 방문 경험_1. 한국 (해외여행 경험자 기준),BASE:A1. ①,싱가포르,싱가포르,국가/지역,계,448.0,(448),100,%
2025_잠재방한객조사_일반외국인.xlsx,일반외국인,A2A-1-1,<표A2A-1-1> (전생애) 해외여행 목적지 방문 경험_1. 한국 (해외여행 경험자 기준),BASE:A1. ①,인도네시아,인도네시아,국가/지역,있다,306.0,(306),34.037517871097,%
2025_잠재방한객조사_일반외국인.xlsx,일반외국인,A2A-1-1,<표A2A-1-1> (전생애) 해외여행 목적지 방문 경험_1. 한국 (해외여행 경험자 기준),BASE:A1. ①,인도네시아,인도네시아,국가/지역,없다,306.0,(306),65.96248212890289,%
2025_잠재방한객조사_일반외국인.xlsx,일반외국인,A2A-1-1,<표A2A-1-1> (전생애) 해외여행 목적지 방문 경험_1. 한국 (해외여행 경험자 기준),BASE:A1. ①,인도네시아,인도네시아,국가/지역,계,306.0,(306),100,%
2025_잠재방한객조사_일반외국인.xlsx,일반외국인,A2A-1-1,<표A2A-1-1> (전생애) 해외여행 목적지 방문 경험_1. 한국 (해외여행 경험자 기준),BASE:A1. ①,태국,태국,국가/지역,있다,313.0,(313),37.477810905179716,%
2025_잠재방한객조사_일반외국인.xlsx,일반외국인,A2A-1-1,<표A2A-1-1> (전생애) 해외여행 목적지 방문 경험_1. 한국 (해외여행 경험자 기준),BASE:A1. ①,태국,태국,국가/지역,없다,313.0,(313),62.52218909482029,%
2025_잠재방한객조사_일반외국인.xlsx,일반외국인,A2A-1-1,<표A2A-1-1> (전생애) 해외여행 목적지 방문 경험_1. 한국 (해외여행 경험자 기준),BASE:A1. ①,태국,태국,국가/지역,계,313.0,(313),100,%
2025_잠재방한객조사_일반외국인.xlsx,일반외국인,A2A-1-1,<표A2A-1-1> (전생애) 해외여행 목적지 방문 경험_1. 한국 (해외여행 경험자 기준),BASE:A1. ①,말레이시아,말레이시아,국가/지역,있다,375.0,(375),31.67286142062317,%
2025_잠재방한객조사_일반외국인.xlsx,일반외국인,A2A-1-1,<표A2A-1-1> (전생애) 해외여행 목적지 방문 경험_1. 한국 (해외여행 경험자 기준),BASE:A1. ①,말레이시아,말레이시아,국가/지역,없다,375.0,(375),68.32713857937678,%
2025_잠재방한객조사_일반외국인.xlsx,일반외국인,A2A-1-1,<표A2A-1-1> (전생애) 해외여행 목적지 방문 경험_1. 한국 (해외여행 경험자 기준),BASE:A1. ①,말레이시아,말레이시아,국가/지역,계,375.0,(375),100,%
2025_잠재방한객조사_일반외국인.xlsx,일반외국인,A2A-1-1,<표A2A-1-1> (전생애) 해외여행 목적지 방문 경험_1. 한국 (해외여행 경험자 기준),BASE:A1. ①,캐나다,캐나다,국가/지역,있다,360.0,(360),9.71148517604335,%
2025_잠재방한객조사_일반외국인.xlsx,일반외국인,A2A-1-1,<표A2A-1-1> (전생애) 해외여행 목적지 방문 경험_1. 한국 (해외여행 경험자 기준),BASE:A1. ①,캐나다,캐나다,국가/지역,없다,360.0,(360),90.28851482395662,%
2025_잠재방한객조사_일반외국인.xlsx,일반외국인,A2A-1-1,<표A2A-1-1> (전생애) 해외여행 목적지 방문 경험_1. 한국 (해외여행 경험자 기준),BASE:A1. ①,캐나다,캐나다,국가/지역,계,360.0,(360),100,%
2025_잠재방한객조사_일반외국인.xlsx,일반외국인,A2A-1-1,<표A2A-1-1> (전생애) 해외여행 목적지 방문 경험_1. 한국 (해외여행 경험자 기준),BASE:A1. ①,호주,호주,국가/지역,있다,402.0,(402),14.396788152497036,%
2025_잠재방한객조사_일반외국인.xlsx,일반외국인,A2A-1-1,<표A2A-1-1> (전생애) 해외여행 목적지 방문 경험_1. 한국 (해외여행 경험자 기준),BASE:A1. ①,호주,호주,국가/지역,없다,402.0,(402),85.60321184750306,%
2025_잠재방한객조사_일반외국인.xlsx,일반외국인,A2A-1-1,<표A2A-1-1> (전생애) 해외여행 목적지 방문 경험_1. 한국 (해외여행 경험자 기준),BASE:A1. ①,호주,호주,국가/지역,계,402.0,(402),100,%
2025_잠재방한객조사_일반외국인.xlsx,일반외국인,A2A-1-1,<표A2A-1-1> (전생애) 해외여행 목적지 방문 경험_1. 한국 (해외여행 경험자 기준),BASE:A1. ①,러시아,러시아,국가/지역,있다,630.0,(630),9.904237959735953,%
2025_잠재방한객조사_일반외국인.xlsx,일반외국인,A2A-1-1,<표A2A-1-1> (전생애) 해외여행 목적지 방문 경험_1. 한국 (해외여행 경험자 기준),BASE:A1. ①,러시아,러시아,국가/지역,없다,630.0,(630),90.09576204026402,%
2025_잠재방한객조사_일반외국인.xlsx,일반외국인,A2A-1-1,<표A2A-1-1> (전생애) 해외여행 목적지 방문 경험_1. 한국 (해외여행 경험자 기준),BASE:A1. ①,러시아,러시아,국가/지역,계,630.0,(630),100,%
2025_잠재방한객조사_일반외국인.xlsx,일반외국인,A2A-1-1,<표A2A-1-1> (전생애) 해외여행 목적지 방문 경험_1. 한국 (해외여행 경험자 기준),BASE:A1. ①,인도,인도,국가/지역,있다,340.0,(340),20.5020545902074,%
2025_잠재방한객조사_일반외국인.xlsx,일반외국인,A2A-1-1,<표A2A-1-1> (전생애) 해외여행 목적지 방문 경험_1. 한국 (해외여행 경험자 기준),BASE:A1. ①,인도,인도,국가/지역,없다,340.0,(340),79.49794540979259,%
2025_잠재방한객조사_일반외국인.xlsx,일반외국인,A2A-1-1,<표A2A-1-1> (전생애) 해외여행 목적지 방문 경험_1. 한국 (해외여행 경험자 기준),BASE:A1. ①,인도,인도,국가/지역,계,340.0,(340),100,%
2025_잠재방한객조사_일반외국인.xlsx,일반외국인,A2A-1-1,<표A2A-1-1> (전생애) 해외여행 목적지 방문 경험_1. 한국 (해외여행 경험자 기준),BASE:A1. ①,프랑스,프랑스,국가/지역,있다,423.0,(423),6.212418673247242,%
2025_잠재방한객조사_일반외국인.xlsx,일반외국인,A2A-1-1,<표A2A-1-1> (전생애) 해외여행 목적지 방문 경험_1. 한국 (해외여행 경험자 기준),BASE:A1. ①,프랑스,프랑스,국가/지역,없다,423.0,(423),93.78758132675273,%
2025_잠재방한객조사_일반외국인.xlsx,일반외국인,A2A-1-1,<표A2A-1-1> (전생애) 해외여행 목적지 방문 경험_1. 한국 (해외여행 경험자 기준),BASE:A1. ①,프랑스,프랑스,국가/지역,계,423.0,(423),100,%
2025_잠재방한객조사_일반외국인.xlsx,일반외국인,A2A-1-1,<표A2A-1-1> (전생애) 해외여행 목적지 방문 경험_1. 한국 (해외여행 경험자 기준),BASE:A1. ①,독일,독일,국가/지역,있다,440.0,(440),5.164794502267086,%
2025_잠재방한객조사_일반외국인.xlsx,일반외국인,A2A-1-1,<표A2A-1-1> (전생애) 해외여행 목적지 방문 경험_1. 한국 (해외여행 경험자 기준),BASE:A1. ①,독일,독일,국가/지역,없다,440.0,(440),94.83520549773291,%
2025_잠재방한객조사_일반외국인.xlsx,일반외국인,A2A-1-1,<표A2A-1-1> (전생애) 해외여행 목적지 방문 경험_1. 한국 (해외여행 경험자 기준),BASE:A1. ①,독일,독일,국가/지역,계,440.0,(440),100,%
2025_잠재방한객조사_일반외국인.xlsx,일반외국인,A2A-1-1,<표A2A-1-1> (전생애) 해외여행 목적지 방문 경험_1. 한국 (해외여행 경험자 기준),BASE:A1. ①,영국,영국,국가/지역,있다,442.0,(442),8.487807611532705,%
2025_잠재방한객조사_일반외국인.xlsx,일반외국인,A2A-1-1,<표A2A-1-1> (전생애) 해외여행 목적지 방문 경험_1. 한국 (해외여행 경험자 기준),BASE:A1. ①,영국,영국,국가/지역,없다,442.0,(442),91.51219238846726,%
2025_잠재방한객조사_일반외국인.xlsx,일반외국인,A2A-1-1,<표A2A-1-1> (전생애) 해외여행 목적지 방문 경험_1. 한국 (해외여행 경험자 기준),BASE:A1. ①,영국,영국,국가/지역,계,442.0,(442),100,%
2025_잠재방한객조사_일반외국인.xlsx,일반외국인,A2A-1-1,<표A2A-1-1> (전생애) 해외여행 목적지 방문 경험_1. 한국 (해외여행 경험자 기준),BASE:A1. ①,멕시코,멕시코,국가/지역,있다,312.0,(312),13.924853846395319,%
2025_잠재방한객조사_일반외국인.xlsx,일반외국인,A2A-1-1,<표A2A-1-1> (전생애) 해외여행 목적지 방문 경험_1. 한국 (해외여행 경험자 기준),BASE:A1. ①,멕시코,멕시코,국가/지역,없다,312.0,(312),86.07514615360459,%
2025_잠재방한객조사_일반외국인.xlsx,일반외국인,A2A-1-1,<표A2A-1-1> (전생애) 해외여행 목적지 방문 경험_1. 한국 (해외여행 경험자 기준),BASE:A1. ①,멕시코,멕시코,국가/지역,계,312.0,(312),100,%
2025_잠재방한객조사_일반외국인.xlsx,일반외국인,A2A-1-1,<표A2A-1-1> (전생애) 해외여행 목적지 방문 경험_1. 한국 (해외여행 경험자 기준),BASE:A1. ①,카자흐스탄,카자흐스탄,국가/지역,있다,283.0,(283),11.570786488096767,%
2025_잠재방한객조사_일반외국인.xlsx,일반외국인,A2A-1-1,<표A2A-1-1> (전생애) 해외여행 목적지 방문 경험_1. 한국 (해외여행 경험자 기준),BASE:A1. ①,카자흐스탄,카자흐스탄,국가/지역,없다,283.0,(283),88.42921351190326,%
2025_잠재방한객조사_일반외국인.xlsx,일반외국인,A2A-1-1,<표A2A-1-1> (전생애) 해외여행 목적지 방문 경험_1. 한국 (해외여행 경험자 기준),BASE:A1. ①,카자흐스탄,카자흐스탄,국가/지역,계,283.0,(283),100,%
2025_잠재방한객조사_일반외국인.xlsx,일반외국인,A2A-1-1,<표A2A-1-1> (전생애) 해외여행 목적지 방문 경험_1. 한국 (해외여행 경험자 기준),BASE:A1. ①,튀르키예,튀르키예,국가/지역,있다,283.0,(283),12.803786268593093,%
2025_잠재방한객조사_일반외국인.xlsx,일반외국인,A2A-1-1,<표A2A-1-1> (전생애) 해외여행 목적지 방문 경험_1. 한국 (해외여행 경험자 기준),BASE:A1. ①,튀르키예,튀르키예,국가/지역,없다,283.0,(283),87.1962137314069,%
2025_잠재방한객조사_일반외국인.xlsx,일반외국인,A2A-1-1,<표A2A-1-1> (전생애) 해외여행 목적지 방문 경험_1. 한국 (해외여행 경험자 기준),BASE:A1. ①,튀르키예,튀르키예,국가/지역,계,283.0,(283),100,%
2025_잠재방한객조사_일반외국인.xlsx,일반외국인,A2A-1-1,<표A2A-1-1> (전생애) 해외여행 목적지 방문 경험_1. 한국 (해외여행 경험자 기준),BASE:A1. ①,브라질,브라질,국가/지역,있다,271.0,(271),10.545858452274407,%
2025_잠재방한객조사_일반외국인.xlsx,일반외국인,A2A-1-1,<표A2A-1-1> (전생애) 해외여행 목적지 방문 경험_1. 한국 (해외여행 경험자 기준),BASE:A1. ①,브라질,브라질,국가/지역,없다,271.0,(271),89.4541415477256,%
2025_잠재방한객조사_일반외국인.xlsx,일반외국인,A2A-1-1,<표A2A-1-1> (전생애) 해외여행 목적지 방문 경험_1. 한국 (해외여행 경험자 기준),BASE:A1. ①,브라질,브라질,국가/지역,계,271.0,(271),100,%
2025_잠재방한객조사_일반외국인.xlsx,일반외국인,A2A-1-1,<표A2A-1-1> (전생애) 해외여행 목적지 방문 경험_1. 한국 (해외여행 경험자 기준),BASE:A1. ①,사우디아라비아,사우디아라비아,국가/지역,있다,403.0,(403),24.404287526796306,%
2025_잠재방한객조사_일반외국인.xlsx,일반외국인,A2A-1-1,<표A2A-1-1> (전생애) 해외여행 목적지 방문 경험_1. 한국 (해외여행 경험자 기준),BASE:A1. ①,사우디아라비아,사우디아라비아,국가/지역,없다,403.0,(403),75.59571247320389,%
2025_잠재방한객조사_일반외국인.xlsx,일반외국인,A2A-1-1,<표A2A-1-1> (전생애) 해외여행 목적지 방문 경험_1. 한국 (해외여행 경험자 기준),BASE:A1. ①,사우디아라비아,사우디아라비아,국가/지역,계,403.0,(403),100,%
2025_잠재방한객조사_일반외국인.xlsx,일반외국인,A2A-1-1,<표A2A-1-1> (전생애) 해외여행 목적지 방문 경험_1. 한국 (해외여행 경험자 기준),BASE:A1. ①,아랍에미리트,UAE,국가/지역,있다,453.0,(453),17.016322120394182,%
2025_잠재방한객조사_일반외국인.xlsx,일반외국인,A2A-1-1,<표A2A-1-1> (전생애) 해외여행 목적지 방문 경험_1. 한국 (해외여행 경험자 기준),BASE:A1. ①,아랍에미리트,UAE,국가/지역,없다,453.0,(453),82.98367787960592,%
2025_잠재방한객조사_일반외국인.xlsx,일반외국인,A2A-1-1,<표A2A-1-1> (전생애) 해외여행 목적지 방문 경험_1. 한국 (해외여행 경험자 기준),BASE:A1. ①,아랍에미리트,UAE,국가/지역,계,453.0,(453),100,%
2025_잠재방한객조사_일반외국인.xlsx,일반외국인,A2A-1-2,<표A2A-1-2> (전생애) 해외여행 목적지 방문 횟수_1. 한국 (해외여행 경험자 기준),BASE:A1. ① and A2. 1) 한국 ①,전체,전체,전체,1회,3815.0,(3815),62.956881054548944,%
2025_잠재방한객조사_일반외국인.xlsx,일반외국인,A2A-1-2,<표A2A-1-2> (전생애) 해외여행 목적지 방문 횟수_1. 한국 (해외여행 경험자 기준),BASE:A1. ① and A2. 1) 한국 ①,전체,전체,전체,2회,3815.0,(3815),20.34592102567389,%
2025_잠재방한객조사_일반외국인.xlsx,일반외국인,A2A-1-2,<표A2A-1-2> (전생애) 해외여행 목적지 방문 횟수_1. 한국 (해외여행 경험자 기준),BASE:A1. ① and A2. 1) 한국 ①,전체,전체,전체,3회,3815.0,(3815),7.286959756416343,%
2025_잠재방한객조사_일반외국인.xlsx,일반외국인,A2A-1-2,<표A2A-1-2> (전생애) 해외여행 목적지 방문 횟수_1. 한국 (해외여행 경험자 기준),BASE:A1. ① and A2. 1) 한국 ①,전체,전체,전체,4~5회,3815.0,(3815),5.979309256556463,%
2025_잠재방한객조사_일반외국인.xlsx,일반외국인,A2A-1-2,<표A2A-1-2> (전생애) 해외여행 목적지 방문 횟수_1. 한국 (해외여행 경험자 기준),BASE:A1. ① and A2. 1) 한국 ①,전체,전체,전체,6회 이상,3815.0,(3815),3.430928906804044,%
2025_잠재방한객조사_일반외국인.xlsx,일반외국인,A2A-1-2,<표A2A-1-2> (전생애) 해외여행 목적지 방문 횟수_1. 한국 (해외여행 경험자 기준),BASE:A1. ① and A2. 1) 한국 ①,전체,전체,전체,<평균 - 회>,3815.0,(3815),1.969628762470811,score
2025_잠재방한객조사_일반외국인.xlsx,일반외국인,A2A-1-2,<표A2A-1-2> (전생애) 해외여행 목적지 방문 횟수_1. 한국 (해외여행 경험자 기준),BASE:A1. ① and A2. 1) 한국 ①,중국,중국,국가/지역,1회,1059.0,(1059),67.0254321787477,%
2025_잠재방한객조사_일반외국인.xlsx,일반외국인,A2A-1-2,<표A2A-1-2> (전생애) 해외여행 목적지 방문 횟수_1. 한국 (해외여행 경험자 기준),BASE:A1. ① and A2. 1) 한국 ①,중국,중국,국가/지역,2회,1059.0,(1059),20.068238054066494,%
2025_잠재방한객조사_일반외국인.xlsx,일반외국인,A2A-1-2,<표A2A-1-2> (전생애) 해외여행 목적지 방문 횟수_1. 한국 (해외여행 경험자 기준),BASE:A1. ① and A2. 1) 한국 ①,중국,중국,국가/지역,3회,1059.0,(1059),6.544962982876151,%
2025_잠재방한객조사_일반외국인.xlsx,일반외국인,A2A-1-2,<표A2A-1-2> (전생애) 해외여행 목적지 방문 횟수_1. 한국 (해외여행 경험자 기준),BASE:A1. ① and A2. 1) 한국 ①,중국,중국,국가/지역,4~5회,1059.0,(1059),4.2414531847693375,%
2025_잠재방한객조사_일반외국인.xlsx,일반외국인,A2A-1-2,<표A2A-1-2> (전생애) 해외여행 목적지 방문 횟수_1. 한국 (해외여행 경험자 기준),BASE:A1. ① and A2. 1) 한국 ①,중국,중국,국가/지역,6회 이상,1059.0,(1059),2.1199135995400664,%
2025_잠재방한객조사_일반외국인.xlsx,일반외국인,A2A-1-2,<표A2A-1-2> (전생애) 해외여행 목적지 방문 횟수_1. 한국 (해외여행 경험자 기준),BASE:A1. ① and A2. 1) 한국 ①,중국,중국,국가/지역,<평균 - 회>,1059.0,(1059),1.6347157881217838,score
2025_잠재방한객조사_일반외국인.xlsx,일반외국인,A2A-1-2,<표A2A-1-2> (전생애) 해외여행 목적지 방문 횟수_1. 한국 (해외여행 경험자 기준),BASE:A1. ① and A2. 1) 한국 ①,일본,일본,국가/지역,1회,563.0,(563),52.53584338595426,%
2025_잠재방한객조사_일반외국인.xlsx,일반외국인,A2A-1-2,<표A2A-1-2> (전생애) 해외여행 목적지 방문 횟수_1. 한국 (해외여행 경험자 기준),BASE:A1. ① and A2. 1) 한국 ①,일본,일본,국가/지역,2회,563.0,(563),20.852783586552547,%
2025_잠재방한객조사_일반외국인.xlsx,일반외국인,A2A-1-2,<표A2A-1-2> (전생애) 해외여행 목적지 방문 횟수_1. 한국 (해외여행 경험자 기준),BASE:A1. ① and A2. 1) 한국 ①,일본,일본,국가/지역,3회,563.0,(563),9.603819576898868,%
2025_잠재방한객조사_일반외국인.xlsx,일반외국인,A2A-1-2,<표A2A-1-2> (전생애) 해외여행 목적지 방문 횟수_1. 한국 (해외여행 경험자 기준),BASE:A1. ① and A2. 1) 한국 ①,일본,일본,국가/지역,4~5회,563.0,(563),8.303903206560959,%
2025_잠재방한객조사_일반외국인.xlsx,일반외국인,A2A-1-2,<표A2A-1-2> (전생애) 해외여행 목적지 방문 횟수_1. 한국 (해외여행 경험자 기준),BASE:A1. ① and A2. 1) 한국 ①,일본,일본,국가/지역,6회 이상,563.0,(563),8.70365024403327,%
2025_잠재방한객조사_일반외국인.xlsx,일반외국인,A2A-1-2,<표A2A-1-2> (전생애) 해외여행 목적지 방문 횟수_1. 한국 (해외여행 경험자 기준),BASE:A1. ① and A2. 1) 한국 ①,일본,일본,국가/지역,<평균 - 회>,563.0,(563),3.1009721124227267,score
2025_잠재방한객조사_일반외국인.xlsx,일반외국인,A2A-1-2,<표A2A-1-2> (전생애) 해외여행 목적지 방문 횟수_1. 한국 (해외여행 경험자 기준),BASE:A1. ① and A2. 1) 한국 ①,대만,대만,국가/지역,1회,238.0,(238),59.33266456428875,%
2025_잠재방한객조사_일반외국인.xlsx,일반외국인,A2A-1-2,<표A2A-1-2> (전생애) 해외여행 목적지 방문 횟수_1. 한국 (해외여행 경험자 기준),BASE:A1. ① and A2. 1) 한국 ①,대만,대만,국가/지역,2회,238.0,(238),21.312533685379858,%
2025_잠재방한객조사_일반외국인.xlsx,일반외국인,A2A-1-2,<표A2A-1-2> (전생애) 해외여행 목적지 방문 횟수_1. 한국 (해외여행 경험자 기준),BASE:A1. ① and A2. 1) 한국 ①,대만,대만,국가/지역,3회,238.0,(238),9.090389728784462,%
2025_잠재방한객조사_일반외국인.xlsx,일반외국인,A2A-1-2,<표A2A-1-2> (전생애) 해외여행 목적지 방문 횟수_1. 한국 (해외여행 경험자 기준),BASE:A1. ① and A2. 1) 한국 ①,대만,대만,국가/지역,4~5회,238.0,(238),7.065222391545251,%
2025_잠재방한객조사_일반외국인.xlsx,일반외국인,A2A-1-2,<표A2A-1-2> (전생애) 해외여행 목적지 방문 횟수_1. 한국 (해외여행 경험자 기준),BASE:A1. ① and A2. 1) 한국 ①,대만,대만,국가/지역,6회 이상,238.0,(238),3.1991896300015474,%
2025_잠재방한객조사_일반외국인.xlsx,일반외국인,A2A-1-2,<표A2A-1-2> (전생애) 해외여행 목적지 방문 횟수_1. 한국 (해외여행 경험자 기준),BASE:A1. ① and A2. 1) 한국 ①,대만,대만,국가/지역,<평균 - 회>,238.0,(238),1.9034519615664507,score
2025_잠재방한객조사_일반외국인.xlsx,일반외국인,A2A-1-2,<표A2A-1-2> (전생애) 해외여행 목적지 방문 횟수_1. 한국 (해외여행 경험자 기준),BASE:A1. ① and A2. 1) 한국 ①,미국,미국,국가/지역,1회,71.0,(71),81.20146431348525,%
2025_잠재방한객조사_일반외국인.xlsx,일반외국인,A2A-1-2,<표A2A-1-2> (전생애) 해외여행 목적지 방문 횟수_1. 한국 (해외여행 경험자 기준),BASE:A1. ① and A2. 1) 한국 ①,미국,미국,국가/지역,2회,71.0,(71),10.155461779752592,%
2025_잠재방한객조사_일반외국인.xlsx,일반외국인,A2A-1-2,<표A2A-1-2> (전생애) 해외여행 목적지 방문 횟수_1. 한국 (해외여행 경험자 기준),BASE:A1. ① and A2. 1) 한국 ①,미국,미국,국가/지역,3회,71.0,(71),2.2778092896214357,%
2025_잠재방한객조사_일반외국인.xlsx,일반외국인,A2A-1-2,<표A2A-1-2> (전생애) 해외여행 목적지 방문 횟수_1. 한국 (해외여행 경험자 기준),BASE:A1. ① and A2. 1) 한국 ①,미국,미국,국가/지역,4~5회,71.0,(71),3.3505658789454564,%
2025_잠재방한객조사_일반외국인.xlsx,일반외국인,A2A-1-2,<표A2A-1-2> (전생애) 해외여행 목적지 방문 횟수_1. 한국 (해외여행 경험자 기준),BASE:A1. ① and A2. 1) 한국 ①,미국,미국,국가/지역,6회 이상,71.0,(71),3.014698738195263,%
2025_잠재방한객조사_일반외국인.xlsx,일반외국인,A2A-1-2,<표A2A-1-2> (전생애) 해외여행 목적지 방문 횟수_1. 한국 (해외여행 경험자 기준),BASE:A1. ① and A2. 1) 한국 ①,미국,미국,국가/지역,<평균 - 회>,71.0,(71),1.4811371127954323,score
2025_잠재방한객조사_일반외국인.xlsx,일반외국인,A2A-1-2,<표A2A-1-2> (전생애) 해외여행 목적지 방문 횟수_1. 한국 (해외여행 경험자 기준),BASE:A1. ① and A2. 1) 한국 ①,필리핀,필리핀,국가/지역,1회,92.0,(92),64.24611395971776,%
2025_잠재방한객조사_일반외국인.xlsx,일반외국인,A2A-1-2,<표A2A-1-2> (전생애) 해외여행 목적지 방문 횟수_1. 한국 (해외여행 경험자 기준),BASE:A1. ① and A2. 1) 한국 ①,필리핀,필리핀,국가/지역,2회,92.0,(92),23.54540416929965,%
2025_잠재방한객조사_일반외국인.xlsx,일반외국인,A2A-1-2,<표A2A-1-2> (전생애) 해외여행 목적지 방문 횟수_1. 한국 (해외여행 경험자 기준),BASE:A1. ① and A2. 1) 한국 ①,필리핀,필리핀,국가/지역,3회,92.0,(92),7.844708995346301,%
2025_잠재방한객조사_일반외국인.xlsx,일반외국인,A2A-1-2,<표A2A-1-2> (전생애) 해외여행 목적지 방문 횟수_1. 한국 (해외여행 경험자 기준),BASE:A1. ① and A2. 1) 한국 ①,필리핀,필리핀,국가/지역,4~5회,92.0,(92),3.2882308206347273,%
2025_잠재방한객조사_일반외국인.xlsx,일반외국인,A2A-1-2,<표A2A-1-2> (전생애) 해외여행 목적지 방문 횟수_1. 한국 (해외여행 경험자 기준),BASE:A1. ① and A2. 1) 한국 ①,필리핀,필리핀,국가/지역,6회 이상,92.0,(92),1.0755420550015522,%
2025_잠재방한객조사_일반외국인.xlsx,일반외국인,A2A-1-2,<표A2A-1-2> (전생애) 해외여행 목적지 방문 횟수_1. 한국 (해외여행 경험자 기준),BASE:A1. ① and A2. 1) 한국 ①,필리핀,필리핀,국가/지역,<평균 - 회>,92.0,(92),1.5779607253729062,score
2025_잠재방한객조사_일반외국인.xlsx,일반외국인,A2A-1-2,<표A2A-1-2> (전생애) 해외여행 목적지 방문 횟수_1. 한국 (해외여행 경험자 기준),BASE:A1. ① and A2. 1) 한국 ①,베트남,베트남,국가/지역,1회,188.0,(188),65.67137660112783,%
2025_잠재방한객조사_일반외국인.xlsx,일반외국인,A2A-1-2,<표A2A-1-2> (전생애) 해외여행 목적지 방문 횟수_1. 한국 (해외여행 경험자 기준),BASE:A1. ① and A2. 1) 한국 ①,베트남,베트남,국가/지역,2회,188.0,(188),20.57081786052059,%
2025_잠재방한객조사_일반외국인.xlsx,일반외국인,A2A-1-2,<표A2A-1-2> (전생애) 해외여행 목적지 방문 횟수_1. 한국 (해외여행 경험자 기준),BASE:A1. ① and A2. 1) 한국 ①,베트남,베트남,국가/지역,3회,188.0,(188),8.56403218877849,%
2025_잠재방한객조사_일반외국인.xlsx,일반외국인,A2A-1-2,<표A2A-1-2> (전생애) 해외여행 목적지 방문 횟수_1. 한국 (해외여행 경험자 기준),BASE:A1. ① and A2. 1) 한국 ①,베트남,베트남,국가/지역,4~5회,188.0,(188),3.6527862918993423,%
2025_잠재방한객조사_일반외국인.xlsx,일반외국인,A2A-1-2,<표A2A-1-2> (전생애) 해외여행 목적지 방문 횟수_1. 한국 (해외여행 경험자 기준),BASE:A1. ① and A2. 1) 한국 ①,베트남,베트남,국가/지역,6회 이상,188.0,(188),1.5409870576737255,%
2025_잠재방한객조사_일반외국인.xlsx,일반외국인,A2A-1-2,<표A2A-1-2> (전생애) 해외여행 목적지 방문 횟수_1. 한국 (해외여행 경험자 기준),BASE:A1. ① and A2. 1) 한국 ①,베트남,베트남,국가/지역,<평균 - 회>,188.0,(188),1.7732239666983305,score
2025_잠재방한객조사_일반외국인.xlsx,일반외국인,A2A-1-2,<표A2A-1-2> (전생애) 해외여행 목적지 방문 횟수_1. 한국 (해외여행 경험자 기준),BASE:A1. ① and A2. 1) 한국 ①,싱가포르,싱가포르,국가/지역,1회,255.0,(255),56.547689744833974,%
2025_잠재방한객조사_일반외국인.xlsx,일반외국인,A2A-1-2,<표A2A-1-2> (전생애) 해외여행 목적지 방문 횟수_1. 한국 (해외여행 경험자 기준),BASE:A1. ① and A2. 1) 한국 ①,싱가포르,싱가포르,국가/지역,2회,255.0,(255),29.019291037994748,%
2025_잠재방한객조사_일반외국인.xlsx,일반외국인,A2A-1-2,<표A2A-1-2> (전생애) 해외여행 목적지 방문 횟수_1. 한국 (해외여행 경험자 기준),BASE:A1. ① and A2. 1) 한국 ①,싱가포르,싱가포르,국가/지역,3회,255.0,(255),4.019090889298151,%
2025_잠재방한객조사_일반외국인.xlsx,일반외국인,A2A-1-2,<표A2A-1-2> (전생애) 해외여행 목적지 방문 횟수_1. 한국 (해외여행 경험자 기준),BASE:A1. ① and A2. 1) 한국 ①,싱가포르,싱가포르,국가/지역,4~5회,255.0,(255),6.737806355894849,%
2025_잠재방한객조사_일반외국인.xlsx,일반외국인,A2A-1-2,<표A2A-1-2> (전생애) 해외여행 목적지 방문 횟수_1. 한국 (해외여행 경험자 기준),BASE:A1. ① and A2. 1) 한국 ①,싱가포르,싱가포르,국가/지역,6회 이상,255.0,(255),3.676121971978402,%
2025_잠재방한객조사_일반외국인.xlsx,일반외국인,A2A-1-2,<표A2A-1-2> (전생애) 해외여행 목적지 방문 횟수_1. 한국 (해외여행 경험자 기준),BASE:A1. ① and A2. 1) 한국 ①,싱가포르,싱가포르,국가/지역,<평균 - 회>,255.0,(255),2.232168090201307,score
2025_잠재방한객조사_일반외국인.xlsx,일반외국인,A2A-1-2,<표A2A-1-2> (전생애) 해외여행 목적지 방문 횟수_1. 한국 (해외여행 경험자 기준),BASE:A1. ① and A2. 1) 한국 ①,인도네시아,인도네시아,국가/지역,1회,104.0,(104),66.37581509884957,%
2025_잠재방한객조사_일반외국인.xlsx,일반외국인,A2A-1-2,<표A2A-1-2> (전생애) 해외여행 목적지 방문 횟수_1. 한국 (해외여행 경험자 기준),BASE:A1. ① and A2. 1) 한국 ①,인도네시아,인도네시아,국가/지역,2회,104.0,(104),21.578035700585563,%
2025_잠재방한객조사_일반외국인.xlsx,일반외국인,A2A-1-2,<표A2A-1-2> (전생애) 해외여행 목적지 방문 횟수_1. 한국 (해외여행 경험자 기준),BASE:A1. ① and A2. 1) 한국 ①,인도네시아,인도네시아,국가/지역,3회,104.0,(104),5.60250559245335,%
2025_잠재방한객조사_일반외국인.xlsx,일반외국인,A2A-1-2,<표A2A-1-2> (전생애) 해외여행 목적지 방문 횟수_1. 한국 (해외여행 경험자 기준),BASE:A1. ① and A2. 1) 한국 ①,인도네시아,인도네시아,국가/지역,4~5회,104.0,(104),5.501697984316204,%
2025_잠재방한객조사_일반외국인.xlsx,일반외국인,A2A-1-2,<표A2A-1-2> (전생애) 해외여행 목적지 방문 횟수_1. 한국 (해외여행 경험자 기준),BASE:A1. ① and A2. 1) 한국 ①,인도네시아,인도네시아,국가/지역,6회 이상,104.0,(104),0.941945623795339,%
2025_잠재방한객조사_일반외국인.xlsx,일반외국인,A2A-1-2,<표A2A-1-2> (전생애) 해외여행 목적지 방문 횟수_1. 한국 (해외여행 경험자 기준),BASE:A1. ① and A2. 1) 한국 ①,인도네시아,인도네시아,국가/지역,<평균 - 회>,104.0,(104),1.5948866202219958,score
2025_잠재방한객조사_일반외국인.xlsx,일반외국인,A2A-1-2,<표A2A-1-2> (전생애) 해외여행 목적지 방문 횟수_1. 한국 (해외여행 경험자 기준),BASE:A1. ① and A2. 1) 한국 ①,태국,태국,국가/지역,1회,117.0,(117),73.72716870099244,%
2025_잠재방한객조사_일반외국인.xlsx,일반외국인,A2A-1-2,<표A2A-1-2> (전생애) 해외여행 목적지 방문 횟수_1. 한국 (해외여행 경험자 기준),BASE:A1. ① and A2. 1) 한국 ①,태국,태국,국가/지역,2회,117.0,(117),13.612167462707358,%
2025_잠재방한객조사_일반외국인.xlsx,일반외국인,A2A-1-2,<표A2A-1-2> (전생애) 해외여행 목적지 방문 횟수_1. 한국 (해외여행 경험자 기준),BASE:A1. ① and A2. 1) 한국 ①,태국,태국,국가/지역,3회,117.0,(117),5.899229760014213,%
2025_잠재방한객조사_일반외국인.xlsx,일반외국인,A2A-1-2,<표A2A-1-2> (전생애) 해외여행 목적지 방문 횟수_1. 한국 (해외여행 경험자 기준),BASE:A1. ① and A2. 1) 한국 ①,태국,태국,국가/지역,4~5회,117.0,(117),5.158438712398233,%
2025_잠재방한객조사_일반외국인.xlsx,일반외국인,A2A-1-2,<표A2A-1-2> (전생애) 해외여행 목적지 방문 횟수_1. 한국 (해외여행 경험자 기준),BASE:A1. ① and A2. 1) 한국 ①,태국,태국,국가/지역,6회 이상,117.0,(117),1.602995363887703,%
2025_잠재방한객조사_일반외국인.xlsx,일반외국인,A2A-1-2,<표A2A-1-2> (전생애) 해외여행 목적지 방문 횟수_1. 한국 (해외여행 경험자 기준),BASE:A1. ① and A2. 1) 한국 ①,태국,태국,국가/지역,<평균 - 회>,117.0,(117),1.55645389799472,score
2025_잠재방한객조사_일반외국인.xlsx,일반외국인,A2A-1-2,<표A2A-1-2> (전생애) 해외여행 목적지 방문 횟수_1. 한국 (해외여행 경험자 기준),BASE:A1. ① and A2. 1) 한국 ①,말레이시아,말레이시아,국가/지역,1회,119.0,(119),75.65244607574417,%
2025_잠재방한객조사_일반외국인.xlsx,일반외국인,A2A-1-2,<표A2A-1-2> (전생애) 해외여행 목적지 방문 횟수_1. 한국 (해외여행 경험자 기준),BASE:A1. ① and A2. 1) 한국 ①,말레이시아,말레이시아,국가/지역,2회,119.0,(119),11.856251822239436,%
2025_잠재방한객조사_일반외국인.xlsx,일반외국인,A2A-1-2,<표A2A-1-2> (전생애) 해외여행 목적지 방문 횟수_1. 한국 (해외여행 경험자 기준),BASE:A1. ① and A2. 1) 한국 ①,말레이시아,말레이시아,국가/지역,3회,119.0,(119),5.92853755577179,%
2025_잠재방한객조사_일반외국인.xlsx,일반외국인,A2A-1-2,<표A2A-1-2> (전생애) 해외여행 목적지 방문 횟수_1. 한국 (해외여행 경험자 기준),BASE:A1. ① and A2. 1) 한국 ①,말레이시아,말레이시아,국가/지역,4~5회,119.0,(119),5.78185226951524,%
2025_잠재방한객조사_일반외국인.xlsx,일반외국인,A2A-1-2,<표A2A-1-2> (전생애) 해외여행 목적지 방문 횟수_1. 한국 (해외여행 경험자 기준),BASE:A1. ① and A2. 1) 한국 ①,말레이시아,말레이시아,국가/지역,6회 이상,119.0,(119),0.7809122767293536,%
2025_잠재방한객조사_일반외국인.xlsx,일반외국인,A2A-1-2,<표A2A-1-2> (전생애) 해외여행 목적지 방문 횟수_1. 한국 (해외여행 경험자 기준),BASE:A1. ① and A2. 1) 한국 ①,말레이시아,말레이시아,국가/지역,<평균 - 회>,119.0,(119),1.513341730167881,score
2025_잠재방한객조사_일반외국인.xlsx,일반외국인,A2A-1-2,<표A2A-1-2> (전생애) 해외여행 목적지 방문 횟수_1. 한국 (해외여행 경험자 기준),BASE:A1. ① and A2. 1) 한국 ①,캐나다,캐나다,국가/지역,1회,35.0,(35),66.55676707801781,%
2025_잠재방한객조사_일반외국인.xlsx,일반외국인,A2A-1-2,<표A2A-1-2> (전생애) 해외여행 목적지 방문 횟수_1. 한국 (해외여행 경험자 기준),BASE:A1. ① and A2. 1) 한국 ①,캐나다,캐나다,국가/지역,2회,35.0,(35),18.314931492046068,%
2025_잠재방한객조사_일반외국인.xlsx,일반외국인,A2A-1-2,<표A2A-1-2> (전생애) 해외여행 목적지 방문 횟수_1. 한국 (해외여행 경험자 기준),BASE:A1. ① and A2. 1) 한국 ①,캐나다,캐나다,국가/지역,3회,35.0,(35),6.903790765067923,%
2025_잠재방한객조사_일반외국인.xlsx,일반외국인,A2A-1-2,<표A2A-1-2> (전생애) 해외여행 목적지 방문 횟수_1. 한국 (해외여행 경험자 기준),BASE:A1. ① and A2. 1) 한국 ①,캐나다,캐나다,국가/지역,4~5회,35.0,(35),8.224510664868188,%
2025_잠재방한객조사_일반외국인.xlsx,일반외국인,A2A-1-2,<표A2A-1-2> (전생애) 해외여행 목적지 방문 횟수_1. 한국 (해외여행 경험자 기준),BASE:A1. ① and A2. 1) 한국 ①,캐나다,캐나다,국가/지역,6회 이상,35.0,(35),0,%
2025_잠재방한객조사_일반외국인.xlsx,일반외국인,A2A-1-2,<표A2A-1-2> (전생애) 해외여행 목적지 방문 횟수_1. 한국 (해외여행 경험자 기준),BASE:A1. ① and A2. 1) 한국 ①,캐나다,캐나다,국가/지역,<평균 - 회>,35.0,(35),1.5679604501678643,score
2025_잠재방한객조사_일반외국인.xlsx,일반외국인,A2A-1-2,<표A2A-1-2> (전생애) 해외여행 목적지 방문 횟수_1. 한국 (해외여행 경험자 기준),BASE:A1. ① and A2. 1) 한국 ①,호주,호주,국가/지역,1회,58.0,(58),84.65224157232511,%
2025_잠재방한객조사_일반외국인.xlsx,일반외국인,A2A-1-2,<표A2A-1-2> (전생애) 해외여행 목적지 방문 횟수_1. 한국 (해외여행 경험자 기준),BASE:A1. ① and A2. 1) 한국 ①,호주,호주,국가/지역,2회,58.0,(58),10.940078813334143,%
2025_잠재방한객조사_일반외국인.xlsx,일반외국인,A2A-1-2,<표A2A-1-2> (전생애) 해외여행 목적지 방문 횟수_1. 한국 (해외여행 경험자 기준),BASE:A1. ① and A2. 1) 한국 ①,호주,호주,국가/지역,3회,58.0,(58),1.3691715350435643,%
2025_잠재방한객조사_일반외국인.xlsx,일반외국인,A2A-1-2,<표A2A-1-2> (전생애) 해외여행 목적지 방문 횟수_1. 한국 (해외여행 경험자 기준),BASE:A1. ① and A2. 1) 한국 ①,호주,호주,국가/지역,4~5회,58.0,(58),3.038508079297154,%
2025_잠재방한객조사_일반외국인.xlsx,일반외국인,A2A-1-2,<표A2A-1-2> (전생애) 해외여행 목적지 방문 횟수_1. 한국 (해외여행 경험자 기준),BASE:A1. ① and A2. 1) 한국 ①,호주,호주,국가/지역,6회 이상,58.0,(58),0,%
2025_잠재방한객조사_일반외국인.xlsx,일반외국인,A2A-1-2,<표A2A-1-2> (전생애) 해외여행 목적지 방문 횟수_1. 한국 (해외여행 경험자 기준),BASE:A1. ① and A2. 1) 한국 ①,호주,호주,국가/지역,<평균 - 회>,58.0,(58),1.2279394612131271,score
2025_잠재방한객조사_일반외국인.xlsx,일반외국인,A2A-1-2,<표A2A-1-2> (전생애) 해외여행 목적지 방문 횟수_1. 한국 (해외여행 경험자 기준),BASE:A1. ① and A2. 1) 한국 ①,러시아,러시아,국가/지역,1회,62.0,(62),73.06688342639481,%
2025_잠재방한객조사_일반외국인.xlsx,일반외국인,A2A-1-2,<표A2A-1-2> (전생애) 해외여행 목적지 방문 횟수_1. 한국 (해외여행 경험자 기준),BASE:A1. ① and A2. 1) 한국 ①,러시아,러시아,국가/지역,2회,62.0,(62),12.508909752818177,%
2025_잠재방한객조사_일반외국인.xlsx,일반외국인,A2A-1-2,<표A2A-1-2> (전생애) 해외여행 목적지 방문 횟수_1. 한국 (해외여행 경험자 기준),BASE:A1. ① and A2. 1) 한국 ①,러시아,러시아,국가/지역,3회,62.0,(62),2.63857522556636,%
2025_잠재방한객조사_일반외국인.xlsx,일반외국인,A2A-1-2,<표A2A-1-2> (전생애) 해외여행 목적지 방문 횟수_1. 한국 (해외여행 경험자 기준),BASE:A1. ① and A2. 1) 한국 ①,러시아,러시아,국가/지역,4~5회,62.0,(62),2.6794664309577514,%
2025_잠재방한객조사_일반외국인.xlsx,일반외국인,A2A-1-2,<표A2A-1-2> (전생애) 해외여행 목적지 방문 횟수_1. 한국 (해외여행 경험자 기준),BASE:A1. ① and A2. 1) 한국 ①,러시아,러시아,국가/지역,6회 이상,62.0,(62),9.106165164262906,%
2025_잠재방한객조사_일반외국인.xlsx,일반외국인,A2A-1-2,<표A2A-1-2> (전생애) 해외여행 목적지 방문 횟수_1. 한국 (해외여행 경험자 기준),BASE:A1. ① and A2. 1) 한국 ①,러시아,러시아,국가/지역,<평균 - 회>,62.0,(62),1.8961230296131617,score
2025_잠재방한객조사_일반외국인.xlsx,일반외국인,A2A-1-2,<표A2A-1-2> (전생애) 해외여행 목적지 방문 횟수_1. 한국 (해외여행 경험자 기준),BASE:A1. ① and A2. 1) 한국 ①,인도,인도,국가/지역,1회,70.0,(70),59.77149450661838,%
2025_잠재방한객조사_일반외국인.xlsx,일반외국인,A2A-1-2,<표A2A-1-2> (전생애) 해외여행 목적지 방문 횟수_1. 한국 (해외여행 경험자 기준),BASE:A1. ① and A2. 1) 한국 ①,인도,인도,국가/지역,2회,70.0,(70),18.590626569240477,%
2025_잠재방한객조사_일반외국인.xlsx,일반외국인,A2A-1-2,<표A2A-1-2> (전생애) 해외여행 목적지 방문 횟수_1. 한국 (해외여행 경험자 기준),BASE:A1. ① and A2. 1) 한국 ①,인도,인도,국가/지역,3회,70.0,(70),12.593127495557649,%
2025_잠재방한객조사_일반외국인.xlsx,일반외국인,A2A-1-2,<표A2A-1-2> (전생애) 해외여행 목적지 방문 횟수_1. 한국 (해외여행 경험자 기준),BASE:A1. ① and A2. 1) 한국 ①,인도,인도,국가/지역,4~5회,70.0,(70),3.5167240053799875,%
2025_잠재방한객조사_일반외국인.xlsx,일반외국인,A2A-1-2,<표A2A-1-2> (전생애) 해외여행 목적지 방문 횟수_1. 한국 (해외여행 경험자 기준),BASE:A1. ① and A2. 1) 한국 ①,인도,인도,국가/지역,6회 이상,70.0,(70),5.528027423203481,%
2025_잠재방한객조사_일반외국인.xlsx,일반외국인,A2A-1-2,<표A2A-1-2> (전생애) 해외여행 목적지 방문 횟수_1. 한국 (해외여행 경험자 기준),BASE:A1. ① and A2. 1) 한국 ①,인도,인도,국가/지역,<평균 - 회>,70.0,(70),2.0599705666224777,score
2025_잠재방한객조사_일반외국인.xlsx,일반외국인,A2A-1-2,<표A2A-1-2> (전생애) 해외여행 목적지 방문 횟수_1. 한국 (해외여행 경험자 기준),BASE:A1. ① and A2. 1) 한국 ①,프랑스,프랑스,국가/지역,1회,26.0,(26),74.53423659004233,%
2025_잠재방한객조사_일반외국인.xlsx,일반외국인,A2A-1-2,<표A2A-1-2> (전생애) 해외여행 목적지 방문 횟수_1. 한국 (해외여행 경험자 기준),BASE:A1. ① and A2. 1) 한국 ①,프랑스,프랑스,국가/지역,2회,26.0,(26),9.548444750871164,%
2025_잠재방한객조사_일반외국인.xlsx,일반외국인,A2A-1-2,<표A2A-1-2> (전생애) 해외여행 목적지 방문 횟수_1. 한국 (해외여행 경험자 기준),BASE:A1. ① and A2. 1) 한국 ①,프랑스,프랑스,국가/지역,3회,26.0,(26),6.349375948414639,%
2025_잠재방한객조사_일반외국인.xlsx,일반외국인,A2A-1-2,<표A2A-1-2> (전생애) 해외여행 목적지 방문 횟수_1. 한국 (해외여행 경험자 기준),BASE:A1. ① and A2. 1) 한국 ①,프랑스,프랑스,국가/지역,4~5회,26.0,(26),9.567942710671856,%
2025_잠재방한객조사_일반외국인.xlsx,일반외국인,A2A-1-2,<표A2A-1-2> (전생애) 해외여행 목적지 방문 횟수_1. 한국 (해외여행 경험자 기준),BASE:A1. ① and A2. 1) 한국 ①,프랑스,프랑스,국가/지역,6회 이상,26.0,(26),0,%
2025_잠재방한객조사_일반외국인.xlsx,일반외국인,A2A-1-2,<표A2A-1-2> (전생애) 해외여행 목적지 방문 횟수_1. 한국 (해외여행 경험자 기준),BASE:A1. ① and A2. 1) 한국 ①,프랑스,프랑스,국가/지역,<평균 - 회>,26.0,(26),1.572076109176179,score
2025_잠재방한객조사_일반외국인.xlsx,일반외국인,A2A-1-2,<표A2A-1-2> (전생애) 해외여행 목적지 방문 횟수_1. 한국 (해외여행 경험자 기준),BASE:A1. ① and A2. 1) 한국 ①,독일,독일,국가/지역,1회,23.0,(23),70.98251311247748,%
2025_잠재방한객조사_일반외국인.xlsx,일반외국인,A2A-1-2,<표A2A-1-2> (전생애) 해외여행 목적지 방문 횟수_1. 한국 (해외여행 경험자 기준),BASE:A1. ① and A2. 1) 한국 ①,독일,독일,국가/지역,2회,23.0,(23),25.60247132504895,%
2025_잠재방한객조사_일반외국인.xlsx,일반외국인,A2A-1-2,<표A2A-1-2> (전생애) 해외여행 목적지 방문 횟수_1. 한국 (해외여행 경험자 기준),BASE:A1. ① and A2. 1) 한국 ①,독일,독일,국가/지역,3회,23.0,(23),3.415015562473606,%
2025_잠재방한객조사_일반외국인.xlsx,일반외국인,A2A-1-2,<표A2A-1-2> (전생애) 해외여행 목적지 방문 횟수_1. 한국 (해외여행 경험자 기준),BASE:A1. ① and A2. 1) 한국 ①,독일,독일,국가/지역,4~5회,23.0,(23),0,%
2025_잠재방한객조사_일반외국인.xlsx,일반외국인,A2A-1-2,<표A2A-1-2> (전생애) 해외여행 목적지 방문 횟수_1. 한국 (해외여행 경험자 기준),BASE:A1. ① and A2. 1) 한국 ①,독일,독일,국가/지역,6회 이상,23.0,(23),0,%
2025_잠재방한객조사_일반외국인.xlsx,일반외국인,A2A-1-2,<표A2A-1-2> (전생애) 해외여행 목적지 방문 횟수_1. 한국 (해외여행 경험자 기준),BASE:A1. ① and A2. 1) 한국 ①,독일,독일,국가/지역,<평균 - 회>,23.0,(23),1.324325024499962,score
2025_잠재방한객조사_일반외국인.xlsx,일반외국인,A2A-1-2,<표A2A-1-2> (전생애) 해외여행 목적지 방문 횟수_1. 한국 (해외여행 경험자 기준),BASE:A1. ① and A2. 1) 한국 ①,영국,영국,국가/지역,1회,38.0,(38),62.69319889824503,%
2025_잠재방한객조사_일반외국인.xlsx,일반외국인,A2A-1-2,<표A2A-1-2> (전생애) 해외여행 목적지 방문 횟수_1. 한국 (해외여행 경험자 기준),BASE:A1. ① and A2. 1) 한국 ①,영국,영국,국가/지역,2회,38.0,(38),15.90694490990855,%
2025_잠재방한객조사_일반외국인.xlsx,일반외국인,A2A-1-2,<표A2A-1-2> (전생애) 해외여행 목적지 방문 횟수_1. 한국 (해외여행 경험자 기준),BASE:A1. ① and A2. 1) 한국 ①,영국,영국,국가/지역,3회,38.0,(38),8.604493701933194,%
2025_잠재방한객조사_일반외국인.xlsx,일반외국인,A2A-1-2,<표A2A-1-2> (전생애) 해외여행 목적지 방문 횟수_1. 한국 (해외여행 경험자 기준),BASE:A1. ① and A2. 1) 한국 ①,영국,영국,국가/지역,4~5회,38.0,(38),12.795362489913245,%
2025_잠재방한객조사_일반외국인.xlsx,일반외국인,A2A-1-2,<표A2A-1-2> (전생애) 해외여행 목적지 방문 횟수_1. 한국 (해외여행 경험자 기준),BASE:A1. ① and A2. 1) 한국 ①,영국,영국,국가/지역,6회 이상,38.0,(38),0,%
2025_잠재방한객조사_일반외국인.xlsx,일반외국인,A2A-1-2,<표A2A-1-2> (전생애) 해외여행 목적지 방문 횟수_1. 한국 (해외여행 경험자 기준),BASE:A1. ① and A2. 1) 한국 ①,영국,영국,국가/지역,<평균 - 회>,38.0,(38),1.7764912833176503,score
2025_잠재방한객조사_일반외국인.xlsx,일반외국인,A2A-1-2,<표A2A-1-2> (전생애) 해외여행 목적지 방문 횟수_1. 한국 (해외여행 경험자 기준),BASE:A1. ① and A2. 1) 한국 ①,멕시코,멕시코,국가/지역,1회,43.0,(43),66.44453894587224,%
2025_잠재방한객조사_일반외국인.xlsx,일반외국인,A2A-1-2,<표A2A-1-2> (전생애) 해외여행 목적지 방문 횟수_1. 한국 (해외여행 경험자 기준),BASE:A1. ① and A2. 1) 한국 ①,멕시코,멕시코,국가/지역,2회,43.0,(43),22.321804934528853,%
2025_잠재방한객조사_일반외국인.xlsx,일반외국인,A2A-1-2,<표A2A-1-2> (전생애) 해외여행 목적지 방문 횟수_1. 한국 (해외여행 경험자 기준),BASE:A1. ① and A2. 1) 한국 ①,멕시코,멕시코,국가/지역,3회,43.0,(43),2.1877158927398286,%
2025_잠재방한객조사_일반외국인.xlsx,일반외국인,A2A-1-2,<표A2A-1-2> (전생애) 해외여행 목적지 방문 횟수_1. 한국 (해외여행 경험자 기준),BASE:A1. ① and A2. 1) 한국 ①,멕시코,멕시코,국가/지역,4~5회,43.0,(43),6.883947638840304,%
2025_잠재방한객조사_일반외국인.xlsx,일반외국인,A2A-1-2,<표A2A-1-2> (전생애) 해외여행 목적지 방문 횟수_1. 한국 (해외여행 경험자 기준),BASE:A1. ① and A2. 1) 한국 ①,멕시코,멕시코,국가/지역,6회 이상,43.0,(43),2.161992588018779,%
2025_잠재방한객조사_일반외국인.xlsx,일반외국인,A2A-1-2,<표A2A-1-2> (전생애) 해외여행 목적지 방문 횟수_1. 한국 (해외여행 경험자 기준),BASE:A1. ① and A2. 1) 한국 ①,멕시코,멕시코,국가/지역,<평균 - 회>,43.0,(43),1.668713862705002,score
2025_잠재방한객조사_일반외국인.xlsx,일반외국인,A2A-1-2,<표A2A-1-2> (전생애) 해외여행 목적지 방문 횟수_1. 한국 (해외여행 경험자 기준),BASE:A1. ① and A2. 1) 한국 ①,카자흐스탄,카자흐스탄,국가/지역,1회,33.0,(33),82.71795347016557,%
2025_잠재방한객조사_일반외국인.xlsx,일반외국인,A2A-1-2,<표A2A-1-2> (전생애) 해외여행 목적지 방문 횟수_1. 한국 (해외여행 경험자 기준),BASE:A1. ① and A2. 1) 한국 ①,카자흐스탄,카자흐스탄,국가/지역,2회,33.0,(33),5.709488100183915,%
2025_잠재방한객조사_일반외국인.xlsx,일반외국인,A2A-1-2,<표A2A-1-2> (전생애) 해외여행 목적지 방문 횟수_1. 한국 (해외여행 경험자 기준),BASE:A1. ① and A2. 1) 한국 ①,카자흐스탄,카자흐스탄,국가/지역,3회,33.0,(33),8.684891042493485,%
2025_잠재방한객조사_일반외국인.xlsx,일반외국인,A2A-1-2,<표A2A-1-2> (전생애) 해외여행 목적지 방문 횟수_1. 한국 (해외여행 경험자 기준),BASE:A1. ① and A2. 1) 한국 ①,카자흐스탄,카자흐스탄,국가/지역,4~5회,33.0,(33),0,%
2025_잠재방한객조사_일반외국인.xlsx,일반외국인,A2A-1-2,<표A2A-1-2> (전생애) 해외여행 목적지 방문 횟수_1. 한국 (해외여행 경험자 기준),BASE:A1. ① and A2. 1) 한국 ①,카자흐스탄,카자흐스탄,국가/지역,6회 이상,33.0,(33),2.8876673871570113,%
2025_잠재방한객조사_일반외국인.xlsx,일반외국인,A2A-1-2,<표A2A-1-2> (전생애) 해외여행 목적지 방문 횟수_1. 한국 (해외여행 경험자 기준),BASE:A1. ① and A2. 1) 한국 ①,카자흐스탄,카자흐스탄,국가/지역,<평균 - 회>,33.0,(33),1.375176071209559,score
2025_잠재방한객조사_일반외국인.xlsx,일반외국인,A2A-1-2,<표A2A-1-2> (전생애) 해외여행 목적지 방문 횟수_1. 한국 (해외여행 경험자 기준),BASE:A1. ① and A2. 1) 한국 ①,튀르키예,튀르키예,국가/지역,1회,36.0,(36),75.55623872127276,%
2025_잠재방한객조사_일반외국인.xlsx,일반외국인,A2A-1-2,<표A2A-1-2> (전생애) 해외여행 목적지 방문 횟수_1. 한국 (해외여행 경험자 기준),BASE:A1. ① and A2. 1) 한국 ①,튀르키예,튀르키예,국가/지역,2회,36.0,(36),19.295530028650123,%
2025_잠재방한객조사_일반외국인.xlsx,일반외국인,A2A-1-2,<표A2A-1-2> (전생애) 해외여행 목적지 방문 횟수_1. 한국 (해외여행 경험자 기준),BASE:A1. ① and A2. 1) 한국 ①,튀르키예,튀르키예,국가/지역,3회,36.0,(36),2.508255902822907,%
2025_잠재방한객조사_일반외국인.xlsx,일반외국인,A2A-1-2,<표A2A-1-2> (전생애) 해외여행 목적지 방문 횟수_1. 한국 (해외여행 경험자 기준),BASE:A1. ① and A2. 1) 한국 ①,튀르키예,튀르키예,국가/지역,4~5회,36.0,(36),2.6399753472541807,%
2025_잠재방한객조사_일반외국인.xlsx,일반외국인,A2A-1-2,<표A2A-1-2> (전생애) 해외여행 목적지 방문 횟수_1. 한국 (해외여행 경험자 기준),BASE:A1. ① and A2. 1) 한국 ①,튀르키예,튀르키예,국가/지역,6회 이상,36.0,(36),0,%
2025_잠재방한객조사_일반외국인.xlsx,일반외국인,A2A-1-2,<표A2A-1-2> (전생애) 해외여행 목적지 방문 횟수_1. 한국 (해외여행 경험자 기준),BASE:A1. ① and A2. 1) 한국 ①,튀르키예,튀르키예,국가/지역,<평균 - 회>,36.0,(36),1.3487194322331264,score
2025_잠재방한객조사_일반외국인.xlsx,일반외국인,A2A-1-2,<표A2A-1-2> (전생애) 해외여행 목적지 방문 횟수_1. 한국 (해외여행 경험자 기준),BASE:A1. ① and A2. 1) 한국 ①,브라질,브라질,국가/지역,1회,29.0,(29),76.99009873244124,%
2025_잠재방한객조사_일반외국인.xlsx,일반외국인,A2A-1-2,<표A2A-1-2> (전생애) 해외여행 목적지 방문 횟수_1. 한국 (해외여행 경험자 기준),BASE:A1. ① and A2. 1) 한국 ①,브라질,브라질,국가/지역,2회,29.0,(29),9.123137126481238,%
2025_잠재방한객조사_일반외국인.xlsx,일반외국인,A2A-1-2,<표A2A-1-2> (전생애) 해외여행 목적지 방문 횟수_1. 한국 (해외여행 경험자 기준),BASE:A1. ① and A2. 1) 한국 ①,브라질,브라질,국가/지역,3회,29.0,(29),7.6976257234028775,%
2025_잠재방한객조사_일반외국인.xlsx,일반외국인,A2A-1-2,<표A2A-1-2> (전생애) 해외여행 목적지 방문 횟수_1. 한국 (해외여행 경험자 기준),BASE:A1. ① and A2. 1) 한국 ①,브라질,브라질,국가/지역,4~5회,29.0,(29),6.189138417674638,%
2025_잠재방한객조사_일반외국인.xlsx,일반외국인,A2A-1-2,<표A2A-1-2> (전생애) 해외여행 목적지 방문 횟수_1. 한국 (해외여행 경험자 기준),BASE:A1. ① and A2. 1) 한국 ①,브라질,브라질,국가/지역,6회 이상,29.0,(29),0,%
2025_잠재방한객조사_일반외국인.xlsx,일반외국인,A2A-1-2,<표A2A-1-2> (전생애) 해외여행 목적지 방문 횟수_1. 한국 (해외여행 경험자 기준),BASE:A1. ① and A2. 1) 한국 ①,브라질,브라질,국가/지역,<평균 - 회>,29.0,(29),1.4927494224398554,score
2025_잠재방한객조사_일반외국인.xlsx,일반외국인,A2A-1-2,<표A2A-1-2> (전생애) 해외여행 목적지 방문 횟수_1. 한국 (해외여행 경험자 기준),BASE:A1. ① and A2. 1) 한국 ①,사우디아라비아,사우디아라비아,국가/지역,1회,98.0,(98),81.44665083021432,%
2025_잠재방한객조사_일반외국인.xlsx,일반외국인,A2A-1-2,<표A2A-1-2> (전생애) 해외여행 목적지 방문 횟수_1. 한국 (해외여행 경험자 기준),BASE:A1. ① and A2. 1) 한국 ①,사우디아라비아,사우디아라비아,국가/지역,2회,98.0,(98),14.15237983963429,%
2025_잠재방한객조사_일반외국인.xlsx,일반외국인,A2A-1-2,<표A2A-1-2> (전생애) 해외여행 목적지 방문 횟수_1. 한국 (해외여행 경험자 기준),BASE:A1. ① and A2. 1) 한국 ①,사우디아라비아,사우디아라비아,국가/지역,3회,98.0,(98),1.113064659944379,%
2025_잠재방한객조사_일반외국인.xlsx,일반외국인,A2A-1-2,<표A2A-1-2> (전생애) 해외여행 목적지 방문 횟수_1. 한국 (해외여행 경험자 기준),BASE:A1. ① and A2. 1) 한국 ①,사우디아라비아,사우디아라비아,국가/지역,4~5회,98.0,(98),3.28790467020703,%
2025_잠재방한객조사_일반외국인.xlsx,일반외국인,A2A-1-2,<표A2A-1-2> (전생애) 해외여행 목적지 방문 횟수_1. 한국 (해외여행 경험자 기준),BASE:A1. ① and A2. 1) 한국 ①,사우디아라비아,사우디아라비아,국가/지역,6회 이상,98.0,(98),0,%
2025_잠재방한객조사_일반외국인.xlsx,일반외국인,A2A-1-2,<표A2A-1-2> (전생애) 해외여행 목적지 방문 횟수_1. 한국 (해외여행 경험자 기준),BASE:A1. ① and A2. 1) 한국 ①,사우디아라비아,사우디아라비아,국가/지역,<평균 - 회>,98.0,(98),1.2953012784035118,score
2025_잠재방한객조사_일반외국인.xlsx,일반외국인,A2A-1-2,<표A2A-1-2> (전생애) 해외여행 목적지 방문 횟수_1. 한국 (해외여행 경험자 기준),BASE:A1. ① and A2. 1) 한국 ①,아랍에미리트,UAE,국가/지역,1회,77.0,(77),71.47982170510959,%
2025_잠재방한객조사_일반외국인.xlsx,일반외국인,A2A-1-2,<표A2A-1-2> (전생애) 해외여행 목적지 방문 횟수_1. 한국 (해외여행 경험자 기준),BASE:A1. ① and A2. 1) 한국 ①,아랍에미리트,UAE,국가/지역,2회,77.0,(77),14.248214985999889,%
2025_잠재방한객조사_일반외국인.xlsx,일반외국인,A2A-1-2,<표A2A-1-2> (전생애) 해외여행 목적지 방문 횟수_1. 한국 (해외여행 경험자 기준),BASE:A1. ① and A2. 1) 한국 ①,아랍에미리트,UAE,국가/지역,3회,77.0,(77),2.8369855704945026,%
2025_잠재방한객조사_일반외국인.xlsx,일반외국인,A2A-1-2,<표A2A-1-2> (전생애) 해외여행 목적지 방문 횟수_1. 한국 (해외여행 경험자 기준),BASE:A1. ① and A2. 1) 한국 ①,아랍에미리트,UAE,국가/지역,4~5회,77.0,(77),7.127487814392943,%
2025_잠재방한객조사_일반외국인.xlsx,일반외국인,A2A-1-2,<표A2A-1-2> (전생애) 해외여행 목적지 방문 횟수_1. 한국 (해외여행 경험자 기준),BASE:A1. ① and A2. 1) 한국 ①,아랍에미리트,UAE,국가/지역,6회 이상,77.0,(77),4.307489924003037,%
2025_잠재방한객조사_일반외국인.xlsx,일반외국인,A2A-1-2,<표A2A-1-2> (전생애) 해외여행 목적지 방문 횟수_1. 한국 (해외여행 경험자 기준),BASE:A1. ① and A2. 1) 한국 ①,아랍에미리트,UAE,국가/지역,<평균 - 회>,77.0,(77),1.7144858519813673,score
2025_잠재방한객조사_일반외국인.xlsx,일반외국인,A2BA-1,<표A2BA-1> (최근 1년) 해외여행 목적지 방문 경험_1. 한국 (전체 응답자 기준),BASE:전체,전체,전체,전체,있다,16360.0,(16360),11.763901530563396,%
2025_잠재방한객조사_일반외국인.xlsx,일반외국인,A2BA-1,<표A2BA-1> (최근 1년) 해외여행 목적지 방문 경험_1. 한국 (전체 응답자 기준),BASE:전체,전체,전체,전체,없다,16360.0,(16360),11.557398644805138,%
2025_잠재방한객조사_일반외국인.xlsx,일반외국인,A2BA-1,<표A2BA-1> (최근 1년) 해외여행 목적지 방문 경험_1. 한국 (전체 응답자 기준),BASE:전체,전체,전체,전체,무응답,16360.0,(16360),76.67869982463054,%
2025_잠재방한객조사_일반외국인.xlsx,일반외국인,A2BA-1,<표A2BA-1> (최근 1년) 해외여행 목적지 방문 경험_1. 한국 (전체 응답자 기준),BASE:전체,전체,전체,전체,계,16360.0,(16360),100,%
2025_잠재방한객조사_일반외국인.xlsx,일반외국인,A2BA-1,<표A2BA-1> (최근 1년) 해외여행 목적지 방문 경험_1. 한국 (전체 응답자 기준),BASE:전체,중국,중국,국가/지역,있다,2600.0,(2600),26.84935915480094,%
2025_잠재방한객조사_일반외국인.xlsx,일반외국인,A2BA-1,<표A2BA-1> (최근 1년) 해외여행 목적지 방문 경험_1. 한국 (전체 응답자 기준),BASE:전체,중국,중국,국가/지역,없다,2600.0,(2600),13.88890425699757,%
2025_잠재방한객조사_일반외국인.xlsx,일반외국인,A2BA-1,<표A2BA-1> (최근 1년) 해외여행 목적지 방문 경험_1. 한국 (전체 응답자 기준),BASE:전체,중국,중국,국가/지역,무응답,2600.0,(2600),59.261736588201444,%
2025_잠재방한객조사_일반외국인.xlsx,일반외국인,A2BA-1,<표A2BA-1> (최근 1년) 해외여행 목적지 방문 경험_1. 한국 (전체 응답자 기준),BASE:전체,중국,중국,국가/지역,계,2600.0,(2600),100,%
2025_잠재방한객조사_일반외국인.xlsx,일반외국인,A2BA-1,<표A2BA-1> (최근 1년) 해외여행 목적지 방문 경험_1. 한국 (전체 응답자 기준),BASE:전체,일본,일본,국가/지역,있다,1670.0,(1670),8.951361810022677,%
2025_잠재방한객조사_일반외국인.xlsx,일반외국인,A2BA-1,<표A2BA-1> (최근 1년) 해외여행 목적지 방문 경험_1. 한국 (전체 응답자 기준),BASE:전체,일본,일본,국가/지역,없다,1670.0,(1670),24.743218924440118,%
2025_잠재방한객조사_일반외국인.xlsx,일반외국인,A2BA-1,<표A2BA-1> (최근 1년) 해외여행 목적지 방문 경험_1. 한국 (전체 응답자 기준),BASE:전체,일본,일본,국가/지역,무응답,1670.0,(1670),66.30541926553732,%
2025_잠재방한객조사_일반외국인.xlsx,일반외국인,A2BA-1,<표A2BA-1> (최근 1년) 해외여행 목적지 방문 경험_1. 한국 (전체 응답자 기준),BASE:전체,일본,일본,국가/지역,계,1670.0,(1670),100,%
2025_잠재방한객조사_일반외국인.xlsx,일반외국인,A2BA-1,<표A2BA-1> (최근 1년) 해외여행 목적지 방문 경험_1. 한국 (전체 응답자 기준),BASE:전체,대만,대만,국가/지역,있다,465.0,(465),27.066522080784416,%
2025_잠재방한객조사_일반외국인.xlsx,일반외국인,A2BA-1,<표A2BA-1> (최근 1년) 해외여행 목적지 방문 경험_1. 한국 (전체 응답자 기준),BASE:전체,대만,대만,국가/지역,없다,465.0,(465),24.19409781179996,%
2025_잠재방한객조사_일반외국인.xlsx,일반외국인,A2BA-1,<표A2BA-1> (최근 1년) 해외여행 목적지 방문 경험_1. 한국 (전체 응답자 기준),BASE:전체,대만,대만,국가/지역,무응답,465.0,(465),48.73938010741555,%
2025_잠재방한객조사_일반외국인.xlsx,일반외국인,A2BA-1,<표A2BA-1> (최근 1년) 해외여행 목적지 방문 경험_1. 한국 (전체 응답자 기준),BASE:전체,대만,대만,국가/지역,계,465.0,(465),100,%
2025_잠재방한객조사_일반외국인.xlsx,일반외국인,A2BA-1,<표A2BA-1> (최근 1년) 해외여행 목적지 방문 경험_1. 한국 (전체 응답자 기준),BASE:전체,미국,미국,국가/지역,있다,930.0,(930),2.552188590311091,%
2025_잠재방한객조사_일반외국인.xlsx,일반외국인,A2BA-1,<표A2BA-1> (최근 1년) 해외여행 목적지 방문 경험_1. 한국 (전체 응답자 기준),BASE:전체,미국,미국,국가/지역,없다,930.0,(930),5.113136036507596,%
2025_잠재방한객조사_일반외국인.xlsx,일반외국인,A2BA-1,<표A2BA-1> (최근 1년) 해외여행 목적지 방문 경험_1. 한국 (전체 응답자 기준),BASE:전체,미국,미국,국가/지역,무응답,930.0,(930),92.33467537318127,%
2025_잠재방한객조사_일반외국인.xlsx,일반외국인,A2BA-1,<표A2BA-1> (최근 1년) 해외여행 목적지 방문 경험_1. 한국 (전체 응답자 기준),BASE:전체,미국,미국,국가/지역,계,930.0,(930),100,%
2025_잠재방한객조사_일반외국인.xlsx,일반외국인,A2BA-1,<표A2BA-1> (최근 1년) 해외여행 목적지 방문 경험_1. 한국 (전체 응답자 기준),BASE:전체,필리핀,필리핀,국가/지역,있다,465.0,(465),13.317182913043196,%
2025_잠재방한객조사_일반외국인.xlsx,일반외국인,A2BA-1,<표A2BA-1> (최근 1년) 해외여행 목적지 방문 경험_1. 한국 (전체 응답자 기준),BASE:전체,필리핀,필리핀,국가/지역,없다,465.0,(465),6.568443173953995,%
2025_잠재방한객조사_일반외국인.xlsx,일반외국인,A2BA-1,<표A2BA-1> (최근 1년) 해외여행 목적지 방문 경험_1. 한국 (전체 응답자 기준),BASE:전체,필리핀,필리핀,국가/지역,무응답,465.0,(465),80.11437391300288,%
2025_잠재방한객조사_일반외국인.xlsx,일반외국인,A2BA-1,<표A2BA-1> (최근 1년) 해외여행 목적지 방문 경험_1. 한국 (전체 응답자 기준),BASE:전체,필리핀,필리핀,국가/지역,계,465.0,(465),100,%
2025_잠재방한객조사_일반외국인.xlsx,일반외국인,A2BA-1,<표A2BA-1> (최근 1년) 해외여행 목적지 방문 경험_1. 한국 (전체 응답자 기준),BASE:전체,베트남,베트남,국가/지역,있다,465.0,(465),27.432754194437116,%
2025_잠재방한객조사_일반외국인.xlsx,일반외국인,A2BA-1,<표A2BA-1> (최근 1년) 해외여행 목적지 방문 경험_1. 한국 (전체 응답자 기준),BASE:전체,베트남,베트남,국가/지역,없다,465.0,(465),13.033416776970192,%
2025_잠재방한객조사_일반외국인.xlsx,일반외국인,A2BA-1,<표A2BA-1> (최근 1년) 해외여행 목적지 방문 경험_1. 한국 (전체 응답자 기준),BASE:전체,베트남,베트남,국가/지역,무응답,465.0,(465),59.533829028592756,%
2025_잠재방한객조사_일반외국인.xlsx,일반외국인,A2BA-1,<표A2BA-1> (최근 1년) 해외여행 목적지 방문 경험_1. 한국 (전체 응답자 기준),BASE:전체,베트남,베트남,국가/지역,계,465.0,(465),100,%
2025_잠재방한객조사_일반외국인.xlsx,일반외국인,A2BA-1,<표A2BA-1> (최근 1년) 해외여행 목적지 방문 경험_1. 한국 (전체 응답자 기준),BASE:전체,싱가포르,싱가포르,국가/지역,있다,465.0,(465),21.89303686457208,%
2025_잠재방한객조사_일반외국인.xlsx,일반외국인,A2BA-1,<표A2BA-1> (최근 1년) 해외여행 목적지 방문 경험_1. 한국 (전체 응답자 기준),BASE:전체,싱가포르,싱가포르,국가/지역,없다,465.0,(465),32.97883480607487,%
2025_잠재방한객조사_일반외국인.xlsx,일반외국인,A2BA-1,<표A2BA-1> (최근 1년) 해외여행 목적지 방문 경험_1. 한국 (전체 응답자 기준),BASE:전체,싱가포르,싱가포르,국가/지역,무응답,465.0,(465),45.12812832935305,%
2025_잠재방한객조사_일반외국인.xlsx,일반외국인,A2BA-1,<표A2BA-1> (최근 1년) 해외여행 목적지 방문 경험_1. 한국 (전체 응답자 기준),BASE:전체,싱가포르,싱가포르,국가/지역,계,465.0,(465),100,%
2025_잠재방한객조사_일반외국인.xlsx,일반외국인,A2BA-1,<표A2BA-1> (최근 1년) 해외여행 목적지 방문 경험_1. 한국 (전체 응답자 기준),BASE:전체,인도네시아,인도네시아,국가/지역,있다,465.0,(465),13.913233891684646,%
2025_잠재방한객조사_일반외국인.xlsx,일반외국인,A2BA-1,<표A2BA-1> (최근 1년) 해외여행 목적지 방문 경험_1. 한국 (전체 응답자 기준),BASE:전체,인도네시아,인도네시아,국가/지역,없다,465.0,(465),8.519131569160782,%
2025_잠재방한객조사_일반외국인.xlsx,일반외국인,A2BA-1,<표A2BA-1> (최근 1년) 해외여행 목적지 방문 경험_1. 한국 (전체 응답자 기준),BASE:전체,인도네시아,인도네시아,국가/지역,무응답,465.0,(465),77.56763453915451,%
2025_잠재방한객조사_일반외국인.xlsx,일반외국인,A2BA-1,<표A2BA-1> (최근 1년) 해외여행 목적지 방문 경험_1. 한국 (전체 응답자 기준),BASE:전체,인도네시아,인도네시아,국가/지역,계,465.0,(465),100,%
2025_잠재방한객조사_일반외국인.xlsx,일반외국인,A2BA-1,<표A2BA-1> (최근 1년) 해외여행 목적지 방문 경험_1. 한국 (전체 응답자 기준),BASE:전체,태국,태국,국가/지역,있다,465.0,(465),10.426761098937327,%
2025_잠재방한객조사_일반외국인.xlsx,일반외국인,A2BA-1,<표A2BA-1> (최근 1년) 해외여행 목적지 방문 경험_1. 한국 (전체 응답자 기준),BASE:전체,태국,태국,국가/지역,없다,465.0,(465),14.83492518431919,%
2025_잠재방한객조사_일반외국인.xlsx,일반외국인,A2BA-1,<표A2BA-1> (최근 1년) 해외여행 목적지 방문 경험_1. 한국 (전체 응답자 기준),BASE:전체,태국,태국,국가/지역,무응답,465.0,(465),74.73831371674345,%
2025_잠재방한객조사_일반외국인.xlsx,일반외국인,A2BA-1,<표A2BA-1> (최근 1년) 해외여행 목적지 방문 경험_1. 한국 (전체 응답자 기준),BASE:전체,태국,태국,국가/지역,계,465.0,(465),100,%
2025_잠재방한객조사_일반외국인.xlsx,일반외국인,A2BA-1,<표A2BA-1> (최근 1년) 해외여행 목적지 방문 경험_1. 한국 (전체 응답자 기준),BASE:전체,말레이시아,말레이시아,국가/지역,있다,465.0,(465),10.173590856658969,%
2025_잠재방한객조사_일반외국인.xlsx,일반외국인,A2BA-1,<표A2BA-1> (최근 1년) 해외여행 목적지 방문 경험_1. 한국 (전체 응답자 기준),BASE:전체,말레이시아,말레이시아,국가/지역,없다,465.0,(465),15.387243019086794,%
2025_잠재방한객조사_일반외국인.xlsx,일반외국인,A2BA-1,<표A2BA-1> (최근 1년) 해외여행 목적지 방문 경험_1. 한국 (전체 응답자 기준),BASE:전체,말레이시아,말레이시아,국가/지역,무응답,465.0,(465),74.43916612425424,%
2025_잠재방한객조사_일반외국인.xlsx,일반외국인,A2BA-1,<표A2BA-1> (최근 1년) 해외여행 목적지 방문 경험_1. 한국 (전체 응답자 기준),BASE:전체,말레이시아,말레이시아,국가/지역,계,465.0,(465),100,%
2025_잠재방한객조사_일반외국인.xlsx,일반외국인,A2BA-1,<표A2BA-1> (최근 1년) 해외여행 목적지 방문 경험_1. 한국 (전체 응답자 기준),BASE:전체,캐나다,캐나다,국가/지역,있다,465.0,(465),2.2349213719489565,%
2025_잠재방한객조사_일반외국인.xlsx,일반외국인,A2BA-1,<표A2BA-1> (최근 1년) 해외여행 목적지 방문 경험_1. 한국 (전체 응답자 기준),BASE:전체,캐나다,캐나다,국가/지역,없다,465.0,(465),5.291790866795375,%
2025_잠재방한객조사_일반외국인.xlsx,일반외국인,A2BA-1,<표A2BA-1> (최근 1년) 해외여행 목적지 방문 경험_1. 한국 (전체 응답자 기준),BASE:전체,캐나다,캐나다,국가/지역,무응답,465.0,(465),92.47328776125566,%
2025_잠재방한객조사_일반외국인.xlsx,일반외국인,A2BA-1,<표A2BA-1> (최근 1년) 해외여행 목적지 방문 경험_1. 한국 (전체 응답자 기준),BASE:전체,캐나다,캐나다,국가/지역,계,465.0,(465),100,%
2025_잠재방한객조사_일반외국인.xlsx,일반외국인,A2BA-1,<표A2BA-1> (최근 1년) 해외여행 목적지 방문 경험_1. 한국 (전체 응답자 기준),BASE:전체,호주,호주,국가/지역,있다,465.0,(465),6.387183427940478,%
2025_잠재방한객조사_일반외국인.xlsx,일반외국인,A2BA-1,<표A2BA-1> (최근 1년) 해외여행 목적지 방문 경험_1. 한국 (전체 응답자 기준),BASE:전체,호주,호주,국가/지역,없다,465.0,(465),6.072894153834782,%
2025_잠재방한객조사_일반외국인.xlsx,일반외국인,A2BA-1,<표A2BA-1> (최근 1년) 해외여행 목적지 방문 경험_1. 한국 (전체 응답자 기준),BASE:전체,호주,호주,국가/지역,무응답,465.0,(465),87.53992241822478,%
2025_잠재방한객조사_일반외국인.xlsx,일반외국인,A2BA-1,<표A2BA-1> (최근 1년) 해외여행 목적지 방문 경험_1. 한국 (전체 응답자 기준),BASE:전체,호주,호주,국가/지역,계,465.0,(465),100,%
2025_잠재방한객조사_일반외국인.xlsx,일반외국인,A2BA-1,<표A2BA-1> (최근 1년) 해외여행 목적지 방문 경험_1. 한국 (전체 응답자 기준),BASE:전체,러시아,러시아,국가/지역,있다,930.0,(930),3.2248714555580724,%
2025_잠재방한객조사_일반외국인.xlsx,일반외국인,A2BA-1,<표A2BA-1> (최근 1년) 해외여행 목적지 방문 경험_1. 한국 (전체 응답자 기준),BASE:전체,러시아,러시아,국가/지역,없다,930.0,(930),3.4864687073168215,%
2025_잠재방한객조사_일반외국인.xlsx,일반외국인,A2BA-1,<표A2BA-1> (최근 1년) 해외여행 목적지 방문 경험_1. 한국 (전체 응답자 기준),BASE:전체,러시아,러시아,국가/지역,무응답,930.0,(930),93.28865983712514,%
2025_잠재방한객조사_일반외국인.xlsx,일반외국인,A2BA-1,<표A2BA-1> (최근 1년) 해외여행 목적지 방문 경험_1. 한국 (전체 응답자 기준),BASE:전체,러시아,러시아,국가/지역,계,930.0,(930),100,%
2025_잠재방한객조사_일반외국인.xlsx,일반외국인,A2BA-1,<표A2BA-1> (최근 1년) 해외여행 목적지 방문 경험_1. 한국 (전체 응답자 기준),BASE:전체,인도,인도,국가/지역,있다,465.0,(465),9.165902427914169,%
2025_잠재방한객조사_일반외국인.xlsx,일반외국인,A2BA-1,<표A2BA-1> (최근 1년) 해외여행 목적지 방문 경험_1. 한국 (전체 응답자 기준),BASE:전체,인도,인도,국가/지역,없다,465.0,(465),5.818521611729756,%
2025_잠재방한객조사_일반외국인.xlsx,일반외국인,A2BA-1,<표A2BA-1> (최근 1년) 해외여행 목적지 방문 경험_1. 한국 (전체 응답자 기준),BASE:전체,인도,인도,국가/지역,무응답,465.0,(465),85.01557596035609,%
2025_잠재방한객조사_일반외국인.xlsx,일반외국인,A2BA-1,<표A2BA-1> (최근 1년) 해외여행 목적지 방문 경험_1. 한국 (전체 응답자 기준),BASE:전체,인도,인도,국가/지역,계,465.0,(465),100,%
2025_잠재방한객조사_일반외국인.xlsx,일반외국인,A2BA-1,<표A2BA-1> (최근 1년) 해외여행 목적지 방문 경험_1. 한국 (전체 응답자 기준),BASE:전체,프랑스,프랑스,국가/지역,있다,465.0,(465),2.3648708793512907,%
2025_잠재방한객조사_일반외국인.xlsx,일반외국인,A2BA-1,<표A2BA-1> (최근 1년) 해외여행 목적지 방문 경험_1. 한국 (전체 응답자 기준),BASE:전체,프랑스,프랑스,국가/지역,없다,465.0,(465),3.281033783007672,%
2025_잠재방한객조사_일반외국인.xlsx,일반외국인,A2BA-1,<표A2BA-1> (최근 1년) 해외여행 목적지 방문 경험_1. 한국 (전체 응답자 기준),BASE:전체,프랑스,프랑스,국가/지역,무응답,465.0,(465),94.35409533764098,%
2025_잠재방한객조사_일반외국인.xlsx,일반외국인,A2BA-1,<표A2BA-1> (최근 1년) 해외여행 목적지 방문 경험_1. 한국 (전체 응답자 기준),BASE:전체,프랑스,프랑스,국가/지역,계,465.0,(465),100,%
2025_잠재방한객조사_일반외국인.xlsx,일반외국인,A2BA-1,<표A2BA-1> (최근 1년) 해외여행 목적지 방문 경험_1. 한국 (전체 응답자 기준),BASE:전체,독일,독일,국가/지역,있다,465.0,(465),1.1060707679766373,%
2025_잠재방한객조사_일반외국인.xlsx,일반외국인,A2BA-1,<표A2BA-1> (최근 1년) 해외여행 목적지 방문 경험_1. 한국 (전체 응답자 기준),BASE:전체,독일,독일,국가/지역,없다,465.0,(465),3.7787461214801676,%
2025_잠재방한객조사_일반외국인.xlsx,일반외국인,A2BA-1,<표A2BA-1> (최근 1년) 해외여행 목적지 방문 경험_1. 한국 (전체 응답자 기준),BASE:전체,독일,독일,국가/지역,무응답,465.0,(465),95.11518311054317,%
2025_잠재방한객조사_일반외국인.xlsx,일반외국인,A2BA-1,<표A2BA-1> (최근 1년) 해외여행 목적지 방문 경험_1. 한국 (전체 응답자 기준),BASE:전체,독일,독일,국가/지역,계,465.0,(465),100,%
2025_잠재방한객조사_일반외국인.xlsx,일반외국인,A2BA-1,<표A2BA-1> (최근 1년) 해외여행 목적지 방문 경험_1. 한국 (전체 응답자 기준),BASE:전체,영국,영국,국가/지역,있다,465.0,(465),4.517878826361683,%
2025_잠재방한객조사_일반외국인.xlsx,일반외국인,A2BA-1,<표A2BA-1> (최근 1년) 해외여행 목적지 방문 경험_1. 한국 (전체 응답자 기준),BASE:전체,영국,영국,국가/지역,없다,465.0,(465),3.5482319886092792,%
2025_잠재방한객조사_일반외국인.xlsx,일반외국인,A2BA-1,<표A2BA-1> (최근 1년) 해외여행 목적지 방문 경험_1. 한국 (전체 응답자 기준),BASE:전체,영국,영국,국가/지역,무응답,465.0,(465),91.93388918502899,%
2025_잠재방한객조사_일반외국인.xlsx,일반외국인,A2BA-1,<표A2BA-1> (최근 1년) 해외여행 목적지 방문 경험_1. 한국 (전체 응답자 기준),BASE:전체,영국,영국,국가/지역,계,465.0,(465),100,%
2025_잠재방한객조사_일반외국인.xlsx,일반외국인,A2BA-1,<표A2BA-1> (최근 1년) 해외여행 목적지 방문 경험_1. 한국 (전체 응답자 기준),BASE:전체,멕시코,멕시코,국가/지역,있다,465.0,(465),5.214839129487622,%
2025_잠재방한객조사_일반외국인.xlsx,일반외국인,A2BA-1,<표A2BA-1> (최근 1년) 해외여행 목적지 방문 경험_1. 한국 (전체 응답자 기준),BASE:전체,멕시코,멕시코,국가/지역,없다,465.0,(465),4.134224986069176,%
2025_잠재방한객조사_일반외국인.xlsx,일반외국인,A2BA-1,<표A2BA-1> (최근 1년) 해외여행 목적지 방문 경험_1. 한국 (전체 응답자 기준),BASE:전체,멕시코,멕시코,국가/지역,무응답,465.0,(465),90.6509358844432,%
2025_잠재방한객조사_일반외국인.xlsx,일반외국인,A2BA-1,<표A2BA-1> (최근 1년) 해외여행 목적지 방문 경험_1. 한국 (전체 응답자 기준),BASE:전체,멕시코,멕시코,국가/지역,계,465.0,(465),100,%
2025_잠재방한객조사_일반외국인.xlsx,일반외국인,A2BA-1,<표A2BA-1> (최근 1년) 해외여행 목적지 방문 경험_1. 한국 (전체 응답자 기준),BASE:전체,카자흐스탄,카자흐스탄,국가/지역,있다,465.0,(465),3.446922042012927,%
2025_잠재방한객조사_일반외국인.xlsx,일반외국인,A2BA-1,<표A2BA-1> (최근 1년) 해외여행 목적지 방문 경험_1. 한국 (전체 응답자 기준),BASE:전체,카자흐스탄,카자흐스탄,국가/지역,없다,465.0,(465),3.596773794126123,%
2025_잠재방한객조사_일반외국인.xlsx,일반외국인,A2BA-1,<표A2BA-1> (최근 1년) 해외여행 목적지 방문 경험_1. 한국 (전체 응답자 기준),BASE:전체,카자흐스탄,카자흐스탄,국가/지역,무응답,465.0,(465),92.95630416386092,%
2025_잠재방한객조사_일반외국인.xlsx,일반외국인,A2BA-1,<표A2BA-1> (최근 1년) 해외여행 목적지 방문 경험_1. 한국 (전체 응답자 기준),BASE:전체,카자흐스탄,카자흐스탄,국가/지역,계,465.0,(465),100,%
2025_잠재방한객조사_일반외국인.xlsx,일반외국인,A2BA-1,<표A2BA-1> (최근 1년) 해외여행 목적지 방문 경험_1. 한국 (전체 응답자 기준),BASE:전체,튀르키예,튀르키예,국가/지역,있다,465.0,(465),3.856193640847855,%
2025_잠재방한객조사_일반외국인.xlsx,일반외국인,A2BA-1,<표A2BA-1> (최근 1년) 해외여행 목적지 방문 경험_1. 한국 (전체 응답자 기준),BASE:전체,튀르키예,튀르키예,국가/지역,없다,465.0,(465),3.931335696647184,%
2025_잠재방한객조사_일반외국인.xlsx,일반외국인,A2BA-1,<표A2BA-1> (최근 1년) 해외여행 목적지 방문 경험_1. 한국 (전체 응답자 기준),BASE:전체,튀르키예,튀르키예,국가/지역,무응답,465.0,(465),92.21247066250491,%
2025_잠재방한객조사_일반외국인.xlsx,일반외국인,A2BA-1,<표A2BA-1> (최근 1년) 해외여행 목적지 방문 경험_1. 한국 (전체 응답자 기준),BASE:전체,튀르키예,튀르키예,국가/지역,계,465.0,(465),100,%
2025_잠재방한객조사_일반외국인.xlsx,일반외국인,A2BA-1,<표A2BA-1> (최근 1년) 해외여행 목적지 방문 경험_1. 한국 (전체 응답자 기준),BASE:전체,브라질,브라질,국가/지역,있다,465.0,(465),3.2197866008896603,%
2025_잠재방한객조사_일반외국인.xlsx,일반외국인,A2BA-1,<표A2BA-1> (최근 1년) 해외여행 목적지 방문 경험_1. 한국 (전체 응답자 기준),BASE:전체,브라질,브라질,국가/지역,없다,465.0,(465),2.9245824793790716,%
2025_잠재방한객조사_일반외국인.xlsx,일반외국인,A2BA-1,<표A2BA-1> (최근 1년) 해외여행 목적지 방문 경험_1. 한국 (전체 응답자 기준),BASE:전체,브라질,브라질,국가/지역,무응답,465.0,(465),93.85563091973135,%
2025_잠재방한객조사_일반외국인.xlsx,일반외국인,A2BA-1,<표A2BA-1> (최근 1년) 해외여행 목적지 방문 경험_1. 한국 (전체 응답자 기준),BASE:전체,브라질,브라질,국가/지역,계,465.0,(465),100,%
2025_잠재방한객조사_일반외국인.xlsx,일반외국인,A2BA-1,<표A2BA-1> (최근 1년) 해외여행 목적지 방문 경험_1. 한국 (전체 응답자 기준),BASE:전체,사우디아라비아,사우디아라비아,국가/지역,있다,465.0,(465),15.282989825513704,%
2025_잠재방한객조사_일반외국인.xlsx,일반외국인,A2BA-1,<표A2BA-1> (최근 1년) 해외여행 목적지 방문 경험_1. 한국 (전체 응답자 기준),BASE:전체,사우디아라비아,사우디아라비아,국가/지역,없다,465.0,(465),5.8581477860146975,%
2025_잠재방한객조사_일반외국인.xlsx,일반외국인,A2BA-1,<표A2BA-1> (최근 1년) 해외여행 목적지 방문 경험_1. 한국 (전체 응답자 기준),BASE:전체,사우디아라비아,사우디아라비아,국가/지역,무응답,465.0,(465),78.85886238847178,%
2025_잠재방한객조사_일반외국인.xlsx,일반외국인,A2BA-1,<표A2BA-1> (최근 1년) 해외여행 목적지 방문 경험_1. 한국 (전체 응답자 기준),BASE:전체,사우디아라비아,사우디아라비아,국가/지역,계,465.0,(465),100,%
2025_잠재방한객조사_일반외국인.xlsx,일반외국인,A2BA-1,<표A2BA-1> (최근 1년) 해외여행 목적지 방문 경험_1. 한국 (전체 응답자 기준),BASE:전체,아랍에미리트,UAE,국가/지역,있다,465.0,(465),11.39377458444854,%
2025_잠재방한객조사_일반외국인.xlsx,일반외국인,A2BA-1,<표A2BA-1> (최근 1년) 해외여행 목적지 방문 경험_1. 한국 (전체 응답자 기준),BASE:전체,아랍에미리트,UAE,국가/지역,없다,465.0,(465),5.168139381040491,%
2025_잠재방한객조사_일반외국인.xlsx,일반외국인,A2BA-1,<표A2BA-1> (최근 1년) 해외여행 목적지 방문 경험_1. 한국 (전체 응답자 기준),BASE:전체,아랍에미리트,UAE,국가/지역,무응답,465.0,(465),83.43808603451109,%
2025_잠재방한객조사_일반외국인.xlsx,일반외국인,A2BA-1,<표A2BA-1> (최근 1년) 해외여행 목적지 방문 경험_1. 한국 (전체 응답자 기준),BASE:전체,아랍에미리트,UAE,국가/지역,계,465.0,(465),100,%
2025_잠재방한객조사_일반외국인.xlsx,일반외국인,A2B-1,<표A2B-1> (최근 1년) 해외여행 목적지 방문 경험_1. 한국 (아시아 국가별 경험자 기준),BASE:A1. ① and A2. 1) 한국 ①,전체,전체,전체,있다,3815.0,(3815),50.442734504948916,%
2025_잠재방한객조사_일반외국인.xlsx,일반외국인,A2B-1,<표A2B-1> (최근 1년) 해외여행 목적지 방문 경험_1. 한국 (아시아 국가별 경험자 기준),BASE:A1. ① and A2. 1) 한국 ①,전체,전체,전체,없다,3815.0,(3815),49.55726549505057,%
2025_잠재방한객조사_일반외국인.xlsx,일반외국인,A2B-1,<표A2B-1> (최근 1년) 해외여행 목적지 방문 경험_1. 한국 (아시아 국가별 경험자 기준),BASE:A1. ① and A2. 1) 한국 ①,전체,전체,전체,계,3815.0,(3815),100,%
2025_잠재방한객조사_일반외국인.xlsx,일반외국인,A2B-1,<표A2B-1> (최근 1년) 해외여행 목적지 방문 경험_1. 한국 (아시아 국가별 경험자 기준),BASE:A1. ① and A2. 1) 한국 ①,중국,중국,국가/지역,있다,1059.0,(1059),65.90698008748402,%
2025_잠재방한객조사_일반외국인.xlsx,일반외국인,A2B-1,<표A2B-1> (최근 1년) 해외여행 목적지 방문 경험_1. 한국 (아시아 국가별 경험자 기준),BASE:A1. ① and A2. 1) 한국 ①,중국,중국,국가/지역,없다,1059.0,(1059),34.09301991251558,%
2025_잠재방한객조사_일반외국인.xlsx,일반외국인,A2B-1,<표A2B-1> (최근 1년) 해외여행 목적지 방문 경험_1. 한국 (아시아 국가별 경험자 기준),BASE:A1. ① and A2. 1) 한국 ①,중국,중국,국가/지역,계,1059.0,(1059),100,%
2025_잠재방한객조사_일반외국인.xlsx,일반외국인,A2B-1,<표A2B-1> (최근 1년) 해외여행 목적지 방문 경험_1. 한국 (아시아 국가별 경험자 기준),BASE:A1. ① and A2. 1) 한국 ①,일본,일본,국가/지역,있다,563.0,(563),26.56617656282997,%
2025_잠재방한객조사_일반외국인.xlsx,일반외국인,A2B-1,<표A2B-1> (최근 1년) 해외여행 목적지 방문 경험_1. 한국 (아시아 국가별 경험자 기준),BASE:A1. ① and A2. 1) 한국 ①,일본,일본,국가/지역,없다,563.0,(563),73.43382343717002,%
2025_잠재방한객조사_일반외국인.xlsx,일반외국인,A2B-1,<표A2B-1> (최근 1년) 해외여행 목적지 방문 경험_1. 한국 (아시아 국가별 경험자 기준),BASE:A1. ① and A2. 1) 한국 ①,일본,일본,국가/지역,계,563.0,(563),100,%
2025_잠재방한객조사_일반외국인.xlsx,일반외국인,A2B-1,<표A2B-1> (최근 1년) 해외여행 목적지 방문 경험_1. 한국 (아시아 국가별 경험자 기준),BASE:A1. ① and A2. 1) 한국 ①,대만,대만,국가/지역,있다,238.0,(238),52.801784561914666,%
2025_잠재방한객조사_일반외국인.xlsx,일반외국인,A2B-1,<표A2B-1> (최근 1년) 해외여행 목적지 방문 경험_1. 한국 (아시아 국가별 경험자 기준),BASE:A1. ① and A2. 1) 한국 ①,대만,대만,국가/지역,없다,238.0,(238),47.19821543808519,%
2025_잠재방한객조사_일반외국인.xlsx,일반외국인,A2B-1,<표A2B-1> (최근 1년) 해외여행 목적지 방문 경험_1. 한국 (아시아 국가별 경험자 기준),BASE:A1. ① and A2. 1) 한국 ①,대만,대만,국가/지역,계,238.0,(238),100,%
2025_잠재방한객조사_일반외국인.xlsx,일반외국인,A2B-1,<표A2B-1> (최근 1년) 해외여행 목적지 방문 경험_1. 한국 (아시아 국가별 경험자 기준),BASE:A1. ① and A2. 1) 한국 ①,미국,미국,국가/지역,있다,71.0,(71),33.295244683855174,%
2025_잠재방한객조사_일반외국인.xlsx,일반외국인,A2B-1,<표A2B-1> (최근 1년) 해외여행 목적지 방문 경험_1. 한국 (아시아 국가별 경험자 기준),BASE:A1. ① and A2. 1) 한국 ①,미국,미국,국가/지역,없다,71.0,(71),66.7047553161448,%
2025_잠재방한객조사_일반외국인.xlsx,일반외국인,A2B-1,<표A2B-1> (최근 1년) 해외여행 목적지 방문 경험_1. 한국 (아시아 국가별 경험자 기준),BASE:A1. ① and A2. 1) 한국 ①,미국,미국,국가/지역,계,71.0,(71),100,%
2025_잠재방한객조사_일반외국인.xlsx,일반외국인,A2B-1,<표A2B-1> (최근 1년) 해외여행 목적지 방문 경험_1. 한국 (아시아 국가별 경험자 기준),BASE:A1. ① and A2. 1) 한국 ①,필리핀,필리핀,국가/지역,있다,92.0,(92),66.96888926092717,%
2025_잠재방한객조사_일반외국인.xlsx,일반외국인,A2B-1,<표A2B-1> (최근 1년) 해외여행 목적지 방문 경험_1. 한국 (아시아 국가별 경험자 기준),BASE:A1. ① and A2. 1) 한국 ①,필리핀,필리핀,국가/지역,없다,92.0,(92),33.03111073907281,%
2025_잠재방한객조사_일반외국인.xlsx,일반외국인,A2B-1,<표A2B-1> (최근 1년) 해외여행 목적지 방문 경험_1. 한국 (아시아 국가별 경험자 기준),BASE:A1. ① and A2. 1) 한국 ①,필리핀,필리핀,국가/지역,계,92.0,(92),100,%
2025_잠재방한객조사_일반외국인.xlsx,일반외국인,A2B-1,<표A2B-1> (최근 1년) 해외여행 목적지 방문 경험_1. 한국 (아시아 국가별 경험자 기준),BASE:A1. ① and A2. 1) 한국 ①,베트남,베트남,국가/지역,있다,188.0,(188),67.79182100975312,%
2025_잠재방한객조사_일반외국인.xlsx,일반외국인,A2B-1,<표A2B-1> (최근 1년) 해외여행 목적지 방문 경험_1. 한국 (아시아 국가별 경험자 기준),BASE:A1. ① and A2. 1) 한국 ①,베트남,베트남,국가/지역,없다,188.0,(188),32.208178990246886,%
2025_잠재방한객조사_일반외국인.xlsx,일반외국인,A2B-1,<표A2B-1> (최근 1년) 해외여행 목적지 방문 경험_1. 한국 (아시아 국가별 경험자 기준),BASE:A1. ① and A2. 1) 한국 ①,베트남,베트남,국가/지역,계,188.0,(188),100,%
2025_잠재방한객조사_일반외국인.xlsx,일반외국인,A2B-1,<표A2B-1> (최근 1년) 해외여행 목적지 방문 경험_1. 한국 (아시아 국가별 경험자 기준),BASE:A1. ① and A2. 1) 한국 ①,싱가포르,싱가포르,국가/지역,있다,255.0,(255),39.89846928491694,%
2025_잠재방한객조사_일반외국인.xlsx,일반외국인,A2B-1,<표A2B-1> (최근 1년) 해외여행 목적지 방문 경험_1. 한국 (아시아 국가별 경험자 기준),BASE:A1. ① and A2. 1) 한국 ①,싱가포르,싱가포르,국가/지역,없다,255.0,(255),60.10153071508321,%
2025_잠재방한객조사_일반외국인.xlsx,일반외국인,A2B-1,<표A2B-1> (최근 1년) 해외여행 목적지 방문 경험_1. 한국 (아시아 국가별 경험자 기준),BASE:A1. ① and A2. 1) 한국 ①,싱가포르,싱가포르,국가/지역,계,255.0,(255),100,%
2025_잠재방한객조사_일반외국인.xlsx,일반외국인,A2B-1,<표A2B-1> (최근 1년) 해외여행 목적지 방문 경험_1. 한국 (아시아 국가별 경험자 기준),BASE:A1. ① and A2. 1) 한국 ①,인도네시아,인도네시아,국가/지역,있다,104.0,(104),62.02303504714875,%
2025_잠재방한객조사_일반외국인.xlsx,일반외국인,A2B-1,<표A2B-1> (최근 1년) 해외여행 목적지 방문 경험_1. 한국 (아시아 국가별 경험자 기준),BASE:A1. ① and A2. 1) 한국 ①,인도네시아,인도네시아,국가/지역,없다,104.0,(104),37.97696495285129,%
2025_잠재방한객조사_일반외국인.xlsx,일반외국인,A2B-1,<표A2B-1> (최근 1년) 해외여행 목적지 방문 경험_1. 한국 (아시아 국가별 경험자 기준),BASE:A1. ① and A2. 1) 한국 ①,인도네시아,인도네시아,국가/지역,계,104.0,(104),100,%
2025_잠재방한객조사_일반외국인.xlsx,일반외국인,A2B-1,<표A2B-1> (최근 1년) 해외여행 목적지 방문 경험_1. 한국 (아시아 국가별 경험자 기준),BASE:A1. ① and A2. 1) 한국 ①,태국,태국,국가/지역,있다,117.0,(117),41.27500033854902,%
2025_잠재방한객조사_일반외국인.xlsx,일반외국인,A2B-1,<표A2B-1> (최근 1년) 해외여행 목적지 방문 경험_1. 한국 (아시아 국가별 경험자 기준),BASE:A1. ① and A2. 1) 한국 ①,태국,태국,국가/지역,없다,117.0,(117),58.724999661450894,%
2025_잠재방한객조사_일반외국인.xlsx,일반외국인,A2B-1,<표A2B-1> (최근 1년) 해외여행 목적지 방문 경험_1. 한국 (아시아 국가별 경험자 기준),BASE:A1. ① and A2. 1) 한국 ①,태국,태국,국가/지역,계,117.0,(117),100,%
2025_잠재방한객조사_일반외국인.xlsx,일반외국인,A2B-1,<표A2B-1> (최근 1년) 해외여행 목적지 방문 경험_1. 한국 (아시아 국가별 경험자 기준),BASE:A1. ① and A2. 1) 한국 ①,말레이시아,말레이시아,국가/지역,있다,119.0,(119),39.80148263594998,%
2025_잠재방한객조사_일반외국인.xlsx,일반외국인,A2B-1,<표A2B-1> (최근 1년) 해외여행 목적지 방문 경험_1. 한국 (아시아 국가별 경험자 기준),BASE:A1. ① and A2. 1) 한국 ①,말레이시아,말레이시아,국가/지역,없다,119.0,(119),60.19851736405003,%
2025_잠재방한객조사_일반외국인.xlsx,일반외국인,A2B-1,<표A2B-1> (최근 1년) 해외여행 목적지 방문 경험_1. 한국 (아시아 국가별 경험자 기준),BASE:A1. ① and A2. 1) 한국 ①,말레이시아,말레이시아,국가/지역,계,119.0,(119),100,%
2025_잠재방한객조사_일반외국인.xlsx,일반외국인,A2B-1,<표A2B-1> (최근 1년) 해외여행 목적지 방문 경험_1. 한국 (아시아 국가별 경험자 기준),BASE:A1. ① and A2. 1) 한국 ①,캐나다,캐나다,국가/지역,있다,35.0,(35),29.69319539605256,%
2025_잠재방한객조사_일반외국인.xlsx,일반외국인,A2B-1,<표A2B-1> (최근 1년) 해외여행 목적지 방문 경험_1. 한국 (아시아 국가별 경험자 기준),BASE:A1. ① and A2. 1) 한국 ①,캐나다,캐나다,국가/지역,없다,35.0,(35),70.30680460394743,%
2025_잠재방한객조사_일반외국인.xlsx,일반외국인,A2B-1,<표A2B-1> (최근 1년) 해외여행 목적지 방문 경험_1. 한국 (아시아 국가별 경험자 기준),BASE:A1. ① and A2. 1) 한국 ①,캐나다,캐나다,국가/지역,계,35.0,(35),100,%
2025_잠재방한객조사_일반외국인.xlsx,일반외국인,A2B-1,<표A2B-1> (최근 1년) 해외여행 목적지 방문 경험_1. 한국 (아시아 국가별 경험자 기준),BASE:A1. ① and A2. 1) 한국 ①,호주,호주,국가/지역,있다,58.0,(58),51.26118506101995,%
2025_잠재방한객조사_일반외국인.xlsx,일반외국인,A2B-1,<표A2B-1> (최근 1년) 해외여행 목적지 방문 경험_1. 한국 (아시아 국가별 경험자 기준),BASE:A1. ① and A2. 1) 한국 ①,호주,호주,국가/지역,없다,58.0,(58),48.73881493898002,%
2025_잠재방한객조사_일반외국인.xlsx,일반외국인,A2B-1,<표A2B-1> (최근 1년) 해외여행 목적지 방문 경험_1. 한국 (아시아 국가별 경험자 기준),BASE:A1. ① and A2. 1) 한국 ①,호주,호주,국가/지역,계,58.0,(58),100,%
2025_잠재방한객조사_일반외국인.xlsx,일반외국인,A2B-1,<표A2B-1> (최근 1년) 해외여행 목적지 방문 경험_1. 한국 (아시아 국가별 경험자 기준),BASE:A1. ① and A2. 1) 한국 ①,러시아,러시아,국가/지역,있다,62.0,(62),48.05108036986543,%
2025_잠재방한객조사_일반외국인.xlsx,일반외국인,A2B-1,<표A2B-1> (최근 1년) 해외여행 목적지 방문 경험_1. 한국 (아시아 국가별 경험자 기준),BASE:A1. ① and A2. 1) 한국 ①,러시아,러시아,국가/지역,없다,62.0,(62),51.94891963013458,%
2025_잠재방한객조사_일반외국인.xlsx,일반외국인,A2B-1,<표A2B-1> (최근 1년) 해외여행 목적지 방문 경험_1. 한국 (아시아 국가별 경험자 기준),BASE:A1. ① and A2. 1) 한국 ①,러시아,러시아,국가/지역,계,62.0,(62),100,%
2025_잠재방한객조사_일반외국인.xlsx,일반외국인,A2B-1,<표A2B-1> (최근 1년) 해외여행 목적지 방문 경험_1. 한국 (아시아 국가별 경험자 기준),BASE:A1. ① and A2. 1) 한국 ①,인도,인도,국가/지역,있다,70.0,(70),61.169534469020384,%
2025_잠재방한객조사_일반외국인.xlsx,일반외국인,A2B-1,<표A2B-1> (최근 1년) 해외여행 목적지 방문 경험_1. 한국 (아시아 국가별 경험자 기준),BASE:A1. ① and A2. 1) 한국 ①,인도,인도,국가/지역,없다,70.0,(70),38.830465530979595,%
2025_잠재방한객조사_일반외국인.xlsx,일반외국인,A2B-1,<표A2B-1> (최근 1년) 해외여행 목적지 방문 경험_1. 한국 (아시아 국가별 경험자 기준),BASE:A1. ① and A2. 1) 한국 ①,인도,인도,국가/지역,계,70.0,(70),100,%
2025_잠재방한객조사_일반외국인.xlsx,일반외국인,A2B-1,<표A2B-1> (최근 1년) 해외여행 목적지 방문 경험_1. 한국 (아시아 국가별 경험자 기준),BASE:A1. ① and A2. 1) 한국 ①,프랑스,프랑스,국가/지역,있다,26.0,(26),41.886482694576785,%
2025_잠재방한객조사_일반외국인.xlsx,일반외국인,A2B-1,<표A2B-1> (최근 1년) 해외여행 목적지 방문 경험_1. 한국 (아시아 국가별 경험자 기준),BASE:A1. ① and A2. 1) 한국 ①,프랑스,프랑스,국가/지역,없다,26.0,(26),58.113517305423215,%
2025_잠재방한객조사_일반외국인.xlsx,일반외국인,A2B-1,<표A2B-1> (최근 1년) 해외여행 목적지 방문 경험_1. 한국 (아시아 국가별 경험자 기준),BASE:A1. ① and A2. 1) 한국 ①,프랑스,프랑스,국가/지역,계,26.0,(26),100,%
2025_잠재방한객조사_일반외국인.xlsx,일반외국인,A2B-1,<표A2B-1> (최근 1년) 해외여행 목적지 방문 경험_1. 한국 (아시아 국가별 경험자 기준),BASE:A1. ① and A2. 1) 한국 ①,독일,독일,국가/지역,있다,23.0,(23),22.643034386077744,%
2025_잠재방한객조사_일반외국인.xlsx,일반외국인,A2B-1,<표A2B-1> (최근 1년) 해외여행 목적지 방문 경험_1. 한국 (아시아 국가별 경험자 기준),BASE:A1. ① and A2. 1) 한국 ①,독일,독일,국가/지역,없다,23.0,(23),77.35696561392228,%
2025_잠재방한객조사_일반외국인.xlsx,일반외국인,A2B-1,<표A2B-1> (최근 1년) 해외여행 목적지 방문 경험_1. 한국 (아시아 국가별 경험자 기준),BASE:A1. ① and A2. 1) 한국 ①,독일,독일,국가/지역,계,23.0,(23),100,%
2025_잠재방한객조사_일반외국인.xlsx,일반외국인,A2B-1,<표A2B-1> (최근 1년) 해외여행 목적지 방문 경험_1. 한국 (아시아 국가별 경험자 기준),BASE:A1. ① and A2. 1) 한국 ①,영국,영국,국가/지역,있다,38.0,(38),56.01062184735118,%
2025_잠재방한객조사_일반외국인.xlsx,일반외국인,A2B-1,<표A2B-1> (최근 1년) 해외여행 목적지 방문 경험_1. 한국 (아시아 국가별 경험자 기준),BASE:A1. ① and A2. 1) 한국 ①,영국,영국,국가/지역,없다,38.0,(38),43.98937815264881,%
2025_잠재방한객조사_일반외국인.xlsx,일반외국인,A2B-1,<표A2B-1> (최근 1년) 해외여행 목적지 방문 경험_1. 한국 (아시아 국가별 경험자 기준),BASE:A1. ① and A2. 1) 한국 ①,영국,영국,국가/지역,계,38.0,(38),100,%
2025_잠재방한객조사_일반외국인.xlsx,일반외국인,A2B-1,<표A2B-1> (최근 1년) 해외여행 목적지 방문 경험_1. 한국 (아시아 국가별 경험자 기준),BASE:A1. ① and A2. 1) 한국 ①,멕시코,멕시코,국가/지역,있다,43.0,(43),55.77926373197243,%
2025_잠재방한객조사_일반외국인.xlsx,일반외국인,A2B-1,<표A2B-1> (최근 1년) 해외여행 목적지 방문 경험_1. 한국 (아시아 국가별 경험자 기준),BASE:A1. ① and A2. 1) 한국 ①,멕시코,멕시코,국가/지역,없다,43.0,(43),44.220736268027565,%
2025_잠재방한객조사_일반외국인.xlsx,일반외국인,A2B-1,<표A2B-1> (최근 1년) 해외여행 목적지 방문 경험_1. 한국 (아시아 국가별 경험자 기준),BASE:A1. ① and A2. 1) 한국 ①,멕시코,멕시코,국가/지역,계,43.0,(43),100,%
2025_잠재방한객조사_일반외국인.xlsx,일반외국인,A2B-1,<표A2B-1> (최근 1년) 해외여행 목적지 방문 경험_1. 한국 (아시아 국가별 경험자 기준),BASE:A1. ① and A2. 1) 한국 ①,카자흐스탄,카자흐스탄,국가/지역,있다,33.0,(33),48.93627042110227,%
2025_잠재방한객조사_일반외국인.xlsx,일반외국인,A2B-1,<표A2B-1> (최근 1년) 해외여행 목적지 방문 경험_1. 한국 (아시아 국가별 경험자 기준),BASE:A1. ① and A2. 1) 한국 ①,카자흐스탄,카자흐스탄,국가/지역,없다,33.0,(33),51.0637295788977,%
2025_잠재방한객조사_일반외국인.xlsx,일반외국인,A2B-1,<표A2B-1> (최근 1년) 해외여행 목적지 방문 경험_1. 한국 (아시아 국가별 경험자 기준),BASE:A1. ① and A2. 1) 한국 ①,카자흐스탄,카자흐스탄,국가/지역,계,33.0,(33),100,%
2025_잠재방한객조사_일반외국인.xlsx,일반외국인,A2B-1,<표A2B-1> (최근 1년) 해외여행 목적지 방문 경험_1. 한국 (아시아 국가별 경험자 기준),BASE:A1. ① and A2. 1) 한국 ①,튀르키예,튀르키예,국가/지역,있다,36.0,(36),49.51754881077918,%
2025_잠재방한객조사_일반외국인.xlsx,일반외국인,A2B-1,<표A2B-1> (최근 1년) 해외여행 목적지 방문 경험_1. 한국 (아시아 국가별 경험자 기준),BASE:A1. ① and A2. 1) 한국 ①,튀르키예,튀르키예,국가/지역,없다,36.0,(36),50.48245118922081,%
2025_잠재방한객조사_일반외국인.xlsx,일반외국인,A2B-1,<표A2B-1> (최근 1년) 해외여행 목적지 방문 경험_1. 한국 (아시아 국가별 경험자 기준),BASE:A1. ① and A2. 1) 한국 ①,튀르키예,튀르키예,국가/지역,계,36.0,(36),100,%
2025_잠재방한객조사_일반외국인.xlsx,일반외국인,A2B-1,<표A2B-1> (최근 1년) 해외여행 목적지 방문 경험_1. 한국 (아시아 국가별 경험자 기준),BASE:A1. ① and A2. 1) 한국 ①,브라질,브라질,국가/지역,있다,29.0,(29),52.40223298481996,%
2025_잠재방한객조사_일반외국인.xlsx,일반외국인,A2B-1,<표A2B-1> (최근 1년) 해외여행 목적지 방문 경험_1. 한국 (아시아 국가별 경험자 기준),BASE:A1. ① and A2. 1) 한국 ①,브라질,브라질,국가/지역,없다,29.0,(29),47.59776701518004,%
2025_잠재방한객조사_일반외국인.xlsx,일반외국인,A2B-1,<표A2B-1> (최근 1년) 해외여행 목적지 방문 경험_1. 한국 (아시아 국가별 경험자 기준),BASE:A1. ① and A2. 1) 한국 ①,브라질,브라질,국가/지역,계,29.0,(29),100,%
2025_잠재방한객조사_일반외국인.xlsx,일반외국인,A2B-1,<표A2B-1> (최근 1년) 해외여행 목적지 방문 경험_1. 한국 (아시아 국가별 경험자 기준),BASE:A1. ① and A2. 1) 한국 ①,사우디아라비아,사우디아라비아,국가/지역,있다,98.0,(98),72.29029064727241,%
2025_잠재방한객조사_일반외국인.xlsx,일반외국인,A2B-1,<표A2B-1> (최근 1년) 해외여행 목적지 방문 경험_1. 한국 (아시아 국가별 경험자 기준),BASE:A1. ① and A2. 1) 한국 ①,사우디아라비아,사우디아라비아,국가/지역,없다,98.0,(98),27.7097093527276,%
2025_잠재방한객조사_일반외국인.xlsx,일반외국인,A2B-1,<표A2B-1> (최근 1년) 해외여행 목적지 방문 경험_1. 한국 (아시아 국가별 경험자 기준),BASE:A1. ① and A2. 1) 한국 ①,사우디아라비아,사우디아라비아,국가/지역,계,98.0,(98),100,%
2025_잠재방한객조사_일반외국인.xlsx,일반외국인,A2B-1,<표A2B-1> (최근 1년) 해외여행 목적지 방문 경험_1. 한국 (아시아 국가별 경험자 기준),BASE:A1. ① and A2. 1) 한국 ①,아랍에미리트,UAE,국가/지역,있다,77.0,(77),68.7950354541774,%
2025_잠재방한객조사_일반외국인.xlsx,일반외국인,A2B-1,<표A2B-1> (최근 1년) 해외여행 목적지 방문 경험_1. 한국 (아시아 국가별 경험자 기준),BASE:A1. ① and A2. 1) 한국 ①,아랍에미리트,UAE,국가/지역,없다,77.0,(77),31.204964545822573,%
2025_잠재방한객조사_일반외국인.xlsx,일반외국인,A2B-1,<표A2B-1> (최근 1년) 해외여행 목적지 방문 경험_1. 한국 (아시아 국가별 경험자 기준),BASE:A1. ① and A2. 1) 한국 ①,아랍에미리트,UAE,국가/지역,계,77.0,(77),100,%
2025_잠재방한객조사_일반외국인.xlsx,일반외국인,E3-1,<표E3-1> 한국 문화별 이용 빈도_1. 한국 대중가요,BASE:E1. ①,전체,전체,전체,1년에 1회 이상,4523.0,(4523),17.631555158522236,%
2025_잠재방한객조사_일반외국인.xlsx,일반외국인,E3-1,<표E3-1> 한국 문화별 이용 빈도_1. 한국 대중가요,BASE:E1. ①,전체,전체,전체,반기별 1회 이상,4523.0,(4523),12.010029888503867,%
2025_잠재방한객조사_일반외국인.xlsx,일반외국인,E3-1,<표E3-1> 한국 문화별 이용 빈도_1. 한국 대중가요,BASE:E1. ①,전체,전체,전체,분기별 1회 이상,4523.0,(4523),15.667570827834924,%
2025_잠재방한객조사_일반외국인.xlsx,일반외국인,E3-1,<표E3-1> 한국 문화별 이용 빈도_1. 한국 대중가요,BASE:E1. ①,전체,전체,전체,한 달에 1회 이상,4523.0,(4523),21.370756181248357,%
2025_잠재방한객조사_일반외국인.xlsx,일반외국인,E3-1,<표E3-1> 한국 문화별 이용 빈도_1. 한국 대중가요,BASE:E1. ①,전체,전체,전체,1주일에 1회 이상,4523.0,(4523),20.836746821941194,%
2025_잠재방한객조사_일반외국인.xlsx,일반외국인,E3-1,<표E3-1> 한국 문화별 이용 빈도_1. 한국 대중가요,BASE:E1. ①,전체,전체,전체,거의 매일,4523.0,(4523),12.48334112194867,%
2025_잠재방한객조사_일반외국인.xlsx,일반외국인,E3-1,<표E3-1> 한국 문화별 이용 빈도_1. 한국 대중가요,BASE:E1. ①,전체,전체,전체,계,4523.0,(4523),100,%
2025_잠재방한객조사_일반외국인.xlsx,일반외국인,E3-1,<표E3-1> 한국 문화별 이용 빈도_1. 한국 대중가요,BASE:E1. ①,중국,중국,국가/지역,1년에 1회 이상,421.0,(421),12.959759378787473,%
2025_잠재방한객조사_일반외국인.xlsx,일반외국인,E3-1,<표E3-1> 한국 문화별 이용 빈도_1. 한국 대중가요,BASE:E1. ①,중국,중국,국가/지역,반기별 1회 이상,421.0,(421),15.486977512541714,%
2025_잠재방한객조사_일반외국인.xlsx,일반외국인,E3-1,<표E3-1> 한국 문화별 이용 빈도_1. 한국 대중가요,BASE:E1. ①,중국,중국,국가/지역,분기별 1회 이상,421.0,(421),22.81070612202185,%
2025_잠재방한객조사_일반외국인.xlsx,일반외국인,E3-1,<표E3-1> 한국 문화별 이용 빈도_1. 한국 대중가요,BASE:E1. ①,중국,중국,국가/지역,한 달에 1회 이상,421.0,(421),25.233565660051564,%
2025_잠재방한객조사_일반외국인.xlsx,일반외국인,E3-1,<표E3-1> 한국 문화별 이용 빈도_1. 한국 대중가요,BASE:E1. ①,중국,중국,국가/지역,1주일에 1회 이상,421.0,(421),18.264668455524983,%
2025_잠재방한객조사_일반외국인.xlsx,일반외국인,E3-1,<표E3-1> 한국 문화별 이용 빈도_1. 한국 대중가요,BASE:E1. ①,중국,중국,국가/지역,거의 매일,421.0,(421),5.24432287107265,%
2025_잠재방한객조사_일반외국인.xlsx,일반외국인,E3-1,<표E3-1> 한국 문화별 이용 빈도_1. 한국 대중가요,BASE:E1. ①,중국,중국,국가/지역,계,421.0,(421),100,%
2025_잠재방한객조사_일반외국인.xlsx,일반외국인,E3-1,<표E3-1> 한국 문화별 이용 빈도_1. 한국 대중가요,BASE:E1. ①,일본,일본,국가/지역,1년에 1회 이상,319.0,(319),23.810285927121,%
2025_잠재방한객조사_일반외국인.xlsx,일반외국인,E3-1,<표E3-1> 한국 문화별 이용 빈도_1. 한국 대중가요,BASE:E1. ①,일본,일본,국가/지역,반기별 1회 이상,319.0,(319),8.724045007957526,%
2025_잠재방한객조사_일반외국인.xlsx,일반외국인,E3-1,<표E3-1> 한국 문화별 이용 빈도_1. 한국 대중가요,BASE:E1. ①,일본,일본,국가/지역,분기별 1회 이상,319.0,(319),14.557097836670305,%
2025_잠재방한객조사_일반외국인.xlsx,일반외국인,E3-1,<표E3-1> 한국 문화별 이용 빈도_1. 한국 대중가요,BASE:E1. ①,일본,일본,국가/지역,한 달에 1회 이상,319.0,(319),23.37977702997652,%
2025_잠재방한객조사_일반외국인.xlsx,일반외국인,E3-1,<표E3-1> 한국 문화별 이용 빈도_1. 한국 대중가요,BASE:E1. ①,일본,일본,국가/지역,1주일에 1회 이상,319.0,(319),20.280954674645237,%
2025_잠재방한객조사_일반외국인.xlsx,일반외국인,E3-1,<표E3-1> 한국 문화별 이용 빈도_1. 한국 대중가요,BASE:E1. ①,일본,일본,국가/지역,거의 매일,319.0,(319),9.247839523629404,%
2025_잠재방한객조사_일반외국인.xlsx,일반외국인,E3-1,<표E3-1> 한국 문화별 이용 빈도_1. 한국 대중가요,BASE:E1. ①,일본,일본,국가/지역,계,319.0,(319),100,%
2025_잠재방한객조사_일반외국인.xlsx,일반외국인,E3-1,<표E3-1> 한국 문화별 이용 빈도_1. 한국 대중가요,BASE:E1. ①,대만,대만,국가/지역,1년에 1회 이상,149.0,(149),9.81382563124969,%
2025_잠재방한객조사_일반외국인.xlsx,일반외국인,E3-1,<표E3-1> 한국 문화별 이용 빈도_1. 한국 대중가요,BASE:E1. ①,대만,대만,국가/지역,반기별 1회 이상,149.0,(149),12.634867501484154,%
2025_잠재방한객조사_일반외국인.xlsx,일반외국인,E3-1,<표E3-1> 한국 문화별 이용 빈도_1. 한국 대중가요,BASE:E1. ①,대만,대만,국가/지역,분기별 1회 이상,149.0,(149),15.37466471581513,%
2025_잠재방한객조사_일반외국인.xlsx,일반외국인,E3-1,<표E3-1> 한국 문화별 이용 빈도_1. 한국 대중가요,BASE:E1. ①,대만,대만,국가/지역,한 달에 1회 이상,149.0,(149),18.30997275666816,%
2025_잠재방한객조사_일반외국인.xlsx,일반외국인,E3-1,<표E3-1> 한국 문화별 이용 빈도_1. 한국 대중가요,BASE:E1. ①,대만,대만,국가/지역,1주일에 1회 이상,149.0,(149),26.5622752939284,%
2025_잠재방한객조사_일반외국인.xlsx,일반외국인,E3-1,<표E3-1> 한국 문화별 이용 빈도_1. 한국 대중가요,BASE:E1. ①,대만,대만,국가/지역,거의 매일,149.0,(149),17.30439410085448,%
2025_잠재방한객조사_일반외국인.xlsx,일반외국인,E3-1,<표E3-1> 한국 문화별 이용 빈도_1. 한국 대중가요,BASE:E1. ①,대만,대만,국가/지역,계,149.0,(149),100,%
2025_잠재방한객조사_일반외국인.xlsx,일반외국인,E3-1,<표E3-1> 한국 문화별 이용 빈도_1. 한국 대중가요,BASE:E1. ①,미국,미국,국가/지역,1년에 1회 이상,317.0,(317),27.929755025112023,%
2025_잠재방한객조사_일반외국인.xlsx,일반외국인,E3-1,<표E3-1> 한국 문화별 이용 빈도_1. 한국 대중가요,BASE:E1. ①,미국,미국,국가/지역,반기별 1회 이상,317.0,(317),18.783285396784578,%
2025_잠재방한객조사_일반외국인.xlsx,일반외국인,E3-1,<표E3-1> 한국 문화별 이용 빈도_1. 한국 대중가요,BASE:E1. ①,미국,미국,국가/지역,분기별 1회 이상,317.0,(317),17.66021247776682,%
2025_잠재방한객조사_일반외국인.xlsx,일반외국인,E3-1,<표E3-1> 한국 문화별 이용 빈도_1. 한국 대중가요,BASE:E1. ①,미국,미국,국가/지역,한 달에 1회 이상,317.0,(317),17.95219464559557,%
2025_잠재방한객조사_일반외국인.xlsx,일반외국인,E3-1,<표E3-1> 한국 문화별 이용 빈도_1. 한국 대중가요,BASE:E1. ①,미국,미국,국가/지역,1주일에 1회 이상,317.0,(317),11.58985333156615,%
2025_잠재방한객조사_일반외국인.xlsx,일반외국인,E3-1,<표E3-1> 한국 문화별 이용 빈도_1. 한국 대중가요,BASE:E1. ①,미국,미국,국가/지역,거의 매일,317.0,(317),6.0846991231749765,%
2025_잠재방한객조사_일반외국인.xlsx,일반외국인,E3-1,<표E3-1> 한국 문화별 이용 빈도_1. 한국 대중가요,BASE:E1. ①,미국,미국,국가/지역,계,317.0,(317),100,%
2025_잠재방한객조사_일반외국인.xlsx,일반외국인,E3-1,<표E3-1> 한국 문화별 이용 빈도_1. 한국 대중가요,BASE:E1. ①,필리핀,필리핀,국가/지역,1년에 1회 이상,282.0,(282),10.40544591296376,%
2025_잠재방한객조사_일반외국인.xlsx,일반외국인,E3-1,<표E3-1> 한국 문화별 이용 빈도_1. 한국 대중가요,BASE:E1. ①,필리핀,필리핀,국가/지역,반기별 1회 이상,282.0,(282),7.002883010938328,%
2025_잠재방한객조사_일반외국인.xlsx,일반외국인,E3-1,<표E3-1> 한국 문화별 이용 빈도_1. 한국 대중가요,BASE:E1. ①,필리핀,필리핀,국가/지역,분기별 1회 이상,282.0,(282),10.014935100398304,%
2025_잠재방한객조사_일반외국인.xlsx,일반외국인,E3-1,<표E3-1> 한국 문화별 이용 빈도_1. 한국 대중가요,BASE:E1. ①,필리핀,필리핀,국가/지역,한 달에 1회 이상,282.0,(282),22.689620802662738,%
2025_잠재방한객조사_일반외국인.xlsx,일반외국인,E3-1,<표E3-1> 한국 문화별 이용 빈도_1. 한국 대중가요,BASE:E1. ①,필리핀,필리핀,국가/지역,1주일에 1회 이상,282.0,(282),25.8796333407869,%
2025_잠재방한객조사_일반외국인.xlsx,일반외국인,E3-1,<표E3-1> 한국 문화별 이용 빈도_1. 한국 대중가요,BASE:E1. ①,필리핀,필리핀,국가/지역,거의 매일,282.0,(282),24.007481832249873,%
2025_잠재방한객조사_일반외국인.xlsx,일반외국인,E3-1,<표E3-1> 한국 문화별 이용 빈도_1. 한국 대중가요,BASE:E1. ①,필리핀,필리핀,국가/지역,계,282.0,(282),100,%
2025_잠재방한객조사_일반외국인.xlsx,일반외국인,E3-1,<표E3-1> 한국 문화별 이용 빈도_1. 한국 대중가요,BASE:E1. ①,베트남,베트남,국가/지역,1년에 1회 이상,219.0,(219),10.068103907290983,%
2025_잠재방한객조사_일반외국인.xlsx,일반외국인,E3-1,<표E3-1> 한국 문화별 이용 빈도_1. 한국 대중가요,BASE:E1. ①,베트남,베트남,국가/지역,반기별 1회 이상,219.0,(219),6.488984515235645,%
2025_잠재방한객조사_일반외국인.xlsx,일반외국인,E3-1,<표E3-1> 한국 문화별 이용 빈도_1. 한국 대중가요,BASE:E1. ①,베트남,베트남,국가/지역,분기별 1회 이상,219.0,(219),12.720194550175998,%
2025_잠재방한객조사_일반외국인.xlsx,일반외국인,E3-1,<표E3-1> 한국 문화별 이용 빈도_1. 한국 대중가요,BASE:E1. ①,베트남,베트남,국가/지역,한 달에 1회 이상,219.0,(219),26.078155987819606,%
2025_잠재방한객조사_일반외국인.xlsx,일반외국인,E3-1,<표E3-1> 한국 문화별 이용 빈도_1. 한국 대중가요,BASE:E1. ①,베트남,베트남,국가/지역,1주일에 1회 이상,219.0,(219),33.216905045928904,%
2025_잠재방한객조사_일반외국인.xlsx,일반외국인,E3-1,<표E3-1> 한국 문화별 이용 빈도_1. 한국 대중가요,BASE:E1. ①,베트남,베트남,국가/지역,거의 매일,219.0,(219),11.427655993548916,%
2025_잠재방한객조사_일반외국인.xlsx,일반외국인,E3-1,<표E3-1> 한국 문화별 이용 빈도_1. 한국 대중가요,BASE:E1. ①,베트남,베트남,국가/지역,계,219.0,(219),100,%
2025_잠재방한객조사_일반외국인.xlsx,일반외국인,E3-1,<표E3-1> 한국 문화별 이용 빈도_1. 한국 대중가요,BASE:E1. ①,싱가포르,싱가포르,국가/지역,1년에 1회 이상,193.0,(193),20.63950479068966,%
2025_잠재방한객조사_일반외국인.xlsx,일반외국인,E3-1,<표E3-1> 한국 문화별 이용 빈도_1. 한국 대중가요,BASE:E1. ①,싱가포르,싱가포르,국가/지역,반기별 1회 이상,193.0,(193),13.563173607927187,%
2025_잠재방한객조사_일반외국인.xlsx,일반외국인,E3-1,<표E3-1> 한국 문화별 이용 빈도_1. 한국 대중가요,BASE:E1. ①,싱가포르,싱가포르,국가/지역,분기별 1회 이상,193.0,(193),13.14988080932054,%
2025_잠재방한객조사_일반외국인.xlsx,일반외국인,E3-1,<표E3-1> 한국 문화별 이용 빈도_1. 한국 대중가요,BASE:E1. ①,싱가포르,싱가포르,국가/지역,한 달에 1회 이상,193.0,(193),22.33038628696089,%
2025_잠재방한객조사_일반외국인.xlsx,일반외국인,E3-1,<표E3-1> 한국 문화별 이용 빈도_1. 한국 대중가요,BASE:E1. ①,싱가포르,싱가포르,국가/지역,1주일에 1회 이상,193.0,(193),17.23744005085795,%
2025_잠재방한객조사_일반외국인.xlsx,일반외국인,E3-1,<표E3-1> 한국 문화별 이용 빈도_1. 한국 대중가요,BASE:E1. ①,싱가포르,싱가포르,국가/지역,거의 매일,193.0,(193),13.07961445424386,%
2025_잠재방한객조사_일반외국인.xlsx,일반외국인,E3-1,<표E3-1> 한국 문화별 이용 빈도_1. 한국 대중가요,BASE:E1. ①,싱가포르,싱가포르,국가/지역,계,193.0,(193),100,%
2025_잠재방한객조사_일반외국인.xlsx,일반외국인,E3-1,<표E3-1> 한국 문화별 이용 빈도_1. 한국 대중가요,BASE:E1. ①,인도네시아,인도네시아,국가/지역,1년에 1회 이상,255.0,(255),7.235903561467433,%
2025_잠재방한객조사_일반외국인.xlsx,일반외국인,E3-1,<표E3-1> 한국 문화별 이용 빈도_1. 한국 대중가요,BASE:E1. ①,인도네시아,인도네시아,국가/지역,반기별 1회 이상,255.0,(255),7.531509707278563,%
2025_잠재방한객조사_일반외국인.xlsx,일반외국인,E3-1,<표E3-1> 한국 문화별 이용 빈도_1. 한국 대중가요,BASE:E1. ①,인도네시아,인도네시아,국가/지역,분기별 1회 이상,255.0,(255),7.75208314261731,%
2025_잠재방한객조사_일반외국인.xlsx,일반외국인,E3-1,<표E3-1> 한국 문화별 이용 빈도_1. 한국 대중가요,BASE:E1. ①,인도네시아,인도네시아,국가/지역,한 달에 1회 이상,255.0,(255),21.199704507387864,%
2025_잠재방한객조사_일반외국인.xlsx,일반외국인,E3-1,<표E3-1> 한국 문화별 이용 빈도_1. 한국 대중가요,BASE:E1. ①,인도네시아,인도네시아,국가/지역,1주일에 1회 이상,255.0,(255),30.540360730675665,%
2025_잠재방한객조사_일반외국인.xlsx,일반외국인,E3-1,<표E3-1> 한국 문화별 이용 빈도_1. 한국 대중가요,BASE:E1. ①,인도네시아,인도네시아,국가/지역,거의 매일,255.0,(255),25.740438350573193,%
2025_잠재방한객조사_일반외국인.xlsx,일반외국인,E3-1,<표E3-1> 한국 문화별 이용 빈도_1. 한국 대중가요,BASE:E1. ①,인도네시아,인도네시아,국가/지역,계,255.0,(255),100,%
2025_잠재방한객조사_일반외국인.xlsx,일반외국인,E3-1,<표E3-1> 한국 문화별 이용 빈도_1. 한국 대중가요,BASE:E1. ①,태국,태국,국가/지역,1년에 1회 이상,228.0,(228),9.311113964818393,%
2025_잠재방한객조사_일반외국인.xlsx,일반외국인,E3-1,<표E3-1> 한국 문화별 이용 빈도_1. 한국 대중가요,BASE:E1. ①,태국,태국,국가/지역,반기별 1회 이상,228.0,(228),8.941788740624386,%
2025_잠재방한객조사_일반외국인.xlsx,일반외국인,E3-1,<표E3-1> 한국 문화별 이용 빈도_1. 한국 대중가요,BASE:E1. ①,태국,태국,국가/지역,분기별 1회 이상,228.0,(228),12.833075476793868,%
2025_잠재방한객조사_일반외국인.xlsx,일반외국인,E3-1,<표E3-1> 한국 문화별 이용 빈도_1. 한국 대중가요,BASE:E1. ①,태국,태국,국가/지역,한 달에 1회 이상,228.0,(228),21.47704411856753,%
2025_잠재방한객조사_일반외국인.xlsx,일반외국인,E3-1,<표E3-1> 한국 문화별 이용 빈도_1. 한국 대중가요,BASE:E1. ①,태국,태국,국가/지역,1주일에 1회 이상,228.0,(228),28.401850729292672,%
2025_잠재방한객조사_일반외국인.xlsx,일반외국인,E3-1,<표E3-1> 한국 문화별 이용 빈도_1. 한국 대중가요,BASE:E1. ①,태국,태국,국가/지역,거의 매일,228.0,(228),19.035126969903057,%
2025_잠재방한객조사_일반외국인.xlsx,일반외국인,E3-1,<표E3-1> 한국 문화별 이용 빈도_1. 한국 대중가요,BASE:E1. ①,태국,태국,국가/지역,계,228.0,(228),100,%
2025_잠재방한객조사_일반외국인.xlsx,일반외국인,E3-1,<표E3-1> 한국 문화별 이용 빈도_1. 한국 대중가요,BASE:E1. ①,말레이시아,말레이시아,국가/지역,1년에 1회 이상,238.0,(238),11.013783367534032,%
2025_잠재방한객조사_일반외국인.xlsx,일반외국인,E3-1,<표E3-1> 한국 문화별 이용 빈도_1. 한국 대중가요,BASE:E1. ①,말레이시아,말레이시아,국가/지역,반기별 1회 이상,238.0,(238),8.750947581753486,%
2025_잠재방한객조사_일반외국인.xlsx,일반외국인,E3-1,<표E3-1> 한국 문화별 이용 빈도_1. 한국 대중가요,BASE:E1. ①,말레이시아,말레이시아,국가/지역,분기별 1회 이상,238.0,(238),12.530207750208424,%
2025_잠재방한객조사_일반외국인.xlsx,일반외국인,E3-1,<표E3-1> 한국 문화별 이용 빈도_1. 한국 대중가요,BASE:E1. ①,말레이시아,말레이시아,국가/지역,한 달에 1회 이상,238.0,(238),19.668516972851428,%
2025_잠재방한객조사_일반외국인.xlsx,일반외국인,E3-1,<표E3-1> 한국 문화별 이용 빈도_1. 한국 대중가요,BASE:E1. ①,말레이시아,말레이시아,국가/지역,1주일에 1회 이상,238.0,(238),29.87972105311324,%
2025_잠재방한객조사_일반외국인.xlsx,일반외국인,E3-1,<표E3-1> 한국 문화별 이용 빈도_1. 한국 대중가요,BASE:E1. ①,말레이시아,말레이시아,국가/지역,거의 매일,238.0,(238),18.156823274539537,%
2025_잠재방한객조사_일반외국인.xlsx,일반외국인,E3-1,<표E3-1> 한국 문화별 이용 빈도_1. 한국 대중가요,BASE:E1. ①,말레이시아,말레이시아,국가/지역,계,238.0,(238),100,%
2025_잠재방한객조사_일반외국인.xlsx,일반외국인,E3-1,<표E3-1> 한국 문화별 이용 빈도_1. 한국 대중가요,BASE:E1. ①,캐나다,캐나다,국가/지역,1년에 1회 이상,116.0,(116),34.998217553295554,%
2025_잠재방한객조사_일반외국인.xlsx,일반외국인,E3-1,<표E3-1> 한국 문화별 이용 빈도_1. 한국 대중가요,BASE:E1. ①,캐나다,캐나다,국가/지역,반기별 1회 이상,116.0,(116),9.310634398650501,%
2025_잠재방한객조사_일반외국인.xlsx,일반외국인,E3-1,<표E3-1> 한국 문화별 이용 빈도_1. 한국 대중가요,BASE:E1. ①,캐나다,캐나다,국가/지역,분기별 1회 이상,116.0,(116),17.824871570178164,%
2025_잠재방한객조사_일반외국인.xlsx,일반외국인,E3-1,<표E3-1> 한국 문화별 이용 빈도_1. 한국 대중가요,BASE:E1. ①,캐나다,캐나다,국가/지역,한 달에 1회 이상,116.0,(116),19.821801161535312,%
2025_잠재방한객조사_일반외국인.xlsx,일반외국인,E3-1,<표E3-1> 한국 문화별 이용 빈도_1. 한국 대중가요,BASE:E1. ①,캐나다,캐나다,국가/지역,1주일에 1회 이상,116.0,(116),12.505320013173984,%
2025_잠재방한객조사_일반외국인.xlsx,일반외국인,E3-1,<표E3-1> 한국 문화별 이용 빈도_1. 한국 대중가요,BASE:E1. ①,캐나다,캐나다,국가/지역,거의 매일,116.0,(116),5.53915530316647,%
2025_잠재방한객조사_일반외국인.xlsx,일반외국인,E3-1,<표E3-1> 한국 문화별 이용 빈도_1. 한국 대중가요,BASE:E1. ①,캐나다,캐나다,국가/지역,계,116.0,(116),100,%
2025_잠재방한객조사_일반외국인.xlsx,일반외국인,E3-1,<표E3-1> 한국 문화별 이용 빈도_1. 한국 대중가요,BASE:E1. ①,호주,호주,국가/지역,1년에 1회 이상,135.0,(135),37.72091929398818,%
2025_잠재방한객조사_일반외국인.xlsx,일반외국인,E3-1,<표E3-1> 한국 문화별 이용 빈도_1. 한국 대중가요,BASE:E1. ①,호주,호주,국가/지역,반기별 1회 이상,135.0,(135),19.256913727497796,%
2025_잠재방한객조사_일반외국인.xlsx,일반외국인,E3-1,<표E3-1> 한국 문화별 이용 빈도_1. 한국 대중가요,BASE:E1. ①,호주,호주,국가/지역,분기별 1회 이상,135.0,(135),14.366760676983528,%
2025_잠재방한객조사_일반외국인.xlsx,일반외국인,E3-1,<표E3-1> 한국 문화별 이용 빈도_1. 한국 대중가요,BASE:E1. ①,호주,호주,국가/지역,한 달에 1회 이상,135.0,(135),19.657064530376044,%
2025_잠재방한객조사_일반외국인.xlsx,일반외국인,E3-1,<표E3-1> 한국 문화별 이용 빈도_1. 한국 대중가요,BASE:E1. ①,호주,호주,국가/지역,1주일에 1회 이상,135.0,(135),8.425070167956774,%
2025_잠재방한객조사_일반외국인.xlsx,일반외국인,E3-1,<표E3-1> 한국 문화별 이용 빈도_1. 한국 대중가요,BASE:E1. ①,호주,호주,국가/지역,거의 매일,135.0,(135),0.5732716031976408,%
2025_잠재방한객조사_일반외국인.xlsx,일반외국인,E3-1,<표E3-1> 한국 문화별 이용 빈도_1. 한국 대중가요,BASE:E1. ①,호주,호주,국가/지역,계,135.0,(135),100,%
2025_잠재방한객조사_일반외국인.xlsx,일반외국인,E3-1,<표E3-1> 한국 문화별 이용 빈도_1. 한국 대중가요,BASE:E1. ①,러시아,러시아,국가/지역,1년에 1회 이상,151.0,(151),16.37921751506262,%
2025_잠재방한객조사_일반외국인.xlsx,일반외국인,E3-1,<표E3-1> 한국 문화별 이용 빈도_1. 한국 대중가요,BASE:E1. ①,러시아,러시아,국가/지역,반기별 1회 이상,151.0,(151),11.942400669420365,%
2025_잠재방한객조사_일반외국인.xlsx,일반외국인,E3-1,<표E3-1> 한국 문화별 이용 빈도_1. 한국 대중가요,BASE:E1. ①,러시아,러시아,국가/지역,분기별 1회 이상,151.0,(151),20.10945006774989,%
2025_잠재방한객조사_일반외국인.xlsx,일반외국인,E3-1,<표E3-1> 한국 문화별 이용 빈도_1. 한국 대중가요,BASE:E1. ①,러시아,러시아,국가/지역,한 달에 1회 이상,151.0,(151),24.834053038871957,%
2025_잠재방한객조사_일반외국인.xlsx,일반외국인,E3-1,<표E3-1> 한국 문화별 이용 빈도_1. 한국 대중가요,BASE:E1. ①,러시아,러시아,국가/지역,1주일에 1회 이상,151.0,(151),14.218779982439496,%
2025_잠재방한객조사_일반외국인.xlsx,일반외국인,E3-1,<표E3-1> 한국 문화별 이용 빈도_1. 한국 대중가요,BASE:E1. ①,러시아,러시아,국가/지역,거의 매일,151.0,(151),12.516098726455718,%
2025_잠재방한객조사_일반외국인.xlsx,일반외국인,E3-1,<표E3-1> 한국 문화별 이용 빈도_1. 한국 대중가요,BASE:E1. ①,러시아,러시아,국가/지역,계,151.0,(151),100,%
2025_잠재방한객조사_일반외국인.xlsx,일반외국인,E3-1,<표E3-1> 한국 문화별 이용 빈도_1. 한국 대중가요,BASE:E1. ①,인도,인도,국가/지역,1년에 1회 이상,189.0,(189),13.78154830843773,%
2025_잠재방한객조사_일반외국인.xlsx,일반외국인,E3-1,<표E3-1> 한국 문화별 이용 빈도_1. 한국 대중가요,BASE:E1. ①,인도,인도,국가/지역,반기별 1회 이상,189.0,(189),13.119631359258479,%
2025_잠재방한객조사_일반외국인.xlsx,일반외국인,E3-1,<표E3-1> 한국 문화별 이용 빈도_1. 한국 대중가요,BASE:E1. ①,인도,인도,국가/지역,분기별 1회 이상,189.0,(189),12.688161005086535,%
2025_잠재방한객조사_일반외국인.xlsx,일반외국인,E3-1,<표E3-1> 한국 문화별 이용 빈도_1. 한국 대중가요,BASE:E1. ①,인도,인도,국가/지역,한 달에 1회 이상,189.0,(189),24.331343794810678,%
2025_잠재방한객조사_일반외국인.xlsx,일반외국인,E3-1,<표E3-1> 한국 문화별 이용 빈도_1. 한국 대중가요,BASE:E1. ①,인도,인도,국가/지역,1주일에 1회 이상,189.0,(189),26.192993339362147,%
2025_잠재방한객조사_일반외국인.xlsx,일반외국인,E3-1,<표E3-1> 한국 문화별 이용 빈도_1. 한국 대중가요,BASE:E1. ①,인도,인도,국가/지역,거의 매일,189.0,(189),9.886322193044341,%
2025_잠재방한객조사_일반외국인.xlsx,일반외국인,E3-1,<표E3-1> 한국 문화별 이용 빈도_1. 한국 대중가요,BASE:E1. ①,인도,인도,국가/지역,계,189.0,(189),100,%
2025_잠재방한객조사_일반외국인.xlsx,일반외국인,E3-1,<표E3-1> 한국 문화별 이용 빈도_1. 한국 대중가요,BASE:E1. ①,프랑스,프랑스,국가/지역,1년에 1회 이상,82.0,(82),23.750089856676958,%
2025_잠재방한객조사_일반외국인.xlsx,일반외국인,E3-1,<표E3-1> 한국 문화별 이용 빈도_1. 한국 대중가요,BASE:E1. ①,프랑스,프랑스,국가/지역,반기별 1회 이상,82.0,(82),19.668302581153295,%
2025_잠재방한객조사_일반외국인.xlsx,일반외국인,E3-1,<표E3-1> 한국 문화별 이용 빈도_1. 한국 대중가요,BASE:E1. ①,프랑스,프랑스,국가/지역,분기별 1회 이상,82.0,(82),18.419057866418452,%
2025_잠재방한객조사_일반외국인.xlsx,일반외국인,E3-1,<표E3-1> 한국 문화별 이용 빈도_1. 한국 대중가요,BASE:E1. ①,프랑스,프랑스,국가/지역,한 달에 1회 이상,82.0,(82),19.334808204263034,%
2025_잠재방한객조사_일반외국인.xlsx,일반외국인,E3-1,<표E3-1> 한국 문화별 이용 빈도_1. 한국 대중가요,BASE:E1. ①,프랑스,프랑스,국가/지역,1주일에 1회 이상,82.0,(82),14.348095373437337,%
2025_잠재방한객조사_일반외국인.xlsx,일반외국인,E3-1,<표E3-1> 한국 문화별 이용 빈도_1. 한국 대중가요,BASE:E1. ①,프랑스,프랑스,국가/지역,거의 매일,82.0,(82),4.479646118050887,%
2025_잠재방한객조사_일반외국인.xlsx,일반외국인,E3-1,<표E3-1> 한국 문화별 이용 빈도_1. 한국 대중가요,BASE:E1. ①,프랑스,프랑스,국가/지역,계,82.0,(82),100,%
2025_잠재방한객조사_일반외국인.xlsx,일반외국인,E3-1,<표E3-1> 한국 문화별 이용 빈도_1. 한국 대중가요,BASE:E1. ①,독일,독일,국가/지역,1년에 1회 이상,54.0,(54),33.89806768369315,%
2025_잠재방한객조사_일반외국인.xlsx,일반외국인,E3-1,<표E3-1> 한국 문화별 이용 빈도_1. 한국 대중가요,BASE:E1. ①,독일,독일,국가/지역,반기별 1회 이상,54.0,(54),20.571774817619218,%
2025_잠재방한객조사_일반외국인.xlsx,일반외국인,E3-1,<표E3-1> 한국 문화별 이용 빈도_1. 한국 대중가요,BASE:E1. ①,독일,독일,국가/지역,분기별 1회 이상,54.0,(54),14.810599290277615,%
2025_잠재방한객조사_일반외국인.xlsx,일반외국인,E3-1,<표E3-1> 한국 문화별 이용 빈도_1. 한국 대중가요,BASE:E1. ①,독일,독일,국가/지역,한 달에 1회 이상,54.0,(54),22.43073277364107,%
2025_잠재방한객조사_일반외국인.xlsx,일반외국인,E3-1,<표E3-1> 한국 문화별 이용 빈도_1. 한국 대중가요,BASE:E1. ①,독일,독일,국가/지역,1주일에 1회 이상,54.0,(54),2.6617519247928674,%
2025_잠재방한객조사_일반외국인.xlsx,일반외국인,E3-1,<표E3-1> 한국 문화별 이용 빈도_1. 한국 대중가요,BASE:E1. ①,독일,독일,국가/지역,거의 매일,54.0,(54),5.627073509976112,%
2025_잠재방한객조사_일반외국인.xlsx,일반외국인,E3-1,<표E3-1> 한국 문화별 이용 빈도_1. 한국 대중가요,BASE:E1. ①,독일,독일,국가/지역,계,54.0,(54),100,%
2025_잠재방한객조사_일반외국인.xlsx,일반외국인,E3-1,<표E3-1> 한국 문화별 이용 빈도_1. 한국 대중가요,BASE:E1. ①,영국,영국,국가/지역,1년에 1회 이상,127.0,(127),25.66095387933551,%
2025_잠재방한객조사_일반외국인.xlsx,일반외국인,E3-1,<표E3-1> 한국 문화별 이용 빈도_1. 한국 대중가요,BASE:E1. ①,영국,영국,국가/지역,반기별 1회 이상,127.0,(127),13.098823424007866,%
2025_잠재방한객조사_일반외국인.xlsx,일반외국인,E3-1,<표E3-1> 한국 문화별 이용 빈도_1. 한국 대중가요,BASE:E1. ①,영국,영국,국가/지역,분기별 1회 이상,127.0,(127),25.86654745821398,%
2025_잠재방한객조사_일반외국인.xlsx,일반외국인,E3-1,<표E3-1> 한국 문화별 이용 빈도_1. 한국 대중가요,BASE:E1. ①,영국,영국,국가/지역,한 달에 1회 이상,127.0,(127),19.476705644648096,%
2025_잠재방한객조사_일반외국인.xlsx,일반외국인,E3-1,<표E3-1> 한국 문화별 이용 빈도_1. 한국 대중가요,BASE:E1. ①,영국,영국,국가/지역,1주일에 1회 이상,127.0,(127),13.981122106754512,%
2025_잠재방한객조사_일반외국인.xlsx,일반외국인,E3-1,<표E3-1> 한국 문화별 이용 빈도_1. 한국 대중가요,BASE:E1. ①,영국,영국,국가/지역,거의 매일,127.0,(127),1.9158474870400621,%
2025_잠재방한객조사_일반외국인.xlsx,일반외국인,E3-1,<표E3-1> 한국 문화별 이용 빈도_1. 한국 대중가요,BASE:E1. ①,영국,영국,국가/지역,계,127.0,(127),100,%
2025_잠재방한객조사_일반외국인.xlsx,일반외국인,E3-1,<표E3-1> 한국 문화별 이용 빈도_1. 한국 대중가요,BASE:E1. ①,멕시코,멕시코,국가/지역,1년에 1회 이상,153.0,(153),10.265321085680464,%
2025_잠재방한객조사_일반외국인.xlsx,일반외국인,E3-1,<표E3-1> 한국 문화별 이용 빈도_1. 한국 대중가요,BASE:E1. ①,멕시코,멕시코,국가/지역,반기별 1회 이상,153.0,(153),10.229041973363897,%
2025_잠재방한객조사_일반외국인.xlsx,일반외국인,E3-1,<표E3-1> 한국 문화별 이용 빈도_1. 한국 대중가요,BASE:E1. ①,멕시코,멕시코,국가/지역,분기별 1회 이상,153.0,(153),17.170786757733765,%
2025_잠재방한객조사_일반외국인.xlsx,일반외국인,E3-1,<표E3-1> 한국 문화별 이용 빈도_1. 한국 대중가요,BASE:E1. ①,멕시코,멕시코,국가/지역,한 달에 1회 이상,153.0,(153),22.568982729661982,%
2025_잠재방한객조사_일반외국인.xlsx,일반외국인,E3-1,<표E3-1> 한국 문화별 이용 빈도_1. 한국 대중가요,BASE:E1. ①,멕시코,멕시코,국가/지역,1주일에 1회 이상,153.0,(153),20.78156197435608,%
2025_잠재방한객조사_일반외국인.xlsx,일반외국인,E3-1,<표E3-1> 한국 문화별 이용 빈도_1. 한국 대중가요,BASE:E1. ①,멕시코,멕시코,국가/지역,거의 매일,153.0,(153),18.98430547920375,%
2025_잠재방한객조사_일반외국인.xlsx,일반외국인,E3-1,<표E3-1> 한국 문화별 이용 빈도_1. 한국 대중가요,BASE:E1. ①,멕시코,멕시코,국가/지역,계,153.0,(153),100,%
2025_잠재방한객조사_일반외국인.xlsx,일반외국인,E3-1,<표E3-1> 한국 문화별 이용 빈도_1. 한국 대중가요,BASE:E1. ①,카자흐스탄,카자흐스탄,국가/지역,1년에 1회 이상,120.0,(120),21.165267202448952,%
2025_잠재방한객조사_일반외국인.xlsx,일반외국인,E3-1,<표E3-1> 한국 문화별 이용 빈도_1. 한국 대중가요,BASE:E1. ①,카자흐스탄,카자흐스탄,국가/지역,반기별 1회 이상,120.0,(120),13.481292893878747,%
2025_잠재방한객조사_일반외국인.xlsx,일반외국인,E3-1,<표E3-1> 한국 문화별 이용 빈도_1. 한국 대중가요,BASE:E1. ①,카자흐스탄,카자흐스탄,국가/지역,분기별 1회 이상,120.0,(120),7.8426234254165115,%
2025_잠재방한객조사_일반외국인.xlsx,일반외국인,E3-1,<표E3-1> 한국 문화별 이용 빈도_1. 한국 대중가요,BASE:E1. ①,카자흐스탄,카자흐스탄,국가/지역,한 달에 1회 이상,120.0,(120),16.415191979875964,%
2025_잠재방한객조사_일반외국인.xlsx,일반외국인,E3-1,<표E3-1> 한국 문화별 이용 빈도_1. 한국 대중가요,BASE:E1. ①,카자흐스탄,카자흐스탄,국가/지역,1주일에 1회 이상,120.0,(120),22.32388233569465,%
2025_잠재방한객조사_일반외국인.xlsx,일반외국인,E3-1,<표E3-1> 한국 문화별 이용 빈도_1. 한국 대중가요,BASE:E1. ①,카자흐스탄,카자흐스탄,국가/지역,거의 매일,120.0,(120),18.771742162685225,%
2025_잠재방한객조사_일반외국인.xlsx,일반외국인,E3-1,<표E3-1> 한국 문화별 이용 빈도_1. 한국 대중가요,BASE:E1. ①,카자흐스탄,카자흐스탄,국가/지역,계,120.0,(120),100,%
2025_잠재방한객조사_일반외국인.xlsx,일반외국인,E3-1,<표E3-1> 한국 문화별 이용 빈도_1. 한국 대중가요,BASE:E1. ①,튀르키예,튀르키예,국가/지역,1년에 1회 이상,125.0,(125),23.916412596362964,%
2025_잠재방한객조사_일반외국인.xlsx,일반외국인,E3-1,<표E3-1> 한국 문화별 이용 빈도_1. 한국 대중가요,BASE:E1. ①,튀르키예,튀르키예,국가/지역,반기별 1회 이상,125.0,(125),16.368081356968624,%
2025_잠재방한객조사_일반외국인.xlsx,일반외국인,E3-1,<표E3-1> 한국 문화별 이용 빈도_1. 한국 대중가요,BASE:E1. ①,튀르키예,튀르키예,국가/지역,분기별 1회 이상,125.0,(125),22.12771123067445,%
2025_잠재방한객조사_일반외국인.xlsx,일반외국인,E3-1,<표E3-1> 한국 문화별 이용 빈도_1. 한국 대중가요,BASE:E1. ①,튀르키예,튀르키예,국가/지역,한 달에 1회 이상,125.0,(125),14.108459240523644,%
2025_잠재방한객조사_일반외국인.xlsx,일반외국인,E3-1,<표E3-1> 한국 문화별 이용 빈도_1. 한국 대중가요,BASE:E1. ①,튀르키예,튀르키예,국가/지역,1주일에 1회 이상,125.0,(125),15.411156748533578,%
2025_잠재방한객조사_일반외국인.xlsx,일반외국인,E3-1,<표E3-1> 한국 문화별 이용 빈도_1. 한국 대중가요,BASE:E1. ①,튀르키예,튀르키예,국가/지역,거의 매일,125.0,(125),8.068178826936686,%
2025_잠재방한객조사_일반외국인.xlsx,일반외국인,E3-1,<표E3-1> 한국 문화별 이용 빈도_1. 한국 대중가요,BASE:E1. ①,튀르키예,튀르키예,국가/지역,계,125.0,(125),100,%
2025_잠재방한객조사_일반외국인.xlsx,일반외국인,E3-1,<표E3-1> 한국 문화별 이용 빈도_1. 한국 대중가요,BASE:E1. ①,브라질,브라질,국가/지역,1년에 1회 이상,140.0,(140),27.23748206849447,%
2025_잠재방한객조사_일반외국인.xlsx,일반외국인,E3-1,<표E3-1> 한국 문화별 이용 빈도_1. 한국 대중가요,BASE:E1. ①,브라질,브라질,국가/지역,반기별 1회 이상,140.0,(140),4.737334450657058,%
2025_잠재방한객조사_일반외국인.xlsx,일반외국인,E3-1,<표E3-1> 한국 문화별 이용 빈도_1. 한국 대중가요,BASE:E1. ①,브라질,브라질,국가/지역,분기별 1회 이상,140.0,(140),13.463855852776074,%
2025_잠재방한객조사_일반외국인.xlsx,일반외국인,E3-1,<표E3-1> 한국 문화별 이용 빈도_1. 한국 대중가요,BASE:E1. ①,브라질,브라질,국가/지역,한 달에 1회 이상,140.0,(140),20.172416843294055,%
2025_잠재방한객조사_일반외국인.xlsx,일반외국인,E3-1,<표E3-1> 한국 문화별 이용 빈도_1. 한국 대중가요,BASE:E1. ①,브라질,브라질,국가/지역,1주일에 1회 이상,140.0,(140),21.32908840438987,%
2025_잠재방한객조사_일반외국인.xlsx,일반외국인,E3-1,<표E3-1> 한국 문화별 이용 빈도_1. 한국 대중가요,BASE:E1. ①,브라질,브라질,국가/지역,거의 매일,140.0,(140),13.059822380388459,%
2025_잠재방한객조사_일반외국인.xlsx,일반외국인,E3-1,<표E3-1> 한국 문화별 이용 빈도_1. 한국 대중가요,BASE:E1. ①,브라질,브라질,국가/지역,계,140.0,(140),100,%
2025_잠재방한객조사_일반외국인.xlsx,일반외국인,E3-1,<표E3-1> 한국 문화별 이용 빈도_1. 한국 대중가요,BASE:E1. ①,사우디아라비아,사우디아라비아,국가/지역,1년에 1회 이상,95.0,(95),12.470652340729433,%
2025_잠재방한객조사_일반외국인.xlsx,일반외국인,E3-1,<표E3-1> 한국 문화별 이용 빈도_1. 한국 대중가요,BASE:E1. ①,사우디아라비아,사우디아라비아,국가/지역,반기별 1회 이상,95.0,(95),18.195090561584863,%
2025_잠재방한객조사_일반외국인.xlsx,일반외국인,E3-1,<표E3-1> 한국 문화별 이용 빈도_1. 한국 대중가요,BASE:E1. ①,사우디아라비아,사우디아라비아,국가/지역,분기별 1회 이상,95.0,(95),21.03798342330066,%
2025_잠재방한객조사_일반외국인.xlsx,일반외국인,E3-1,<표E3-1> 한국 문화별 이용 빈도_1. 한국 대중가요,BASE:E1. ①,사우디아라비아,사우디아라비아,국가/지역,한 달에 1회 이상,95.0,(95),20.761607166500134,%
2025_잠재방한객조사_일반외국인.xlsx,일반외국인,E3-1,<표E3-1> 한국 문화별 이용 빈도_1. 한국 대중가요,BASE:E1. ①,사우디아라비아,사우디아라비아,국가/지역,1주일에 1회 이상,95.0,(95),13.339168464218117,%
2025_잠재방한객조사_일반외국인.xlsx,일반외국인,E3-1,<표E3-1> 한국 문화별 이용 빈도_1. 한국 대중가요,BASE:E1. ①,사우디아라비아,사우디아라비아,국가/지역,거의 매일,95.0,(95),14.195498043666783,%
2025_잠재방한객조사_일반외국인.xlsx,일반외국인,E3-1,<표E3-1> 한국 문화별 이용 빈도_1. 한국 대중가요,BASE:E1. ①,사우디아라비아,사우디아라비아,국가/지역,계,95.0,(95),100,%
2025_잠재방한객조사_일반외국인.xlsx,일반외국인,E3-1,<표E3-1> 한국 문화별 이용 빈도_1. 한국 대중가요,BASE:E1. ①,아랍에미리트,UAE,국가/지역,1년에 1회 이상,144.0,(144),15.71750234570026,%
2025_잠재방한객조사_일반외국인.xlsx,일반외국인,E3-1,<표E3-1> 한국 문화별 이용 빈도_1. 한국 대중가요,BASE:E1. ①,아랍에미리트,UAE,국가/지역,반기별 1회 이상,144.0,(144),15.811821506725462,%
2025_잠재방한객조사_일반외국인.xlsx,일반외국인,E3-1,<표E3-1> 한국 문화별 이용 빈도_1. 한국 대중가요,BASE:E1. ①,아랍에미리트,UAE,국가/지역,분기별 1회 이상,144.0,(144),17.637462689280277,%
2025_잠재방한객조사_일반외국인.xlsx,일반외국인,E3-1,<표E3-1> 한국 문화별 이용 빈도_1. 한국 대중가요,BASE:E1. ①,아랍에미리트,UAE,국가/지역,한 달에 1회 이상,144.0,(144),23.847749949009202,%
2025_잠재방한객조사_일반외국인.xlsx,일반외국인,E3-1,<표E3-1> 한국 문화별 이용 빈도_1. 한국 대중가요,BASE:E1. ①,아랍에미리트,UAE,국가/지역,1주일에 1회 이상,144.0,(144),19.516381729702303,%
2025_잠재방한객조사_일반외국인.xlsx,일반외국인,E3-1,<표E3-1> 한국 문화별 이용 빈도_1. 한국 대중가요,BASE:E1. ①,아랍에미리트,UAE,국가/지역,거의 매일,144.0,(144),7.4690817795824636,%
2025_잠재방한객조사_일반외국인.xlsx,일반외국인,E3-1,<표E3-1> 한국 문화별 이용 빈도_1. 한국 대중가요,BASE:E1. ①,아랍에미리트,UAE,국가/지역,계,144.0,(144),100,%
2025_잠재방한객조사_일반외국인.xlsx,일반외국인,E3-2,<표E3-2> 한국 문화별 이용 빈도_2. 한국 드라마,BASE:E1. ②,전체,전체,전체,1년에 1회 이상,5979.0,(5979),16.150266798130797,%
2025_잠재방한객조사_일반외국인.xlsx,일반외국인,E3-2,<표E3-2> 한국 문화별 이용 빈도_2. 한국 드라마,BASE:E1. ②,전체,전체,전체,반기별 1회 이상,5979.0,(5979),11.949392529170975,%
2025_잠재방한객조사_일반외국인.xlsx,일반외국인,E3-2,<표E3-2> 한국 문화별 이용 빈도_2. 한국 드라마,BASE:E1. ②,전체,전체,전체,분기별 1회 이상,5979.0,(5979),16.710519912854725,%
2025_잠재방한객조사_일반외국인.xlsx,일반외국인,E3-2,<표E3-2> 한국 문화별 이용 빈도_2. 한국 드라마,BASE:E1. ②,전체,전체,전체,한 달에 1회 이상,5979.0,(5979),22.204503695849187,%
2025_잠재방한객조사_일반외국인.xlsx,일반외국인,E3-2,<표E3-2> 한국 문화별 이용 빈도_2. 한국 드라마,BASE:E1. ②,전체,전체,전체,1주일에 1회 이상,5979.0,(5979),20.751704715209247,%
2025_잠재방한객조사_일반외국인.xlsx,일반외국인,E3-2,<표E3-2> 한국 문화별 이용 빈도_2. 한국 드라마,BASE:E1. ②,전체,전체,전체,거의 매일,5979.0,(5979),12.233612348784519,%
2025_잠재방한객조사_일반외국인.xlsx,일반외국인,E3-2,<표E3-2> 한국 문화별 이용 빈도_2. 한국 드라마,BASE:E1. ②,전체,전체,전체,계,5979.0,(5979),100,%
2025_잠재방한객조사_일반외국인.xlsx,일반외국인,E3-2,<표E3-2> 한국 문화별 이용 빈도_2. 한국 드라마,BASE:E1. ②,중국,중국,국가/지역,1년에 1회 이상,920.0,(920),12.509133896470113,%
2025_잠재방한객조사_일반외국인.xlsx,일반외국인,E3-2,<표E3-2> 한국 문화별 이용 빈도_2. 한국 드라마,BASE:E1. ②,중국,중국,국가/지역,반기별 1회 이상,920.0,(920),14.278843907680406,%
2025_잠재방한객조사_일반외국인.xlsx,일반외국인,E3-2,<표E3-2> 한국 문화별 이용 빈도_2. 한국 드라마,BASE:E1. ②,중국,중국,국가/지역,분기별 1회 이상,920.0,(920),22.79771887529044,%
2025_잠재방한객조사_일반외국인.xlsx,일반외국인,E3-2,<표E3-2> 한국 문화별 이용 빈도_2. 한국 드라마,BASE:E1. ②,중국,중국,국가/지역,한 달에 1회 이상,920.0,(920),28.857246266035652,%
2025_잠재방한객조사_일반외국인.xlsx,일반외국인,E3-2,<표E3-2> 한국 문화별 이용 빈도_2. 한국 드라마,BASE:E1. ②,중국,중국,국가/지역,1주일에 1회 이상,920.0,(920),17.029430310059077,%
2025_잠재방한객조사_일반외국인.xlsx,일반외국인,E3-2,<표E3-2> 한국 문화별 이용 빈도_2. 한국 드라마,BASE:E1. ②,중국,중국,국가/지역,거의 매일,920.0,(920),4.527626744464189,%
2025_잠재방한객조사_일반외국인.xlsx,일반외국인,E3-2,<표E3-2> 한국 문화별 이용 빈도_2. 한국 드라마,BASE:E1. ②,중국,중국,국가/지역,계,920.0,(920),100,%
2025_잠재방한객조사_일반외국인.xlsx,일반외국인,E3-2,<표E3-2> 한국 문화별 이용 빈도_2. 한국 드라마,BASE:E1. ②,일본,일본,국가/지역,1년에 1회 이상,511.0,(511),34.74758941049935,%
2025_잠재방한객조사_일반외국인.xlsx,일반외국인,E3-2,<표E3-2> 한국 문화별 이용 빈도_2. 한국 드라마,BASE:E1. ②,일본,일본,국가/지역,반기별 1회 이상,511.0,(511),8.681028276325868,%
2025_잠재방한객조사_일반외국인.xlsx,일반외국인,E3-2,<표E3-2> 한국 문화별 이용 빈도_2. 한국 드라마,BASE:E1. ②,일본,일본,국가/지역,분기별 1회 이상,511.0,(511),13.525851990212848,%
2025_잠재방한객조사_일반외국인.xlsx,일반외국인,E3-2,<표E3-2> 한국 문화별 이용 빈도_2. 한국 드라마,BASE:E1. ②,일본,일본,국가/지역,한 달에 1회 이상,511.0,(511),17.211876480422887,%
2025_잠재방한객조사_일반외국인.xlsx,일반외국인,E3-2,<표E3-2> 한국 문화별 이용 빈도_2. 한국 드라마,BASE:E1. ②,일본,일본,국가/지역,1주일에 1회 이상,511.0,(511),17.638588629494002,%
2025_잠재방한객조사_일반외국인.xlsx,일반외국인,E3-2,<표E3-2> 한국 문화별 이용 빈도_2. 한국 드라마,BASE:E1. ②,일본,일본,국가/지역,거의 매일,511.0,(511),8.195065213044925,%
2025_잠재방한객조사_일반외국인.xlsx,일반외국인,E3-2,<표E3-2> 한국 문화별 이용 빈도_2. 한국 드라마,BASE:E1. ②,일본,일본,국가/지역,계,511.0,(511),100,%
2025_잠재방한객조사_일반외국인.xlsx,일반외국인,E3-2,<표E3-2> 한국 문화별 이용 빈도_2. 한국 드라마,BASE:E1. ②,대만,대만,국가/지역,1년에 1회 이상,221.0,(221),12.31772670855771,%
2025_잠재방한객조사_일반외국인.xlsx,일반외국인,E3-2,<표E3-2> 한국 문화별 이용 빈도_2. 한국 드라마,BASE:E1. ②,대만,대만,국가/지역,반기별 1회 이상,221.0,(221),13.02259824075833,%
2025_잠재방한객조사_일반외국인.xlsx,일반외국인,E3-2,<표E3-2> 한국 문화별 이용 빈도_2. 한국 드라마,BASE:E1. ②,대만,대만,국가/지역,분기별 1회 이상,221.0,(221),21.086938799617887,%
2025_잠재방한객조사_일반외국인.xlsx,일반외국인,E3-2,<표E3-2> 한국 문화별 이용 빈도_2. 한국 드라마,BASE:E1. ②,대만,대만,국가/지역,한 달에 1회 이상,221.0,(221),25.42948976622353,%
2025_잠재방한객조사_일반외국인.xlsx,일반외국인,E3-2,<표E3-2> 한국 문화별 이용 빈도_2. 한국 드라마,BASE:E1. ②,대만,대만,국가/지역,1주일에 1회 이상,221.0,(221),17.468062828396217,%
2025_잠재방한객조사_일반외국인.xlsx,일반외국인,E3-2,<표E3-2> 한국 문화별 이용 빈도_2. 한국 드라마,BASE:E1. ②,대만,대만,국가/지역,거의 매일,221.0,(221),10.67518365644618,%
2025_잠재방한객조사_일반외국인.xlsx,일반외국인,E3-2,<표E3-2> 한국 문화별 이용 빈도_2. 한국 드라마,BASE:E1. ②,대만,대만,국가/지역,계,221.0,(221),100,%
2025_잠재방한객조사_일반외국인.xlsx,일반외국인,E3-2,<표E3-2> 한국 문화별 이용 빈도_2. 한국 드라마,BASE:E1. ②,미국,미국,국가/지역,1년에 1회 이상,225.0,(225),21.848373861752783,%
2025_잠재방한객조사_일반외국인.xlsx,일반외국인,E3-2,<표E3-2> 한국 문화별 이용 빈도_2. 한국 드라마,BASE:E1. ②,미국,미국,국가/지역,반기별 1회 이상,225.0,(225),17.327758395114394,%
2025_잠재방한객조사_일반외국인.xlsx,일반외국인,E3-2,<표E3-2> 한국 문화별 이용 빈도_2. 한국 드라마,BASE:E1. ②,미국,미국,국가/지역,분기별 1회 이상,225.0,(225),19.66529660524768,%
2025_잠재방한객조사_일반외국인.xlsx,일반외국인,E3-2,<표E3-2> 한국 문화별 이용 빈도_2. 한국 드라마,BASE:E1. ②,미국,미국,국가/지역,한 달에 1회 이상,225.0,(225),24.02997616706762,%
2025_잠재방한객조사_일반외국인.xlsx,일반외국인,E3-2,<표E3-2> 한국 문화별 이용 빈도_2. 한국 드라마,BASE:E1. ②,미국,미국,국가/지역,1주일에 1회 이상,225.0,(225),12.806598898106685,%
2025_잠재방한객조사_일반외국인.xlsx,일반외국인,E3-2,<표E3-2> 한국 문화별 이용 빈도_2. 한국 드라마,BASE:E1. ②,미국,미국,국가/지역,거의 매일,225.0,(225),4.321996072710968,%
2025_잠재방한객조사_일반외국인.xlsx,일반외국인,E3-2,<표E3-2> 한국 문화별 이용 빈도_2. 한국 드라마,BASE:E1. ②,미국,미국,국가/지역,계,225.0,(225),100,%
2025_잠재방한객조사_일반외국인.xlsx,일반외국인,E3-2,<표E3-2> 한국 문화별 이용 빈도_2. 한국 드라마,BASE:E1. ②,필리핀,필리핀,국가/지역,1년에 1회 이상,305.0,(305),3.6416856853083877,%
2025_잠재방한객조사_일반외국인.xlsx,일반외국인,E3-2,<표E3-2> 한국 문화별 이용 빈도_2. 한국 드라마,BASE:E1. ②,필리핀,필리핀,국가/지역,반기별 1회 이상,305.0,(305),6.275793276307208,%
2025_잠재방한객조사_일반외국인.xlsx,일반외국인,E3-2,<표E3-2> 한국 문화별 이용 빈도_2. 한국 드라마,BASE:E1. ②,필리핀,필리핀,국가/지역,분기별 1회 이상,305.0,(305),7.489017859292191,%
2025_잠재방한객조사_일반외국인.xlsx,일반외국인,E3-2,<표E3-2> 한국 문화별 이용 빈도_2. 한국 드라마,BASE:E1. ②,필리핀,필리핀,국가/지역,한 달에 1회 이상,305.0,(305),21.008882233976884,%
2025_잠재방한객조사_일반외국인.xlsx,일반외국인,E3-2,<표E3-2> 한국 문화별 이용 빈도_2. 한국 드라마,BASE:E1. ②,필리핀,필리핀,국가/지역,1주일에 1회 이상,305.0,(305),28.188039758481047,%
2025_잠재방한객조사_일반외국인.xlsx,일반외국인,E3-2,<표E3-2> 한국 문화별 이용 빈도_2. 한국 드라마,BASE:E1. ②,필리핀,필리핀,국가/지역,거의 매일,305.0,(305),33.396581186634215,%
2025_잠재방한객조사_일반외국인.xlsx,일반외국인,E3-2,<표E3-2> 한국 문화별 이용 빈도_2. 한국 드라마,BASE:E1. ②,필리핀,필리핀,국가/지역,계,305.0,(305),100,%
2025_잠재방한객조사_일반외국인.xlsx,일반외국인,E3-2,<표E3-2> 한국 문화별 이용 빈도_2. 한국 드라마,BASE:E1. ②,베트남,베트남,국가/지역,1년에 1회 이상,235.0,(235),8.281338411388823,%
2025_잠재방한객조사_일반외국인.xlsx,일반외국인,E3-2,<표E3-2> 한국 문화별 이용 빈도_2. 한국 드라마,BASE:E1. ②,베트남,베트남,국가/지역,반기별 1회 이상,235.0,(235),10.14787010459728,%
2025_잠재방한객조사_일반외국인.xlsx,일반외국인,E3-2,<표E3-2> 한국 문화별 이용 빈도_2. 한국 드라마,BASE:E1. ②,베트남,베트남,국가/지역,분기별 1회 이상,235.0,(235),13.852756388070281,%
2025_잠재방한객조사_일반외국인.xlsx,일반외국인,E3-2,<표E3-2> 한국 문화별 이용 빈도_2. 한국 드라마,BASE:E1. ②,베트남,베트남,국가/지역,한 달에 1회 이상,235.0,(235),23.985724081474817,%
2025_잠재방한객조사_일반외국인.xlsx,일반외국인,E3-2,<표E3-2> 한국 문화별 이용 빈도_2. 한국 드라마,BASE:E1. ②,베트남,베트남,국가/지역,1주일에 1회 이상,235.0,(235),32.138224868691154,%
2025_잠재방한객조사_일반외국인.xlsx,일반외국인,E3-2,<표E3-2> 한국 문화별 이용 빈도_2. 한국 드라마,BASE:E1. ②,베트남,베트남,국가/지역,거의 매일,235.0,(235),11.594086145777691,%
2025_잠재방한객조사_일반외국인.xlsx,일반외국인,E3-2,<표E3-2> 한국 문화별 이용 빈도_2. 한국 드라마,BASE:E1. ②,베트남,베트남,국가/지역,계,235.0,(235),100,%
2025_잠재방한객조사_일반외국인.xlsx,일반외국인,E3-2,<표E3-2> 한국 문화별 이용 빈도_2. 한국 드라마,BASE:E1. ②,싱가포르,싱가포르,국가/지역,1년에 1회 이상,236.0,(236),15.338924521158267,%
2025_잠재방한객조사_일반외국인.xlsx,일반외국인,E3-2,<표E3-2> 한국 문화별 이용 빈도_2. 한국 드라마,BASE:E1. ②,싱가포르,싱가포르,국가/지역,반기별 1회 이상,236.0,(236),7.258623304167193,%
2025_잠재방한객조사_일반외국인.xlsx,일반외국인,E3-2,<표E3-2> 한국 문화별 이용 빈도_2. 한국 드라마,BASE:E1. ②,싱가포르,싱가포르,국가/지역,분기별 1회 이상,236.0,(236),14.311672334060333,%
2025_잠재방한객조사_일반외국인.xlsx,일반외국인,E3-2,<표E3-2> 한국 문화별 이용 빈도_2. 한국 드라마,BASE:E1. ②,싱가포르,싱가포르,국가/지역,한 달에 1회 이상,236.0,(236),19.500063322846895,%
2025_잠재방한객조사_일반외국인.xlsx,일반외국인,E3-2,<표E3-2> 한국 문화별 이용 빈도_2. 한국 드라마,BASE:E1. ②,싱가포르,싱가포르,국가/지역,1주일에 1회 이상,236.0,(236),27.44093284781406,%
2025_잠재방한객조사_일반외국인.xlsx,일반외국인,E3-2,<표E3-2> 한국 문화별 이용 빈도_2. 한국 드라마,BASE:E1. ②,싱가포르,싱가포르,국가/지역,거의 매일,236.0,(236),16.14978366995336,%
2025_잠재방한객조사_일반외국인.xlsx,일반외국인,E3-2,<표E3-2> 한국 문화별 이용 빈도_2. 한국 드라마,BASE:E1. ②,싱가포르,싱가포르,국가/지역,계,236.0,(236),100,%
2025_잠재방한객조사_일반외국인.xlsx,일반외국인,E3-2,<표E3-2> 한국 문화별 이용 빈도_2. 한국 드라마,BASE:E1. ②,인도네시아,인도네시아,국가/지역,1년에 1회 이상,294.0,(294),8.673809570618644,%
2025_잠재방한객조사_일반외국인.xlsx,일반외국인,E3-2,<표E3-2> 한국 문화별 이용 빈도_2. 한국 드라마,BASE:E1. ②,인도네시아,인도네시아,국가/지역,반기별 1회 이상,294.0,(294),5.638280077202538,%
2025_잠재방한객조사_일반외국인.xlsx,일반외국인,E3-2,<표E3-2> 한국 문화별 이용 빈도_2. 한국 드라마,BASE:E1. ②,인도네시아,인도네시아,국가/지역,분기별 1회 이상,294.0,(294),8.55509381885721,%
2025_잠재방한객조사_일반외국인.xlsx,일반외국인,E3-2,<표E3-2> 한국 문화별 이용 빈도_2. 한국 드라마,BASE:E1. ②,인도네시아,인도네시아,국가/지역,한 달에 1회 이상,294.0,(294),22.040477382335872,%
2025_잠재방한객조사_일반외국인.xlsx,일반외국인,E3-2,<표E3-2> 한국 문화별 이용 빈도_2. 한국 드라마,BASE:E1. ②,인도네시아,인도네시아,국가/지역,1주일에 1회 이상,294.0,(294),30.024461742740066,%
2025_잠재방한객조사_일반외국인.xlsx,일반외국인,E3-2,<표E3-2> 한국 문화별 이용 빈도_2. 한국 드라마,BASE:E1. ②,인도네시아,인도네시아,국가/지역,거의 매일,294.0,(294),25.067877408245653,%
2025_잠재방한객조사_일반외국인.xlsx,일반외국인,E3-2,<표E3-2> 한국 문화별 이용 빈도_2. 한국 드라마,BASE:E1. ②,인도네시아,인도네시아,국가/지역,계,294.0,(294),100,%
2025_잠재방한객조사_일반외국인.xlsx,일반외국인,E3-2,<표E3-2> 한국 문화별 이용 빈도_2. 한국 드라마,BASE:E1. ②,태국,태국,국가/지역,1년에 1회 이상,227.0,(227),9.350568293905763,%
2025_잠재방한객조사_일반외국인.xlsx,일반외국인,E3-2,<표E3-2> 한국 문화별 이용 빈도_2. 한국 드라마,BASE:E1. ②,태국,태국,국가/지역,반기별 1회 이상,227.0,(227),6.76737172982654,%
2025_잠재방한객조사_일반외국인.xlsx,일반외국인,E3-2,<표E3-2> 한국 문화별 이용 빈도_2. 한국 드라마,BASE:E1. ②,태국,태국,국가/지역,분기별 1회 이상,227.0,(227),16.551535154667654,%
2025_잠재방한객조사_일반외국인.xlsx,일반외국인,E3-2,<표E3-2> 한국 문화별 이용 빈도_2. 한국 드라마,BASE:E1. ②,태국,태국,국가/지역,한 달에 1회 이상,227.0,(227),18.787342496103843,%
2025_잠재방한객조사_일반외국인.xlsx,일반외국인,E3-2,<표E3-2> 한국 문화별 이용 빈도_2. 한국 드라마,BASE:E1. ②,태국,태국,국가/지역,1주일에 1회 이상,227.0,(227),27.609647085642003,%
2025_잠재방한객조사_일반외국인.xlsx,일반외국인,E3-2,<표E3-2> 한국 문화별 이용 빈도_2. 한국 드라마,BASE:E1. ②,태국,태국,국가/지역,거의 매일,227.0,(227),20.933535239854077,%
2025_잠재방한객조사_일반외국인.xlsx,일반외국인,E3-2,<표E3-2> 한국 문화별 이용 빈도_2. 한국 드라마,BASE:E1. ②,태국,태국,국가/지역,계,227.0,(227),100,%
2025_잠재방한객조사_일반외국인.xlsx,일반외국인,E3-2,<표E3-2> 한국 문화별 이용 빈도_2. 한국 드라마,BASE:E1. ②,말레이시아,말레이시아,국가/지역,1년에 1회 이상,271.0,(271),10.79347906038186,%
2025_잠재방한객조사_일반외국인.xlsx,일반외국인,E3-2,<표E3-2> 한국 문화별 이용 빈도_2. 한국 드라마,BASE:E1. ②,말레이시아,말레이시아,국가/지역,반기별 1회 이상,271.0,(271),7.775347567056484,%
2025_잠재방한객조사_일반외국인.xlsx,일반외국인,E3-2,<표E3-2> 한국 문화별 이용 빈도_2. 한국 드라마,BASE:E1. ②,말레이시아,말레이시아,국가/지역,분기별 1회 이상,271.0,(271),11.338181070642738,%
2025_잠재방한객조사_일반외국인.xlsx,일반외국인,E3-2,<표E3-2> 한국 문화별 이용 빈도_2. 한국 드라마,BASE:E1. ②,말레이시아,말레이시아,국가/지역,한 달에 1회 이상,271.0,(271),18.607241732942427,%
2025_잠재방한객조사_일반외국인.xlsx,일반외국인,E3-2,<표E3-2> 한국 문화별 이용 빈도_2. 한국 드라마,BASE:E1. ②,말레이시아,말레이시아,국가/지역,1주일에 1회 이상,271.0,(271),30.317136358118535,%
2025_잠재방한객조사_일반외국인.xlsx,일반외국인,E3-2,<표E3-2> 한국 문화별 이용 빈도_2. 한국 드라마,BASE:E1. ②,말레이시아,말레이시아,국가/지역,거의 매일,271.0,(271),21.168614210858056,%
2025_잠재방한객조사_일반외국인.xlsx,일반외국인,E3-2,<표E3-2> 한국 문화별 이용 빈도_2. 한국 드라마,BASE:E1. ②,말레이시아,말레이시아,국가/지역,계,271.0,(271),100,%
2025_잠재방한객조사_일반외국인.xlsx,일반외국인,E3-2,<표E3-2> 한국 문화별 이용 빈도_2. 한국 드라마,BASE:E1. ②,캐나다,캐나다,국가/지역,1년에 1회 이상,104.0,(104),30.86262521497937,%
2025_잠재방한객조사_일반외국인.xlsx,일반외국인,E3-2,<표E3-2> 한국 문화별 이용 빈도_2. 한국 드라마,BASE:E1. ②,캐나다,캐나다,국가/지역,반기별 1회 이상,104.0,(104),15.399397448812161,%
2025_잠재방한객조사_일반외국인.xlsx,일반외국인,E3-2,<표E3-2> 한국 문화별 이용 빈도_2. 한국 드라마,BASE:E1. ②,캐나다,캐나다,국가/지역,분기별 1회 이상,104.0,(104),15.120731113611791,%
2025_잠재방한객조사_일반외국인.xlsx,일반외국인,E3-2,<표E3-2> 한국 문화별 이용 빈도_2. 한국 드라마,BASE:E1. ②,캐나다,캐나다,국가/지역,한 달에 1회 이상,104.0,(104),18.92528342242595,%
2025_잠재방한객조사_일반외국인.xlsx,일반외국인,E3-2,<표E3-2> 한국 문화별 이용 빈도_2. 한국 드라마,BASE:E1. ②,캐나다,캐나다,국가/지역,1주일에 1회 이상,104.0,(104),18.17117274739657,%
2025_잠재방한객조사_일반외국인.xlsx,일반외국인,E3-2,<표E3-2> 한국 문화별 이용 빈도_2. 한국 드라마,BASE:E1. ②,캐나다,캐나다,국가/지역,거의 매일,104.0,(104),1.5207900527741085,%
2025_잠재방한객조사_일반외국인.xlsx,일반외국인,E3-2,<표E3-2> 한국 문화별 이용 빈도_2. 한국 드라마,BASE:E1. ②,캐나다,캐나다,국가/지역,계,104.0,(104),100,%
2025_잠재방한객조사_일반외국인.xlsx,일반외국인,E3-2,<표E3-2> 한국 문화별 이용 빈도_2. 한국 드라마,BASE:E1. ②,호주,호주,국가/지역,1년에 1회 이상,103.0,(103),25.072627711775247,%
2025_잠재방한객조사_일반외국인.xlsx,일반외국인,E3-2,<표E3-2> 한국 문화별 이용 빈도_2. 한국 드라마,BASE:E1. ②,호주,호주,국가/지역,반기별 1회 이상,103.0,(103),17.298718538194176,%
2025_잠재방한객조사_일반외국인.xlsx,일반외국인,E3-2,<표E3-2> 한국 문화별 이용 빈도_2. 한국 드라마,BASE:E1. ②,호주,호주,국가/지역,분기별 1회 이상,103.0,(103),23.378245659019104,%
2025_잠재방한객조사_일반외국인.xlsx,일반외국인,E3-2,<표E3-2> 한국 문화별 이용 빈도_2. 한국 드라마,BASE:E1. ②,호주,호주,국가/지역,한 달에 1회 이상,103.0,(103),21.21431000592056,%
2025_잠재방한객조사_일반외국인.xlsx,일반외국인,E3-2,<표E3-2> 한국 문화별 이용 빈도_2. 한국 드라마,BASE:E1. ②,호주,호주,국가/지역,1주일에 1회 이상,103.0,(103),12.190747824073586,%
2025_잠재방한객조사_일반외국인.xlsx,일반외국인,E3-2,<표E3-2> 한국 문화별 이용 빈도_2. 한국 드라마,BASE:E1. ②,호주,호주,국가/지역,거의 매일,103.0,(103),0.8453502610173015,%
2025_잠재방한객조사_일반외국인.xlsx,일반외국인,E3-2,<표E3-2> 한국 문화별 이용 빈도_2. 한국 드라마,BASE:E1. ②,호주,호주,국가/지역,계,103.0,(103),100,%
2025_잠재방한객조사_일반외국인.xlsx,일반외국인,E3-2,<표E3-2> 한국 문화별 이용 빈도_2. 한국 드라마,BASE:E1. ②,러시아,러시아,국가/지역,1년에 1회 이상,220.0,(220),22.36852406230918,%
2025_잠재방한객조사_일반외국인.xlsx,일반외국인,E3-2,<표E3-2> 한국 문화별 이용 빈도_2. 한국 드라마,BASE:E1. ②,러시아,러시아,국가/지역,반기별 1회 이상,220.0,(220),22.936392694922823,%
2025_잠재방한객조사_일반외국인.xlsx,일반외국인,E3-2,<표E3-2> 한국 문화별 이용 빈도_2. 한국 드라마,BASE:E1. ②,러시아,러시아,국가/지역,분기별 1회 이상,220.0,(220),13.78603904954917,%
2025_잠재방한객조사_일반외국인.xlsx,일반외국인,E3-2,<표E3-2> 한국 문화별 이용 빈도_2. 한국 드라마,BASE:E1. ②,러시아,러시아,국가/지역,한 달에 1회 이상,220.0,(220),17.39081288943333,%
2025_잠재방한객조사_일반외국인.xlsx,일반외국인,E3-2,<표E3-2> 한국 문화별 이용 빈도_2. 한국 드라마,BASE:E1. ②,러시아,러시아,국가/지역,1주일에 1회 이상,220.0,(220),11.506826076234306,%
2025_잠재방한객조사_일반외국인.xlsx,일반외국인,E3-2,<표E3-2> 한국 문화별 이용 빈도_2. 한국 드라마,BASE:E1. ②,러시아,러시아,국가/지역,거의 매일,220.0,(220),12.011405227551169,%
2025_잠재방한객조사_일반외국인.xlsx,일반외국인,E3-2,<표E3-2> 한국 문화별 이용 빈도_2. 한국 드라마,BASE:E1. ②,러시아,러시아,국가/지역,계,220.0,(220),100,%
2025_잠재방한객조사_일반외국인.xlsx,일반외국인,E3-2,<표E3-2> 한국 문화별 이용 빈도_2. 한국 드라마,BASE:E1. ②,인도,인도,국가/지역,1년에 1회 이상,225.0,(225),8.834826752126695,%
2025_잠재방한객조사_일반외국인.xlsx,일반외국인,E3-2,<표E3-2> 한국 문화별 이용 빈도_2. 한국 드라마,BASE:E1. ②,인도,인도,국가/지역,반기별 1회 이상,225.0,(225),8.582709867215353,%
2025_잠재방한객조사_일반외국인.xlsx,일반외국인,E3-2,<표E3-2> 한국 문화별 이용 빈도_2. 한국 드라마,BASE:E1. ②,인도,인도,국가/지역,분기별 1회 이상,225.0,(225),10.106339198607442,%
2025_잠재방한객조사_일반외국인.xlsx,일반외국인,E3-2,<표E3-2> 한국 문화별 이용 빈도_2. 한국 드라마,BASE:E1. ②,인도,인도,국가/지역,한 달에 1회 이상,225.0,(225),24.67213596186919,%
2025_잠재방한객조사_일반외국인.xlsx,일반외국인,E3-2,<표E3-2> 한국 문화별 이용 빈도_2. 한국 드라마,BASE:E1. ②,인도,인도,국가/지역,1주일에 1회 이상,225.0,(225),31.140880456856774,%
2025_잠재방한객조사_일반외국인.xlsx,일반외국인,E3-2,<표E3-2> 한국 문화별 이용 빈도_2. 한국 드라마,BASE:E1. ②,인도,인도,국가/지역,거의 매일,225.0,(225),16.66310776332444,%
2025_잠재방한객조사_일반외국인.xlsx,일반외국인,E3-2,<표E3-2> 한국 문화별 이용 빈도_2. 한국 드라마,BASE:E1. ②,인도,인도,국가/지역,계,225.0,(225),100,%
2025_잠재방한객조사_일반외국인.xlsx,일반외국인,E3-2,<표E3-2> 한국 문화별 이용 빈도_2. 한국 드라마,BASE:E1. ②,프랑스,프랑스,국가/지역,1년에 1회 이상,84.0,(84),24.342787533890984,%
2025_잠재방한객조사_일반외국인.xlsx,일반외국인,E3-2,<표E3-2> 한국 문화별 이용 빈도_2. 한국 드라마,BASE:E1. ②,프랑스,프랑스,국가/지역,반기별 1회 이상,84.0,(84),11.596934808363041,%
2025_잠재방한객조사_일반외국인.xlsx,일반외국인,E3-2,<표E3-2> 한국 문화별 이용 빈도_2. 한국 드라마,BASE:E1. ②,프랑스,프랑스,국가/지역,분기별 1회 이상,84.0,(84),28.03312450110526,%
2025_잠재방한객조사_일반외국인.xlsx,일반외국인,E3-2,<표E3-2> 한국 문화별 이용 빈도_2. 한국 드라마,BASE:E1. ②,프랑스,프랑스,국가/지역,한 달에 1회 이상,84.0,(84),17.878292514125484,%
2025_잠재방한객조사_일반외국인.xlsx,일반외국인,E3-2,<표E3-2> 한국 문화별 이용 빈도_2. 한국 드라마,BASE:E1. ②,프랑스,프랑스,국가/지역,1주일에 1회 이상,84.0,(84),12.92136846805671,%
2025_잠재방한객조사_일반외국인.xlsx,일반외국인,E3-2,<표E3-2> 한국 문화별 이용 빈도_2. 한국 드라마,BASE:E1. ②,프랑스,프랑스,국가/지역,거의 매일,84.0,(84),5.227492174458505,%
2025_잠재방한객조사_일반외국인.xlsx,일반외국인,E3-2,<표E3-2> 한국 문화별 이용 빈도_2. 한국 드라마,BASE:E1. ②,프랑스,프랑스,국가/지역,계,84.0,(84),100,%
2025_잠재방한객조사_일반외국인.xlsx,일반외국인,E3-2,<표E3-2> 한국 문화별 이용 빈도_2. 한국 드라마,BASE:E1. ②,독일,독일,국가/지역,1년에 1회 이상,67.0,(67),32.973168009606034,%
2025_잠재방한객조사_일반외국인.xlsx,일반외국인,E3-2,<표E3-2> 한국 문화별 이용 빈도_2. 한국 드라마,BASE:E1. ②,독일,독일,국가/지역,반기별 1회 이상,67.0,(67),28.198927093400933,%
2025_잠재방한객조사_일반외국인.xlsx,일반외국인,E3-2,<표E3-2> 한국 문화별 이용 빈도_2. 한국 드라마,BASE:E1. ②,독일,독일,국가/지역,분기별 1회 이상,67.0,(67),17.61575353554501,%
2025_잠재방한객조사_일반외국인.xlsx,일반외국인,E3-2,<표E3-2> 한국 문화별 이용 빈도_2. 한국 드라마,BASE:E1. ②,독일,독일,국가/지역,한 달에 1회 이상,67.0,(67),12.17029366196659,%
2025_잠재방한객조사_일반외국인.xlsx,일반외국인,E3-2,<표E3-2> 한국 문화별 이용 빈도_2. 한국 드라마,BASE:E1. ②,독일,독일,국가/지역,1주일에 1회 이상,67.0,(67),7.8785167531361635,%
2025_잠재방한객조사_일반외국인.xlsx,일반외국인,E3-2,<표E3-2> 한국 문화별 이용 빈도_2. 한국 드라마,BASE:E1. ②,독일,독일,국가/지역,거의 매일,67.0,(67),1.1633409463453155,%
2025_잠재방한객조사_일반외국인.xlsx,일반외국인,E3-2,<표E3-2> 한국 문화별 이용 빈도_2. 한국 드라마,BASE:E1. ②,독일,독일,국가/지역,계,67.0,(67),100,%
2025_잠재방한객조사_일반외국인.xlsx,일반외국인,E3-2,<표E3-2> 한국 문화별 이용 빈도_2. 한국 드라마,BASE:E1. ②,영국,영국,국가/지역,1년에 1회 이상,125.0,(125),14.654147151266372,%
2025_잠재방한객조사_일반외국인.xlsx,일반외국인,E3-2,<표E3-2> 한국 문화별 이용 빈도_2. 한국 드라마,BASE:E1. ②,영국,영국,국가/지역,반기별 1회 이상,125.0,(125),19.011988106377604,%
2025_잠재방한객조사_일반외국인.xlsx,일반외국인,E3-2,<표E3-2> 한국 문화별 이용 빈도_2. 한국 드라마,BASE:E1. ②,영국,영국,국가/지역,분기별 1회 이상,125.0,(125),25.909886236090358,%
2025_잠재방한객조사_일반외국인.xlsx,일반외국인,E3-2,<표E3-2> 한국 문화별 이용 빈도_2. 한국 드라마,BASE:E1. ②,영국,영국,국가/지역,한 달에 1회 이상,125.0,(125),21.533174970659292,%
2025_잠재방한객조사_일반외국인.xlsx,일반외국인,E3-2,<표E3-2> 한국 문화별 이용 빈도_2. 한국 드라마,BASE:E1. ②,영국,영국,국가/지역,1주일에 1회 이상,125.0,(125),14.875334391358638,%
2025_잠재방한객조사_일반외국인.xlsx,일반외국인,E3-2,<표E3-2> 한국 문화별 이용 빈도_2. 한국 드라마,BASE:E1. ②,영국,영국,국가/지역,거의 매일,125.0,(125),4.015469144247754,%
2025_잠재방한객조사_일반외국인.xlsx,일반외국인,E3-2,<표E3-2> 한국 문화별 이용 빈도_2. 한국 드라마,BASE:E1. ②,영국,영국,국가/지역,계,125.0,(125),100,%
2025_잠재방한객조사_일반외국인.xlsx,일반외국인,E3-2,<표E3-2> 한국 문화별 이용 빈도_2. 한국 드라마,BASE:E1. ②,멕시코,멕시코,국가/지역,1년에 1회 이상,211.0,(211),11.32097393637256,%
2025_잠재방한객조사_일반외국인.xlsx,일반외국인,E3-2,<표E3-2> 한국 문화별 이용 빈도_2. 한국 드라마,BASE:E1. ②,멕시코,멕시코,국가/지역,반기별 1회 이상,211.0,(211),10.65180605173721,%
2025_잠재방한객조사_일반외국인.xlsx,일반외국인,E3-2,<표E3-2> 한국 문화별 이용 빈도_2. 한국 드라마,BASE:E1. ②,멕시코,멕시코,국가/지역,분기별 1회 이상,211.0,(211),18.582927496117726,%
2025_잠재방한객조사_일반외국인.xlsx,일반외국인,E3-2,<표E3-2> 한국 문화별 이용 빈도_2. 한국 드라마,BASE:E1. ②,멕시코,멕시코,국가/지역,한 달에 1회 이상,211.0,(211),21.532227953623636,%
2025_잠재방한객조사_일반외국인.xlsx,일반외국인,E3-2,<표E3-2> 한국 문화별 이용 빈도_2. 한국 드라마,BASE:E1. ②,멕시코,멕시코,국가/지역,1주일에 1회 이상,211.0,(211),24.585484763787232,%
2025_잠재방한객조사_일반외국인.xlsx,일반외국인,E3-2,<표E3-2> 한국 문화별 이용 빈도_2. 한국 드라마,BASE:E1. ②,멕시코,멕시코,국가/지역,거의 매일,211.0,(211),13.326579798361582,%
2025_잠재방한객조사_일반외국인.xlsx,일반외국인,E3-2,<표E3-2> 한국 문화별 이용 빈도_2. 한국 드라마,BASE:E1. ②,멕시코,멕시코,국가/지역,계,211.0,(211),100,%
2025_잠재방한객조사_일반외국인.xlsx,일반외국인,E3-2,<표E3-2> 한국 문화별 이용 빈도_2. 한국 드라마,BASE:E1. ②,카자흐스탄,카자흐스탄,국가/지역,1년에 1회 이상,179.0,(179),21.737565453146036,%
2025_잠재방한객조사_일반외국인.xlsx,일반외국인,E3-2,<표E3-2> 한국 문화별 이용 빈도_2. 한국 드라마,BASE:E1. ②,카자흐스탄,카자흐스탄,국가/지역,반기별 1회 이상,179.0,(179),10.556324472521906,%
2025_잠재방한객조사_일반외국인.xlsx,일반외국인,E3-2,<표E3-2> 한국 문화별 이용 빈도_2. 한국 드라마,BASE:E1. ②,카자흐스탄,카자흐스탄,국가/지역,분기별 1회 이상,179.0,(179),16.13277116962662,%
2025_잠재방한객조사_일반외국인.xlsx,일반외국인,E3-2,<표E3-2> 한국 문화별 이용 빈도_2. 한국 드라마,BASE:E1. ②,카자흐스탄,카자흐스탄,국가/지역,한 달에 1회 이상,179.0,(179),19.230232382584735,%
2025_잠재방한객조사_일반외국인.xlsx,일반외국인,E3-2,<표E3-2> 한국 문화별 이용 빈도_2. 한국 드라마,BASE:E1. ②,카자흐스탄,카자흐스탄,국가/지역,1주일에 1회 이상,179.0,(179),18.088944120920168,%
2025_잠재방한객조사_일반외국인.xlsx,일반외국인,E3-2,<표E3-2> 한국 문화별 이용 빈도_2. 한국 드라마,BASE:E1. ②,카자흐스탄,카자흐스탄,국가/지역,거의 매일,179.0,(179),14.25416240120064,%
2025_잠재방한객조사_일반외국인.xlsx,일반외국인,E3-2,<표E3-2> 한국 문화별 이용 빈도_2. 한국 드라마,BASE:E1. ②,카자흐스탄,카자흐스탄,국가/지역,계,179.0,(179),100,%
2025_잠재방한객조사_일반외국인.xlsx,일반외국인,E3-2,<표E3-2> 한국 문화별 이용 빈도_2. 한국 드라마,BASE:E1. ②,튀르키예,튀르키예,국가/지역,1년에 1회 이상,188.0,(188),21.241034799372123,%
2025_잠재방한객조사_일반외국인.xlsx,일반외국인,E3-2,<표E3-2> 한국 문화별 이용 빈도_2. 한국 드라마,BASE:E1. ②,튀르키예,튀르키예,국가/지역,반기별 1회 이상,188.0,(188),17.014526461957416,%
2025_잠재방한객조사_일반외국인.xlsx,일반외국인,E3-2,<표E3-2> 한국 문화별 이용 빈도_2. 한국 드라마,BASE:E1. ②,튀르키예,튀르키예,국가/지역,분기별 1회 이상,188.0,(188),18.468603538443016,%
2025_잠재방한객조사_일반외국인.xlsx,일반외국인,E3-2,<표E3-2> 한국 문화별 이용 빈도_2. 한국 드라마,BASE:E1. ②,튀르키예,튀르키예,국가/지역,한 달에 1회 이상,188.0,(188),21.050463993606236,%
2025_잠재방한객조사_일반외국인.xlsx,일반외국인,E3-2,<표E3-2> 한국 문화별 이용 빈도_2. 한국 드라마,BASE:E1. ②,튀르키예,튀르키예,국가/지역,1주일에 1회 이상,188.0,(188),15.3475739614414,%
2025_잠재방한객조사_일반외국인.xlsx,일반외국인,E3-2,<표E3-2> 한국 문화별 이용 빈도_2. 한국 드라마,BASE:E1. ②,튀르키예,튀르키예,국가/지역,거의 매일,188.0,(188),6.87779724517988,%
2025_잠재방한객조사_일반외국인.xlsx,일반외국인,E3-2,<표E3-2> 한국 문화별 이용 빈도_2. 한국 드라마,BASE:E1. ②,튀르키예,튀르키예,국가/지역,계,188.0,(188),100,%
2025_잠재방한객조사_일반외국인.xlsx,일반외국인,E3-2,<표E3-2> 한국 문화별 이용 빈도_2. 한국 드라마,BASE:E1. ②,브라질,브라질,국가/지역,1년에 1회 이상,162.0,(162),14.910974353754183,%
2025_잠재방한객조사_일반외국인.xlsx,일반외국인,E3-2,<표E3-2> 한국 문화별 이용 빈도_2. 한국 드라마,BASE:E1. ②,브라질,브라질,국가/지역,반기별 1회 이상,162.0,(162),7.67154425507337,%
2025_잠재방한객조사_일반외국인.xlsx,일반외국인,E3-2,<표E3-2> 한국 문화별 이용 빈도_2. 한국 드라마,BASE:E1. ②,브라질,브라질,국가/지역,분기별 1회 이상,162.0,(162),14.273064679022218,%
2025_잠재방한객조사_일반외국인.xlsx,일반외국인,E3-2,<표E3-2> 한국 문화별 이용 빈도_2. 한국 드라마,BASE:E1. ②,브라질,브라질,국가/지역,한 달에 1회 이상,162.0,(162),19.74005224055042,%
2025_잠재방한객조사_일반외국인.xlsx,일반외국인,E3-2,<표E3-2> 한국 문화별 이용 빈도_2. 한국 드라마,BASE:E1. ②,브라질,브라질,국가/지역,1주일에 1회 이상,162.0,(162),28.708384714448993,%
2025_잠재방한객조사_일반외국인.xlsx,일반외국인,E3-2,<표E3-2> 한국 문화별 이용 빈도_2. 한국 드라마,BASE:E1. ②,브라질,브라질,국가/지역,거의 매일,162.0,(162),14.695979757150795,%
2025_잠재방한객조사_일반외국인.xlsx,일반외국인,E3-2,<표E3-2> 한국 문화별 이용 빈도_2. 한국 드라마,BASE:E1. ②,브라질,브라질,국가/지역,계,162.0,(162),100,%
2025_잠재방한객조사_일반외국인.xlsx,일반외국인,E3-2,<표E3-2> 한국 문화별 이용 빈도_2. 한국 드라마,BASE:E1. ②,사우디아라비아,사우디아라비아,국가/지역,1년에 1회 이상,186.0,(186),11.166531552260583,%
2025_잠재방한객조사_일반외국인.xlsx,일반외국인,E3-2,<표E3-2> 한국 문화별 이용 빈도_2. 한국 드라마,BASE:E1. ②,사우디아라비아,사우디아라비아,국가/지역,반기별 1회 이상,186.0,(186),19.24502275537463,%
2025_잠재방한객조사_일반외국인.xlsx,일반외국인,E3-2,<표E3-2> 한국 문화별 이용 빈도_2. 한국 드라마,BASE:E1. ②,사우디아라비아,사우디아라비아,국가/지역,분기별 1회 이상,186.0,(186),16.640031847533475,%
2025_잠재방한객조사_일반외국인.xlsx,일반외국인,E3-2,<표E3-2> 한국 문화별 이용 빈도_2. 한국 드라마,BASE:E1. ②,사우디아라비아,사우디아라비아,국가/지역,한 달에 1회 이상,186.0,(186),23.995374919526174,%
2025_잠재방한객조사_일반외국인.xlsx,일반외국인,E3-2,<표E3-2> 한국 문화별 이용 빈도_2. 한국 드라마,BASE:E1. ②,사우디아라비아,사우디아라비아,국가/지역,1주일에 1회 이상,186.0,(186),17.76647287561392,%
2025_잠재방한객조사_일반외국인.xlsx,일반외국인,E3-2,<표E3-2> 한국 문화별 이용 빈도_2. 한국 드라마,BASE:E1. ②,사우디아라비아,사우디아라비아,국가/지역,거의 매일,186.0,(186),11.186566049691143,%
2025_잠재방한객조사_일반외국인.xlsx,일반외국인,E3-2,<표E3-2> 한국 문화별 이용 빈도_2. 한국 드라마,BASE:E1. ②,사우디아라비아,사우디아라비아,국가/지역,계,186.0,(186),100,%
2025_잠재방한객조사_일반외국인.xlsx,일반외국인,E3-2,<표E3-2> 한국 문화별 이용 빈도_2. 한국 드라마,BASE:E1. ②,아랍에미리트,UAE,국가/지역,1년에 1회 이상,207.0,(207),8.690307498852516,%
2025_잠재방한객조사_일반외국인.xlsx,일반외국인,E3-2,<표E3-2> 한국 문화별 이용 빈도_2. 한국 드라마,BASE:E1. ②,아랍에미리트,UAE,국가/지역,반기별 1회 이상,207.0,(207),10.64395267171716,%
2025_잠재방한객조사_일반외국인.xlsx,일반외국인,E3-2,<표E3-2> 한국 문화별 이용 빈도_2. 한국 드라마,BASE:E1. ②,아랍에미리트,UAE,국가/지역,분기별 1회 이상,207.0,(207),15.928124955410746,%
2025_잠재방한객조사_일반외국인.xlsx,일반외국인,E3-2,<표E3-2> 한국 문화별 이용 빈도_2. 한국 드라마,BASE:E1. ②,아랍에미리트,UAE,국가/지역,한 달에 1회 이상,207.0,(207),24.999720187713763,%
2025_잠재방한객조사_일반외국인.xlsx,일반외국인,E3-2,<표E3-2> 한국 문화별 이용 빈도_2. 한국 드라마,BASE:E1. ②,아랍에미리트,UAE,국가/지역,1주일에 1회 이상,207.0,(207),24.85264583358387,%
2025_잠재방한객조사_일반외국인.xlsx,일반외국인,E3-2,<표E3-2> 한국 문화별 이용 빈도_2. 한국 드라마,BASE:E1. ②,아랍에미리트,UAE,국가/지역,거의 매일,207.0,(207),14.885248852722082,%
2025_잠재방한객조사_일반외국인.xlsx,일반외국인,E3-2,<표E3-2> 한국 문화별 이용 빈도_2. 한국 드라마,BASE:E1. ②,아랍에미리트,UAE,국가/지역,계,207.0,(207),100,%
2025_잠재방한객조사_일반외국인.xlsx,일반외국인,E3-3,<표E3-3> 한국 문화별 이용 빈도_3. 한국 예능 프로그램,BASE:E1. ③,전체,전체,전체,1년에 1회 이상,2950.0,(2950),13.197025024538167,%
2025_잠재방한객조사_일반외국인.xlsx,일반외국인,E3-3,<표E3-3> 한국 문화별 이용 빈도_3. 한국 예능 프로그램,BASE:E1. ③,전체,전체,전체,반기별 1회 이상,2950.0,(2950),13.487107815099622,%
2025_잠재방한객조사_일반외국인.xlsx,일반외국인,E3-3,<표E3-3> 한국 문화별 이용 빈도_3. 한국 예능 프로그램,BASE:E1. ③,전체,전체,전체,분기별 1회 이상,2950.0,(2950),18.398573379765114,%
2025_잠재방한객조사_일반외국인.xlsx,일반외국인,E3-3,<표E3-3> 한국 문화별 이용 빈도_3. 한국 예능 프로그램,BASE:E1. ③,전체,전체,전체,한 달에 1회 이상,2950.0,(2950),25.366769601463616,%
2025_잠재방한객조사_일반외국인.xlsx,일반외국인,E3-3,<표E3-3> 한국 문화별 이용 빈도_3. 한국 예능 프로그램,BASE:E1. ③,전체,전체,전체,1주일에 1회 이상,2950.0,(2950),22.697687404379238,%
2025_잠재방한객조사_일반외국인.xlsx,일반외국인,E3-3,<표E3-3> 한국 문화별 이용 빈도_3. 한국 예능 프로그램,BASE:E1. ③,전체,전체,전체,거의 매일,2950.0,(2950),6.852836774753893,%
2025_잠재방한객조사_일반외국인.xlsx,일반외국인,E3-3,<표E3-3> 한국 문화별 이용 빈도_3. 한국 예능 프로그램,BASE:E1. ③,전체,전체,전체,계,2950.0,(2950),100,%
2025_잠재방한객조사_일반외국인.xlsx,일반외국인,E3-3,<표E3-3> 한국 문화별 이용 빈도_3. 한국 예능 프로그램,BASE:E1. ③,중국,중국,국가/지역,1년에 1회 이상,670.0,(670),9.840947318621572,%
2025_잠재방한객조사_일반외국인.xlsx,일반외국인,E3-3,<표E3-3> 한국 문화별 이용 빈도_3. 한국 예능 프로그램,BASE:E1. ③,중국,중국,국가/지역,반기별 1회 이상,670.0,(670),14.879098284769974,%
2025_잠재방한객조사_일반외국인.xlsx,일반외국인,E3-3,<표E3-3> 한국 문화별 이용 빈도_3. 한국 예능 프로그램,BASE:E1. ③,중국,중국,국가/지역,분기별 1회 이상,670.0,(670),21.905965086827614,%
2025_잠재방한객조사_일반외국인.xlsx,일반외국인,E3-3,<표E3-3> 한국 문화별 이용 빈도_3. 한국 예능 프로그램,BASE:E1. ③,중국,중국,국가/지역,한 달에 1회 이상,670.0,(670),28.986601210548844,%
2025_잠재방한객조사_일반외국인.xlsx,일반외국인,E3-3,<표E3-3> 한국 문화별 이용 빈도_3. 한국 예능 프로그램,BASE:E1. ③,중국,중국,국가/지역,1주일에 1회 이상,670.0,(670),20.543858771547892,%
2025_잠재방한객조사_일반외국인.xlsx,일반외국인,E3-3,<표E3-3> 한국 문화별 이용 빈도_3. 한국 예능 프로그램,BASE:E1. ③,중국,중국,국가/지역,거의 매일,670.0,(670),3.843529327684101,%
2025_잠재방한객조사_일반외국인.xlsx,일반외국인,E3-3,<표E3-3> 한국 문화별 이용 빈도_3. 한국 예능 프로그램,BASE:E1. ③,중국,중국,국가/지역,계,670.0,(670),100,%
2025_잠재방한객조사_일반외국인.xlsx,일반외국인,E3-3,<표E3-3> 한국 문화별 이용 빈도_3. 한국 예능 프로그램,BASE:E1. ③,일본,일본,국가/지역,1년에 1회 이상,104.0,(104),18.877223340005866,%
2025_잠재방한객조사_일반외국인.xlsx,일반외국인,E3-3,<표E3-3> 한국 문화별 이용 빈도_3. 한국 예능 프로그램,BASE:E1. ③,일본,일본,국가/지역,반기별 1회 이상,104.0,(104),14.168790785443921,%
2025_잠재방한객조사_일반외국인.xlsx,일반외국인,E3-3,<표E3-3> 한국 문화별 이용 빈도_3. 한국 예능 프로그램,BASE:E1. ③,일본,일본,국가/지역,분기별 1회 이상,104.0,(104),14.473777305914526,%
2025_잠재방한객조사_일반외국인.xlsx,일반외국인,E3-3,<표E3-3> 한국 문화별 이용 빈도_3. 한국 예능 프로그램,BASE:E1. ③,일본,일본,국가/지역,한 달에 1회 이상,104.0,(104),29.665210381261918,%
2025_잠재방한객조사_일반외국인.xlsx,일반외국인,E3-3,<표E3-3> 한국 문화별 이용 빈도_3. 한국 예능 프로그램,BASE:E1. ③,일본,일본,국가/지역,1주일에 1회 이상,104.0,(104),16.800345530427204,%
2025_잠재방한객조사_일반외국인.xlsx,일반외국인,E3-3,<표E3-3> 한국 문화별 이용 빈도_3. 한국 예능 프로그램,BASE:E1. ③,일본,일본,국가/지역,거의 매일,104.0,(104),6.014652656946595,%
2025_잠재방한객조사_일반외국인.xlsx,일반외국인,E3-3,<표E3-3> 한국 문화별 이용 빈도_3. 한국 예능 프로그램,BASE:E1. ③,일본,일본,국가/지역,계,104.0,(104),100,%
2025_잠재방한객조사_일반외국인.xlsx,일반외국인,E3-3,<표E3-3> 한국 문화별 이용 빈도_3. 한국 예능 프로그램,BASE:E1. ③,대만,대만,국가/지역,1년에 1회 이상,140.0,(140),9.183739132181607,%
2025_잠재방한객조사_일반외국인.xlsx,일반외국인,E3-3,<표E3-3> 한국 문화별 이용 빈도_3. 한국 예능 프로그램,BASE:E1. ③,대만,대만,국가/지역,반기별 1회 이상,140.0,(140),17.088481053621017,%
2025_잠재방한객조사_일반외국인.xlsx,일반외국인,E3-3,<표E3-3> 한국 문화별 이용 빈도_3. 한국 예능 프로그램,BASE:E1. ③,대만,대만,국가/지역,분기별 1회 이상,140.0,(140),18.732989265449447,%
2025_잠재방한객조사_일반외국인.xlsx,일반외국인,E3-3,<표E3-3> 한국 문화별 이용 빈도_3. 한국 예능 프로그램,BASE:E1. ③,대만,대만,국가/지역,한 달에 1회 이상,140.0,(140),23.750525029805637,%
2025_잠재방한객조사_일반외국인.xlsx,일반외국인,E3-3,<표E3-3> 한국 문화별 이용 빈도_3. 한국 예능 프로그램,BASE:E1. ③,대만,대만,국가/지역,1주일에 1회 이상,140.0,(140),26.937076877861664,%
2025_잠재방한객조사_일반외국인.xlsx,일반외국인,E3-3,<표E3-3> 한국 문화별 이용 빈도_3. 한국 예능 프로그램,BASE:E1. ③,대만,대만,국가/지역,거의 매일,140.0,(140),4.307188641080609,%
2025_잠재방한객조사_일반외국인.xlsx,일반외국인,E3-3,<표E3-3> 한국 문화별 이용 빈도_3. 한국 예능 프로그램,BASE:E1. ③,대만,대만,국가/지역,계,140.0,(140),100,%
2025_잠재방한객조사_일반외국인.xlsx,일반외국인,E3-3,<표E3-3> 한국 문화별 이용 빈도_3. 한국 예능 프로그램,BASE:E1. ③,미국,미국,국가/지역,1년에 1회 이상,85.0,(85),26.69119816383409,%
2025_잠재방한객조사_일반외국인.xlsx,일반외국인,E3-3,<표E3-3> 한국 문화별 이용 빈도_3. 한국 예능 프로그램,BASE:E1. ③,미국,미국,국가/지역,반기별 1회 이상,85.0,(85),17.118592442530232,%
2025_잠재방한객조사_일반외국인.xlsx,일반외국인,E3-3,<표E3-3> 한국 문화별 이용 빈도_3. 한국 예능 프로그램,BASE:E1. ③,미국,미국,국가/지역,분기별 1회 이상,85.0,(85),21.291979063551256,%
2025_잠재방한객조사_일반외국인.xlsx,일반외국인,E3-3,<표E3-3> 한국 문화별 이용 빈도_3. 한국 예능 프로그램,BASE:E1. ③,미국,미국,국가/지역,한 달에 1회 이상,85.0,(85),15.119563351134198,%
2025_잠재방한객조사_일반외국인.xlsx,일반외국인,E3-3,<표E3-3> 한국 문화별 이용 빈도_3. 한국 예능 프로그램,BASE:E1. ③,미국,미국,국가/지역,1주일에 1회 이상,85.0,(85),15.049529449736557,%
2025_잠재방한객조사_일반외국인.xlsx,일반외국인,E3-3,<표E3-3> 한국 문화별 이용 빈도_3. 한국 예능 프로그램,BASE:E1. ③,미국,미국,국가/지역,거의 매일,85.0,(85),4.72913752921369,%
2025_잠재방한객조사_일반외국인.xlsx,일반외국인,E3-3,<표E3-3> 한국 문화별 이용 빈도_3. 한국 예능 프로그램,BASE:E1. ③,미국,미국,국가/지역,계,85.0,(85),100,%
2025_잠재방한객조사_일반외국인.xlsx,일반외국인,E3-3,<표E3-3> 한국 문화별 이용 빈도_3. 한국 예능 프로그램,BASE:E1. ③,필리핀,필리핀,국가/지역,1년에 1회 이상,161.0,(161),11.409329825814998,%
2025_잠재방한객조사_일반외국인.xlsx,일반외국인,E3-3,<표E3-3> 한국 문화별 이용 빈도_3. 한국 예능 프로그램,BASE:E1. ③,필리핀,필리핀,국가/지역,반기별 1회 이상,161.0,(161),6.943518110005767,%
2025_잠재방한객조사_일반외국인.xlsx,일반외국인,E3-3,<표E3-3> 한국 문화별 이용 빈도_3. 한국 예능 프로그램,BASE:E1. ③,필리핀,필리핀,국가/지역,분기별 1회 이상,161.0,(161),8.037710729125727,%
2025_잠재방한객조사_일반외국인.xlsx,일반외국인,E3-3,<표E3-3> 한국 문화별 이용 빈도_3. 한국 예능 프로그램,BASE:E1. ③,필리핀,필리핀,국가/지역,한 달에 1회 이상,161.0,(161),26.661604575162258,%
2025_잠재방한객조사_일반외국인.xlsx,일반외국인,E3-3,<표E3-3> 한국 문화별 이용 빈도_3. 한국 예능 프로그램,BASE:E1. ③,필리핀,필리핀,국가/지역,1주일에 1회 이상,161.0,(161),33.84364101258888,%
2025_잠재방한객조사_일반외국인.xlsx,일반외국인,E3-3,<표E3-3> 한국 문화별 이용 빈도_3. 한국 예능 프로그램,BASE:E1. ③,필리핀,필리핀,국가/지역,거의 매일,161.0,(161),13.104195747302363,%
2025_잠재방한객조사_일반외국인.xlsx,일반외국인,E3-3,<표E3-3> 한국 문화별 이용 빈도_3. 한국 예능 프로그램,BASE:E1. ③,필리핀,필리핀,국가/지역,계,161.0,(161),100,%
2025_잠재방한객조사_일반외국인.xlsx,일반외국인,E3-3,<표E3-3> 한국 문화별 이용 빈도_3. 한국 예능 프로그램,BASE:E1. ③,베트남,베트남,국가/지역,1년에 1회 이상,156.0,(156),9.565629050060979,%
2025_잠재방한객조사_일반외국인.xlsx,일반외국인,E3-3,<표E3-3> 한국 문화별 이용 빈도_3. 한국 예능 프로그램,BASE:E1. ③,베트남,베트남,국가/지역,반기별 1회 이상,156.0,(156),11.301411906157774,%
2025_잠재방한객조사_일반외국인.xlsx,일반외국인,E3-3,<표E3-3> 한국 문화별 이용 빈도_3. 한국 예능 프로그램,BASE:E1. ③,베트남,베트남,국가/지역,분기별 1회 이상,156.0,(156),14.308527350440551,%
2025_잠재방한객조사_일반외국인.xlsx,일반외국인,E3-3,<표E3-3> 한국 문화별 이용 빈도_3. 한국 예능 프로그램,BASE:E1. ③,베트남,베트남,국가/지역,한 달에 1회 이상,156.0,(156),26.576811583292553,%
2025_잠재방한객조사_일반외국인.xlsx,일반외국인,E3-3,<표E3-3> 한국 문화별 이용 빈도_3. 한국 예능 프로그램,BASE:E1. ③,베트남,베트남,국가/지역,1주일에 1회 이상,156.0,(156),30.856066491722657,%
2025_잠재방한객조사_일반외국인.xlsx,일반외국인,E3-3,<표E3-3> 한국 문화별 이용 빈도_3. 한국 예능 프로그램,BASE:E1. ③,베트남,베트남,국가/지역,거의 매일,156.0,(156),7.391553618325418,%
2025_잠재방한객조사_일반외국인.xlsx,일반외국인,E3-3,<표E3-3> 한국 문화별 이용 빈도_3. 한국 예능 프로그램,BASE:E1. ③,베트남,베트남,국가/지역,계,156.0,(156),100,%
2025_잠재방한객조사_일반외국인.xlsx,일반외국인,E3-3,<표E3-3> 한국 문화별 이용 빈도_3. 한국 예능 프로그램,BASE:E1. ③,싱가포르,싱가포르,국가/지역,1년에 1회 이상,133.0,(133),13.255187048240968,%
2025_잠재방한객조사_일반외국인.xlsx,일반외국인,E3-3,<표E3-3> 한국 문화별 이용 빈도_3. 한국 예능 프로그램,BASE:E1. ③,싱가포르,싱가포르,국가/지역,반기별 1회 이상,133.0,(133),17.433444115893142,%
2025_잠재방한객조사_일반외국인.xlsx,일반외국인,E3-3,<표E3-3> 한국 문화별 이용 빈도_3. 한국 예능 프로그램,BASE:E1. ③,싱가포르,싱가포르,국가/지역,분기별 1회 이상,133.0,(133),18.689659725830847,%
2025_잠재방한객조사_일반외국인.xlsx,일반외국인,E3-3,<표E3-3> 한국 문화별 이용 빈도_3. 한국 예능 프로그램,BASE:E1. ③,싱가포르,싱가포르,국가/지역,한 달에 1회 이상,133.0,(133),17.116665554618706,%
2025_잠재방한객조사_일반외국인.xlsx,일반외국인,E3-3,<표E3-3> 한국 문화별 이용 빈도_3. 한국 예능 프로그램,BASE:E1. ③,싱가포르,싱가포르,국가/지역,1주일에 1회 이상,133.0,(133),24.38209234235974,%
2025_잠재방한객조사_일반외국인.xlsx,일반외국인,E3-3,<표E3-3> 한국 문화별 이용 빈도_3. 한국 예능 프로그램,BASE:E1. ③,싱가포르,싱가포르,국가/지역,거의 매일,133.0,(133),9.122951213056616,%
2025_잠재방한객조사_일반외국인.xlsx,일반외국인,E3-3,<표E3-3> 한국 문화별 이용 빈도_3. 한국 예능 프로그램,BASE:E1. ③,싱가포르,싱가포르,국가/지역,계,133.0,(133),100,%
2025_잠재방한객조사_일반외국인.xlsx,일반외국인,E3-3,<표E3-3> 한국 문화별 이용 빈도_3. 한국 예능 프로그램,BASE:E1. ③,인도네시아,인도네시아,국가/지역,1년에 1회 이상,135.0,(135),8.412544655512113,%
2025_잠재방한객조사_일반외국인.xlsx,일반외국인,E3-3,<표E3-3> 한국 문화별 이용 빈도_3. 한국 예능 프로그램,BASE:E1. ③,인도네시아,인도네시아,국가/지역,반기별 1회 이상,135.0,(135),6.106430625120168,%
2025_잠재방한객조사_일반외국인.xlsx,일반외국인,E3-3,<표E3-3> 한국 문화별 이용 빈도_3. 한국 예능 프로그램,BASE:E1. ③,인도네시아,인도네시아,국가/지역,분기별 1회 이상,135.0,(135),8.489778150608668,%
2025_잠재방한객조사_일반외국인.xlsx,일반외국인,E3-3,<표E3-3> 한국 문화별 이용 빈도_3. 한국 예능 프로그램,BASE:E1. ③,인도네시아,인도네시아,국가/지역,한 달에 1회 이상,135.0,(135),22.74424960895905,%
2025_잠재방한객조사_일반외국인.xlsx,일반외국인,E3-3,<표E3-3> 한국 문화별 이용 빈도_3. 한국 예능 프로그램,BASE:E1. ③,인도네시아,인도네시아,국가/지역,1주일에 1회 이상,135.0,(135),43.52719579538751,%
2025_잠재방한객조사_일반외국인.xlsx,일반외국인,E3-3,<표E3-3> 한국 문화별 이용 빈도_3. 한국 예능 프로그램,BASE:E1. ③,인도네시아,인도네시아,국가/지역,거의 매일,135.0,(135),10.719801164412502,%
2025_잠재방한객조사_일반외국인.xlsx,일반외국인,E3-3,<표E3-3> 한국 문화별 이용 빈도_3. 한국 예능 프로그램,BASE:E1. ③,인도네시아,인도네시아,국가/지역,계,135.0,(135),100,%
2025_잠재방한객조사_일반외국인.xlsx,일반외국인,E3-3,<표E3-3> 한국 문화별 이용 빈도_3. 한국 예능 프로그램,BASE:E1. ③,태국,태국,국가/지역,1년에 1회 이상,142.0,(142),5.2112856840888,%
2025_잠재방한객조사_일반외국인.xlsx,일반외국인,E3-3,<표E3-3> 한국 문화별 이용 빈도_3. 한국 예능 프로그램,BASE:E1. ③,태국,태국,국가/지역,반기별 1회 이상,142.0,(142),9.272466913149318,%
2025_잠재방한객조사_일반외국인.xlsx,일반외국인,E3-3,<표E3-3> 한국 문화별 이용 빈도_3. 한국 예능 프로그램,BASE:E1. ③,태국,태국,국가/지역,분기별 1회 이상,142.0,(142),17.459911947966575,%
2025_잠재방한객조사_일반외국인.xlsx,일반외국인,E3-3,<표E3-3> 한국 문화별 이용 빈도_3. 한국 예능 프로그램,BASE:E1. ③,태국,태국,국가/지역,한 달에 1회 이상,142.0,(142),30.44606092904165,%
2025_잠재방한객조사_일반외국인.xlsx,일반외국인,E3-3,<표E3-3> 한국 문화별 이용 빈도_3. 한국 예능 프로그램,BASE:E1. ③,태국,태국,국가/지역,1주일에 1회 이상,142.0,(142),29.58375483317221,%
2025_잠재방한객조사_일반외국인.xlsx,일반외국인,E3-3,<표E3-3> 한국 문화별 이용 빈도_3. 한국 예능 프로그램,BASE:E1. ③,태국,태국,국가/지역,거의 매일,142.0,(142),8.026519692581362,%
2025_잠재방한객조사_일반외국인.xlsx,일반외국인,E3-3,<표E3-3> 한국 문화별 이용 빈도_3. 한국 예능 프로그램,BASE:E1. ③,태국,태국,국가/지역,계,142.0,(142),100,%
2025_잠재방한객조사_일반외국인.xlsx,일반외국인,E3-3,<표E3-3> 한국 문화별 이용 빈도_3. 한국 예능 프로그램,BASE:E1. ③,말레이시아,말레이시아,국가/지역,1년에 1회 이상,183.0,(183),11.366560155885736,%
2025_잠재방한객조사_일반외국인.xlsx,일반외국인,E3-3,<표E3-3> 한국 문화별 이용 빈도_3. 한국 예능 프로그램,BASE:E1. ③,말레이시아,말레이시아,국가/지역,반기별 1회 이상,183.0,(183),8.170617604327608,%
2025_잠재방한객조사_일반외국인.xlsx,일반외국인,E3-3,<표E3-3> 한국 문화별 이용 빈도_3. 한국 예능 프로그램,BASE:E1. ③,말레이시아,말레이시아,국가/지역,분기별 1회 이상,183.0,(183),13.556999999721803,%
2025_잠재방한객조사_일반외국인.xlsx,일반외국인,E3-3,<표E3-3> 한국 문화별 이용 빈도_3. 한국 예능 프로그램,BASE:E1. ③,말레이시아,말레이시아,국가/지역,한 달에 1회 이상,183.0,(183),23.277840633795286,%
2025_잠재방한객조사_일반외국인.xlsx,일반외국인,E3-3,<표E3-3> 한국 문화별 이용 빈도_3. 한국 예능 프로그램,BASE:E1. ③,말레이시아,말레이시아,국가/지역,1주일에 1회 이상,183.0,(183),31.221134822913122,%
2025_잠재방한객조사_일반외국인.xlsx,일반외국인,E3-3,<표E3-3> 한국 문화별 이용 빈도_3. 한국 예능 프로그램,BASE:E1. ③,말레이시아,말레이시아,국가/지역,거의 매일,183.0,(183),12.406846783356587,%
2025_잠재방한객조사_일반외국인.xlsx,일반외국인,E3-3,<표E3-3> 한국 문화별 이용 빈도_3. 한국 예능 프로그램,BASE:E1. ③,말레이시아,말레이시아,국가/지역,계,183.0,(183),100,%
2025_잠재방한객조사_일반외국인.xlsx,일반외국인,E3-3,<표E3-3> 한국 문화별 이용 빈도_3. 한국 예능 프로그램,BASE:E1. ③,캐나다,캐나다,국가/지역,1년에 1회 이상,37.0,(37),8.305065760299831,%
2025_잠재방한객조사_일반외국인.xlsx,일반외국인,E3-3,<표E3-3> 한국 문화별 이용 빈도_3. 한국 예능 프로그램,BASE:E1. ③,캐나다,캐나다,국가/지역,반기별 1회 이상,37.0,(37),21.436420674208946,%
2025_잠재방한객조사_일반외국인.xlsx,일반외국인,E3-3,<표E3-3> 한국 문화별 이용 빈도_3. 한국 예능 프로그램,BASE:E1. ③,캐나다,캐나다,국가/지역,분기별 1회 이상,37.0,(37),24.672905745775736,%
2025_잠재방한객조사_일반외국인.xlsx,일반외국인,E3-3,<표E3-3> 한국 문화별 이용 빈도_3. 한국 예능 프로그램,BASE:E1. ③,캐나다,캐나다,국가/지역,한 달에 1회 이상,37.0,(37),28.117282177235232,%
2025_잠재방한객조사_일반외국인.xlsx,일반외국인,E3-3,<표E3-3> 한국 문화별 이용 빈도_3. 한국 예능 프로그램,BASE:E1. ③,캐나다,캐나다,국가/지역,1주일에 1회 이상,37.0,(37),15.280408128026746,%
2025_잠재방한객조사_일반외국인.xlsx,일반외국인,E3-3,<표E3-3> 한국 문화별 이용 빈도_3. 한국 예능 프로그램,BASE:E1. ③,캐나다,캐나다,국가/지역,거의 매일,37.0,(37),2.1879175144534697,%
2025_잠재방한객조사_일반외국인.xlsx,일반외국인,E3-3,<표E3-3> 한국 문화별 이용 빈도_3. 한국 예능 프로그램,BASE:E1. ③,캐나다,캐나다,국가/지역,계,37.0,(37),100,%
2025_잠재방한객조사_일반외국인.xlsx,일반외국인,E3-3,<표E3-3> 한국 문화별 이용 빈도_3. 한국 예능 프로그램,BASE:E1. ③,호주,호주,국가/지역,1년에 1회 이상,43.0,(43),23.130692206362955,%
2025_잠재방한객조사_일반외국인.xlsx,일반외국인,E3-3,<표E3-3> 한국 문화별 이용 빈도_3. 한국 예능 프로그램,BASE:E1. ③,호주,호주,국가/지역,반기별 1회 이상,43.0,(43),28.713879212622462,%
2025_잠재방한객조사_일반외국인.xlsx,일반외국인,E3-3,<표E3-3> 한국 문화별 이용 빈도_3. 한국 예능 프로그램,BASE:E1. ③,호주,호주,국가/지역,분기별 1회 이상,43.0,(43),20.9453630583683,%
2025_잠재방한객조사_일반외국인.xlsx,일반외국인,E3-3,<표E3-3> 한국 문화별 이용 빈도_3. 한국 예능 프로그램,BASE:E1. ③,호주,호주,국가/지역,한 달에 1회 이상,43.0,(43),17.284643428116386,%
2025_잠재방한객조사_일반외국인.xlsx,일반외국인,E3-3,<표E3-3> 한국 문화별 이용 빈도_3. 한국 예능 프로그램,BASE:E1. ③,호주,호주,국가/지역,1주일에 1회 이상,43.0,(43),9.92542209452993,%
2025_잠재방한객조사_일반외국인.xlsx,일반외국인,E3-3,<표E3-3> 한국 문화별 이용 빈도_3. 한국 예능 프로그램,BASE:E1. ③,호주,호주,국가/지역,거의 매일,43.0,(43),0,%
2025_잠재방한객조사_일반외국인.xlsx,일반외국인,E3-3,<표E3-3> 한국 문화별 이용 빈도_3. 한국 예능 프로그램,BASE:E1. ③,호주,호주,국가/지역,계,43.0,(43),100,%
2025_잠재방한객조사_일반외국인.xlsx,일반외국인,E3-3,<표E3-3> 한국 문화별 이용 빈도_3. 한국 예능 프로그램,BASE:E1. ③,러시아,러시아,국가/지역,1년에 1회 이상,74.0,(74),30.89197304048722,%
2025_잠재방한객조사_일반외국인.xlsx,일반외국인,E3-3,<표E3-3> 한국 문화별 이용 빈도_3. 한국 예능 프로그램,BASE:E1. ③,러시아,러시아,국가/지역,반기별 1회 이상,74.0,(74),20.967869174627126,%
2025_잠재방한객조사_일반외국인.xlsx,일반외국인,E3-3,<표E3-3> 한국 문화별 이용 빈도_3. 한국 예능 프로그램,BASE:E1. ③,러시아,러시아,국가/지역,분기별 1회 이상,74.0,(74),17.62498014303598,%
2025_잠재방한객조사_일반외국인.xlsx,일반외국인,E3-3,<표E3-3> 한국 문화별 이용 빈도_3. 한국 예능 프로그램,BASE:E1. ③,러시아,러시아,국가/지역,한 달에 1회 이상,74.0,(74),15.217179947895366,%
2025_잠재방한객조사_일반외국인.xlsx,일반외국인,E3-3,<표E3-3> 한국 문화별 이용 빈도_3. 한국 예능 프로그램,BASE:E1. ③,러시아,러시아,국가/지역,1주일에 1회 이상,74.0,(74),9.859194732877965,%
2025_잠재방한객조사_일반외국인.xlsx,일반외국인,E3-3,<표E3-3> 한국 문화별 이용 빈도_3. 한국 예능 프로그램,BASE:E1. ③,러시아,러시아,국가/지역,거의 매일,74.0,(74),5.438802961076352,%
2025_잠재방한객조사_일반외국인.xlsx,일반외국인,E3-3,<표E3-3> 한국 문화별 이용 빈도_3. 한국 예능 프로그램,BASE:E1. ③,러시아,러시아,국가/지역,계,74.0,(74),100,%
2025_잠재방한객조사_일반외국인.xlsx,일반외국인,E3-3,<표E3-3> 한국 문화별 이용 빈도_3. 한국 예능 프로그램,BASE:E1. ③,인도,인도,국가/지역,1년에 1회 이상,98.0,(98),16.306561908944122,%
2025_잠재방한객조사_일반외국인.xlsx,일반외국인,E3-3,<표E3-3> 한국 문화별 이용 빈도_3. 한국 예능 프로그램,BASE:E1. ③,인도,인도,국가/지역,반기별 1회 이상,98.0,(98),7.429048323957699,%
2025_잠재방한객조사_일반외국인.xlsx,일반외국인,E3-3,<표E3-3> 한국 문화별 이용 빈도_3. 한국 예능 프로그램,BASE:E1. ③,인도,인도,국가/지역,분기별 1회 이상,98.0,(98),14.760588576213603,%
2025_잠재방한객조사_일반외국인.xlsx,일반외국인,E3-3,<표E3-3> 한국 문화별 이용 빈도_3. 한국 예능 프로그램,BASE:E1. ③,인도,인도,국가/지역,한 달에 1회 이상,98.0,(98),25.4520962652684,%
2025_잠재방한객조사_일반외국인.xlsx,일반외국인,E3-3,<표E3-3> 한국 문화별 이용 빈도_3. 한국 예능 프로그램,BASE:E1. ③,인도,인도,국가/지역,1주일에 1회 이상,98.0,(98),15.979580244876686,%
2025_잠재방한객조사_일반외국인.xlsx,일반외국인,E3-3,<표E3-3> 한국 문화별 이용 빈도_3. 한국 예능 프로그램,BASE:E1. ③,인도,인도,국가/지역,거의 매일,98.0,(98),20.07212468073948,%
2025_잠재방한객조사_일반외국인.xlsx,일반외국인,E3-3,<표E3-3> 한국 문화별 이용 빈도_3. 한국 예능 프로그램,BASE:E1. ③,인도,인도,국가/지역,계,98.0,(98),100,%
2025_잠재방한객조사_일반외국인.xlsx,일반외국인,E3-3,<표E3-3> 한국 문화별 이용 빈도_3. 한국 예능 프로그램,BASE:E1. ③,프랑스,프랑스,국가/지역,1년에 1회 이상,37.0,(37),17.817446701972727,%
2025_잠재방한객조사_일반외국인.xlsx,일반외국인,E3-3,<표E3-3> 한국 문화별 이용 빈도_3. 한국 예능 프로그램,BASE:E1. ③,프랑스,프랑스,국가/지역,반기별 1회 이상,37.0,(37),12.658184051125856,%
2025_잠재방한객조사_일반외국인.xlsx,일반외국인,E3-3,<표E3-3> 한국 문화별 이용 빈도_3. 한국 예능 프로그램,BASE:E1. ③,프랑스,프랑스,국가/지역,분기별 1회 이상,37.0,(37),30.96966034085971,%
2025_잠재방한객조사_일반외국인.xlsx,일반외국인,E3-3,<표E3-3> 한국 문화별 이용 빈도_3. 한국 예능 프로그램,BASE:E1. ③,프랑스,프랑스,국가/지역,한 달에 1회 이상,37.0,(37),15.115347734905363,%
2025_잠재방한객조사_일반외국인.xlsx,일반외국인,E3-3,<표E3-3> 한국 문화별 이용 빈도_3. 한국 예능 프로그램,BASE:E1. ③,프랑스,프랑스,국가/지역,1주일에 1회 이상,37.0,(37),21.018478459259,%
2025_잠재방한객조사_일반외국인.xlsx,일반외국인,E3-3,<표E3-3> 한국 문화별 이용 빈도_3. 한국 예능 프로그램,BASE:E1. ③,프랑스,프랑스,국가/지역,거의 매일,37.0,(37),2.420882711877338,%
2025_잠재방한객조사_일반외국인.xlsx,일반외국인,E3-3,<표E3-3> 한국 문화별 이용 빈도_3. 한국 예능 프로그램,BASE:E1. ③,프랑스,프랑스,국가/지역,계,37.0,(37),100,%
2025_잠재방한객조사_일반외국인.xlsx,일반외국인,E3-3,<표E3-3> 한국 문화별 이용 빈도_3. 한국 예능 프로그램,BASE:E1. ③,독일,독일,국가/지역,1년에 1회 이상,35.0,(35),26.549249349634096,%
2025_잠재방한객조사_일반외국인.xlsx,일반외국인,E3-3,<표E3-3> 한국 문화별 이용 빈도_3. 한국 예능 프로그램,BASE:E1. ③,독일,독일,국가/지역,반기별 1회 이상,35.0,(35),14.777096024070296,%
2025_잠재방한객조사_일반외국인.xlsx,일반외국인,E3-3,<표E3-3> 한국 문화별 이용 빈도_3. 한국 예능 프로그램,BASE:E1. ③,독일,독일,국가/지역,분기별 1회 이상,35.0,(35),25.147037355381823,%
2025_잠재방한객조사_일반외국인.xlsx,일반외국인,E3-3,<표E3-3> 한국 문화별 이용 빈도_3. 한국 예능 프로그램,BASE:E1. ③,독일,독일,국가/지역,한 달에 1회 이상,35.0,(35),29.2363523503564,%
2025_잠재방한객조사_일반외국인.xlsx,일반외국인,E3-3,<표E3-3> 한국 문화별 이용 빈도_3. 한국 예능 프로그램,BASE:E1. ③,독일,독일,국가/지역,1주일에 1회 이상,35.0,(35),4.290264920557379,%
2025_잠재방한객조사_일반외국인.xlsx,일반외국인,E3-3,<표E3-3> 한국 문화별 이용 빈도_3. 한국 예능 프로그램,BASE:E1. ③,독일,독일,국가/지역,거의 매일,35.0,(35),0,%
2025_잠재방한객조사_일반외국인.xlsx,일반외국인,E3-3,<표E3-3> 한국 문화별 이용 빈도_3. 한국 예능 프로그램,BASE:E1. ③,독일,독일,국가/지역,계,35.0,(35),100,%
2025_잠재방한객조사_일반외국인.xlsx,일반외국인,E3-3,<표E3-3> 한국 문화별 이용 빈도_3. 한국 예능 프로그램,BASE:E1. ③,영국,영국,국가/지역,1년에 1회 이상,32.0,(32),21.2097741759808,%
2025_잠재방한객조사_일반외국인.xlsx,일반외국인,E3-3,<표E3-3> 한국 문화별 이용 빈도_3. 한국 예능 프로그램,BASE:E1. ③,영국,영국,국가/지역,반기별 1회 이상,32.0,(32),12.9417931352528,%
2025_잠재방한객조사_일반외국인.xlsx,일반외국인,E3-3,<표E3-3> 한국 문화별 이용 빈도_3. 한국 예능 프로그램,BASE:E1. ③,영국,영국,국가/지역,분기별 1회 이상,32.0,(32),18.996100915760206,%
2025_잠재방한객조사_일반외국인.xlsx,일반외국인,E3-3,<표E3-3> 한국 문화별 이용 빈도_3. 한국 예능 프로그램,BASE:E1. ③,영국,영국,국가/지역,한 달에 1회 이상,32.0,(32),20.79218782857792,%
2025_잠재방한객조사_일반외국인.xlsx,일반외국인,E3-3,<표E3-3> 한국 문화별 이용 빈도_3. 한국 예능 프로그램,BASE:E1. ③,영국,영국,국가/지역,1주일에 1회 이상,32.0,(32),20.573599119978738,%
2025_잠재방한객조사_일반외국인.xlsx,일반외국인,E3-3,<표E3-3> 한국 문화별 이용 빈도_3. 한국 예능 프로그램,BASE:E1. ③,영국,영국,국가/지역,거의 매일,32.0,(32),5.486544824449528,%
2025_잠재방한객조사_일반외국인.xlsx,일반외국인,E3-3,<표E3-3> 한국 문화별 이용 빈도_3. 한국 예능 프로그램,BASE:E1. ③,영국,영국,국가/지역,계,32.0,(32),100,%
2025_잠재방한객조사_일반외국인.xlsx,일반외국인,E3-3,<표E3-3> 한국 문화별 이용 빈도_3. 한국 예능 프로그램,BASE:E1. ③,멕시코,멕시코,국가/지역,1년에 1회 이상,90.0,(90),9.900663414147857,%
2025_잠재방한객조사_일반외국인.xlsx,일반외국인,E3-3,<표E3-3> 한국 문화별 이용 빈도_3. 한국 예능 프로그램,BASE:E1. ③,멕시코,멕시코,국가/지역,반기별 1회 이상,90.0,(90),9.705705024607445,%
2025_잠재방한객조사_일반외국인.xlsx,일반외국인,E3-3,<표E3-3> 한국 문화별 이용 빈도_3. 한국 예능 프로그램,BASE:E1. ③,멕시코,멕시코,국가/지역,분기별 1회 이상,90.0,(90),17.82630571471172,%
2025_잠재방한객조사_일반외국인.xlsx,일반외국인,E3-3,<표E3-3> 한국 문화별 이용 빈도_3. 한국 예능 프로그램,BASE:E1. ③,멕시코,멕시코,국가/지역,한 달에 1회 이상,90.0,(90),30.981258226514015,%
2025_잠재방한객조사_일반외국인.xlsx,일반외국인,E3-3,<표E3-3> 한국 문화별 이용 빈도_3. 한국 예능 프로그램,BASE:E1. ③,멕시코,멕시코,국가/지역,1주일에 1회 이상,90.0,(90),24.092435719701527,%
2025_잠재방한객조사_일반외국인.xlsx,일반외국인,E3-3,<표E3-3> 한국 문화별 이용 빈도_3. 한국 예능 프로그램,BASE:E1. ③,멕시코,멕시코,국가/지역,거의 매일,90.0,(90),7.493631900317414,%
2025_잠재방한객조사_일반외국인.xlsx,일반외국인,E3-3,<표E3-3> 한국 문화별 이용 빈도_3. 한국 예능 프로그램,BASE:E1. ③,멕시코,멕시코,국가/지역,계,90.0,(90),100,%
2025_잠재방한객조사_일반외국인.xlsx,일반외국인,E3-3,<표E3-3> 한국 문화별 이용 빈도_3. 한국 예능 프로그램,BASE:E1. ③,카자흐스탄,카자흐스탄,국가/지역,1년에 1회 이상,35.0,(35),16.22673345759787,%
2025_잠재방한객조사_일반외국인.xlsx,일반외국인,E3-3,<표E3-3> 한국 문화별 이용 빈도_3. 한국 예능 프로그램,BASE:E1. ③,카자흐스탄,카자흐스탄,국가/지역,반기별 1회 이상,35.0,(35),11.386136854781762,%
2025_잠재방한객조사_일반외국인.xlsx,일반외국인,E3-3,<표E3-3> 한국 문화별 이용 빈도_3. 한국 예능 프로그램,BASE:E1. ③,카자흐스탄,카자흐스탄,국가/지역,분기별 1회 이상,35.0,(35),21.891373492637694,%
2025_잠재방한객조사_일반외국인.xlsx,일반외국인,E3-3,<표E3-3> 한국 문화별 이용 빈도_3. 한국 예능 프로그램,BASE:E1. ③,카자흐스탄,카자흐스탄,국가/지역,한 달에 1회 이상,35.0,(35),21.876555783083283,%
2025_잠재방한객조사_일반외국인.xlsx,일반외국인,E3-3,<표E3-3> 한국 문화별 이용 빈도_3. 한국 예능 프로그램,BASE:E1. ③,카자흐스탄,카자흐스탄,국가/지역,1주일에 1회 이상,35.0,(35),17.885703534610197,%
2025_잠재방한객조사_일반외국인.xlsx,일반외국인,E3-3,<표E3-3> 한국 문화별 이용 빈도_3. 한국 예능 프로그램,BASE:E1. ③,카자흐스탄,카자흐스탄,국가/지역,거의 매일,35.0,(35),10.7334968772892,%
2025_잠재방한객조사_일반외국인.xlsx,일반외국인,E3-3,<표E3-3> 한국 문화별 이용 빈도_3. 한국 예능 프로그램,BASE:E1. ③,카자흐스탄,카자흐스탄,국가/지역,계,35.0,(35),100,%
2025_잠재방한객조사_일반외국인.xlsx,일반외국인,E3-3,<표E3-3> 한국 문화별 이용 빈도_3. 한국 예능 프로그램,BASE:E1. ③,튀르키예,튀르키예,국가/지역,1년에 1회 이상,83.0,(83),18.05884660715144,%
2025_잠재방한객조사_일반외국인.xlsx,일반외국인,E3-3,<표E3-3> 한국 문화별 이용 빈도_3. 한국 예능 프로그램,BASE:E1. ③,튀르키예,튀르키예,국가/지역,반기별 1회 이상,83.0,(83),23.83824530988892,%
2025_잠재방한객조사_일반외국인.xlsx,일반외국인,E3-3,<표E3-3> 한국 문화별 이용 빈도_3. 한국 예능 프로그램,BASE:E1. ③,튀르키예,튀르키예,국가/지역,분기별 1회 이상,83.0,(83),22.3489838934376,%
2025_잠재방한객조사_일반외국인.xlsx,일반외국인,E3-3,<표E3-3> 한국 문화별 이용 빈도_3. 한국 예능 프로그램,BASE:E1. ③,튀르키예,튀르키예,국가/지역,한 달에 1회 이상,83.0,(83),16.36332039790709,%
2025_잠재방한객조사_일반외국인.xlsx,일반외국인,E3-3,<표E3-3> 한국 문화별 이용 빈도_3. 한국 예능 프로그램,BASE:E1. ③,튀르키예,튀르키예,국가/지역,1주일에 1회 이상,83.0,(83),12.763493469470975,%
2025_잠재방한객조사_일반외국인.xlsx,일반외국인,E3-3,<표E3-3> 한국 문화별 이용 빈도_3. 한국 예능 프로그램,BASE:E1. ③,튀르키예,튀르키예,국가/지역,거의 매일,83.0,(83),6.627110322143951,%
2025_잠재방한객조사_일반외국인.xlsx,일반외국인,E3-3,<표E3-3> 한국 문화별 이용 빈도_3. 한국 예능 프로그램,BASE:E1. ③,튀르키예,튀르키예,국가/지역,계,83.0,(83),100,%
2025_잠재방한객조사_일반외국인.xlsx,일반외국인,E3-3,<표E3-3> 한국 문화별 이용 빈도_3. 한국 예능 프로그램,BASE:E1. ③,브라질,브라질,국가/지역,1년에 1회 이상,53.0,(53),15.76747184001402,%
2025_잠재방한객조사_일반외국인.xlsx,일반외국인,E3-3,<표E3-3> 한국 문화별 이용 빈도_3. 한국 예능 프로그램,BASE:E1. ③,브라질,브라질,국가/지역,반기별 1회 이상,53.0,(53),6.840119656506347,%
2025_잠재방한객조사_일반외국인.xlsx,일반외국인,E3-3,<표E3-3> 한국 문화별 이용 빈도_3. 한국 예능 프로그램,BASE:E1. ③,브라질,브라질,국가/지역,분기별 1회 이상,53.0,(53),15.388200322746753,%
2025_잠재방한객조사_일반외국인.xlsx,일반외국인,E3-3,<표E3-3> 한국 문화별 이용 빈도_3. 한국 예능 프로그램,BASE:E1. ③,브라질,브라질,국가/지역,한 달에 1회 이상,53.0,(53),31.902299851830257,%
2025_잠재방한객조사_일반외국인.xlsx,일반외국인,E3-3,<표E3-3> 한국 문화별 이용 빈도_3. 한국 예능 프로그램,BASE:E1. ③,브라질,브라질,국가/지역,1주일에 1회 이상,53.0,(53),23.102285063713218,%
2025_잠재방한객조사_일반외국인.xlsx,일반외국인,E3-3,<표E3-3> 한국 문화별 이용 빈도_3. 한국 예능 프로그램,BASE:E1. ③,브라질,브라질,국가/지역,거의 매일,53.0,(53),6.999623265189412,%
2025_잠재방한객조사_일반외국인.xlsx,일반외국인,E3-3,<표E3-3> 한국 문화별 이용 빈도_3. 한국 예능 프로그램,BASE:E1. ③,브라질,브라질,국가/지역,계,53.0,(53),100,%
2025_잠재방한객조사_일반외국인.xlsx,일반외국인,E3-3,<표E3-3> 한국 문화별 이용 빈도_3. 한국 예능 프로그램,BASE:E1. ③,사우디아라비아,사우디아라비아,국가/지역,1년에 1회 이상,86.0,(86),12.107408714678794,%
2025_잠재방한객조사_일반외국인.xlsx,일반외국인,E3-3,<표E3-3> 한국 문화별 이용 빈도_3. 한국 예능 프로그램,BASE:E1. ③,사우디아라비아,사우디아라비아,국가/지역,반기별 1회 이상,86.0,(86),24.997876775710914,%
2025_잠재방한객조사_일반외국인.xlsx,일반외국인,E3-3,<표E3-3> 한국 문화별 이용 빈도_3. 한국 예능 프로그램,BASE:E1. ③,사우디아라비아,사우디아라비아,국가/지역,분기별 1회 이상,86.0,(86),22.532335089704397,%
2025_잠재방한객조사_일반외국인.xlsx,일반외국인,E3-3,<표E3-3> 한국 문화별 이용 빈도_3. 한국 예능 프로그램,BASE:E1. ③,사우디아라비아,사우디아라비아,국가/지역,한 달에 1회 이상,86.0,(86),23.26646491063787,%
2025_잠재방한객조사_일반외국인.xlsx,일반외국인,E3-3,<표E3-3> 한국 문화별 이용 빈도_3. 한국 예능 프로그램,BASE:E1. ③,사우디아라비아,사우디아라비아,국가/지역,1주일에 1회 이상,86.0,(86),9.519593123542913,%
2025_잠재방한객조사_일반외국인.xlsx,일반외국인,E3-3,<표E3-3> 한국 문화별 이용 빈도_3. 한국 예능 프로그램,BASE:E1. ③,사우디아라비아,사우디아라비아,국가/지역,거의 매일,86.0,(86),7.57632138572506,%
2025_잠재방한객조사_일반외국인.xlsx,일반외국인,E3-3,<표E3-3> 한국 문화별 이용 빈도_3. 한국 예능 프로그램,BASE:E1. ③,사우디아라비아,사우디아라비아,국가/지역,계,86.0,(86),100,%
2025_잠재방한객조사_일반외국인.xlsx,일반외국인,E3-3,<표E3-3> 한국 문화별 이용 빈도_3. 한국 예능 프로그램,BASE:E1. ③,아랍에미리트,UAE,국가/지역,1년에 1회 이상,96.0,(96),14.97386122203857,%
2025_잠재방한객조사_일반외국인.xlsx,일반외국인,E3-3,<표E3-3> 한국 문화별 이용 빈도_3. 한국 예능 프로그램,BASE:E1. ③,아랍에미리트,UAE,국가/지역,반기별 1회 이상,96.0,(96),14.923934032398959,%
2025_잠재방한객조사_일반외국인.xlsx,일반외국인,E3-3,<표E3-3> 한국 문화별 이용 빈도_3. 한국 예능 프로그램,BASE:E1. ③,아랍에미리트,UAE,국가/지역,분기별 1회 이상,96.0,(96),16.289062367442984,%
2025_잠재방한객조사_일반외국인.xlsx,일반외국인,E3-3,<표E3-3> 한국 문화별 이용 빈도_3. 한국 예능 프로그램,BASE:E1. ③,아랍에미리트,UAE,국가/지역,한 달에 1회 이상,96.0,(96),28.320461192698122,%
2025_잠재방한객조사_일반외국인.xlsx,일반외국인,E3-3,<표E3-3> 한국 문화별 이용 빈도_3. 한국 예능 프로그램,BASE:E1. ③,아랍에미리트,UAE,국가/지역,1주일에 1회 이상,96.0,(96),17.038447495005876,%
2025_잠재방한객조사_일반외국인.xlsx,일반외국인,E3-3,<표E3-3> 한국 문화별 이용 빈도_3. 한국 예능 프로그램,BASE:E1. ③,아랍에미리트,UAE,국가/지역,거의 매일,96.0,(96),8.454233690415403,%
2025_잠재방한객조사_일반외국인.xlsx,일반외국인,E3-3,<표E3-3> 한국 문화별 이용 빈도_3. 한국 예능 프로그램,BASE:E1. ③,아랍에미리트,UAE,국가/지역,계,96.0,(96),100,%
2025_잠재방한객조사_일반외국인.xlsx,일반외국인,E3-4,<표E3-4> 한국 문화별 이용 빈도_4. 한국 영화,BASE:E1. ④,전체,전체,전체,1년에 1회 이상,5697.0,(5697),17.905932080627935,%
2025_잠재방한객조사_일반외국인.xlsx,일반외국인,E3-4,<표E3-4> 한국 문화별 이용 빈도_4. 한국 영화,BASE:E1. ④,전체,전체,전체,반기별 1회 이상,5697.0,(5697),13.561286969797425,%
2025_잠재방한객조사_일반외국인.xlsx,일반외국인,E3-4,<표E3-4> 한국 문화별 이용 빈도_4. 한국 영화,BASE:E1. ④,전체,전체,전체,분기별 1회 이상,5697.0,(5697),19.56690358901185,%
2025_잠재방한객조사_일반외국인.xlsx,일반외국인,E3-4,<표E3-4> 한국 문화별 이용 빈도_4. 한국 영화,BASE:E1. ④,전체,전체,전체,한 달에 1회 이상,5697.0,(5697),25.388909782678944,%
2025_잠재방한객조사_일반외국인.xlsx,일반외국인,E3-4,<표E3-4> 한국 문화별 이용 빈도_4. 한국 영화,BASE:E1. ④,전체,전체,전체,1주일에 1회 이상,5697.0,(5697),16.915075735803228,%
2025_잠재방한객조사_일반외국인.xlsx,일반외국인,E3-4,<표E3-4> 한국 문화별 이용 빈도_4. 한국 영화,BASE:E1. ④,전체,전체,전체,거의 매일,5697.0,(5697),6.661891842080308,%
2025_잠재방한객조사_일반외국인.xlsx,일반외국인,E3-4,<표E3-4> 한국 문화별 이용 빈도_4. 한국 영화,BASE:E1. ④,전체,전체,전체,계,5697.0,(5697),100,%
2025_잠재방한객조사_일반외국인.xlsx,일반외국인,E3-4,<표E3-4> 한국 문화별 이용 빈도_4. 한국 영화,BASE:E1. ④,중국,중국,국가/지역,1년에 1회 이상,920.0,(920),14.287622348740417,%
2025_잠재방한객조사_일반외국인.xlsx,일반외국인,E3-4,<표E3-4> 한국 문화별 이용 빈도_4. 한국 영화,BASE:E1. ④,중국,중국,국가/지역,반기별 1회 이상,920.0,(920),17.43296156873526,%
2025_잠재방한객조사_일반외국인.xlsx,일반외국인,E3-4,<표E3-4> 한국 문화별 이용 빈도_4. 한국 영화,BASE:E1. ④,중국,중국,국가/지역,분기별 1회 이상,920.0,(920),24.607739249525004,%
2025_잠재방한객조사_일반외국인.xlsx,일반외국인,E3-4,<표E3-4> 한국 문화별 이용 빈도_4. 한국 영화,BASE:E1. ④,중국,중국,국가/지역,한 달에 1회 이상,920.0,(920),29.696945655177824,%
2025_잠재방한객조사_일반외국인.xlsx,일반외국인,E3-4,<표E3-4> 한국 문화별 이용 빈도_4. 한국 영화,BASE:E1. ④,중국,중국,국가/지역,1주일에 1회 이상,920.0,(920),11.770752112915147,%
2025_잠재방한객조사_일반외국인.xlsx,일반외국인,E3-4,<표E3-4> 한국 문화별 이용 빈도_4. 한국 영화,BASE:E1. ④,중국,중국,국가/지역,거의 매일,920.0,(920),2.203979064906136,%
2025_잠재방한객조사_일반외국인.xlsx,일반외국인,E3-4,<표E3-4> 한국 문화별 이용 빈도_4. 한국 영화,BASE:E1. ④,중국,중국,국가/지역,계,920.0,(920),100,%
2025_잠재방한객조사_일반외국인.xlsx,일반외국인,E3-4,<표E3-4> 한국 문화별 이용 빈도_4. 한국 영화,BASE:E1. ④,일본,일본,국가/지역,1년에 1회 이상,347.0,(347),40.37633900166076,%
2025_잠재방한객조사_일반외국인.xlsx,일반외국인,E3-4,<표E3-4> 한국 문화별 이용 빈도_4. 한국 영화,BASE:E1. ④,일본,일본,국가/지역,반기별 1회 이상,347.0,(347),9.496830514981653,%
2025_잠재방한객조사_일반외국인.xlsx,일반외국인,E3-4,<표E3-4> 한국 문화별 이용 빈도_4. 한국 영화,BASE:E1. ④,일본,일본,국가/지역,분기별 1회 이상,347.0,(347),18.441589923974572,%
2025_잠재방한객조사_일반외국인.xlsx,일반외국인,E3-4,<표E3-4> 한국 문화별 이용 빈도_4. 한국 영화,BASE:E1. ④,일본,일본,국가/지역,한 달에 1회 이상,347.0,(347),24.44486128203929,%
2025_잠재방한객조사_일반외국인.xlsx,일반외국인,E3-4,<표E3-4> 한국 문화별 이용 빈도_4. 한국 영화,BASE:E1. ④,일본,일본,국가/지역,1주일에 1회 이상,347.0,(347),5.812080905680832,%
2025_잠재방한객조사_일반외국인.xlsx,일반외국인,E3-4,<표E3-4> 한국 문화별 이용 빈도_4. 한국 영화,BASE:E1. ④,일본,일본,국가/지역,거의 매일,347.0,(347),1.4282983716629405,%
2025_잠재방한객조사_일반외국인.xlsx,일반외국인,E3-4,<표E3-4> 한국 문화별 이용 빈도_4. 한국 영화,BASE:E1. ④,일본,일본,국가/지역,계,347.0,(347),100,%
2025_잠재방한객조사_일반외국인.xlsx,일반외국인,E3-4,<표E3-4> 한국 문화별 이용 빈도_4. 한국 영화,BASE:E1. ④,대만,대만,국가/지역,1년에 1회 이상,214.0,(214),19.41812154628111,%
2025_잠재방한객조사_일반외국인.xlsx,일반외국인,E3-4,<표E3-4> 한국 문화별 이용 빈도_4. 한국 영화,BASE:E1. ④,대만,대만,국가/지역,반기별 1회 이상,214.0,(214),14.536657476243947,%
2025_잠재방한객조사_일반외국인.xlsx,일반외국인,E3-4,<표E3-4> 한국 문화별 이용 빈도_4. 한국 영화,BASE:E1. ④,대만,대만,국가/지역,분기별 1회 이상,214.0,(214),24.898711613325585,%
2025_잠재방한객조사_일반외국인.xlsx,일반외국인,E3-4,<표E3-4> 한국 문화별 이용 빈도_4. 한국 영화,BASE:E1. ④,대만,대만,국가/지역,한 달에 1회 이상,214.0,(214),25.562527616742088,%
2025_잠재방한객조사_일반외국인.xlsx,일반외국인,E3-4,<표E3-4> 한국 문화별 이용 빈도_4. 한국 영화,BASE:E1. ④,대만,대만,국가/지역,1주일에 1회 이상,214.0,(214),10.17201554468648,%
2025_잠재방한객조사_일반외국인.xlsx,일반외국인,E3-4,<표E3-4> 한국 문화별 이용 빈도_4. 한국 영화,BASE:E1. ④,대만,대만,국가/지역,거의 매일,214.0,(214),5.411966202720631,%
2025_잠재방한객조사_일반외국인.xlsx,일반외국인,E3-4,<표E3-4> 한국 문화별 이용 빈도_4. 한국 영화,BASE:E1. ④,대만,대만,국가/지역,계,214.0,(214),100,%
2025_잠재방한객조사_일반외국인.xlsx,일반외국인,E3-4,<표E3-4> 한국 문화별 이용 빈도_4. 한국 영화,BASE:E1. ④,미국,미국,국가/지역,1년에 1회 이상,201.0,(201),22.645307279386305,%
2025_잠재방한객조사_일반외국인.xlsx,일반외국인,E3-4,<표E3-4> 한국 문화별 이용 빈도_4. 한국 영화,BASE:E1. ④,미국,미국,국가/지역,반기별 1회 이상,201.0,(201),16.64882523014081,%
2025_잠재방한객조사_일반외국인.xlsx,일반외국인,E3-4,<표E3-4> 한국 문화별 이용 빈도_4. 한국 영화,BASE:E1. ④,미국,미국,국가/지역,분기별 1회 이상,201.0,(201),23.152414696870338,%
2025_잠재방한객조사_일반외국인.xlsx,일반외국인,E3-4,<표E3-4> 한국 문화별 이용 빈도_4. 한국 영화,BASE:E1. ④,미국,미국,국가/지역,한 달에 1회 이상,201.0,(201),22.21611768601249,%
2025_잠재방한객조사_일반외국인.xlsx,일반외국인,E3-4,<표E3-4> 한국 문화별 이용 빈도_4. 한국 영화,BASE:E1. ④,미국,미국,국가/지역,1주일에 1회 이상,201.0,(201),13.30178801673786,%
2025_잠재방한객조사_일반외국인.xlsx,일반외국인,E3-4,<표E3-4> 한국 문화별 이용 빈도_4. 한국 영화,BASE:E1. ④,미국,미국,국가/지역,거의 매일,201.0,(201),2.0355470908523072,%
2025_잠재방한객조사_일반외국인.xlsx,일반외국인,E3-4,<표E3-4> 한국 문화별 이용 빈도_4. 한국 영화,BASE:E1. ④,미국,미국,국가/지역,계,201.0,(201),100,%
2025_잠재방한객조사_일반외국인.xlsx,일반외국인,E3-4,<표E3-4> 한국 문화별 이용 빈도_4. 한국 영화,BASE:E1. ④,필리핀,필리핀,국가/지역,1년에 1회 이상,296.0,(296),7.679837706400039,%
2025_잠재방한객조사_일반외국인.xlsx,일반외국인,E3-4,<표E3-4> 한국 문화별 이용 빈도_4. 한국 영화,BASE:E1. ④,필리핀,필리핀,국가/지역,반기별 1회 이상,296.0,(296),5.290100263778111,%
2025_잠재방한객조사_일반외국인.xlsx,일반외국인,E3-4,<표E3-4> 한국 문화별 이용 빈도_4. 한국 영화,BASE:E1. ④,필리핀,필리핀,국가/지역,분기별 1회 이상,296.0,(296),12.004512194348855,%
2025_잠재방한객조사_일반외국인.xlsx,일반외국인,E3-4,<표E3-4> 한국 문화별 이용 빈도_4. 한국 영화,BASE:E1. ④,필리핀,필리핀,국가/지역,한 달에 1회 이상,296.0,(296),24.51178452659608,%
2025_잠재방한객조사_일반외국인.xlsx,일반외국인,E3-4,<표E3-4> 한국 문화별 이용 빈도_4. 한국 영화,BASE:E1. ④,필리핀,필리핀,국가/지역,1주일에 1회 이상,296.0,(296),31.1813239506534,%
2025_잠재방한객조사_일반외국인.xlsx,일반외국인,E3-4,<표E3-4> 한국 문화별 이용 빈도_4. 한국 영화,BASE:E1. ④,필리핀,필리핀,국가/지역,거의 매일,296.0,(296),19.332441358223402,%
2025_잠재방한객조사_일반외국인.xlsx,일반외국인,E3-4,<표E3-4> 한국 문화별 이용 빈도_4. 한국 영화,BASE:E1. ④,필리핀,필리핀,국가/지역,계,296.0,(296),100,%
2025_잠재방한객조사_일반외국인.xlsx,일반외국인,E3-4,<표E3-4> 한국 문화별 이용 빈도_4. 한국 영화,BASE:E1. ④,베트남,베트남,국가/지역,1년에 1회 이상,243.0,(243),7.87540668110567,%
2025_잠재방한객조사_일반외국인.xlsx,일반외국인,E3-4,<표E3-4> 한국 문화별 이용 빈도_4. 한국 영화,BASE:E1. ④,베트남,베트남,국가/지역,반기별 1회 이상,243.0,(243),11.754491482324838,%
2025_잠재방한객조사_일반외국인.xlsx,일반외국인,E3-4,<표E3-4> 한국 문화별 이용 빈도_4. 한국 영화,BASE:E1. ④,베트남,베트남,국가/지역,분기별 1회 이상,243.0,(243),11.093403149251452,%
2025_잠재방한객조사_일반외국인.xlsx,일반외국인,E3-4,<표E3-4> 한국 문화별 이용 빈도_4. 한국 영화,BASE:E1. ④,베트남,베트남,국가/지역,한 달에 1회 이상,243.0,(243),29.53882087204817,%
2025_잠재방한객조사_일반외국인.xlsx,일반외국인,E3-4,<표E3-4> 한국 문화별 이용 빈도_4. 한국 영화,BASE:E1. ④,베트남,베트남,국가/지역,1주일에 1회 이상,243.0,(243),30.146398507519784,%
2025_잠재방한객조사_일반외국인.xlsx,일반외국인,E3-4,<표E3-4> 한국 문화별 이용 빈도_4. 한국 영화,BASE:E1. ④,베트남,베트남,국가/지역,거의 매일,243.0,(243),9.59147930775014,%
2025_잠재방한객조사_일반외국인.xlsx,일반외국인,E3-4,<표E3-4> 한국 문화별 이용 빈도_4. 한국 영화,BASE:E1. ④,베트남,베트남,국가/지역,계,243.0,(243),100,%
2025_잠재방한객조사_일반외국인.xlsx,일반외국인,E3-4,<표E3-4> 한국 문화별 이용 빈도_4. 한국 영화,BASE:E1. ④,싱가포르,싱가포르,국가/지역,1년에 1회 이상,202.0,(202),17.679376812334986,%
2025_잠재방한객조사_일반외국인.xlsx,일반외국인,E3-4,<표E3-4> 한국 문화별 이용 빈도_4. 한국 영화,BASE:E1. ④,싱가포르,싱가포르,국가/지역,반기별 1회 이상,202.0,(202),15.512919634899674,%
2025_잠재방한객조사_일반외국인.xlsx,일반외국인,E3-4,<표E3-4> 한국 문화별 이용 빈도_4. 한국 영화,BASE:E1. ④,싱가포르,싱가포르,국가/지역,분기별 1회 이상,202.0,(202),18.76718334895259,%
2025_잠재방한객조사_일반외국인.xlsx,일반외국인,E3-4,<표E3-4> 한국 문화별 이용 빈도_4. 한국 영화,BASE:E1. ④,싱가포르,싱가포르,국가/지역,한 달에 1회 이상,202.0,(202),23.725615361802042,%
2025_잠재방한객조사_일반외국인.xlsx,일반외국인,E3-4,<표E3-4> 한국 문화별 이용 빈도_4. 한국 영화,BASE:E1. ④,싱가포르,싱가포르,국가/지역,1주일에 1회 이상,202.0,(202),19.1063260913223,%
2025_잠재방한객조사_일반외국인.xlsx,일반외국인,E3-4,<표E3-4> 한국 문화별 이용 빈도_4. 한국 영화,BASE:E1. ④,싱가포르,싱가포르,국가/지역,거의 매일,202.0,(202),5.208578750688495,%
2025_잠재방한객조사_일반외국인.xlsx,일반외국인,E3-4,<표E3-4> 한국 문화별 이용 빈도_4. 한국 영화,BASE:E1. ④,싱가포르,싱가포르,국가/지역,계,202.0,(202),100,%
2025_잠재방한객조사_일반외국인.xlsx,일반외국인,E3-4,<표E3-4> 한국 문화별 이용 빈도_4. 한국 영화,BASE:E1. ④,인도네시아,인도네시아,국가/지역,1년에 1회 이상,279.0,(279),6.516838883307514,%
2025_잠재방한객조사_일반외국인.xlsx,일반외국인,E3-4,<표E3-4> 한국 문화별 이용 빈도_4. 한국 영화,BASE:E1. ④,인도네시아,인도네시아,국가/지역,반기별 1회 이상,279.0,(279),7.983698363695892,%
2025_잠재방한객조사_일반외국인.xlsx,일반외국인,E3-4,<표E3-4> 한국 문화별 이용 빈도_4. 한국 영화,BASE:E1. ④,인도네시아,인도네시아,국가/지역,분기별 1회 이상,279.0,(279),12.805885537424624,%
2025_잠재방한객조사_일반외국인.xlsx,일반외국인,E3-4,<표E3-4> 한국 문화별 이용 빈도_4. 한국 영화,BASE:E1. ④,인도네시아,인도네시아,국가/지역,한 달에 1회 이상,279.0,(279),23.347418431958538,%
2025_잠재방한객조사_일반외국인.xlsx,일반외국인,E3-4,<표E3-4> 한국 문화별 이용 빈도_4. 한국 영화,BASE:E1. ④,인도네시아,인도네시아,국가/지역,1주일에 1회 이상,279.0,(279),34.41422761595598,%
2025_잠재방한객조사_일반외국인.xlsx,일반외국인,E3-4,<표E3-4> 한국 문화별 이용 빈도_4. 한국 영화,BASE:E1. ④,인도네시아,인도네시아,국가/지역,거의 매일,279.0,(279),14.931931167657405,%
2025_잠재방한객조사_일반외국인.xlsx,일반외국인,E3-4,<표E3-4> 한국 문화별 이용 빈도_4. 한국 영화,BASE:E1. ④,인도네시아,인도네시아,국가/지역,계,279.0,(279),100,%
2025_잠재방한객조사_일반외국인.xlsx,일반외국인,E3-4,<표E3-4> 한국 문화별 이용 빈도_4. 한국 영화,BASE:E1. ④,태국,태국,국가/지역,1년에 1회 이상,239.0,(239),13.402440016572578,%
2025_잠재방한객조사_일반외국인.xlsx,일반외국인,E3-4,<표E3-4> 한국 문화별 이용 빈도_4. 한국 영화,BASE:E1. ④,태국,태국,국가/지역,반기별 1회 이상,239.0,(239),6.148682128455443,%
2025_잠재방한객조사_일반외국인.xlsx,일반외국인,E3-4,<표E3-4> 한국 문화별 이용 빈도_4. 한국 영화,BASE:E1. ④,태국,태국,국가/지역,분기별 1회 이상,239.0,(239),16.635601098075618,%
2025_잠재방한객조사_일반외국인.xlsx,일반외국인,E3-4,<표E3-4> 한국 문화별 이용 빈도_4. 한국 영화,BASE:E1. ④,태국,태국,국가/지역,한 달에 1회 이상,239.0,(239),29.259307228106962,%
2025_잠재방한객조사_일반외국인.xlsx,일반외국인,E3-4,<표E3-4> 한국 문화별 이용 빈도_4. 한국 영화,BASE:E1. ④,태국,태국,국가/지역,1주일에 1회 이상,239.0,(239),26.378693226087428,%
2025_잠재방한객조사_일반외국인.xlsx,일반외국인,E3-4,<표E3-4> 한국 문화별 이용 빈도_4. 한국 영화,BASE:E1. ④,태국,태국,국가/지역,거의 매일,239.0,(239),8.175276302701901,%
2025_잠재방한객조사_일반외국인.xlsx,일반외국인,E3-4,<표E3-4> 한국 문화별 이용 빈도_4. 한국 영화,BASE:E1. ④,태국,태국,국가/지역,계,239.0,(239),100,%
2025_잠재방한객조사_일반외국인.xlsx,일반외국인,E3-4,<표E3-4> 한국 문화별 이용 빈도_4. 한국 영화,BASE:E1. ④,말레이시아,말레이시아,국가/지역,1년에 1회 이상,263.0,(263),9.1495574833535,%
2025_잠재방한객조사_일반외국인.xlsx,일반외국인,E3-4,<표E3-4> 한국 문화별 이용 빈도_4. 한국 영화,BASE:E1. ④,말레이시아,말레이시아,국가/지역,반기별 1회 이상,263.0,(263),13.720492980446044,%
2025_잠재방한객조사_일반외국인.xlsx,일반외국인,E3-4,<표E3-4> 한국 문화별 이용 빈도_4. 한국 영화,BASE:E1. ④,말레이시아,말레이시아,국가/지역,분기별 1회 이상,263.0,(263),15.123311432276246,%
2025_잠재방한객조사_일반외국인.xlsx,일반외국인,E3-4,<표E3-4> 한국 문화별 이용 빈도_4. 한국 영화,BASE:E1. ④,말레이시아,말레이시아,국가/지역,한 달에 1회 이상,263.0,(263),24.39588307204091,%
2025_잠재방한객조사_일반외국인.xlsx,일반외국인,E3-4,<표E3-4> 한국 문화별 이용 빈도_4. 한국 영화,BASE:E1. ④,말레이시아,말레이시아,국가/지역,1주일에 1회 이상,263.0,(263),26.219710553192506,%
2025_잠재방한객조사_일반외국인.xlsx,일반외국인,E3-4,<표E3-4> 한국 문화별 이용 빈도_4. 한국 영화,BASE:E1. ④,말레이시아,말레이시아,국가/지역,거의 매일,263.0,(263),11.391044478690853,%
2025_잠재방한객조사_일반외국인.xlsx,일반외국인,E3-4,<표E3-4> 한국 문화별 이용 빈도_4. 한국 영화,BASE:E1. ④,말레이시아,말레이시아,국가/지역,계,263.0,(263),100,%
2025_잠재방한객조사_일반외국인.xlsx,일반외국인,E3-4,<표E3-4> 한국 문화별 이용 빈도_4. 한국 영화,BASE:E1. ④,캐나다,캐나다,국가/지역,1년에 1회 이상,85.0,(85),25.01769546469844,%
2025_잠재방한객조사_일반외국인.xlsx,일반외국인,E3-4,<표E3-4> 한국 문화별 이용 빈도_4. 한국 영화,BASE:E1. ④,캐나다,캐나다,국가/지역,반기별 1회 이상,85.0,(85),17.977661436653676,%
2025_잠재방한객조사_일반외국인.xlsx,일반외국인,E3-4,<표E3-4> 한국 문화별 이용 빈도_4. 한국 영화,BASE:E1. ④,캐나다,캐나다,국가/지역,분기별 1회 이상,85.0,(85),22.730568151459508,%
2025_잠재방한객조사_일반외국인.xlsx,일반외국인,E3-4,<표E3-4> 한국 문화별 이용 빈도_4. 한국 영화,BASE:E1. ④,캐나다,캐나다,국가/지역,한 달에 1회 이상,85.0,(85),20.282318864802438,%
2025_잠재방한객조사_일반외국인.xlsx,일반외국인,E3-4,<표E3-4> 한국 문화별 이용 빈도_4. 한국 영화,BASE:E1. ④,캐나다,캐나다,국가/지역,1주일에 1회 이상,85.0,(85),11.120066944673887,%
2025_잠재방한객조사_일반외국인.xlsx,일반외국인,E3-4,<표E3-4> 한국 문화별 이용 빈도_4. 한국 영화,BASE:E1. ④,캐나다,캐나다,국가/지역,거의 매일,85.0,(85),2.871689137712058,%
2025_잠재방한객조사_일반외국인.xlsx,일반외국인,E3-4,<표E3-4> 한국 문화별 이용 빈도_4. 한국 영화,BASE:E1. ④,캐나다,캐나다,국가/지역,계,85.0,(85),100,%
2025_잠재방한객조사_일반외국인.xlsx,일반외국인,E3-4,<표E3-4> 한국 문화별 이용 빈도_4. 한국 영화,BASE:E1. ④,호주,호주,국가/지역,1년에 1회 이상,94.0,(94),30.311299360019945,%
2025_잠재방한객조사_일반외국인.xlsx,일반외국인,E3-4,<표E3-4> 한국 문화별 이용 빈도_4. 한국 영화,BASE:E1. ④,호주,호주,국가/지역,반기별 1회 이상,94.0,(94),17.292448852719833,%
2025_잠재방한객조사_일반외국인.xlsx,일반외국인,E3-4,<표E3-4> 한국 문화별 이용 빈도_4. 한국 영화,BASE:E1. ④,호주,호주,국가/지역,분기별 1회 이상,94.0,(94),22.76865132463779,%
2025_잠재방한객조사_일반외국인.xlsx,일반외국인,E3-4,<표E3-4> 한국 문화별 이용 빈도_4. 한국 영화,BASE:E1. ④,호주,호주,국가/지역,한 달에 1회 이상,94.0,(94),23.032637344297903,%
2025_잠재방한객조사_일반외국인.xlsx,일반외국인,E3-4,<표E3-4> 한국 문화별 이용 빈도_4. 한국 영화,BASE:E1. ④,호주,호주,국가/지역,1주일에 1회 이상,94.0,(94),5.666786754989603,%
2025_잠재방한객조사_일반외국인.xlsx,일반외국인,E3-4,<표E3-4> 한국 문화별 이용 빈도_4. 한국 영화,BASE:E1. ④,호주,호주,국가/지역,거의 매일,94.0,(94),0.9281763633349042,%
2025_잠재방한객조사_일반외국인.xlsx,일반외국인,E3-4,<표E3-4> 한국 문화별 이용 빈도_4. 한국 영화,BASE:E1. ④,호주,호주,국가/지역,계,94.0,(94),100,%
2025_잠재방한객조사_일반외국인.xlsx,일반외국인,E3-4,<표E3-4> 한국 문화별 이용 빈도_4. 한국 영화,BASE:E1. ④,러시아,러시아,국가/지역,1년에 1회 이상,277.0,(277),31.214544423109515,%
2025_잠재방한객조사_일반외국인.xlsx,일반외국인,E3-4,<표E3-4> 한국 문화별 이용 빈도_4. 한국 영화,BASE:E1. ④,러시아,러시아,국가/지역,반기별 1회 이상,277.0,(277),19.29591781735005,%
2025_잠재방한객조사_일반외국인.xlsx,일반외국인,E3-4,<표E3-4> 한국 문화별 이용 빈도_4. 한국 영화,BASE:E1. ④,러시아,러시아,국가/지역,분기별 1회 이상,277.0,(277),20.042718172683934,%
2025_잠재방한객조사_일반외국인.xlsx,일반외국인,E3-4,<표E3-4> 한국 문화별 이용 빈도_4. 한국 영화,BASE:E1. ④,러시아,러시아,국가/지역,한 달에 1회 이상,277.0,(277),16.80780731833325,%
2025_잠재방한객조사_일반외국인.xlsx,일반외국인,E3-4,<표E3-4> 한국 문화별 이용 빈도_4. 한국 영화,BASE:E1. ④,러시아,러시아,국가/지역,1주일에 1회 이상,277.0,(277),9.00339710898741,%
2025_잠재방한객조사_일반외국인.xlsx,일반외국인,E3-4,<표E3-4> 한국 문화별 이용 빈도_4. 한국 영화,BASE:E1. ④,러시아,러시아,국가/지역,거의 매일,277.0,(277),3.635615159535836,%
2025_잠재방한객조사_일반외국인.xlsx,일반외국인,E3-4,<표E3-4> 한국 문화별 이용 빈도_4. 한국 영화,BASE:E1. ④,러시아,러시아,국가/지역,계,277.0,(277),100,%
2025_잠재방한객조사_일반외국인.xlsx,일반외국인,E3-4,<표E3-4> 한국 문화별 이용 빈도_4. 한국 영화,BASE:E1. ④,인도,인도,국가/지역,1년에 1회 이상,214.0,(214),10.540585197819915,%
2025_잠재방한객조사_일반외국인.xlsx,일반외국인,E3-4,<표E3-4> 한국 문화별 이용 빈도_4. 한국 영화,BASE:E1. ④,인도,인도,국가/지역,반기별 1회 이상,214.0,(214),9.46664146099839,%
2025_잠재방한객조사_일반외국인.xlsx,일반외국인,E3-4,<표E3-4> 한국 문화별 이용 빈도_4. 한국 영화,BASE:E1. ④,인도,인도,국가/지역,분기별 1회 이상,214.0,(214),16.151280889762802,%
2025_잠재방한객조사_일반외국인.xlsx,일반외국인,E3-4,<표E3-4> 한국 문화별 이용 빈도_4. 한국 영화,BASE:E1. ④,인도,인도,국가/지역,한 달에 1회 이상,214.0,(214),27.169141898640355,%
2025_잠재방한객조사_일반외국인.xlsx,일반외국인,E3-4,<표E3-4> 한국 문화별 이용 빈도_4. 한국 영화,BASE:E1. ④,인도,인도,국가/지역,1주일에 1회 이상,214.0,(214),29.482627858202708,%
2025_잠재방한객조사_일반외국인.xlsx,일반외국인,E3-4,<표E3-4> 한국 문화별 이용 빈도_4. 한국 영화,BASE:E1. ④,인도,인도,국가/지역,거의 매일,214.0,(214),7.189722694575701,%
2025_잠재방한객조사_일반외국인.xlsx,일반외국인,E3-4,<표E3-4> 한국 문화별 이용 빈도_4. 한국 영화,BASE:E1. ④,인도,인도,국가/지역,계,214.0,(214),100,%
2025_잠재방한객조사_일반외국인.xlsx,일반외국인,E3-4,<표E3-4> 한국 문화별 이용 빈도_4. 한국 영화,BASE:E1. ④,프랑스,프랑스,국가/지역,1년에 1회 이상,109.0,(109),36.75932813413918,%
2025_잠재방한객조사_일반외국인.xlsx,일반외국인,E3-4,<표E3-4> 한국 문화별 이용 빈도_4. 한국 영화,BASE:E1. ④,프랑스,프랑스,국가/지역,반기별 1회 이상,109.0,(109),17.40342119717063,%
2025_잠재방한객조사_일반외국인.xlsx,일반외국인,E3-4,<표E3-4> 한국 문화별 이용 빈도_4. 한국 영화,BASE:E1. ④,프랑스,프랑스,국가/지역,분기별 1회 이상,109.0,(109),19.847510416105276,%
2025_잠재방한객조사_일반외국인.xlsx,일반외국인,E3-4,<표E3-4> 한국 문화별 이용 빈도_4. 한국 영화,BASE:E1. ④,프랑스,프랑스,국가/지역,한 달에 1회 이상,109.0,(109),16.902964534397974,%
2025_잠재방한객조사_일반외국인.xlsx,일반외국인,E3-4,<표E3-4> 한국 문화별 이용 빈도_4. 한국 영화,BASE:E1. ④,프랑스,프랑스,국가/지역,1주일에 1회 이상,109.0,(109),8.270901265570735,%
2025_잠재방한객조사_일반외국인.xlsx,일반외국인,E3-4,<표E3-4> 한국 문화별 이용 빈도_4. 한국 영화,BASE:E1. ④,프랑스,프랑스,국가/지역,거의 매일,109.0,(109),0.8158744526161936,%
2025_잠재방한객조사_일반외국인.xlsx,일반외국인,E3-4,<표E3-4> 한국 문화별 이용 빈도_4. 한국 영화,BASE:E1. ④,프랑스,프랑스,국가/지역,계,109.0,(109),100,%
2025_잠재방한객조사_일반외국인.xlsx,일반외국인,E3-4,<표E3-4> 한국 문화별 이용 빈도_4. 한국 영화,BASE:E1. ④,독일,독일,국가/지역,1년에 1회 이상,64.0,(64),31.594959513256683,%
2025_잠재방한객조사_일반외국인.xlsx,일반외국인,E3-4,<표E3-4> 한국 문화별 이용 빈도_4. 한국 영화,BASE:E1. ④,독일,독일,국가/지역,반기별 1회 이상,64.0,(64),23.558845088266448,%
2025_잠재방한객조사_일반외국인.xlsx,일반외국인,E3-4,<표E3-4> 한국 문화별 이용 빈도_4. 한국 영화,BASE:E1. ④,독일,독일,국가/지역,분기별 1회 이상,64.0,(64),23.014486447278845,%
2025_잠재방한객조사_일반외국인.xlsx,일반외국인,E3-4,<표E3-4> 한국 문화별 이용 빈도_4. 한국 영화,BASE:E1. ④,독일,독일,국가/지역,한 달에 1회 이상,64.0,(64),17.22100225974894,%
2025_잠재방한객조사_일반외국인.xlsx,일반외국인,E3-4,<표E3-4> 한국 문화별 이용 빈도_4. 한국 영화,BASE:E1. ④,독일,독일,국가/지역,1주일에 1회 이상,64.0,(64),4.6107066914490895,%
2025_잠재방한객조사_일반외국인.xlsx,일반외국인,E3-4,<표E3-4> 한국 문화별 이용 빈도_4. 한국 영화,BASE:E1. ④,독일,독일,국가/지역,거의 매일,64.0,(64),0,%
2025_잠재방한객조사_일반외국인.xlsx,일반외국인,E3-4,<표E3-4> 한국 문화별 이용 빈도_4. 한국 영화,BASE:E1. ④,독일,독일,국가/지역,계,64.0,(64),100,%
2025_잠재방한객조사_일반외국인.xlsx,일반외국인,E3-4,<표E3-4> 한국 문화별 이용 빈도_4. 한국 영화,BASE:E1. ④,영국,영국,국가/지역,1년에 1회 이상,98.0,(98),11.355318373950228,%
2025_잠재방한객조사_일반외국인.xlsx,일반외국인,E3-4,<표E3-4> 한국 문화별 이용 빈도_4. 한국 영화,BASE:E1. ④,영국,영국,국가/지역,반기별 1회 이상,98.0,(98),22.69824478329909,%
2025_잠재방한객조사_일반외국인.xlsx,일반외국인,E3-4,<표E3-4> 한국 문화별 이용 빈도_4. 한국 영화,BASE:E1. ④,영국,영국,국가/지역,분기별 1회 이상,98.0,(98),21.460892957143606,%
2025_잠재방한객조사_일반외국인.xlsx,일반외국인,E3-4,<표E3-4> 한국 문화별 이용 빈도_4. 한국 영화,BASE:E1. ④,영국,영국,국가/지역,한 달에 1회 이상,98.0,(98),24.734120543054768,%
2025_잠재방한객조사_일반외국인.xlsx,일반외국인,E3-4,<표E3-4> 한국 문화별 이용 빈도_4. 한국 영화,BASE:E1. ④,영국,영국,국가/지역,1주일에 1회 이상,98.0,(98),16.290877683721874,%
2025_잠재방한객조사_일반외국인.xlsx,일반외국인,E3-4,<표E3-4> 한국 문화별 이용 빈도_4. 한국 영화,BASE:E1. ④,영국,영국,국가/지역,거의 매일,98.0,(98),3.460545658830468,%
2025_잠재방한객조사_일반외국인.xlsx,일반외국인,E3-4,<표E3-4> 한국 문화별 이용 빈도_4. 한국 영화,BASE:E1. ④,영국,영국,국가/지역,계,98.0,(98),100,%
2025_잠재방한객조사_일반외국인.xlsx,일반외국인,E3-4,<표E3-4> 한국 문화별 이용 빈도_4. 한국 영화,BASE:E1. ④,멕시코,멕시코,국가/지역,1년에 1회 이상,187.0,(187),16.77254577740571,%
2025_잠재방한객조사_일반외국인.xlsx,일반외국인,E3-4,<표E3-4> 한국 문화별 이용 빈도_4. 한국 영화,BASE:E1. ④,멕시코,멕시코,국가/지역,반기별 1회 이상,187.0,(187),9.846671638730589,%
2025_잠재방한객조사_일반외국인.xlsx,일반외국인,E3-4,<표E3-4> 한국 문화별 이용 빈도_4. 한국 영화,BASE:E1. ④,멕시코,멕시코,국가/지역,분기별 1회 이상,187.0,(187),20.621885992382545,%
2025_잠재방한객조사_일반외국인.xlsx,일반외국인,E3-4,<표E3-4> 한국 문화별 이용 빈도_4. 한국 영화,BASE:E1. ④,멕시코,멕시코,국가/지역,한 달에 1회 이상,187.0,(187),30.67297566135104,%
2025_잠재방한객조사_일반외국인.xlsx,일반외국인,E3-4,<표E3-4> 한국 문화별 이용 빈도_4. 한국 영화,BASE:E1. ④,멕시코,멕시코,국가/지역,1주일에 1회 이상,187.0,(187),14.235190141172449,%
2025_잠재방한객조사_일반외국인.xlsx,일반외국인,E3-4,<표E3-4> 한국 문화별 이용 빈도_4. 한국 영화,BASE:E1. ④,멕시코,멕시코,국가/지역,거의 매일,187.0,(187),7.850730788957644,%
2025_잠재방한객조사_일반외국인.xlsx,일반외국인,E3-4,<표E3-4> 한국 문화별 이용 빈도_4. 한국 영화,BASE:E1. ④,멕시코,멕시코,국가/지역,계,187.0,(187),100,%
2025_잠재방한객조사_일반외국인.xlsx,일반외국인,E3-4,<표E3-4> 한국 문화별 이용 빈도_4. 한국 영화,BASE:E1. ④,카자흐스탄,카자흐스탄,국가/지역,1년에 1회 이상,198.0,(198),30.495773816373706,%
2025_잠재방한객조사_일반외국인.xlsx,일반외국인,E3-4,<표E3-4> 한국 문화별 이용 빈도_4. 한국 영화,BASE:E1. ④,카자흐스탄,카자흐스탄,국가/지역,반기별 1회 이상,198.0,(198),10.975758918744202,%
2025_잠재방한객조사_일반외국인.xlsx,일반외국인,E3-4,<표E3-4> 한국 문화별 이용 빈도_4. 한국 영화,BASE:E1. ④,카자흐스탄,카자흐스탄,국가/지역,분기별 1회 이상,198.0,(198),19.180767648298723,%
2025_잠재방한객조사_일반외국인.xlsx,일반외국인,E3-4,<표E3-4> 한국 문화별 이용 빈도_4. 한국 영화,BASE:E1. ④,카자흐스탄,카자흐스탄,국가/지역,한 달에 1회 이상,198.0,(198),20.225750947741908,%
2025_잠재방한객조사_일반외국인.xlsx,일반외국인,E3-4,<표E3-4> 한국 문화별 이용 빈도_4. 한국 영화,BASE:E1. ④,카자흐스탄,카자흐스탄,국가/지역,1주일에 1회 이상,198.0,(198),10.141263554012653,%
2025_잠재방한객조사_일반외국인.xlsx,일반외국인,E3-4,<표E3-4> 한국 문화별 이용 빈도_4. 한국 영화,BASE:E1. ④,카자흐스탄,카자흐스탄,국가/지역,거의 매일,198.0,(198),8.980685114828942,%
2025_잠재방한객조사_일반외국인.xlsx,일반외국인,E3-4,<표E3-4> 한국 문화별 이용 빈도_4. 한국 영화,BASE:E1. ④,카자흐스탄,카자흐스탄,국가/지역,계,198.0,(198),100,%
2025_잠재방한객조사_일반외국인.xlsx,일반외국인,E3-4,<표E3-4> 한국 문화별 이용 빈도_4. 한국 영화,BASE:E1. ④,튀르키예,튀르키예,국가/지역,1년에 1회 이상,180.0,(180),19.508249985180917,%
2025_잠재방한객조사_일반외국인.xlsx,일반외국인,E3-4,<표E3-4> 한국 문화별 이용 빈도_4. 한국 영화,BASE:E1. ④,튀르키예,튀르키예,국가/지역,반기별 1회 이상,180.0,(180),16.104994715280547,%
2025_잠재방한객조사_일반외국인.xlsx,일반외국인,E3-4,<표E3-4> 한국 문화별 이용 빈도_4. 한국 영화,BASE:E1. ④,튀르키예,튀르키예,국가/지역,분기별 1회 이상,180.0,(180),22.064223108047837,%
2025_잠재방한객조사_일반외국인.xlsx,일반외국인,E3-4,<표E3-4> 한국 문화별 이용 빈도_4. 한국 영화,BASE:E1. ④,튀르키예,튀르키예,국가/지역,한 달에 1회 이상,180.0,(180),26.4361993822944,%
2025_잠재방한객조사_일반외국인.xlsx,일반외국인,E3-4,<표E3-4> 한국 문화별 이용 빈도_4. 한국 영화,BASE:E1. ④,튀르키예,튀르키예,국가/지역,1주일에 1회 이상,180.0,(180),10.284999180798875,%
2025_잠재방한객조사_일반외국인.xlsx,일반외국인,E3-4,<표E3-4> 한국 문화별 이용 빈도_4. 한국 영화,BASE:E1. ④,튀르키예,튀르키예,국가/지역,거의 매일,180.0,(180),5.601333628397516,%
2025_잠재방한객조사_일반외국인.xlsx,일반외국인,E3-4,<표E3-4> 한국 문화별 이용 빈도_4. 한국 영화,BASE:E1. ④,튀르키예,튀르키예,국가/지역,계,180.0,(180),100,%
2025_잠재방한객조사_일반외국인.xlsx,일반외국인,E3-4,<표E3-4> 한국 문화별 이용 빈도_4. 한국 영화,BASE:E1. ④,브라질,브라질,국가/지역,1년에 1회 이상,176.0,(176),17.64027200719945,%
2025_잠재방한객조사_일반외국인.xlsx,일반외국인,E3-4,<표E3-4> 한국 문화별 이용 빈도_4. 한국 영화,BASE:E1. ④,브라질,브라질,국가/지역,반기별 1회 이상,176.0,(176),9.817567873864368,%
2025_잠재방한객조사_일반외국인.xlsx,일반외국인,E3-4,<표E3-4> 한국 문화별 이용 빈도_4. 한국 영화,BASE:E1. ④,브라질,브라질,국가/지역,분기별 1회 이상,176.0,(176),18.74773159518444,%
2025_잠재방한객조사_일반외국인.xlsx,일반외국인,E3-4,<표E3-4> 한국 문화별 이용 빈도_4. 한국 영화,BASE:E1. ④,브라질,브라질,국가/지역,한 달에 1회 이상,176.0,(176),28.566182380977583,%
2025_잠재방한객조사_일반외국인.xlsx,일반외국인,E3-4,<표E3-4> 한국 문화별 이용 빈도_4. 한국 영화,BASE:E1. ④,브라질,브라질,국가/지역,1주일에 1회 이상,176.0,(176),16.331586496562952,%
2025_잠재방한객조사_일반외국인.xlsx,일반외국인,E3-4,<표E3-4> 한국 문화별 이용 빈도_4. 한국 영화,BASE:E1. ④,브라질,브라질,국가/지역,거의 매일,176.0,(176),8.896659646211239,%
2025_잠재방한객조사_일반외국인.xlsx,일반외국인,E3-4,<표E3-4> 한국 문화별 이용 빈도_4. 한국 영화,BASE:E1. ④,브라질,브라질,국가/지역,계,176.0,(176),100,%
2025_잠재방한객조사_일반외국인.xlsx,일반외국인,E3-4,<표E3-4> 한국 문화별 이용 빈도_4. 한국 영화,BASE:E1. ④,사우디아라비아,사우디아라비아,국가/지역,1년에 1회 이상,166.0,(166),11.960898163625215,%
2025_잠재방한객조사_일반외국인.xlsx,일반외국인,E3-4,<표E3-4> 한국 문화별 이용 빈도_4. 한국 영화,BASE:E1. ④,사우디아라비아,사우디아라비아,국가/지역,반기별 1회 이상,166.0,(166),16.467451457110847,%
2025_잠재방한객조사_일반외국인.xlsx,일반외국인,E3-4,<표E3-4> 한국 문화별 이용 빈도_4. 한국 영화,BASE:E1. ④,사우디아라비아,사우디아라비아,국가/지역,분기별 1회 이상,166.0,(166),21.130594858192946,%
2025_잠재방한객조사_일반외국인.xlsx,일반외국인,E3-4,<표E3-4> 한국 문화별 이용 빈도_4. 한국 영화,BASE:E1. ④,사우디아라비아,사우디아라비아,국가/지역,한 달에 1회 이상,166.0,(166),25.228442335662727,%
2025_잠재방한객조사_일반외국인.xlsx,일반외국인,E3-4,<표E3-4> 한국 문화별 이용 빈도_4. 한국 영화,BASE:E1. ④,사우디아라비아,사우디아라비아,국가/지역,1주일에 1회 이상,166.0,(166),18.091720689611577,%
2025_잠재방한객조사_일반외국인.xlsx,일반외국인,E3-4,<표E3-4> 한국 문화별 이용 빈도_4. 한국 영화,BASE:E1. ④,사우디아라비아,사우디아라비아,국가/지역,거의 매일,166.0,(166),7.120892495796665,%
2025_잠재방한객조사_일반외국인.xlsx,일반외국인,E3-4,<표E3-4> 한국 문화별 이용 빈도_4. 한국 영화,BASE:E1. ④,사우디아라비아,사우디아라비아,국가/지역,계,166.0,(166),100,%
2025_잠재방한객조사_일반외국인.xlsx,일반외국인,E3-4,<표E3-4> 한국 문화별 이용 빈도_4. 한국 영화,BASE:E1. ④,아랍에미리트,UAE,국가/지역,1년에 1회 이상,220.0,(220),9.422069408466037,%
2025_잠재방한객조사_일반외국인.xlsx,일반외국인,E3-4,<표E3-4> 한국 문화별 이용 빈도_4. 한국 영화,BASE:E1. ④,아랍에미리트,UAE,국가/지역,반기별 1회 이상,220.0,(220),16.63835650976627,%
2025_잠재방한객조사_일반외국인.xlsx,일반외국인,E3-4,<표E3-4> 한국 문화별 이용 빈도_4. 한국 영화,BASE:E1. ④,아랍에미리트,UAE,국가/지역,분기별 1회 이상,220.0,(220),19.228669973910538,%
2025_잠재방한객조사_일반외국인.xlsx,일반외국인,E3-4,<표E3-4> 한국 문화별 이용 빈도_4. 한국 영화,BASE:E1. ④,아랍에미리트,UAE,국가/지역,한 달에 1회 이상,220.0,(220),24.189546213766487,%
2025_잠재방한객조사_일반외국인.xlsx,일반외국인,E3-4,<표E3-4> 한국 문화별 이용 빈도_4. 한국 영화,BASE:E1. ④,아랍에미리트,UAE,국가/지역,1주일에 1회 이상,220.0,(220),21.233772766096674,%
2025_잠재방한객조사_일반외국인.xlsx,일반외국인,E3-4,<표E3-4> 한국 문화별 이용 빈도_4. 한국 영화,BASE:E1. ④,아랍에미리트,UAE,국가/지역,거의 매일,220.0,(220),9.28758512799416,%
2025_잠재방한객조사_일반외국인.xlsx,일반외국인,E3-4,<표E3-4> 한국 문화별 이용 빈도_4. 한국 영화,BASE:E1. ④,아랍에미리트,UAE,국가/지역,계,220.0,(220),100,%
2025_잠재방한객조사_일반외국인.xlsx,일반외국인,E3-5,<표E3-5> 한국 문화별 이용 빈도_5. 한국 음식,BASE:E1. ⑤,전체,전체,전체,1년에 1회 이상,7205.0,(7205),17.480316480474382,%
2025_잠재방한객조사_일반외국인.xlsx,일반외국인,E3-5,<표E3-5> 한국 문화별 이용 빈도_5. 한국 음식,BASE:E1. ⑤,전체,전체,전체,반기별 1회 이상,7205.0,(7205),14.120173863087665,%
2025_잠재방한객조사_일반외국인.xlsx,일반외국인,E3-5,<표E3-5> 한국 문화별 이용 빈도_5. 한국 음식,BASE:E1. ⑤,전체,전체,전체,분기별 1회 이상,7205.0,(7205),22.489768889639542,%
2025_잠재방한객조사_일반외국인.xlsx,일반외국인,E3-5,<표E3-5> 한국 문화별 이용 빈도_5. 한국 음식,BASE:E1. ⑤,전체,전체,전체,한 달에 1회 이상,7205.0,(7205),28.645760586796694,%
2025_잠재방한객조사_일반외국인.xlsx,일반외국인,E3-5,<표E3-5> 한국 문화별 이용 빈도_5. 한국 음식,BASE:E1. ⑤,전체,전체,전체,1주일에 1회 이상,7205.0,(7205),14.132542355139211,%
2025_잠재방한객조사_일반외국인.xlsx,일반외국인,E3-5,<표E3-5> 한국 문화별 이용 빈도_5. 한국 음식,BASE:E1. ⑤,전체,전체,전체,거의 매일,7205.0,(7205),3.131437824862413,%
2025_잠재방한객조사_일반외국인.xlsx,일반외국인,E3-5,<표E3-5> 한국 문화별 이용 빈도_5. 한국 음식,BASE:E1. ⑤,전체,전체,전체,계,7205.0,(7205),100,%
2025_잠재방한객조사_일반외국인.xlsx,일반외국인,E3-5,<표E3-5> 한국 문화별 이용 빈도_5. 한국 음식,BASE:E1. ⑤,중국,중국,국가/지역,1년에 1회 이상,1032.0,(1032),10.602592831713533,%
2025_잠재방한객조사_일반외국인.xlsx,일반외국인,E3-5,<표E3-5> 한국 문화별 이용 빈도_5. 한국 음식,BASE:E1. ⑤,중국,중국,국가/지역,반기별 1회 이상,1032.0,(1032),15.119952445658349,%
2025_잠재방한객조사_일반외국인.xlsx,일반외국인,E3-5,<표E3-5> 한국 문화별 이용 빈도_5. 한국 음식,BASE:E1. ⑤,중국,중국,국가/지역,분기별 1회 이상,1032.0,(1032),26.124592008292314,%
2025_잠재방한객조사_일반외국인.xlsx,일반외국인,E3-5,<표E3-5> 한국 문화별 이용 빈도_5. 한국 음식,BASE:E1. ⑤,중국,중국,국가/지역,한 달에 1회 이상,1032.0,(1032),29.38197165496535,%
2025_잠재방한객조사_일반외국인.xlsx,일반외국인,E3-5,<표E3-5> 한국 문화별 이용 빈도_5. 한국 음식,BASE:E1. ⑤,중국,중국,국가/지역,1주일에 1회 이상,1032.0,(1032),16.254656596599588,%
2025_잠재방한객조사_일반외국인.xlsx,일반외국인,E3-5,<표E3-5> 한국 문화별 이용 빈도_5. 한국 음식,BASE:E1. ⑤,중국,중국,국가/지역,거의 매일,1032.0,(1032),2.516234462770737,%
2025_잠재방한객조사_일반외국인.xlsx,일반외국인,E3-5,<표E3-5> 한국 문화별 이용 빈도_5. 한국 음식,BASE:E1. ⑤,중국,중국,국가/지역,계,1032.0,(1032),100,%
2025_잠재방한객조사_일반외국인.xlsx,일반외국인,E3-5,<표E3-5> 한국 문화별 이용 빈도_5. 한국 음식,BASE:E1. ⑤,일본,일본,국가/지역,1년에 1회 이상,649.0,(649),28.919921045847076,%
2025_잠재방한객조사_일반외국인.xlsx,일반외국인,E3-5,<표E3-5> 한국 문화별 이용 빈도_5. 한국 음식,BASE:E1. ⑤,일본,일본,국가/지역,반기별 1회 이상,649.0,(649),13.132495148194812,%
2025_잠재방한객조사_일반외국인.xlsx,일반외국인,E3-5,<표E3-5> 한국 문화별 이용 빈도_5. 한국 음식,BASE:E1. ⑤,일본,일본,국가/지역,분기별 1회 이상,649.0,(649),21.128175486860773,%
2025_잠재방한객조사_일반외국인.xlsx,일반외국인,E3-5,<표E3-5> 한국 문화별 이용 빈도_5. 한국 음식,BASE:E1. ⑤,일본,일본,국가/지역,한 달에 1회 이상,649.0,(649),29.187508112681193,%
2025_잠재방한객조사_일반외국인.xlsx,일반외국인,E3-5,<표E3-5> 한국 문화별 이용 빈도_5. 한국 음식,BASE:E1. ⑤,일본,일본,국가/지역,1주일에 1회 이상,649.0,(649),6.750317718361701,%
2025_잠재방한객조사_일반외국인.xlsx,일반외국인,E3-5,<표E3-5> 한국 문화별 이용 빈도_5. 한국 음식,BASE:E1. ⑤,일본,일본,국가/지역,거의 매일,649.0,(649),0.8815824880543733,%
2025_잠재방한객조사_일반외국인.xlsx,일반외국인,E3-5,<표E3-5> 한국 문화별 이용 빈도_5. 한국 음식,BASE:E1. ⑤,일본,일본,국가/지역,계,649.0,(649),100,%
2025_잠재방한객조사_일반외국인.xlsx,일반외국인,E3-5,<표E3-5> 한국 문화별 이용 빈도_5. 한국 음식,BASE:E1. ⑤,대만,대만,국가/지역,1년에 1회 이상,274.0,(274),12.689561754291828,%
2025_잠재방한객조사_일반외국인.xlsx,일반외국인,E3-5,<표E3-5> 한국 문화별 이용 빈도_5. 한국 음식,BASE:E1. ⑤,대만,대만,국가/지역,반기별 1회 이상,274.0,(274),17.049508937846504,%
2025_잠재방한객조사_일반외국인.xlsx,일반외국인,E3-5,<표E3-5> 한국 문화별 이용 빈도_5. 한국 음식,BASE:E1. ⑤,대만,대만,국가/지역,분기별 1회 이상,274.0,(274),25.069255736583468,%
2025_잠재방한객조사_일반외국인.xlsx,일반외국인,E3-5,<표E3-5> 한국 문화별 이용 빈도_5. 한국 음식,BASE:E1. ⑤,대만,대만,국가/지역,한 달에 1회 이상,274.0,(274),33.30688987741237,%
2025_잠재방한객조사_일반외국인.xlsx,일반외국인,E3-5,<표E3-5> 한국 문화별 이용 빈도_5. 한국 음식,BASE:E1. ⑤,대만,대만,국가/지역,1주일에 1회 이상,274.0,(274),10.636276939271642,%
2025_잠재방한객조사_일반외국인.xlsx,일반외국인,E3-5,<표E3-5> 한국 문화별 이용 빈도_5. 한국 음식,BASE:E1. ⑤,대만,대만,국가/지역,거의 매일,274.0,(274),1.2485067545939876,%
2025_잠재방한객조사_일반외국인.xlsx,일반외국인,E3-5,<표E3-5> 한국 문화별 이용 빈도_5. 한국 음식,BASE:E1. ⑤,대만,대만,국가/지역,계,274.0,(274),100,%
2025_잠재방한객조사_일반외국인.xlsx,일반외국인,E3-5,<표E3-5> 한국 문화별 이용 빈도_5. 한국 음식,BASE:E1. ⑤,미국,미국,국가/지역,1년에 1회 이상,335.0,(335),26.507005705529153,%
2025_잠재방한객조사_일반외국인.xlsx,일반외국인,E3-5,<표E3-5> 한국 문화별 이용 빈도_5. 한국 음식,BASE:E1. ⑤,미국,미국,국가/지역,반기별 1회 이상,335.0,(335),18.371753432361167,%
2025_잠재방한객조사_일반외국인.xlsx,일반외국인,E3-5,<표E3-5> 한국 문화별 이용 빈도_5. 한국 음식,BASE:E1. ⑤,미국,미국,국가/지역,분기별 1회 이상,335.0,(335),20.74639270873321,%
2025_잠재방한객조사_일반외국인.xlsx,일반외국인,E3-5,<표E3-5> 한국 문화별 이용 빈도_5. 한국 음식,BASE:E1. ⑤,미국,미국,국가/지역,한 달에 1회 이상,335.0,(335),23.481447719519057,%
2025_잠재방한객조사_일반외국인.xlsx,일반외국인,E3-5,<표E3-5> 한국 문화별 이용 빈도_5. 한국 음식,BASE:E1. ⑤,미국,미국,국가/지역,1주일에 1회 이상,335.0,(335),8.037352924458379,%
2025_잠재방한객조사_일반외국인.xlsx,일반외국인,E3-5,<표E3-5> 한국 문화별 이용 빈도_5. 한국 음식,BASE:E1. ⑤,미국,미국,국가/지역,거의 매일,335.0,(335),2.8560475093990996,%
2025_잠재방한객조사_일반외국인.xlsx,일반외국인,E3-5,<표E3-5> 한국 문화별 이용 빈도_5. 한국 음식,BASE:E1. ⑤,미국,미국,국가/지역,계,335.0,(335),100,%
2025_잠재방한객조사_일반외국인.xlsx,일반외국인,E3-5,<표E3-5> 한국 문화별 이용 빈도_5. 한국 음식,BASE:E1. ⑤,필리핀,필리핀,국가/지역,1년에 1회 이상,318.0,(318),7.609451217406827,%
2025_잠재방한객조사_일반외국인.xlsx,일반외국인,E3-5,<표E3-5> 한국 문화별 이용 빈도_5. 한국 음식,BASE:E1. ⑤,필리핀,필리핀,국가/지역,반기별 1회 이상,318.0,(318),10.548380347839192,%
2025_잠재방한객조사_일반외국인.xlsx,일반외국인,E3-5,<표E3-5> 한국 문화별 이용 빈도_5. 한국 음식,BASE:E1. ⑤,필리핀,필리핀,국가/지역,분기별 1회 이상,318.0,(318),15.162964671513206,%
2025_잠재방한객조사_일반외국인.xlsx,일반외국인,E3-5,<표E3-5> 한국 문화별 이용 빈도_5. 한국 음식,BASE:E1. ⑤,필리핀,필리핀,국가/지역,한 달에 1회 이상,318.0,(318),34.52770796631529,%
2025_잠재방한객조사_일반외국인.xlsx,일반외국인,E3-5,<표E3-5> 한국 문화별 이용 빈도_5. 한국 음식,BASE:E1. ⑤,필리핀,필리핀,국가/지역,1주일에 1회 이상,318.0,(318),23.59106030646819,%
2025_잠재방한객조사_일반외국인.xlsx,일반외국인,E3-5,<표E3-5> 한국 문화별 이용 빈도_5. 한국 음식,BASE:E1. ⑤,필리핀,필리핀,국가/지역,거의 매일,318.0,(318),8.560435490457232,%
2025_잠재방한객조사_일반외국인.xlsx,일반외국인,E3-5,<표E3-5> 한국 문화별 이용 빈도_5. 한국 음식,BASE:E1. ⑤,필리핀,필리핀,국가/지역,계,318.0,(318),100,%
2025_잠재방한객조사_일반외국인.xlsx,일반외국인,E3-5,<표E3-5> 한국 문화별 이용 빈도_5. 한국 음식,BASE:E1. ⑤,베트남,베트남,국가/지역,1년에 1회 이상,303.0,(303),7.6572958485919145,%
2025_잠재방한객조사_일반외국인.xlsx,일반외국인,E3-5,<표E3-5> 한국 문화별 이용 빈도_5. 한국 음식,BASE:E1. ⑤,베트남,베트남,국가/지역,반기별 1회 이상,303.0,(303),9.994685400269631,%
2025_잠재방한객조사_일반외국인.xlsx,일반외국인,E3-5,<표E3-5> 한국 문화별 이용 빈도_5. 한국 음식,BASE:E1. ⑤,베트남,베트남,국가/지역,분기별 1회 이상,303.0,(303),21.524928112009245,%
2025_잠재방한객조사_일반외국인.xlsx,일반외국인,E3-5,<표E3-5> 한국 문화별 이용 빈도_5. 한국 음식,BASE:E1. ⑤,베트남,베트남,국가/지역,한 달에 1회 이상,303.0,(303),35.50232345196472,%
2025_잠재방한객조사_일반외국인.xlsx,일반외국인,E3-5,<표E3-5> 한국 문화별 이용 빈도_5. 한국 음식,BASE:E1. ⑤,베트남,베트남,국가/지역,1주일에 1회 이상,303.0,(303),21.589913378576554,%
2025_잠재방한객조사_일반외국인.xlsx,일반외국인,E3-5,<표E3-5> 한국 문화별 이용 빈도_5. 한국 음식,BASE:E1. ⑤,베트남,베트남,국가/지역,거의 매일,303.0,(303),3.7308538085880185,%
2025_잠재방한객조사_일반외국인.xlsx,일반외국인,E3-5,<표E3-5> 한국 문화별 이용 빈도_5. 한국 음식,BASE:E1. ⑤,베트남,베트남,국가/지역,계,303.0,(303),100,%
2025_잠재방한객조사_일반외국인.xlsx,일반외국인,E3-5,<표E3-5> 한국 문화별 이용 빈도_5. 한국 음식,BASE:E1. ⑤,싱가포르,싱가포르,국가/지역,1년에 1회 이상,282.0,(282),10.877615010004229,%
2025_잠재방한객조사_일반외국인.xlsx,일반외국인,E3-5,<표E3-5> 한국 문화별 이용 빈도_5. 한국 음식,BASE:E1. ⑤,싱가포르,싱가포르,국가/지역,반기별 1회 이상,282.0,(282),13.398993330086661,%
2025_잠재방한객조사_일반외국인.xlsx,일반외국인,E3-5,<표E3-5> 한국 문화별 이용 빈도_5. 한국 음식,BASE:E1. ⑤,싱가포르,싱가포르,국가/지역,분기별 1회 이상,282.0,(282),26.09241258884444,%
2025_잠재방한객조사_일반외국인.xlsx,일반외국인,E3-5,<표E3-5> 한국 문화별 이용 빈도_5. 한국 음식,BASE:E1. ⑤,싱가포르,싱가포르,국가/지역,한 달에 1회 이상,282.0,(282),28.782273702286954,%
2025_잠재방한객조사_일반외국인.xlsx,일반외국인,E3-5,<표E3-5> 한국 문화별 이용 빈도_5. 한국 음식,BASE:E1. ⑤,싱가포르,싱가포르,국가/지역,1주일에 1회 이상,282.0,(282),17.69469219440829,%
2025_잠재방한객조사_일반외국인.xlsx,일반외국인,E3-5,<표E3-5> 한국 문화별 이용 빈도_5. 한국 음식,BASE:E1. ⑤,싱가포르,싱가포르,국가/지역,거의 매일,282.0,(282),3.154013174369456,%
2025_잠재방한객조사_일반외국인.xlsx,일반외국인,E3-5,<표E3-5> 한국 문화별 이용 빈도_5. 한국 음식,BASE:E1. ⑤,싱가포르,싱가포르,국가/지역,계,282.0,(282),100,%
2025_잠재방한객조사_일반외국인.xlsx,일반외국인,E3-5,<표E3-5> 한국 문화별 이용 빈도_5. 한국 음식,BASE:E1. ⑤,인도네시아,인도네시아,국가/지역,1년에 1회 이상,270.0,(270),9.068467706571285,%
2025_잠재방한객조사_일반외국인.xlsx,일반외국인,E3-5,<표E3-5> 한국 문화별 이용 빈도_5. 한국 음식,BASE:E1. ⑤,인도네시아,인도네시아,국가/지역,반기별 1회 이상,270.0,(270),8.735207226430788,%
2025_잠재방한객조사_일반외국인.xlsx,일반외국인,E3-5,<표E3-5> 한국 문화별 이용 빈도_5. 한국 음식,BASE:E1. ⑤,인도네시아,인도네시아,국가/지역,분기별 1회 이상,270.0,(270),18.479987242966057,%
2025_잠재방한객조사_일반외국인.xlsx,일반외국인,E3-5,<표E3-5> 한국 문화별 이용 빈도_5. 한국 음식,BASE:E1. ⑤,인도네시아,인도네시아,국가/지역,한 달에 1회 이상,270.0,(270),34.76067636140276,%
2025_잠재방한객조사_일반외국인.xlsx,일반외국인,E3-5,<표E3-5> 한국 문화별 이용 빈도_5. 한국 음식,BASE:E1. ⑤,인도네시아,인도네시아,국가/지역,1주일에 1회 이상,270.0,(270),22.840078243769486,%
2025_잠재방한객조사_일반외국인.xlsx,일반외국인,E3-5,<표E3-5> 한국 문화별 이용 빈도_5. 한국 음식,BASE:E1. ⑤,인도네시아,인도네시아,국가/지역,거의 매일,270.0,(270),6.115583218859627,%
2025_잠재방한객조사_일반외국인.xlsx,일반외국인,E3-5,<표E3-5> 한국 문화별 이용 빈도_5. 한국 음식,BASE:E1. ⑤,인도네시아,인도네시아,국가/지역,계,270.0,(270),100,%
2025_잠재방한객조사_일반외국인.xlsx,일반외국인,E3-5,<표E3-5> 한국 문화별 이용 빈도_5. 한국 음식,BASE:E1. ⑤,태국,태국,국가/지역,1년에 1회 이상,277.0,(277),7.3285490986008615,%
2025_잠재방한객조사_일반외국인.xlsx,일반외국인,E3-5,<표E3-5> 한국 문화별 이용 빈도_5. 한국 음식,BASE:E1. ⑤,태국,태국,국가/지역,반기별 1회 이상,277.0,(277),10.059590518673161,%
2025_잠재방한객조사_일반외국인.xlsx,일반외국인,E3-5,<표E3-5> 한국 문화별 이용 빈도_5. 한국 음식,BASE:E1. ⑤,태국,태국,국가/지역,분기별 1회 이상,277.0,(277),16.806670027637438,%
2025_잠재방한객조사_일반외국인.xlsx,일반외국인,E3-5,<표E3-5> 한국 문화별 이용 빈도_5. 한국 음식,BASE:E1. ⑤,태국,태국,국가/지역,한 달에 1회 이상,277.0,(277),36.223247477719134,%
2025_잠재방한객조사_일반외국인.xlsx,일반외국인,E3-5,<표E3-5> 한국 문화별 이용 빈도_5. 한국 음식,BASE:E1. ⑤,태국,태국,국가/지역,1주일에 1회 이상,277.0,(277),25.309172157725417,%
2025_잠재방한객조사_일반외국인.xlsx,일반외국인,E3-5,<표E3-5> 한국 문화별 이용 빈도_5. 한국 음식,BASE:E1. ⑤,태국,태국,국가/지역,거의 매일,277.0,(277),4.272770719643921,%
2025_잠재방한객조사_일반외국인.xlsx,일반외국인,E3-5,<표E3-5> 한국 문화별 이용 빈도_5. 한국 음식,BASE:E1. ⑤,태국,태국,국가/지역,계,277.0,(277),100,%
2025_잠재방한객조사_일반외국인.xlsx,일반외국인,E3-5,<표E3-5> 한국 문화별 이용 빈도_5. 한국 음식,BASE:E1. ⑤,말레이시아,말레이시아,국가/지역,1년에 1회 이상,287.0,(287),9.977859721500973,%
2025_잠재방한객조사_일반외국인.xlsx,일반외국인,E3-5,<표E3-5> 한국 문화별 이용 빈도_5. 한국 음식,BASE:E1. ⑤,말레이시아,말레이시아,국가/지역,반기별 1회 이상,287.0,(287),8.576246896857306,%
2025_잠재방한객조사_일반외국인.xlsx,일반외국인,E3-5,<표E3-5> 한국 문화별 이용 빈도_5. 한국 음식,BASE:E1. ⑤,말레이시아,말레이시아,국가/지역,분기별 1회 이상,287.0,(287),22.445244694028666,%
2025_잠재방한객조사_일반외국인.xlsx,일반외국인,E3-5,<표E3-5> 한국 문화별 이용 빈도_5. 한국 음식,BASE:E1. ⑤,말레이시아,말레이시아,국가/지역,한 달에 1회 이상,287.0,(287),35.6185499230099,%
2025_잠재방한객조사_일반외국인.xlsx,일반외국인,E3-5,<표E3-5> 한국 문화별 이용 빈도_5. 한국 음식,BASE:E1. ⑤,말레이시아,말레이시아,국가/지역,1주일에 1회 이상,287.0,(287),19.832866015664134,%
2025_잠재방한객조사_일반외국인.xlsx,일반외국인,E3-5,<표E3-5> 한국 문화별 이용 빈도_5. 한국 음식,BASE:E1. ⑤,말레이시아,말레이시아,국가/지역,거의 매일,287.0,(287),3.549232748939087,%
2025_잠재방한객조사_일반외국인.xlsx,일반외국인,E3-5,<표E3-5> 한국 문화별 이용 빈도_5. 한국 음식,BASE:E1. ⑤,말레이시아,말레이시아,국가/지역,계,287.0,(287),100,%
2025_잠재방한객조사_일반외국인.xlsx,일반외국인,E3-5,<표E3-5> 한국 문화별 이용 빈도_5. 한국 음식,BASE:E1. ⑤,캐나다,캐나다,국가/지역,1년에 1회 이상,173.0,(173),28.666193537134433,%
2025_잠재방한객조사_일반외국인.xlsx,일반외국인,E3-5,<표E3-5> 한국 문화별 이용 빈도_5. 한국 음식,BASE:E1. ⑤,캐나다,캐나다,국가/지역,반기별 1회 이상,173.0,(173),17.732278057940878,%
2025_잠재방한객조사_일반외국인.xlsx,일반외국인,E3-5,<표E3-5> 한국 문화별 이용 빈도_5. 한국 음식,BASE:E1. ⑤,캐나다,캐나다,국가/지역,분기별 1회 이상,173.0,(173),20.365173535158316,%
2025_잠재방한객조사_일반외국인.xlsx,일반외국인,E3-5,<표E3-5> 한국 문화별 이용 빈도_5. 한국 음식,BASE:E1. ⑤,캐나다,캐나다,국가/지역,한 달에 1회 이상,173.0,(173),23.11447083603998,%
2025_잠재방한객조사_일반외국인.xlsx,일반외국인,E3-5,<표E3-5> 한국 문화별 이용 빈도_5. 한국 음식,BASE:E1. ⑤,캐나다,캐나다,국가/지역,1주일에 1회 이상,173.0,(173),9.211725494453482,%
2025_잠재방한객조사_일반외국인.xlsx,일반외국인,E3-5,<표E3-5> 한국 문화별 이용 빈도_5. 한국 음식,BASE:E1. ⑤,캐나다,캐나다,국가/지역,거의 매일,173.0,(173),0.9101585392729049,%
2025_잠재방한객조사_일반외국인.xlsx,일반외국인,E3-5,<표E3-5> 한국 문화별 이용 빈도_5. 한국 음식,BASE:E1. ⑤,캐나다,캐나다,국가/지역,계,173.0,(173),100,%
2025_잠재방한객조사_일반외국인.xlsx,일반외국인,E3-5,<표E3-5> 한국 문화별 이용 빈도_5. 한국 음식,BASE:E1. ⑤,호주,호주,국가/지역,1년에 1회 이상,150.0,(150),22.1004349686238,%
2025_잠재방한객조사_일반외국인.xlsx,일반외국인,E3-5,<표E3-5> 한국 문화별 이용 빈도_5. 한국 음식,BASE:E1. ⑤,호주,호주,국가/지역,반기별 1회 이상,150.0,(150),20.599303299263642,%
2025_잠재방한객조사_일반외국인.xlsx,일반외국인,E3-5,<표E3-5> 한국 문화별 이용 빈도_5. 한국 음식,BASE:E1. ⑤,호주,호주,국가/지역,분기별 1회 이상,150.0,(150),23.3009835078392,%
2025_잠재방한객조사_일반외국인.xlsx,일반외국인,E3-5,<표E3-5> 한국 문화별 이용 빈도_5. 한국 음식,BASE:E1. ⑤,호주,호주,국가/지역,한 달에 1회 이상,150.0,(150),23.473789694375053,%
2025_잠재방한객조사_일반외국인.xlsx,일반외국인,E3-5,<표E3-5> 한국 문화별 이용 빈도_5. 한국 음식,BASE:E1. ⑤,호주,호주,국가/지역,1주일에 1회 이상,150.0,(150),9.367855534746644,%
2025_잠재방한객조사_일반외국인.xlsx,일반외국인,E3-5,<표E3-5> 한국 문화별 이용 빈도_5. 한국 음식,BASE:E1. ⑤,호주,호주,국가/지역,거의 매일,150.0,(150),1.157632995151671,%
2025_잠재방한객조사_일반외국인.xlsx,일반외국인,E3-5,<표E3-5> 한국 문화별 이용 빈도_5. 한국 음식,BASE:E1. ⑤,호주,호주,국가/지역,계,150.0,(150),100,%
2025_잠재방한객조사_일반외국인.xlsx,일반외국인,E3-5,<표E3-5> 한국 문화별 이용 빈도_5. 한국 음식,BASE:E1. ⑤,러시아,러시아,국가/지역,1년에 1회 이상,426.0,(426),24.46553059972749,%
2025_잠재방한객조사_일반외국인.xlsx,일반외국인,E3-5,<표E3-5> 한국 문화별 이용 빈도_5. 한국 음식,BASE:E1. ⑤,러시아,러시아,국가/지역,반기별 1회 이상,426.0,(426),17.682466679148927,%
2025_잠재방한객조사_일반외국인.xlsx,일반외국인,E3-5,<표E3-5> 한국 문화별 이용 빈도_5. 한국 음식,BASE:E1. ⑤,러시아,러시아,국가/지역,분기별 1회 이상,426.0,(426),23.735250059208173,%
2025_잠재방한객조사_일반외국인.xlsx,일반외국인,E3-5,<표E3-5> 한국 문화별 이용 빈도_5. 한국 음식,BASE:E1. ⑤,러시아,러시아,국가/지역,한 달에 1회 이상,426.0,(426),22.9382564407253,%
2025_잠재방한객조사_일반외국인.xlsx,일반외국인,E3-5,<표E3-5> 한국 문화별 이용 빈도_5. 한국 음식,BASE:E1. ⑤,러시아,러시아,국가/지역,1주일에 1회 이상,426.0,(426),7.6091498198012975,%
2025_잠재방한객조사_일반외국인.xlsx,일반외국인,E3-5,<표E3-5> 한국 문화별 이용 빈도_5. 한국 음식,BASE:E1. ⑤,러시아,러시아,국가/지역,거의 매일,426.0,(426),3.5693464013887537,%
2025_잠재방한객조사_일반외국인.xlsx,일반외국인,E3-5,<표E3-5> 한국 문화별 이용 빈도_5. 한국 음식,BASE:E1. ⑤,러시아,러시아,국가/지역,계,426.0,(426),100,%
2025_잠재방한객조사_일반외국인.xlsx,일반외국인,E3-5,<표E3-5> 한국 문화별 이용 빈도_5. 한국 음식,BASE:E1. ⑤,인도,인도,국가/지역,1년에 1회 이상,207.0,(207),11.655866173708551,%
2025_잠재방한객조사_일반외국인.xlsx,일반외국인,E3-5,<표E3-5> 한국 문화별 이용 빈도_5. 한국 음식,BASE:E1. ⑤,인도,인도,국가/지역,반기별 1회 이상,207.0,(207),13.170137617800656,%
2025_잠재방한객조사_일반외국인.xlsx,일반외국인,E3-5,<표E3-5> 한국 문화별 이용 빈도_5. 한국 음식,BASE:E1. ⑤,인도,인도,국가/지역,분기별 1회 이상,207.0,(207),20.95917921090486,%
2025_잠재방한객조사_일반외국인.xlsx,일반외국인,E3-5,<표E3-5> 한국 문화별 이용 빈도_5. 한국 음식,BASE:E1. ⑤,인도,인도,국가/지역,한 달에 1회 이상,207.0,(207),23.903301038693254,%
2025_잠재방한객조사_일반외국인.xlsx,일반외국인,E3-5,<표E3-5> 한국 문화별 이용 빈도_5. 한국 음식,BASE:E1. ⑤,인도,인도,국가/지역,1주일에 1회 이상,207.0,(207),24.197346378780328,%
2025_잠재방한객조사_일반외국인.xlsx,일반외국인,E3-5,<표E3-5> 한국 문화별 이용 빈도_5. 한국 음식,BASE:E1. ⑤,인도,인도,국가/지역,거의 매일,207.0,(207),6.114169580112254,%
2025_잠재방한객조사_일반외국인.xlsx,일반외국인,E3-5,<표E3-5> 한국 문화별 이용 빈도_5. 한국 음식,BASE:E1. ⑤,인도,인도,국가/지역,계,207.0,(207),100,%
2025_잠재방한객조사_일반외국인.xlsx,일반외국인,E3-5,<표E3-5> 한국 문화별 이용 빈도_5. 한국 음식,BASE:E1. ⑤,프랑스,프랑스,국가/지역,1년에 1회 이상,159.0,(159),28.272981706094498,%
2025_잠재방한객조사_일반외국인.xlsx,일반외국인,E3-5,<표E3-5> 한국 문화별 이용 빈도_5. 한국 음식,BASE:E1. ⑤,프랑스,프랑스,국가/지역,반기별 1회 이상,159.0,(159),26.295345149816946,%
2025_잠재방한객조사_일반외국인.xlsx,일반외국인,E3-5,<표E3-5> 한국 문화별 이용 빈도_5. 한국 음식,BASE:E1. ⑤,프랑스,프랑스,국가/지역,분기별 1회 이상,159.0,(159),17.030490863153418,%
2025_잠재방한객조사_일반외국인.xlsx,일반외국인,E3-5,<표E3-5> 한국 문화별 이용 빈도_5. 한국 음식,BASE:E1. ⑤,프랑스,프랑스,국가/지역,한 달에 1회 이상,159.0,(159),17.862865037150133,%
2025_잠재방한객조사_일반외국인.xlsx,일반외국인,E3-5,<표E3-5> 한국 문화별 이용 빈도_5. 한국 음식,BASE:E1. ⑤,프랑스,프랑스,국가/지역,1주일에 1회 이상,159.0,(159),9.507117569224176,%
2025_잠재방한객조사_일반외국인.xlsx,일반외국인,E3-5,<표E3-5> 한국 문화별 이용 빈도_5. 한국 음식,BASE:E1. ⑤,프랑스,프랑스,국가/지역,거의 매일,159.0,(159),1.0311996745608931,%
2025_잠재방한객조사_일반외국인.xlsx,일반외국인,E3-5,<표E3-5> 한국 문화별 이용 빈도_5. 한국 음식,BASE:E1. ⑤,프랑스,프랑스,국가/지역,계,159.0,(159),100,%
2025_잠재방한객조사_일반외국인.xlsx,일반외국인,E3-5,<표E3-5> 한국 문화별 이용 빈도_5. 한국 음식,BASE:E1. ⑤,독일,독일,국가/지역,1년에 1회 이상,162.0,(162),40.13081986827656,%
2025_잠재방한객조사_일반외국인.xlsx,일반외국인,E3-5,<표E3-5> 한국 문화별 이용 빈도_5. 한국 음식,BASE:E1. ⑤,독일,독일,국가/지역,반기별 1회 이상,162.0,(162),20.460770393340738,%
2025_잠재방한객조사_일반외국인.xlsx,일반외국인,E3-5,<표E3-5> 한국 문화별 이용 빈도_5. 한국 음식,BASE:E1. ⑤,독일,독일,국가/지역,분기별 1회 이상,162.0,(162),21.070712121982368,%
2025_잠재방한객조사_일반외국인.xlsx,일반외국인,E3-5,<표E3-5> 한국 문화별 이용 빈도_5. 한국 음식,BASE:E1. ⑤,독일,독일,국가/지역,한 달에 1회 이상,162.0,(162),14.16586980894615,%
2025_잠재방한객조사_일반외국인.xlsx,일반외국인,E3-5,<표E3-5> 한국 문화별 이용 빈도_5. 한국 음식,BASE:E1. ⑤,독일,독일,국가/지역,1주일에 1회 이상,162.0,(162),3.7061472507859725,%
2025_잠재방한객조사_일반외국인.xlsx,일반외국인,E3-5,<표E3-5> 한국 문화별 이용 빈도_5. 한국 음식,BASE:E1. ⑤,독일,독일,국가/지역,거의 매일,162.0,(162),0.4656805566682186,%
2025_잠재방한객조사_일반외국인.xlsx,일반외국인,E3-5,<표E3-5> 한국 문화별 이용 빈도_5. 한국 음식,BASE:E1. ⑤,독일,독일,국가/지역,계,162.0,(162),100,%
2025_잠재방한객조사_일반외국인.xlsx,일반외국인,E3-5,<표E3-5> 한국 문화별 이용 빈도_5. 한국 음식,BASE:E1. ⑤,영국,영국,국가/지역,1년에 1회 이상,141.0,(141),22.545787640075833,%
2025_잠재방한객조사_일반외국인.xlsx,일반외국인,E3-5,<표E3-5> 한국 문화별 이용 빈도_5. 한국 음식,BASE:E1. ⑤,영국,영국,국가/지역,반기별 1회 이상,141.0,(141),13.380121470099073,%
2025_잠재방한객조사_일반외국인.xlsx,일반외국인,E3-5,<표E3-5> 한국 문화별 이용 빈도_5. 한국 음식,BASE:E1. ⑤,영국,영국,국가/지역,분기별 1회 이상,141.0,(141),27.37544855675193,%
2025_잠재방한객조사_일반외국인.xlsx,일반외국인,E3-5,<표E3-5> 한국 문화별 이용 빈도_5. 한국 음식,BASE:E1. ⑤,영국,영국,국가/지역,한 달에 1회 이상,141.0,(141),23.64090562446366,%
2025_잠재방한객조사_일반외국인.xlsx,일반외국인,E3-5,<표E3-5> 한국 문화별 이용 빈도_5. 한국 음식,BASE:E1. ⑤,영국,영국,국가/지역,1주일에 1회 이상,141.0,(141),11.873251464766582,%
2025_잠재방한객조사_일반외국인.xlsx,일반외국인,E3-5,<표E3-5> 한국 문화별 이용 빈도_5. 한국 음식,BASE:E1. ⑤,영국,영국,국가/지역,거의 매일,141.0,(141),1.1844852438429359,%
2025_잠재방한객조사_일반외국인.xlsx,일반외국인,E3-5,<표E3-5> 한국 문화별 이용 빈도_5. 한국 음식,BASE:E1. ⑤,영국,영국,국가/지역,계,141.0,(141),100,%
2025_잠재방한객조사_일반외국인.xlsx,일반외국인,E3-5,<표E3-5> 한국 문화별 이용 빈도_5. 한국 음식,BASE:E1. ⑤,멕시코,멕시코,국가/지역,1년에 1회 이상,206.0,(206),15.34362308855283,%
2025_잠재방한객조사_일반외국인.xlsx,일반외국인,E3-5,<표E3-5> 한국 문화별 이용 빈도_5. 한국 음식,BASE:E1. ⑤,멕시코,멕시코,국가/지역,반기별 1회 이상,206.0,(206),17.177346694049575,%
2025_잠재방한객조사_일반외국인.xlsx,일반외국인,E3-5,<표E3-5> 한국 문화별 이용 빈도_5. 한국 음식,BASE:E1. ⑤,멕시코,멕시코,국가/지역,분기별 1회 이상,206.0,(206),27.618829713832326,%
2025_잠재방한객조사_일반외국인.xlsx,일반외국인,E3-5,<표E3-5> 한국 문화별 이용 빈도_5. 한국 음식,BASE:E1. ⑤,멕시코,멕시코,국가/지역,한 달에 1회 이상,206.0,(206),30.990627743700433,%
2025_잠재방한객조사_일반외국인.xlsx,일반외국인,E3-5,<표E3-5> 한국 문화별 이용 빈도_5. 한국 음식,BASE:E1. ⑤,멕시코,멕시코,국가/지역,1주일에 1회 이상,206.0,(206),5.611437624263352,%
2025_잠재방한객조사_일반외국인.xlsx,일반외국인,E3-5,<표E3-5> 한국 문화별 이용 빈도_5. 한국 음식,BASE:E1. ⑤,멕시코,멕시코,국가/지역,거의 매일,206.0,(206),3.2581351356014427,%
2025_잠재방한객조사_일반외국인.xlsx,일반외국인,E3-5,<표E3-5> 한국 문화별 이용 빈도_5. 한국 음식,BASE:E1. ⑤,멕시코,멕시코,국가/지역,계,206.0,(206),100,%
2025_잠재방한객조사_일반외국인.xlsx,일반외국인,E3-5,<표E3-5> 한국 문화별 이용 빈도_5. 한국 음식,BASE:E1. ⑤,카자흐스탄,카자흐스탄,국가/지역,1년에 1회 이상,267.0,(267),23.721597433015525,%
2025_잠재방한객조사_일반외국인.xlsx,일반외국인,E3-5,<표E3-5> 한국 문화별 이용 빈도_5. 한국 음식,BASE:E1. ⑤,카자흐스탄,카자흐스탄,국가/지역,반기별 1회 이상,267.0,(267),10.226015818790616,%
2025_잠재방한객조사_일반외국인.xlsx,일반외국인,E3-5,<표E3-5> 한국 문화별 이용 빈도_5. 한국 음식,BASE:E1. ⑤,카자흐스탄,카자흐스탄,국가/지역,분기별 1회 이상,267.0,(267),18.37232782326189,%
2025_잠재방한객조사_일반외국인.xlsx,일반외국인,E3-5,<표E3-5> 한국 문화별 이용 빈도_5. 한국 음식,BASE:E1. ⑤,카자흐스탄,카자흐스탄,국가/지역,한 달에 1회 이상,267.0,(267),27.78552310427439,%
2025_잠재방한객조사_일반외국인.xlsx,일반외국인,E3-5,<표E3-5> 한국 문화별 이용 빈도_5. 한국 음식,BASE:E1. ⑤,카자흐스탄,카자흐스탄,국가/지역,1주일에 1회 이상,267.0,(267),13.437653404391186,%
2025_잠재방한객조사_일반외국인.xlsx,일반외국인,E3-5,<표E3-5> 한국 문화별 이용 빈도_5. 한국 음식,BASE:E1. ⑤,카자흐스탄,카자흐스탄,국가/지역,거의 매일,267.0,(267),6.456882416266365,%
2025_잠재방한객조사_일반외국인.xlsx,일반외국인,E3-5,<표E3-5> 한국 문화별 이용 빈도_5. 한국 음식,BASE:E1. ⑤,카자흐스탄,카자흐스탄,국가/지역,계,267.0,(267),100,%
2025_잠재방한객조사_일반외국인.xlsx,일반외국인,E3-5,<표E3-5> 한국 문화별 이용 빈도_5. 한국 음식,BASE:E1. ⑤,튀르키예,튀르키예,국가/지역,1년에 1회 이상,149.0,(149),31.728152423579388,%
2025_잠재방한객조사_일반외국인.xlsx,일반외국인,E3-5,<표E3-5> 한국 문화별 이용 빈도_5. 한국 음식,BASE:E1. ⑤,튀르키예,튀르키예,국가/지역,반기별 1회 이상,149.0,(149),17.53002327167768,%
2025_잠재방한객조사_일반외국인.xlsx,일반외국인,E3-5,<표E3-5> 한국 문화별 이용 빈도_5. 한국 음식,BASE:E1. ⑤,튀르키예,튀르키예,국가/지역,분기별 1회 이상,149.0,(149),16.053910593802446,%
2025_잠재방한객조사_일반외국인.xlsx,일반외국인,E3-5,<표E3-5> 한국 문화별 이용 빈도_5. 한국 음식,BASE:E1. ⑤,튀르키예,튀르키예,국가/지역,한 달에 1회 이상,149.0,(149),20.610932917629807,%
2025_잠재방한객조사_일반외국인.xlsx,일반외국인,E3-5,<표E3-5> 한국 문화별 이용 빈도_5. 한국 음식,BASE:E1. ⑤,튀르키예,튀르키예,국가/지역,1주일에 1회 이상,149.0,(149),11.584161649911008,%
2025_잠재방한객조사_일반외국인.xlsx,일반외국인,E3-5,<표E3-5> 한국 문화별 이용 빈도_5. 한국 음식,BASE:E1. ⑤,튀르키예,튀르키예,국가/지역,거의 매일,149.0,(149),2.4928191433996596,%
2025_잠재방한객조사_일반외국인.xlsx,일반외국인,E3-5,<표E3-5> 한국 문화별 이용 빈도_5. 한국 음식,BASE:E1. ⑤,튀르키예,튀르키예,국가/지역,계,149.0,(149),100,%
2025_잠재방한객조사_일반외국인.xlsx,일반외국인,E3-5,<표E3-5> 한국 문화별 이용 빈도_5. 한국 음식,BASE:E1. ⑤,브라질,브라질,국가/지역,1년에 1회 이상,157.0,(157),26.349046811518047,%
2025_잠재방한객조사_일반외국인.xlsx,일반외국인,E3-5,<표E3-5> 한국 문화별 이용 빈도_5. 한국 음식,BASE:E1. ⑤,브라질,브라질,국가/지역,반기별 1회 이상,157.0,(157),14.892592491114748,%
2025_잠재방한객조사_일반외국인.xlsx,일반외국인,E3-5,<표E3-5> 한국 문화별 이용 빈도_5. 한국 음식,BASE:E1. ⑤,브라질,브라질,국가/지역,분기별 1회 이상,157.0,(157),25.953759488853507,%
2025_잠재방한객조사_일반외국인.xlsx,일반외국인,E3-5,<표E3-5> 한국 문화별 이용 빈도_5. 한국 음식,BASE:E1. ⑤,브라질,브라질,국가/지역,한 달에 1회 이상,157.0,(157),26.92782477570138,%
2025_잠재방한객조사_일반외국인.xlsx,일반외국인,E3-5,<표E3-5> 한국 문화별 이용 빈도_5. 한국 음식,BASE:E1. ⑤,브라질,브라질,국가/지역,1주일에 1회 이상,157.0,(157),4.236016699606688,%
2025_잠재방한객조사_일반외국인.xlsx,일반외국인,E3-5,<표E3-5> 한국 문화별 이용 빈도_5. 한국 음식,BASE:E1. ⑤,브라질,브라질,국가/지역,거의 매일,157.0,(157),1.6407597332055692,%
2025_잠재방한객조사_일반외국인.xlsx,일반외국인,E3-5,<표E3-5> 한국 문화별 이용 빈도_5. 한국 음식,BASE:E1. ⑤,브라질,브라질,국가/지역,계,157.0,(157),100,%
2025_잠재방한객조사_일반외국인.xlsx,일반외국인,E3-5,<표E3-5> 한국 문화별 이용 빈도_5. 한국 음식,BASE:E1. ⑤,사우디아라비아,사우디아라비아,국가/지역,1년에 1회 이상,166.0,(166),13.85660900648657,%
2025_잠재방한객조사_일반외국인.xlsx,일반외국인,E3-5,<표E3-5> 한국 문화별 이용 빈도_5. 한국 음식,BASE:E1. ⑤,사우디아라비아,사우디아라비아,국가/지역,반기별 1회 이상,166.0,(166),19.179474526135966,%
2025_잠재방한객조사_일반외국인.xlsx,일반외국인,E3-5,<표E3-5> 한국 문화별 이용 빈도_5. 한국 음식,BASE:E1. ⑤,사우디아라비아,사우디아라비아,국가/지역,분기별 1회 이상,166.0,(166),23.850751435246988,%
2025_잠재방한객조사_일반외국인.xlsx,일반외국인,E3-5,<표E3-5> 한국 문화별 이용 빈도_5. 한국 음식,BASE:E1. ⑤,사우디아라비아,사우디아라비아,국가/지역,한 달에 1회 이상,166.0,(166),25.779938531008256,%
2025_잠재방한객조사_일반외국인.xlsx,일반외국인,E3-5,<표E3-5> 한국 문화별 이용 빈도_5. 한국 음식,BASE:E1. ⑤,사우디아라비아,사우디아라비아,국가/지역,1주일에 1회 이상,166.0,(166),14.030697353903113,%
2025_잠재방한객조사_일반외국인.xlsx,일반외국인,E3-5,<표E3-5> 한국 문화별 이용 빈도_5. 한국 음식,BASE:E1. ⑤,사우디아라비아,사우디아라비아,국가/지역,거의 매일,166.0,(166),3.30252914721908,%
2025_잠재방한객조사_일반외국인.xlsx,일반외국인,E3-5,<표E3-5> 한국 문화별 이용 빈도_5. 한국 음식,BASE:E1. ⑤,사우디아라비아,사우디아라비아,국가/지역,계,166.0,(166),100,%
2025_잠재방한객조사_일반외국인.xlsx,일반외국인,E3-5,<표E3-5> 한국 문화별 이용 빈도_5. 한국 음식,BASE:E1. ⑤,아랍에미리트,UAE,국가/지역,1년에 1회 이상,210.0,(210),14.470572642852838,%
2025_잠재방한객조사_일반외국인.xlsx,일반외국인,E3-5,<표E3-5> 한국 문화별 이용 빈도_5. 한국 음식,BASE:E1. ⑤,아랍에미리트,UAE,국가/지역,반기별 1회 이상,210.0,(210),12.63707064903804,%
2025_잠재방한객조사_일반외국인.xlsx,일반외국인,E3-5,<표E3-5> 한국 문화별 이용 빈도_5. 한국 음식,BASE:E1. ⑤,아랍에미리트,UAE,국가/지역,분기별 1회 이상,210.0,(210),22.3154951731142,%
2025_잠재방한객조사_일반외국인.xlsx,일반외국인,E3-5,<표E3-5> 한국 문화별 이용 빈도_5. 한국 음식,BASE:E1. ⑤,아랍에미리트,UAE,국가/지역,한 달에 1회 이상,210.0,(210),27.168116665018154,%
2025_잠재방한객조사_일반외국인.xlsx,일반외국인,E3-5,<표E3-5> 한국 문화별 이용 빈도_5. 한국 음식,BASE:E1. ⑤,아랍에미리트,UAE,국가/지역,1주일에 1회 이상,210.0,(210),19.534839783889016,%
2025_잠재방한객조사_일반외국인.xlsx,일반외국인,E3-5,<표E3-5> 한국 문화별 이용 빈도_5. 한국 음식,BASE:E1. ⑤,아랍에미리트,UAE,국가/지역,거의 매일,210.0,(210),3.87390508608786,%
2025_잠재방한객조사_일반외국인.xlsx,일반외국인,E3-5,<표E3-5> 한국 문화별 이용 빈도_5. 한국 음식,BASE:E1. ⑤,아랍에미리트,UAE,국가/지역,계,210.0,(210),100,%
2025_잠재방한객조사_일반외국인.xlsx,일반외국인,E3-6,<표E3-6> 한국 문화별 이용 빈도_6. 한국 뷰티,BASE:E1. ⑥,전체,전체,전체,1년에 1회 이상,4324.0,(4324),16.624211633730557,%
2025_잠재방한객조사_일반외국인.xlsx,일반외국인,E3-6,<표E3-6> 한국 문화별 이용 빈도_6. 한국 뷰티,BASE:E1. ⑥,전체,전체,전체,반기별 1회 이상,4324.0,(4324),13.627487983221704,%
2025_잠재방한객조사_일반외국인.xlsx,일반외국인,E3-6,<표E3-6> 한국 문화별 이용 빈도_6. 한국 뷰티,BASE:E1. ⑥,전체,전체,전체,분기별 1회 이상,4324.0,(4324),18.60668927201501,%
2025_잠재방한객조사_일반외국인.xlsx,일반외국인,E3-6,<표E3-6> 한국 문화별 이용 빈도_6. 한국 뷰티,BASE:E1. ⑥,전체,전체,전체,한 달에 1회 이상,4324.0,(4324),21.049742420503907,%
2025_잠재방한객조사_일반외국인.xlsx,일반외국인,E3-6,<표E3-6> 한국 문화별 이용 빈도_6. 한국 뷰티,BASE:E1. ⑥,전체,전체,전체,1주일에 1회 이상,4324.0,(4324),17.694357297310436,%
2025_잠재방한객조사_일반외국인.xlsx,일반외국인,E3-6,<표E3-6> 한국 문화별 이용 빈도_6. 한국 뷰티,BASE:E1. ⑥,전체,전체,전체,거의 매일,4324.0,(4324),12.397511393217401,%
2025_잠재방한객조사_일반외국인.xlsx,일반외국인,E3-6,<표E3-6> 한국 문화별 이용 빈도_6. 한국 뷰티,BASE:E1. ⑥,전체,전체,전체,계,4324.0,(4324),100,%
2025_잠재방한객조사_일반외국인.xlsx,일반외국인,E3-6,<표E3-6> 한국 문화별 이용 빈도_6. 한국 뷰티,BASE:E1. ⑥,중국,중국,국가/지역,1년에 1회 이상,655.0,(655),19.61932452261185,%
2025_잠재방한객조사_일반외국인.xlsx,일반외국인,E3-6,<표E3-6> 한국 문화별 이용 빈도_6. 한국 뷰티,BASE:E1. ⑥,중국,중국,국가/지역,반기별 1회 이상,655.0,(655),20.860792294076532,%
2025_잠재방한객조사_일반외국인.xlsx,일반외국인,E3-6,<표E3-6> 한국 문화별 이용 빈도_6. 한국 뷰티,BASE:E1. ⑥,중국,중국,국가/지역,분기별 1회 이상,655.0,(655),25.219498725795347,%
2025_잠재방한객조사_일반외국인.xlsx,일반외국인,E3-6,<표E3-6> 한국 문화별 이용 빈도_6. 한국 뷰티,BASE:E1. ⑥,중국,중국,국가/지역,한 달에 1회 이상,655.0,(655),17.34204095441596,%
2025_잠재방한객조사_일반외국인.xlsx,일반외국인,E3-6,<표E3-6> 한국 문화별 이용 빈도_6. 한국 뷰티,BASE:E1. ⑥,중국,중국,국가/지역,1주일에 1회 이상,655.0,(655),11.288720569476842,%
2025_잠재방한객조사_일반외국인.xlsx,일반외국인,E3-6,<표E3-6> 한국 문화별 이용 빈도_6. 한국 뷰티,BASE:E1. ⑥,중국,중국,국가/지역,거의 매일,655.0,(655),5.6696229336234545,%
2025_잠재방한객조사_일반외국인.xlsx,일반외국인,E3-6,<표E3-6> 한국 문화별 이용 빈도_6. 한국 뷰티,BASE:E1. ⑥,중국,중국,국가/지역,계,655.0,(655),100,%
2025_잠재방한객조사_일반외국인.xlsx,일반외국인,E3-6,<표E3-6> 한국 문화별 이용 빈도_6. 한국 뷰티,BASE:E1. ⑥,일본,일본,국가/지역,1년에 1회 이상,242.0,(242),19.9995398175964,%
2025_잠재방한객조사_일반외국인.xlsx,일반외국인,E3-6,<표E3-6> 한국 문화별 이용 빈도_6. 한국 뷰티,BASE:E1. ⑥,일본,일본,국가/지역,반기별 1회 이상,242.0,(242),10.002100248689773,%
2025_잠재방한객조사_일반외국인.xlsx,일반외국인,E3-6,<표E3-6> 한국 문화별 이용 빈도_6. 한국 뷰티,BASE:E1. ⑥,일본,일본,국가/지역,분기별 1회 이상,242.0,(242),15.652561452489005,%
2025_잠재방한객조사_일반외국인.xlsx,일반외국인,E3-6,<표E3-6> 한국 문화별 이용 빈도_6. 한국 뷰티,BASE:E1. ⑥,일본,일본,국가/지역,한 달에 1회 이상,242.0,(242),23.00091603622035,%
2025_잠재방한객조사_일반외국인.xlsx,일반외국인,E3-6,<표E3-6> 한국 문화별 이용 빈도_6. 한국 뷰티,BASE:E1. ⑥,일본,일본,국가/지역,1주일에 1회 이상,242.0,(242),20.07340437091346,%
2025_잠재방한객조사_일반외국인.xlsx,일반외국인,E3-6,<표E3-6> 한국 문화별 이용 빈도_6. 한국 뷰티,BASE:E1. ⑥,일본,일본,국가/지역,거의 매일,242.0,(242),11.271478074091156,%
2025_잠재방한객조사_일반외국인.xlsx,일반외국인,E3-6,<표E3-6> 한국 문화별 이용 빈도_6. 한국 뷰티,BASE:E1. ⑥,일본,일본,국가/지역,계,242.0,(242),100,%
2025_잠재방한객조사_일반외국인.xlsx,일반외국인,E3-6,<표E3-6> 한국 문화별 이용 빈도_6. 한국 뷰티,BASE:E1. ⑥,대만,대만,국가/지역,1년에 1회 이상,101.0,(101),12.00869666413806,%
2025_잠재방한객조사_일반외국인.xlsx,일반외국인,E3-6,<표E3-6> 한국 문화별 이용 빈도_6. 한국 뷰티,BASE:E1. ⑥,대만,대만,국가/지역,반기별 1회 이상,101.0,(101),14.352126529424064,%
2025_잠재방한객조사_일반외국인.xlsx,일반외국인,E3-6,<표E3-6> 한국 문화별 이용 빈도_6. 한국 뷰티,BASE:E1. ⑥,대만,대만,국가/지역,분기별 1회 이상,101.0,(101),29.281393913068293,%
2025_잠재방한객조사_일반외국인.xlsx,일반외국인,E3-6,<표E3-6> 한국 문화별 이용 빈도_6. 한국 뷰티,BASE:E1. ⑥,대만,대만,국가/지역,한 달에 1회 이상,101.0,(101),18.220318768912776,%
2025_잠재방한객조사_일반외국인.xlsx,일반외국인,E3-6,<표E3-6> 한국 문화별 이용 빈도_6. 한국 뷰티,BASE:E1. ⑥,대만,대만,국가/지역,1주일에 1회 이상,101.0,(101),16.309020785248304,%
2025_잠재방한객조사_일반외국인.xlsx,일반외국인,E3-6,<표E3-6> 한국 문화별 이용 빈도_6. 한국 뷰티,BASE:E1. ⑥,대만,대만,국가/지역,거의 매일,101.0,(101),9.828443339208508,%
2025_잠재방한객조사_일반외국인.xlsx,일반외국인,E3-6,<표E3-6> 한국 문화별 이용 빈도_6. 한국 뷰티,BASE:E1. ⑥,대만,대만,국가/지역,계,101.0,(101),100,%
2025_잠재방한객조사_일반외국인.xlsx,일반외국인,E3-6,<표E3-6> 한국 문화별 이용 빈도_6. 한국 뷰티,BASE:E1. ⑥,미국,미국,국가/지역,1년에 1회 이상,187.0,(187),24.942203512461877,%
2025_잠재방한객조사_일반외국인.xlsx,일반외국인,E3-6,<표E3-6> 한국 문화별 이용 빈도_6. 한국 뷰티,BASE:E1. ⑥,미국,미국,국가/지역,반기별 1회 이상,187.0,(187),16.303147364020084,%
2025_잠재방한객조사_일반외국인.xlsx,일반외국인,E3-6,<표E3-6> 한국 문화별 이용 빈도_6. 한국 뷰티,BASE:E1. ⑥,미국,미국,국가/지역,분기별 1회 이상,187.0,(187),18.05966437554635,%
2025_잠재방한객조사_일반외국인.xlsx,일반외국인,E3-6,<표E3-6> 한국 문화별 이용 빈도_6. 한국 뷰티,BASE:E1. ⑥,미국,미국,국가/지역,한 달에 1회 이상,187.0,(187),19.292676796230744,%
2025_잠재방한객조사_일반외국인.xlsx,일반외국인,E3-6,<표E3-6> 한국 문화별 이용 빈도_6. 한국 뷰티,BASE:E1. ⑥,미국,미국,국가/지역,1주일에 1회 이상,187.0,(187),14.445611332953535,%
2025_잠재방한객조사_일반외국인.xlsx,일반외국인,E3-6,<표E3-6> 한국 문화별 이용 빈도_6. 한국 뷰티,BASE:E1. ⑥,미국,미국,국가/지역,거의 매일,187.0,(187),6.956696618787523,%
2025_잠재방한객조사_일반외국인.xlsx,일반외국인,E3-6,<표E3-6> 한국 문화별 이용 빈도_6. 한국 뷰티,BASE:E1. ⑥,미국,미국,국가/지역,계,187.0,(187),100,%
2025_잠재방한객조사_일반외국인.xlsx,일반외국인,E3-6,<표E3-6> 한국 문화별 이용 빈도_6. 한국 뷰티,BASE:E1. ⑥,필리핀,필리핀,국가/지역,1년에 1회 이상,217.0,(217),10.703247764848749,%
2025_잠재방한객조사_일반외국인.xlsx,일반외국인,E3-6,<표E3-6> 한국 문화별 이용 빈도_6. 한국 뷰티,BASE:E1. ⑥,필리핀,필리핀,국가/지역,반기별 1회 이상,217.0,(217),7.572579705466241,%
2025_잠재방한객조사_일반외국인.xlsx,일반외국인,E3-6,<표E3-6> 한국 문화별 이용 빈도_6. 한국 뷰티,BASE:E1. ⑥,필리핀,필리핀,국가/지역,분기별 1회 이상,217.0,(217),13.225449071286455,%
2025_잠재방한객조사_일반외국인.xlsx,일반외국인,E3-6,<표E3-6> 한국 문화별 이용 빈도_6. 한국 뷰티,BASE:E1. ⑥,필리핀,필리핀,국가/지역,한 달에 1회 이상,217.0,(217),26.603572209489236,%
2025_잠재방한객조사_일반외국인.xlsx,일반외국인,E3-6,<표E3-6> 한국 문화별 이용 빈도_6. 한국 뷰티,BASE:E1. ⑥,필리핀,필리핀,국가/지역,1주일에 1회 이상,217.0,(217),22.634370603844467,%
2025_잠재방한객조사_일반외국인.xlsx,일반외국인,E3-6,<표E3-6> 한국 문화별 이용 빈도_6. 한국 뷰티,BASE:E1. ⑥,필리핀,필리핀,국가/지역,거의 매일,217.0,(217),19.260780645064845,%
2025_잠재방한객조사_일반외국인.xlsx,일반외국인,E3-6,<표E3-6> 한국 문화별 이용 빈도_6. 한국 뷰티,BASE:E1. ⑥,필리핀,필리핀,국가/지역,계,217.0,(217),100,%
2025_잠재방한객조사_일반외국인.xlsx,일반외국인,E3-6,<표E3-6> 한국 문화별 이용 빈도_6. 한국 뷰티,BASE:E1. ⑥,베트남,베트남,국가/지역,1년에 1회 이상,184.0,(184),18.00166117726287,%
2025_잠재방한객조사_일반외국인.xlsx,일반외국인,E3-6,<표E3-6> 한국 문화별 이용 빈도_6. 한국 뷰티,BASE:E1. ⑥,베트남,베트남,국가/지역,반기별 1회 이상,184.0,(184),9.350808429358032,%
2025_잠재방한객조사_일반외국인.xlsx,일반외국인,E3-6,<표E3-6> 한국 문화별 이용 빈도_6. 한국 뷰티,BASE:E1. ⑥,베트남,베트남,국가/지역,분기별 1회 이상,184.0,(184),15.441338319593049,%
2025_잠재방한객조사_일반외국인.xlsx,일반외국인,E3-6,<표E3-6> 한국 문화별 이용 빈도_6. 한국 뷰티,BASE:E1. ⑥,베트남,베트남,국가/지역,한 달에 1회 이상,184.0,(184),19.153293531226524,%
2025_잠재방한객조사_일반외국인.xlsx,일반외국인,E3-6,<표E3-6> 한국 문화별 이용 빈도_6. 한국 뷰티,BASE:E1. ⑥,베트남,베트남,국가/지역,1주일에 1회 이상,184.0,(184),20.152463979780443,%
2025_잠재방한객조사_일반외국인.xlsx,일반외국인,E3-6,<표E3-6> 한국 문화별 이용 빈도_6. 한국 뷰티,BASE:E1. ⑥,베트남,베트남,국가/지역,거의 매일,184.0,(184),17.900434562779104,%
2025_잠재방한객조사_일반외국인.xlsx,일반외국인,E3-6,<표E3-6> 한국 문화별 이용 빈도_6. 한국 뷰티,BASE:E1. ⑥,베트남,베트남,국가/지역,계,184.0,(184),100,%
2025_잠재방한객조사_일반외국인.xlsx,일반외국인,E3-6,<표E3-6> 한국 문화별 이용 빈도_6. 한국 뷰티,BASE:E1. ⑥,싱가포르,싱가포르,국가/지역,1년에 1회 이상,186.0,(186),12.295774352648504,%
2025_잠재방한객조사_일반외국인.xlsx,일반외국인,E3-6,<표E3-6> 한국 문화별 이용 빈도_6. 한국 뷰티,BASE:E1. ⑥,싱가포르,싱가포르,국가/지역,반기별 1회 이상,186.0,(186),8.67795591153315,%
2025_잠재방한객조사_일반외국인.xlsx,일반외국인,E3-6,<표E3-6> 한국 문화별 이용 빈도_6. 한국 뷰티,BASE:E1. ⑥,싱가포르,싱가포르,국가/지역,분기별 1회 이상,186.0,(186),21.585243561133602,%
2025_잠재방한객조사_일반외국인.xlsx,일반외국인,E3-6,<표E3-6> 한국 문화별 이용 빈도_6. 한국 뷰티,BASE:E1. ⑥,싱가포르,싱가포르,국가/지역,한 달에 1회 이상,186.0,(186),25.594253846372954,%
2025_잠재방한객조사_일반외국인.xlsx,일반외국인,E3-6,<표E3-6> 한국 문화별 이용 빈도_6. 한국 뷰티,BASE:E1. ⑥,싱가포르,싱가포르,국가/지역,1주일에 1회 이상,186.0,(186),17.89422590857467,%
2025_잠재방한객조사_일반외국인.xlsx,일반외국인,E3-6,<표E3-6> 한국 문화별 이용 빈도_6. 한국 뷰티,BASE:E1. ⑥,싱가포르,싱가포르,국가/지역,거의 매일,186.0,(186),13.952546419737224,%
2025_잠재방한객조사_일반외국인.xlsx,일반외국인,E3-6,<표E3-6> 한국 문화별 이용 빈도_6. 한국 뷰티,BASE:E1. ⑥,싱가포르,싱가포르,국가/지역,계,186.0,(186),100,%
2025_잠재방한객조사_일반외국인.xlsx,일반외국인,E3-6,<표E3-6> 한국 문화별 이용 빈도_6. 한국 뷰티,BASE:E1. ⑥,인도네시아,인도네시아,국가/지역,1년에 1회 이상,174.0,(174),10.93233030000491,%
2025_잠재방한객조사_일반외국인.xlsx,일반외국인,E3-6,<표E3-6> 한국 문화별 이용 빈도_6. 한국 뷰티,BASE:E1. ⑥,인도네시아,인도네시아,국가/지역,반기별 1회 이상,174.0,(174),4.6886953684387525,%
2025_잠재방한객조사_일반외국인.xlsx,일반외국인,E3-6,<표E3-6> 한국 문화별 이용 빈도_6. 한국 뷰티,BASE:E1. ⑥,인도네시아,인도네시아,국가/지역,분기별 1회 이상,174.0,(174),9.688930336325049,%
2025_잠재방한객조사_일반외국인.xlsx,일반외국인,E3-6,<표E3-6> 한국 문화별 이용 빈도_6. 한국 뷰티,BASE:E1. ⑥,인도네시아,인도네시아,국가/지역,한 달에 1회 이상,174.0,(174),17.281842123812538,%
2025_잠재방한객조사_일반외국인.xlsx,일반외국인,E3-6,<표E3-6> 한국 문화별 이용 빈도_6. 한국 뷰티,BASE:E1. ⑥,인도네시아,인도네시아,국가/지역,1주일에 1회 이상,174.0,(174),30.68264328721489,%
2025_잠재방한객조사_일반외국인.xlsx,일반외국인,E3-6,<표E3-6> 한국 문화별 이용 빈도_6. 한국 뷰티,BASE:E1. ⑥,인도네시아,인도네시아,국가/지역,거의 매일,174.0,(174),26.725558584203906,%
2025_잠재방한객조사_일반외국인.xlsx,일반외국인,E3-6,<표E3-6> 한국 문화별 이용 빈도_6. 한국 뷰티,BASE:E1. ⑥,인도네시아,인도네시아,국가/지역,계,174.0,(174),100,%
2025_잠재방한객조사_일반외국인.xlsx,일반외국인,E3-6,<표E3-6> 한국 문화별 이용 빈도_6. 한국 뷰티,BASE:E1. ⑥,태국,태국,국가/지역,1년에 1회 이상,199.0,(199),12.748229970245015,%
2025_잠재방한객조사_일반외국인.xlsx,일반외국인,E3-6,<표E3-6> 한국 문화별 이용 빈도_6. 한국 뷰티,BASE:E1. ⑥,태국,태국,국가/지역,반기별 1회 이상,199.0,(199),8.426278101343033,%
2025_잠재방한객조사_일반외국인.xlsx,일반외국인,E3-6,<표E3-6> 한국 문화별 이용 빈도_6. 한국 뷰티,BASE:E1. ⑥,태국,태국,국가/지역,분기별 1회 이상,199.0,(199),15.068754892245046,%
2025_잠재방한객조사_일반외국인.xlsx,일반외국인,E3-6,<표E3-6> 한국 문화별 이용 빈도_6. 한국 뷰티,BASE:E1. ⑥,태국,태국,국가/지역,한 달에 1회 이상,199.0,(199),20.067649345015802,%
2025_잠재방한객조사_일반외국인.xlsx,일반외국인,E3-6,<표E3-6> 한국 문화별 이용 빈도_6. 한국 뷰티,BASE:E1. ⑥,태국,태국,국가/지역,1주일에 1회 이상,199.0,(199),27.629427704952825,%
2025_잠재방한객조사_일반외국인.xlsx,일반외국인,E3-6,<표E3-6> 한국 문화별 이용 빈도_6. 한국 뷰티,BASE:E1. ⑥,태국,태국,국가/지역,거의 매일,199.0,(199),16.059659986198213,%
2025_잠재방한객조사_일반외국인.xlsx,일반외국인,E3-6,<표E3-6> 한국 문화별 이용 빈도_6. 한국 뷰티,BASE:E1. ⑥,태국,태국,국가/지역,계,199.0,(199),100,%
2025_잠재방한객조사_일반외국인.xlsx,일반외국인,E3-6,<표E3-6> 한국 문화별 이용 빈도_6. 한국 뷰티,BASE:E1. ⑥,말레이시아,말레이시아,국가/지역,1년에 1회 이상,189.0,(189),9.986755304397501,%
2025_잠재방한객조사_일반외국인.xlsx,일반외국인,E3-6,<표E3-6> 한국 문화별 이용 빈도_6. 한국 뷰티,BASE:E1. ⑥,말레이시아,말레이시아,국가/지역,반기별 1회 이상,189.0,(189),11.61368762265895,%
2025_잠재방한객조사_일반외국인.xlsx,일반외국인,E3-6,<표E3-6> 한국 문화별 이용 빈도_6. 한국 뷰티,BASE:E1. ⑥,말레이시아,말레이시아,국가/지역,분기별 1회 이상,189.0,(189),14.8803700552152,%
2025_잠재방한객조사_일반외국인.xlsx,일반외국인,E3-6,<표E3-6> 한국 문화별 이용 빈도_6. 한국 뷰티,BASE:E1. ⑥,말레이시아,말레이시아,국가/지역,한 달에 1회 이상,189.0,(189),27.945489906385962,%
2025_잠재방한객조사_일반외국인.xlsx,일반외국인,E3-6,<표E3-6> 한국 문화별 이용 빈도_6. 한국 뷰티,BASE:E1. ⑥,말레이시아,말레이시아,국가/지역,1주일에 1회 이상,189.0,(189),22.292786708928617,%
2025_잠재방한객조사_일반외국인.xlsx,일반외국인,E3-6,<표E3-6> 한국 문화별 이용 빈도_6. 한국 뷰티,BASE:E1. ⑥,말레이시아,말레이시아,국가/지역,거의 매일,189.0,(189),13.280910402413884,%
2025_잠재방한객조사_일반외국인.xlsx,일반외국인,E3-6,<표E3-6> 한국 문화별 이용 빈도_6. 한국 뷰티,BASE:E1. ⑥,말레이시아,말레이시아,국가/지역,계,189.0,(189),100,%
2025_잠재방한객조사_일반외국인.xlsx,일반외국인,E3-6,<표E3-6> 한국 문화별 이용 빈도_6. 한국 뷰티,BASE:E1. ⑥,캐나다,캐나다,국가/지역,1년에 1회 이상,91.0,(91),15.583529131769062,%
2025_잠재방한객조사_일반외국인.xlsx,일반외국인,E3-6,<표E3-6> 한국 문화별 이용 빈도_6. 한국 뷰티,BASE:E1. ⑥,캐나다,캐나다,국가/지역,반기별 1회 이상,91.0,(91),14.009543208846878,%
2025_잠재방한객조사_일반외국인.xlsx,일반외국인,E3-6,<표E3-6> 한국 문화별 이용 빈도_6. 한국 뷰티,BASE:E1. ⑥,캐나다,캐나다,국가/지역,분기별 1회 이상,91.0,(91),22.586866502783813,%
2025_잠재방한객조사_일반외국인.xlsx,일반외국인,E3-6,<표E3-6> 한국 문화별 이용 빈도_6. 한국 뷰티,BASE:E1. ⑥,캐나다,캐나다,국가/지역,한 달에 1회 이상,91.0,(91),20.57354988091388,%
2025_잠재방한객조사_일반외국인.xlsx,일반외국인,E3-6,<표E3-6> 한국 문화별 이용 빈도_6. 한국 뷰티,BASE:E1. ⑥,캐나다,캐나다,국가/지역,1주일에 1회 이상,91.0,(91),20.323200563542777,%
2025_잠재방한객조사_일반외국인.xlsx,일반외국인,E3-6,<표E3-6> 한국 문화별 이용 빈도_6. 한국 뷰티,BASE:E1. ⑥,캐나다,캐나다,국가/지역,거의 매일,91.0,(91),6.923310712143565,%
2025_잠재방한객조사_일반외국인.xlsx,일반외국인,E3-6,<표E3-6> 한국 문화별 이용 빈도_6. 한국 뷰티,BASE:E1. ⑥,캐나다,캐나다,국가/지역,계,91.0,(91),100,%
2025_잠재방한객조사_일반외국인.xlsx,일반외국인,E3-6,<표E3-6> 한국 문화별 이용 빈도_6. 한국 뷰티,BASE:E1. ⑥,호주,호주,국가/지역,1년에 1회 이상,93.0,(93),17.68489588216368,%
2025_잠재방한객조사_일반외국인.xlsx,일반외국인,E3-6,<표E3-6> 한국 문화별 이용 빈도_6. 한국 뷰티,BASE:E1. ⑥,호주,호주,국가/지역,반기별 1회 이상,93.0,(93),23.44401945110314,%
2025_잠재방한객조사_일반외국인.xlsx,일반외국인,E3-6,<표E3-6> 한국 문화별 이용 빈도_6. 한국 뷰티,BASE:E1. ⑥,호주,호주,국가/지역,분기별 1회 이상,93.0,(93),24.371645079102855,%
2025_잠재방한객조사_일반외국인.xlsx,일반외국인,E3-6,<표E3-6> 한국 문화별 이용 빈도_6. 한국 뷰티,BASE:E1. ⑥,호주,호주,국가/지역,한 달에 1회 이상,93.0,(93),21.69948934861193,%
2025_잠재방한객조사_일반외국인.xlsx,일반외국인,E3-6,<표E3-6> 한국 문화별 이용 빈도_6. 한국 뷰티,BASE:E1. ⑥,호주,호주,국가/지역,1주일에 1회 이상,93.0,(93),8.223895848783078,%
2025_잠재방한객조사_일반외국인.xlsx,일반외국인,E3-6,<표E3-6> 한국 문화별 이용 빈도_6. 한국 뷰티,BASE:E1. ⑥,호주,호주,국가/지역,거의 매일,93.0,(93),4.576054390235278,%
2025_잠재방한객조사_일반외국인.xlsx,일반외국인,E3-6,<표E3-6> 한국 문화별 이용 빈도_6. 한국 뷰티,BASE:E1. ⑥,호주,호주,국가/지역,계,93.0,(93),100,%
2025_잠재방한객조사_일반외국인.xlsx,일반외국인,E3-6,<표E3-6> 한국 문화별 이용 빈도_6. 한국 뷰티,BASE:E1. ⑥,러시아,러시아,국가/지역,1년에 1회 이상,249.0,(249),20.09542294873264,%
2025_잠재방한객조사_일반외국인.xlsx,일반외국인,E3-6,<표E3-6> 한국 문화별 이용 빈도_6. 한국 뷰티,BASE:E1. ⑥,러시아,러시아,국가/지역,반기별 1회 이상,249.0,(249),14.375851392110887,%
2025_잠재방한객조사_일반외국인.xlsx,일반외국인,E3-6,<표E3-6> 한국 문화별 이용 빈도_6. 한국 뷰티,BASE:E1. ⑥,러시아,러시아,국가/지역,분기별 1회 이상,249.0,(249),20.778678550116503,%
2025_잠재방한객조사_일반외국인.xlsx,일반외국인,E3-6,<표E3-6> 한국 문화별 이용 빈도_6. 한국 뷰티,BASE:E1. ⑥,러시아,러시아,국가/지역,한 달에 1회 이상,249.0,(249),26.50824423738166,%
2025_잠재방한객조사_일반외국인.xlsx,일반외국인,E3-6,<표E3-6> 한국 문화별 이용 빈도_6. 한국 뷰티,BASE:E1. ⑥,러시아,러시아,국가/지역,1주일에 1회 이상,249.0,(249),14.632665272633231,%
2025_잠재방한객조사_일반외국인.xlsx,일반외국인,E3-6,<표E3-6> 한국 문화별 이용 빈도_6. 한국 뷰티,BASE:E1. ⑥,러시아,러시아,국가/지역,거의 매일,249.0,(249),3.6091375990250514,%
2025_잠재방한객조사_일반외국인.xlsx,일반외국인,E3-6,<표E3-6> 한국 문화별 이용 빈도_6. 한국 뷰티,BASE:E1. ⑥,러시아,러시아,국가/지역,계,249.0,(249),100,%
2025_잠재방한객조사_일반외국인.xlsx,일반외국인,E3-6,<표E3-6> 한국 문화별 이용 빈도_6. 한국 뷰티,BASE:E1. ⑥,인도,인도,국가/지역,1년에 1회 이상,182.0,(182),9.476664683956487,%
2025_잠재방한객조사_일반외국인.xlsx,일반외국인,E3-6,<표E3-6> 한국 문화별 이용 빈도_6. 한국 뷰티,BASE:E1. ⑥,인도,인도,국가/지역,반기별 1회 이상,182.0,(182),15.802622251422516,%
2025_잠재방한객조사_일반외국인.xlsx,일반외국인,E3-6,<표E3-6> 한국 문화별 이용 빈도_6. 한국 뷰티,BASE:E1. ⑥,인도,인도,국가/지역,분기별 1회 이상,182.0,(182),14.12992072452221,%
2025_잠재방한객조사_일반외국인.xlsx,일반외국인,E3-6,<표E3-6> 한국 문화별 이용 빈도_6. 한국 뷰티,BASE:E1. ⑥,인도,인도,국가/지역,한 달에 1회 이상,182.0,(182),20.35031901469935,%
2025_잠재방한객조사_일반외국인.xlsx,일반외국인,E3-6,<표E3-6> 한국 문화별 이용 빈도_6. 한국 뷰티,BASE:E1. ⑥,인도,인도,국가/지역,1주일에 1회 이상,182.0,(182),25.91195995919418,%
2025_잠재방한객조사_일반외국인.xlsx,일반외국인,E3-6,<표E3-6> 한국 문화별 이용 빈도_6. 한국 뷰티,BASE:E1. ⑥,인도,인도,국가/지역,거의 매일,182.0,(182),14.328513366205172,%
2025_잠재방한객조사_일반외국인.xlsx,일반외국인,E3-6,<표E3-6> 한국 문화별 이용 빈도_6. 한국 뷰티,BASE:E1. ⑥,인도,인도,국가/지역,계,182.0,(182),100,%
2025_잠재방한객조사_일반외국인.xlsx,일반외국인,E3-6,<표E3-6> 한국 문화별 이용 빈도_6. 한국 뷰티,BASE:E1. ⑥,프랑스,프랑스,국가/지역,1년에 1회 이상,88.0,(88),29.385441425093717,%
2025_잠재방한객조사_일반외국인.xlsx,일반외국인,E3-6,<표E3-6> 한국 문화별 이용 빈도_6. 한국 뷰티,BASE:E1. ⑥,프랑스,프랑스,국가/지역,반기별 1회 이상,88.0,(88),20.141597764271836,%
2025_잠재방한객조사_일반외국인.xlsx,일반외국인,E3-6,<표E3-6> 한국 문화별 이용 빈도_6. 한국 뷰티,BASE:E1. ⑥,프랑스,프랑스,국가/지역,분기별 1회 이상,88.0,(88),19.94015479761318,%
2025_잠재방한객조사_일반외국인.xlsx,일반외국인,E3-6,<표E3-6> 한국 문화별 이용 빈도_6. 한국 뷰티,BASE:E1. ⑥,프랑스,프랑스,국가/지역,한 달에 1회 이상,88.0,(88),15.32740777104942,%
2025_잠재방한객조사_일반외국인.xlsx,일반외국인,E3-6,<표E3-6> 한국 문화별 이용 빈도_6. 한국 뷰티,BASE:E1. ⑥,프랑스,프랑스,국가/지역,1주일에 1회 이상,88.0,(88),7.952970658166926,%
2025_잠재방한객조사_일반외국인.xlsx,일반외국인,E3-6,<표E3-6> 한국 문화별 이용 빈도_6. 한국 뷰티,BASE:E1. ⑥,프랑스,프랑스,국가/지역,거의 매일,88.0,(88),7.252427583804885,%
2025_잠재방한객조사_일반외국인.xlsx,일반외국인,E3-6,<표E3-6> 한국 문화별 이용 빈도_6. 한국 뷰티,BASE:E1. ⑥,프랑스,프랑스,국가/지역,계,88.0,(88),100,%
2025_잠재방한객조사_일반외국인.xlsx,일반외국인,E3-6,<표E3-6> 한국 문화별 이용 빈도_6. 한국 뷰티,BASE:E1. ⑥,독일,독일,국가/지역,1년에 1회 이상,62.0,(62),38.710915615012695,%
2025_잠재방한객조사_일반외국인.xlsx,일반외국인,E3-6,<표E3-6> 한국 문화별 이용 빈도_6. 한국 뷰티,BASE:E1. ⑥,독일,독일,국가/지역,반기별 1회 이상,62.0,(62),10.674496229653842,%
2025_잠재방한객조사_일반외국인.xlsx,일반외국인,E3-6,<표E3-6> 한국 문화별 이용 빈도_6. 한국 뷰티,BASE:E1. ⑥,독일,독일,국가/지역,분기별 1회 이상,62.0,(62),20.81013905501729,%
2025_잠재방한객조사_일반외국인.xlsx,일반외국인,E3-6,<표E3-6> 한국 문화별 이용 빈도_6. 한국 뷰티,BASE:E1. ⑥,독일,독일,국가/지역,한 달에 1회 이상,62.0,(62),14.348698345451853,%
2025_잠재방한객조사_일반외국인.xlsx,일반외국인,E3-6,<표E3-6> 한국 문화별 이용 빈도_6. 한국 뷰티,BASE:E1. ⑥,독일,독일,국가/지역,1주일에 1회 이상,62.0,(62),12.99161770790872,%
2025_잠재방한객조사_일반외국인.xlsx,일반외국인,E3-6,<표E3-6> 한국 문화별 이용 빈도_6. 한국 뷰티,BASE:E1. ⑥,독일,독일,국가/지역,거의 매일,62.0,(62),2.464133046955543,%
2025_잠재방한객조사_일반외국인.xlsx,일반외국인,E3-6,<표E3-6> 한국 문화별 이용 빈도_6. 한국 뷰티,BASE:E1. ⑥,독일,독일,국가/지역,계,62.0,(62),100,%
2025_잠재방한객조사_일반외국인.xlsx,일반외국인,E3-6,<표E3-6> 한국 문화별 이용 빈도_6. 한국 뷰티,BASE:E1. ⑥,영국,영국,국가/지역,1년에 1회 이상,76.0,(76),13.872627271486598,%
2025_잠재방한객조사_일반외국인.xlsx,일반외국인,E3-6,<표E3-6> 한국 문화별 이용 빈도_6. 한국 뷰티,BASE:E1. ⑥,영국,영국,국가/지역,반기별 1회 이상,76.0,(76),14.502266768739972,%
2025_잠재방한객조사_일반외국인.xlsx,일반외국인,E3-6,<표E3-6> 한국 문화별 이용 빈도_6. 한국 뷰티,BASE:E1. ⑥,영국,영국,국가/지역,분기별 1회 이상,76.0,(76),19.546693569405118,%
2025_잠재방한객조사_일반외국인.xlsx,일반외국인,E3-6,<표E3-6> 한국 문화별 이용 빈도_6. 한국 뷰티,BASE:E1. ⑥,영국,영국,국가/지역,한 달에 1회 이상,76.0,(76),20.35951792583256,%
2025_잠재방한객조사_일반외국인.xlsx,일반외국인,E3-6,<표E3-6> 한국 문화별 이용 빈도_6. 한국 뷰티,BASE:E1. ⑥,영국,영국,국가/지역,1주일에 1회 이상,76.0,(76),24.05166221989058,%
2025_잠재방한객조사_일반외국인.xlsx,일반외국인,E3-6,<표E3-6> 한국 문화별 이용 빈도_6. 한국 뷰티,BASE:E1. ⑥,영국,영국,국가/지역,거의 매일,76.0,(76),7.667232244645151,%
2025_잠재방한객조사_일반외국인.xlsx,일반외국인,E3-6,<표E3-6> 한국 문화별 이용 빈도_6. 한국 뷰티,BASE:E1. ⑥,영국,영국,국가/지역,계,76.0,(76),100,%
2025_잠재방한객조사_일반외국인.xlsx,일반외국인,E3-6,<표E3-6> 한국 문화별 이용 빈도_6. 한국 뷰티,BASE:E1. ⑥,멕시코,멕시코,국가/지역,1년에 1회 이상,165.0,(165),12.382012782293126,%
2025_잠재방한객조사_일반외국인.xlsx,일반외국인,E3-6,<표E3-6> 한국 문화별 이용 빈도_6. 한국 뷰티,BASE:E1. ⑥,멕시코,멕시코,국가/지역,반기별 1회 이상,165.0,(165),12.734175500580399,%
2025_잠재방한객조사_일반외국인.xlsx,일반외국인,E3-6,<표E3-6> 한국 문화별 이용 빈도_6. 한국 뷰티,BASE:E1. ⑥,멕시코,멕시코,국가/지역,분기별 1회 이상,165.0,(165),21.378656406122527,%
2025_잠재방한객조사_일반외국인.xlsx,일반외국인,E3-6,<표E3-6> 한국 문화별 이용 빈도_6. 한국 뷰티,BASE:E1. ⑥,멕시코,멕시코,국가/지역,한 달에 1회 이상,165.0,(165),22.79999484987545,%
2025_잠재방한객조사_일반외국인.xlsx,일반외국인,E3-6,<표E3-6> 한국 문화별 이용 빈도_6. 한국 뷰티,BASE:E1. ⑥,멕시코,멕시코,국가/지역,1주일에 1회 이상,165.0,(165),21.273380172383668,%
2025_잠재방한객조사_일반외국인.xlsx,일반외국인,E3-6,<표E3-6> 한국 문화별 이용 빈도_6. 한국 뷰티,BASE:E1. ⑥,멕시코,멕시코,국가/지역,거의 매일,165.0,(165),9.4317802887448,%
2025_잠재방한객조사_일반외국인.xlsx,일반외국인,E3-6,<표E3-6> 한국 문화별 이용 빈도_6. 한국 뷰티,BASE:E1. ⑥,멕시코,멕시코,국가/지역,계,165.0,(165),100,%
2025_잠재방한객조사_일반외국인.xlsx,일반외국인,E3-6,<표E3-6> 한국 문화별 이용 빈도_6. 한국 뷰티,BASE:E1. ⑥,카자흐스탄,카자흐스탄,국가/지역,1년에 1회 이상,144.0,(144),23.063961106860976,%
2025_잠재방한객조사_일반외국인.xlsx,일반외국인,E3-6,<표E3-6> 한국 문화별 이용 빈도_6. 한국 뷰티,BASE:E1. ⑥,카자흐스탄,카자흐스탄,국가/지역,반기별 1회 이상,144.0,(144),8.821168061665851,%
2025_잠재방한객조사_일반외국인.xlsx,일반외국인,E3-6,<표E3-6> 한국 문화별 이용 빈도_6. 한국 뷰티,BASE:E1. ⑥,카자흐스탄,카자흐스탄,국가/지역,분기별 1회 이상,144.0,(144),18.65392070539463,%
2025_잠재방한객조사_일반외국인.xlsx,일반외국인,E3-6,<표E3-6> 한국 문화별 이용 빈도_6. 한국 뷰티,BASE:E1. ⑥,카자흐스탄,카자흐스탄,국가/지역,한 달에 1회 이상,144.0,(144),20.20616654685343,%
2025_잠재방한객조사_일반외국인.xlsx,일반외국인,E3-6,<표E3-6> 한국 문화별 이용 빈도_6. 한국 뷰티,BASE:E1. ⑥,카자흐스탄,카자흐스탄,국가/지역,1주일에 1회 이상,144.0,(144),18.25179307204475,%
2025_잠재방한객조사_일반외국인.xlsx,일반외국인,E3-6,<표E3-6> 한국 문화별 이용 빈도_6. 한국 뷰티,BASE:E1. ⑥,카자흐스탄,카자흐스탄,국가/지역,거의 매일,144.0,(144),11.002990507180444,%
2025_잠재방한객조사_일반외국인.xlsx,일반외국인,E3-6,<표E3-6> 한국 문화별 이용 빈도_6. 한국 뷰티,BASE:E1. ⑥,카자흐스탄,카자흐스탄,국가/지역,계,144.0,(144),100,%
2025_잠재방한객조사_일반외국인.xlsx,일반외국인,E3-6,<표E3-6> 한국 문화별 이용 빈도_6. 한국 뷰티,BASE:E1. ⑥,튀르키예,튀르키예,국가/지역,1년에 1회 이상,129.0,(129),20.793284595018278,%
2025_잠재방한객조사_일반외국인.xlsx,일반외국인,E3-6,<표E3-6> 한국 문화별 이용 빈도_6. 한국 뷰티,BASE:E1. ⑥,튀르키예,튀르키예,국가/지역,반기별 1회 이상,129.0,(129),17.226404930822422,%
2025_잠재방한객조사_일반외국인.xlsx,일반외국인,E3-6,<표E3-6> 한국 문화별 이용 빈도_6. 한국 뷰티,BASE:E1. ⑥,튀르키예,튀르키예,국가/지역,분기별 1회 이상,129.0,(129),19.369804566427963,%
2025_잠재방한객조사_일반외국인.xlsx,일반외국인,E3-6,<표E3-6> 한국 문화별 이용 빈도_6. 한국 뷰티,BASE:E1. ⑥,튀르키예,튀르키예,국가/지역,한 달에 1회 이상,129.0,(129),18.97696958177232,%
2025_잠재방한객조사_일반외국인.xlsx,일반외국인,E3-6,<표E3-6> 한국 문화별 이용 빈도_6. 한국 뷰티,BASE:E1. ⑥,튀르키예,튀르키예,국가/지역,1주일에 1회 이상,129.0,(129),16.028667161645714,%
2025_잠재방한객조사_일반외국인.xlsx,일반외국인,E3-6,<표E3-6> 한국 문화별 이용 빈도_6. 한국 뷰티,BASE:E1. ⑥,튀르키예,튀르키예,국가/지역,거의 매일,129.0,(129),7.604869164313278,%
2025_잠재방한객조사_일반외국인.xlsx,일반외국인,E3-6,<표E3-6> 한국 문화별 이용 빈도_6. 한국 뷰티,BASE:E1. ⑥,튀르키예,튀르키예,국가/지역,계,129.0,(129),100,%
2025_잠재방한객조사_일반외국인.xlsx,일반외국인,E3-6,<표E3-6> 한국 문화별 이용 빈도_6. 한국 뷰티,BASE:E1. ⑥,브라질,브라질,국가/지역,1년에 1회 이상,104.0,(104),24.133614395664786,%
2025_잠재방한객조사_일반외국인.xlsx,일반외국인,E3-6,<표E3-6> 한국 문화별 이용 빈도_6. 한국 뷰티,BASE:E1. ⑥,브라질,브라질,국가/지역,반기별 1회 이상,104.0,(104),11.029001051375728,%
2025_잠재방한객조사_일반외국인.xlsx,일반외국인,E3-6,<표E3-6> 한국 문화별 이용 빈도_6. 한국 뷰티,BASE:E1. ⑥,브라질,브라질,국가/지역,분기별 1회 이상,104.0,(104),17.48138595772928,%
2025_잠재방한객조사_일반외국인.xlsx,일반외국인,E3-6,<표E3-6> 한국 문화별 이용 빈도_6. 한국 뷰티,BASE:E1. ⑥,브라질,브라질,국가/지역,한 달에 1회 이상,104.0,(104),26.56021313492834,%
2025_잠재방한객조사_일반외국인.xlsx,일반외국인,E3-6,<표E3-6> 한국 문화별 이용 빈도_6. 한국 뷰티,BASE:E1. ⑥,브라질,브라질,국가/지역,1주일에 1회 이상,104.0,(104),13.44047712100022,%
2025_잠재방한객조사_일반외국인.xlsx,일반외국인,E3-6,<표E3-6> 한국 문화별 이용 빈도_6. 한국 뷰티,BASE:E1. ⑥,브라질,브라질,국가/지역,거의 매일,104.0,(104),7.355308339301679,%
2025_잠재방한객조사_일반외국인.xlsx,일반외국인,E3-6,<표E3-6> 한국 문화별 이용 빈도_6. 한국 뷰티,BASE:E1. ⑥,브라질,브라질,국가/지역,계,104.0,(104),100,%
2025_잠재방한객조사_일반외국인.xlsx,일반외국인,E3-6,<표E3-6> 한국 문화별 이용 빈도_6. 한국 뷰티,BASE:E1. ⑥,사우디아라비아,사우디아라비아,국가/지역,1년에 1회 이상,127.0,(127),14.297440606267855,%
2025_잠재방한객조사_일반외국인.xlsx,일반외국인,E3-6,<표E3-6> 한국 문화별 이용 빈도_6. 한국 뷰티,BASE:E1. ⑥,사우디아라비아,사우디아라비아,국가/지역,반기별 1회 이상,127.0,(127),13.627730633116968,%
2025_잠재방한객조사_일반외국인.xlsx,일반외국인,E3-6,<표E3-6> 한국 문화별 이용 빈도_6. 한국 뷰티,BASE:E1. ⑥,사우디아라비아,사우디아라비아,국가/지역,분기별 1회 이상,127.0,(127),18.775369640419196,%
2025_잠재방한객조사_일반외국인.xlsx,일반외국인,E3-6,<표E3-6> 한국 문화별 이용 빈도_6. 한국 뷰티,BASE:E1. ⑥,사우디아라비아,사우디아라비아,국가/지역,한 달에 1회 이상,127.0,(127),27.698097543574896,%
2025_잠재방한객조사_일반외국인.xlsx,일반외국인,E3-6,<표E3-6> 한국 문화별 이용 빈도_6. 한국 뷰티,BASE:E1. ⑥,사우디아라비아,사우디아라비아,국가/지역,1주일에 1회 이상,127.0,(127),14.98546925482083,%
2025_잠재방한객조사_일반외국인.xlsx,일반외국인,E3-6,<표E3-6> 한국 문화별 이용 빈도_6. 한국 뷰티,BASE:E1. ⑥,사우디아라비아,사우디아라비아,국가/지역,거의 매일,127.0,(127),10.61589232180026,%
2025_잠재방한객조사_일반외국인.xlsx,일반외국인,E3-6,<표E3-6> 한국 문화별 이용 빈도_6. 한국 뷰티,BASE:E1. ⑥,사우디아라비아,사우디아라비아,국가/지역,계,127.0,(127),100,%
2025_잠재방한객조사_일반외국인.xlsx,일반외국인,E3-6,<표E3-6> 한국 문화별 이용 빈도_6. 한국 뷰티,BASE:E1. ⑥,아랍에미리트,UAE,국가/지역,1년에 1회 이상,177.0,(177),6.840808454672804,%
2025_잠재방한객조사_일반외국인.xlsx,일반외국인,E3-6,<표E3-6> 한국 문화별 이용 빈도_6. 한국 뷰티,BASE:E1. ⑥,아랍에미리트,UAE,국가/지역,반기별 1회 이상,177.0,(177),17.438270943948368,%
2025_잠재방한객조사_일반외국인.xlsx,일반외국인,E3-6,<표E3-6> 한국 문화별 이용 빈도_6. 한국 뷰티,BASE:E1. ⑥,아랍에미리트,UAE,국가/지역,분기별 1회 이상,177.0,(177),15.615459050487033,%
2025_잠재방한객조사_일반외국인.xlsx,일반외국인,E3-6,<표E3-6> 한국 문화별 이용 빈도_6. 한국 뷰티,BASE:E1. ⑥,아랍에미리트,UAE,국가/지역,한 달에 1회 이상,177.0,(177),20.474210440969177,%
2025_잠재방한객조사_일반외국인.xlsx,일반외국인,E3-6,<표E3-6> 한국 문화별 이용 빈도_6. 한국 뷰티,BASE:E1. ⑥,아랍에미리트,UAE,국가/지역,1주일에 1회 이상,177.0,(177),22.71058789778805,%
2025_잠재방한객조사_일반외국인.xlsx,일반외국인,E3-6,<표E3-6> 한국 문화별 이용 빈도_6. 한국 뷰티,BASE:E1. ⑥,아랍에미리트,UAE,국가/지역,거의 매일,177.0,(177),16.920663212134652,%
2025_잠재방한객조사_일반외국인.xlsx,일반외국인,E3-6,<표E3-6> 한국 문화별 이용 빈도_6. 한국 뷰티,BASE:E1. ⑥,아랍에미리트,UAE,국가/지역,계,177.0,(177),100,%
2025_잠재방한객조사_일반외국인.xlsx,일반외국인,E3-7,<표E3-7> 한국 문화별 이용 빈도_7. 한국 패션,BASE:E1. ⑦,전체,전체,전체,1년에 1회 이상,3540.0,(3540),15.268814831358194,%
2025_잠재방한객조사_일반외국인.xlsx,일반외국인,E3-7,<표E3-7> 한국 문화별 이용 빈도_7. 한국 패션,BASE:E1. ⑦,전체,전체,전체,반기별 1회 이상,3540.0,(3540),16.048669949641305,%
2025_잠재방한객조사_일반외국인.xlsx,일반외국인,E3-7,<표E3-7> 한국 문화별 이용 빈도_7. 한국 패션,BASE:E1. ⑦,전체,전체,전체,분기별 1회 이상,3540.0,(3540),23.182792424237554,%
2025_잠재방한객조사_일반외국인.xlsx,일반외국인,E3-7,<표E3-7> 한국 문화별 이용 빈도_7. 한국 패션,BASE:E1. ⑦,전체,전체,전체,한 달에 1회 이상,3540.0,(3540),24.45141679255432,%
2025_잠재방한객조사_일반외국인.xlsx,일반외국인,E3-7,<표E3-7> 한국 문화별 이용 빈도_7. 한국 패션,BASE:E1. ⑦,전체,전체,전체,1주일에 1회 이상,3540.0,(3540),14.63993157269007,%
2025_잠재방한객조사_일반외국인.xlsx,일반외국인,E3-7,<표E3-7> 한국 문화별 이용 빈도_7. 한국 패션,BASE:E1. ⑦,전체,전체,전체,거의 매일,3540.0,(3540),6.408374429517825,%
2025_잠재방한객조사_일반외국인.xlsx,일반외국인,E3-7,<표E3-7> 한국 문화별 이용 빈도_7. 한국 패션,BASE:E1. ⑦,전체,전체,전체,계,3540.0,(3540),100,%
2025_잠재방한객조사_일반외국인.xlsx,일반외국인,E3-7,<표E3-7> 한국 문화별 이용 빈도_7. 한국 패션,BASE:E1. ⑦,중국,중국,국가/지역,1년에 1회 이상,637.0,(637),11.986285678569049,%
2025_잠재방한객조사_일반외국인.xlsx,일반외국인,E3-7,<표E3-7> 한국 문화별 이용 빈도_7. 한국 패션,BASE:E1. ⑦,중국,중국,국가/지역,반기별 1회 이상,637.0,(637),19.92200564919778,%
2025_잠재방한객조사_일반외국인.xlsx,일반외국인,E3-7,<표E3-7> 한국 문화별 이용 빈도_7. 한국 패션,BASE:E1. ⑦,중국,중국,국가/지역,분기별 1회 이상,637.0,(637),28.489191413969106,%
2025_잠재방한객조사_일반외국인.xlsx,일반외국인,E3-7,<표E3-7> 한국 문화별 이용 빈도_7. 한국 패션,BASE:E1. ⑦,중국,중국,국가/지역,한 달에 1회 이상,637.0,(637),24.528919633588703,%
2025_잠재방한객조사_일반외국인.xlsx,일반외국인,E3-7,<표E3-7> 한국 문화별 이용 빈도_7. 한국 패션,BASE:E1. ⑦,중국,중국,국가/지역,1주일에 1회 이상,637.0,(637),11.221689699028019,%
2025_잠재방한객조사_일반외국인.xlsx,일반외국인,E3-7,<표E3-7> 한국 문화별 이용 빈도_7. 한국 패션,BASE:E1. ⑦,중국,중국,국가/지역,거의 매일,637.0,(637),3.8519079256473487,%
2025_잠재방한객조사_일반외국인.xlsx,일반외국인,E3-7,<표E3-7> 한국 문화별 이용 빈도_7. 한국 패션,BASE:E1. ⑦,중국,중국,국가/지역,계,637.0,(637),100,%
2025_잠재방한객조사_일반외국인.xlsx,일반외국인,E3-7,<표E3-7> 한국 문화별 이용 빈도_7. 한국 패션,BASE:E1. ⑦,일본,일본,국가/지역,1년에 1회 이상,182.0,(182),22.224983099023298,%
2025_잠재방한객조사_일반외국인.xlsx,일반외국인,E3-7,<표E3-7> 한국 문화별 이용 빈도_7. 한국 패션,BASE:E1. ⑦,일본,일본,국가/지역,반기별 1회 이상,182.0,(182),15.491433584045472,%
2025_잠재방한객조사_일반외국인.xlsx,일반외국인,E3-7,<표E3-7> 한국 문화별 이용 빈도_7. 한국 패션,BASE:E1. ⑦,일본,일본,국가/지역,분기별 1회 이상,182.0,(182),24.890811602937912,%
2025_잠재방한객조사_일반외국인.xlsx,일반외국인,E3-7,<표E3-7> 한국 문화별 이용 빈도_7. 한국 패션,BASE:E1. ⑦,일본,일본,국가/지역,한 달에 1회 이상,182.0,(182),23.463795282625792,%
2025_잠재방한객조사_일반외국인.xlsx,일반외국인,E3-7,<표E3-7> 한국 문화별 이용 빈도_7. 한국 패션,BASE:E1. ⑦,일본,일본,국가/지역,1주일에 1회 이상,182.0,(182),9.525495627054251,%
2025_잠재방한객조사_일반외국인.xlsx,일반외국인,E3-7,<표E3-7> 한국 문화별 이용 빈도_7. 한국 패션,BASE:E1. ⑦,일본,일본,국가/지역,거의 매일,182.0,(182),4.403480804313401,%
2025_잠재방한객조사_일반외국인.xlsx,일반외국인,E3-7,<표E3-7> 한국 문화별 이용 빈도_7. 한국 패션,BASE:E1. ⑦,일본,일본,국가/지역,계,182.0,(182),100,%
2025_잠재방한객조사_일반외국인.xlsx,일반외국인,E3-7,<표E3-7> 한국 문화별 이용 빈도_7. 한국 패션,BASE:E1. ⑦,대만,대만,국가/지역,1년에 1회 이상,107.0,(107),16.09683104657712,%
2025_잠재방한객조사_일반외국인.xlsx,일반외국인,E3-7,<표E3-7> 한국 문화별 이용 빈도_7. 한국 패션,BASE:E1. ⑦,대만,대만,국가/지역,반기별 1회 이상,107.0,(107),16.82571650608805,%
2025_잠재방한객조사_일반외국인.xlsx,일반외국인,E3-7,<표E3-7> 한국 문화별 이용 빈도_7. 한국 패션,BASE:E1. ⑦,대만,대만,국가/지역,분기별 1회 이상,107.0,(107),28.866420133324628,%
2025_잠재방한객조사_일반외국인.xlsx,일반외국인,E3-7,<표E3-7> 한국 문화별 이용 빈도_7. 한국 패션,BASE:E1. ⑦,대만,대만,국가/지역,한 달에 1회 이상,107.0,(107),22.325005747515117,%
2025_잠재방한객조사_일반외국인.xlsx,일반외국인,E3-7,<표E3-7> 한국 문화별 이용 빈도_7. 한국 패션,BASE:E1. ⑦,대만,대만,국가/지역,1주일에 1회 이상,107.0,(107),12.671205458872311,%
2025_잠재방한객조사_일반외국인.xlsx,일반외국인,E3-7,<표E3-7> 한국 문화별 이용 빈도_7. 한국 패션,BASE:E1. ⑦,대만,대만,국가/지역,거의 매일,107.0,(107),3.214821107622791,%
2025_잠재방한객조사_일반외국인.xlsx,일반외국인,E3-7,<표E3-7> 한국 문화별 이용 빈도_7. 한국 패션,BASE:E1. ⑦,대만,대만,국가/지역,계,107.0,(107),100,%
2025_잠재방한객조사_일반외국인.xlsx,일반외국인,E3-7,<표E3-7> 한국 문화별 이용 빈도_7. 한국 패션,BASE:E1. ⑦,미국,미국,국가/지역,1년에 1회 이상,172.0,(172),24.4015252785393,%
2025_잠재방한객조사_일반외국인.xlsx,일반외국인,E3-7,<표E3-7> 한국 문화별 이용 빈도_7. 한국 패션,BASE:E1. ⑦,미국,미국,국가/지역,반기별 1회 이상,172.0,(172),20.91125862594922,%
2025_잠재방한객조사_일반외국인.xlsx,일반외국인,E3-7,<표E3-7> 한국 문화별 이용 빈도_7. 한국 패션,BASE:E1. ⑦,미국,미국,국가/지역,분기별 1회 이상,172.0,(172),20.511337650361675,%
2025_잠재방한객조사_일반외국인.xlsx,일반외국인,E3-7,<표E3-7> 한국 문화별 이용 빈도_7. 한국 패션,BASE:E1. ⑦,미국,미국,국가/지역,한 달에 1회 이상,172.0,(172),17.055160082954213,%
2025_잠재방한객조사_일반외국인.xlsx,일반외국인,E3-7,<표E3-7> 한국 문화별 이용 빈도_7. 한국 패션,BASE:E1. ⑦,미국,미국,국가/지역,1주일에 1회 이상,172.0,(172),12.180481889487734,%
2025_잠재방한객조사_일반외국인.xlsx,일반외국인,E3-7,<표E3-7> 한국 문화별 이용 빈도_7. 한국 패션,BASE:E1. ⑦,미국,미국,국가/지역,거의 매일,172.0,(172),4.940236472707846,%
2025_잠재방한객조사_일반외국인.xlsx,일반외국인,E3-7,<표E3-7> 한국 문화별 이용 빈도_7. 한국 패션,BASE:E1. ⑦,미국,미국,국가/지역,계,172.0,(172),100,%
2025_잠재방한객조사_일반외국인.xlsx,일반외국인,E3-7,<표E3-7> 한국 문화별 이용 빈도_7. 한국 패션,BASE:E1. ⑦,필리핀,필리핀,국가/지역,1년에 1회 이상,196.0,(196),6.279478905427058,%
2025_잠재방한객조사_일반외국인.xlsx,일반외국인,E3-7,<표E3-7> 한국 문화별 이용 빈도_7. 한국 패션,BASE:E1. ⑦,필리핀,필리핀,국가/지역,반기별 1회 이상,196.0,(196),7.091340130235695,%
2025_잠재방한객조사_일반외국인.xlsx,일반외국인,E3-7,<표E3-7> 한국 문화별 이용 빈도_7. 한국 패션,BASE:E1. ⑦,필리핀,필리핀,국가/지역,분기별 1회 이상,196.0,(196),19.362234891786027,%
2025_잠재방한객조사_일반외국인.xlsx,일반외국인,E3-7,<표E3-7> 한국 문화별 이용 빈도_7. 한국 패션,BASE:E1. ⑦,필리핀,필리핀,국가/지역,한 달에 1회 이상,196.0,(196),28.827646159880928,%
2025_잠재방한객조사_일반외국인.xlsx,일반외국인,E3-7,<표E3-7> 한국 문화별 이용 빈도_7. 한국 패션,BASE:E1. ⑦,필리핀,필리핀,국가/지역,1주일에 1회 이상,196.0,(196),25.541929926136447,%
2025_잠재방한객조사_일반외국인.xlsx,일반외국인,E3-7,<표E3-7> 한국 문화별 이용 빈도_7. 한국 패션,BASE:E1. ⑦,필리핀,필리핀,국가/지역,거의 매일,196.0,(196),12.897369986533832,%
2025_잠재방한객조사_일반외국인.xlsx,일반외국인,E3-7,<표E3-7> 한국 문화별 이용 빈도_7. 한국 패션,BASE:E1. ⑦,필리핀,필리핀,국가/지역,계,196.0,(196),100,%
2025_잠재방한객조사_일반외국인.xlsx,일반외국인,E3-7,<표E3-7> 한국 문화별 이용 빈도_7. 한국 패션,BASE:E1. ⑦,베트남,베트남,국가/지역,1년에 1회 이상,207.0,(207),10.439135664758407,%
2025_잠재방한객조사_일반외국인.xlsx,일반외국인,E3-7,<표E3-7> 한국 문화별 이용 빈도_7. 한국 패션,BASE:E1. ⑦,베트남,베트남,국가/지역,반기별 1회 이상,207.0,(207),12.375218306683797,%
2025_잠재방한객조사_일반외국인.xlsx,일반외국인,E3-7,<표E3-7> 한국 문화별 이용 빈도_7. 한국 패션,BASE:E1. ⑦,베트남,베트남,국가/지역,분기별 1회 이상,207.0,(207),21.550381581639773,%
2025_잠재방한객조사_일반외국인.xlsx,일반외국인,E3-7,<표E3-7> 한국 문화별 이용 빈도_7. 한국 패션,BASE:E1. ⑦,베트남,베트남,국가/지역,한 달에 1회 이상,207.0,(207),28.31351561784288,%
2025_잠재방한객조사_일반외국인.xlsx,일반외국인,E3-7,<표E3-7> 한국 문화별 이용 빈도_7. 한국 패션,BASE:E1. ⑦,베트남,베트남,국가/지역,1주일에 1회 이상,207.0,(207),19.034896896276702,%
2025_잠재방한객조사_일반외국인.xlsx,일반외국인,E3-7,<표E3-7> 한국 문화별 이용 빈도_7. 한국 패션,BASE:E1. ⑦,베트남,베트남,국가/지역,거의 매일,207.0,(207),8.286851932798527,%
2025_잠재방한객조사_일반외국인.xlsx,일반외국인,E3-7,<표E3-7> 한국 문화별 이용 빈도_7. 한국 패션,BASE:E1. ⑦,베트남,베트남,국가/지역,계,207.0,(207),100,%
2025_잠재방한객조사_일반외국인.xlsx,일반외국인,E3-7,<표E3-7> 한국 문화별 이용 빈도_7. 한국 패션,BASE:E1. ⑦,싱가포르,싱가포르,국가/지역,1년에 1회 이상,136.0,(136),13.733936255494527,%
2025_잠재방한객조사_일반외국인.xlsx,일반외국인,E3-7,<표E3-7> 한국 문화별 이용 빈도_7. 한국 패션,BASE:E1. ⑦,싱가포르,싱가포르,국가/지역,반기별 1회 이상,136.0,(136),18.946724373547696,%
2025_잠재방한객조사_일반외국인.xlsx,일반외국인,E3-7,<표E3-7> 한국 문화별 이용 빈도_7. 한국 패션,BASE:E1. ⑦,싱가포르,싱가포르,국가/지역,분기별 1회 이상,136.0,(136),20.025703654185026,%
2025_잠재방한객조사_일반외국인.xlsx,일반외국인,E3-7,<표E3-7> 한국 문화별 이용 빈도_7. 한국 패션,BASE:E1. ⑦,싱가포르,싱가포르,국가/지역,한 달에 1회 이상,136.0,(136),31.08894232203515,%
2025_잠재방한객조사_일반외국인.xlsx,일반외국인,E3-7,<표E3-7> 한국 문화별 이용 빈도_7. 한국 패션,BASE:E1. ⑦,싱가포르,싱가포르,국가/지역,1주일에 1회 이상,136.0,(136),10.218100416125674,%
2025_잠재방한객조사_일반외국인.xlsx,일반외국인,E3-7,<표E3-7> 한국 문화별 이용 빈도_7. 한국 패션,BASE:E1. ⑦,싱가포르,싱가포르,국가/지역,거의 매일,136.0,(136),5.986592978611935,%
2025_잠재방한객조사_일반외국인.xlsx,일반외국인,E3-7,<표E3-7> 한국 문화별 이용 빈도_7. 한국 패션,BASE:E1. ⑦,싱가포르,싱가포르,국가/지역,계,136.0,(136),100,%
2025_잠재방한객조사_일반외국인.xlsx,일반외국인,E3-7,<표E3-7> 한국 문화별 이용 빈도_7. 한국 패션,BASE:E1. ⑦,인도네시아,인도네시아,국가/지역,1년에 1회 이상,143.0,(143),10.27554617543677,%
2025_잠재방한객조사_일반외국인.xlsx,일반외국인,E3-7,<표E3-7> 한국 문화별 이용 빈도_7. 한국 패션,BASE:E1. ⑦,인도네시아,인도네시아,국가/지역,반기별 1회 이상,143.0,(143),9.049792223950568,%
2025_잠재방한객조사_일반외국인.xlsx,일반외국인,E3-7,<표E3-7> 한국 문화별 이용 빈도_7. 한국 패션,BASE:E1. ⑦,인도네시아,인도네시아,국가/지역,분기별 1회 이상,143.0,(143),14.578546384459438,%
2025_잠재방한객조사_일반외국인.xlsx,일반외국인,E3-7,<표E3-7> 한국 문화별 이용 빈도_7. 한국 패션,BASE:E1. ⑦,인도네시아,인도네시아,국가/지역,한 달에 1회 이상,143.0,(143),28.880445024482366,%
2025_잠재방한객조사_일반외국인.xlsx,일반외국인,E3-7,<표E3-7> 한국 문화별 이용 빈도_7. 한국 패션,BASE:E1. ⑦,인도네시아,인도네시아,국가/지역,1주일에 1회 이상,143.0,(143),23.211243368692518,%
2025_잠재방한객조사_일반외국인.xlsx,일반외국인,E3-7,<표E3-7> 한국 문화별 이용 빈도_7. 한국 패션,BASE:E1. ⑦,인도네시아,인도네시아,국가/지역,거의 매일,143.0,(143),14.004426822978361,%
2025_잠재방한객조사_일반외국인.xlsx,일반외국인,E3-7,<표E3-7> 한국 문화별 이용 빈도_7. 한국 패션,BASE:E1. ⑦,인도네시아,인도네시아,국가/지역,계,143.0,(143),100,%
2025_잠재방한객조사_일반외국인.xlsx,일반외국인,E3-7,<표E3-7> 한국 문화별 이용 빈도_7. 한국 패션,BASE:E1. ⑦,태국,태국,국가/지역,1년에 1회 이상,196.0,(196),9.74380384749988,%
2025_잠재방한객조사_일반외국인.xlsx,일반외국인,E3-7,<표E3-7> 한국 문화별 이용 빈도_7. 한국 패션,BASE:E1. ⑦,태국,태국,국가/지역,반기별 1회 이상,196.0,(196),11.780585494839112,%
2025_잠재방한객조사_일반외국인.xlsx,일반외국인,E3-7,<표E3-7> 한국 문화별 이용 빈도_7. 한국 패션,BASE:E1. ⑦,태국,태국,국가/지역,분기별 1회 이상,196.0,(196),16.70621639473211,%
2025_잠재방한객조사_일반외국인.xlsx,일반외국인,E3-7,<표E3-7> 한국 문화별 이용 빈도_7. 한국 패션,BASE:E1. ⑦,태국,태국,국가/지역,한 달에 1회 이상,196.0,(196),29.727206310600646,%
2025_잠재방한객조사_일반외국인.xlsx,일반외국인,E3-7,<표E3-7> 한국 문화별 이용 빈도_7. 한국 패션,BASE:E1. ⑦,태국,태국,국가/지역,1주일에 1회 이상,196.0,(196),25.662416821447664,%
2025_잠재방한객조사_일반외국인.xlsx,일반외국인,E3-7,<표E3-7> 한국 문화별 이용 빈도_7. 한국 패션,BASE:E1. ⑦,태국,태국,국가/지역,거의 매일,196.0,(196),6.379771130880514,%
2025_잠재방한객조사_일반외국인.xlsx,일반외국인,E3-7,<표E3-7> 한국 문화별 이용 빈도_7. 한국 패션,BASE:E1. ⑦,태국,태국,국가/지역,계,196.0,(196),100,%
2025_잠재방한객조사_일반외국인.xlsx,일반외국인,E3-7,<표E3-7> 한국 문화별 이용 빈도_7. 한국 패션,BASE:E1. ⑦,말레이시아,말레이시아,국가/지역,1년에 1회 이상,160.0,(160),11.838424555027355,%
2025_잠재방한객조사_일반외국인.xlsx,일반외국인,E3-7,<표E3-7> 한국 문화별 이용 빈도_7. 한국 패션,BASE:E1. ⑦,말레이시아,말레이시아,국가/지역,반기별 1회 이상,160.0,(160),13.632165345734581,%
2025_잠재방한객조사_일반외국인.xlsx,일반외국인,E3-7,<표E3-7> 한국 문화별 이용 빈도_7. 한국 패션,BASE:E1. ⑦,말레이시아,말레이시아,국가/지역,분기별 1회 이상,160.0,(160),22.074523205583347,%
2025_잠재방한객조사_일반외국인.xlsx,일반외국인,E3-7,<표E3-7> 한국 문화별 이용 빈도_7. 한국 패션,BASE:E1. ⑦,말레이시아,말레이시아,국가/지역,한 달에 1회 이상,160.0,(160),27.38085690107947,%
2025_잠재방한객조사_일반외국인.xlsx,일반외국인,E3-7,<표E3-7> 한국 문화별 이용 빈도_7. 한국 패션,BASE:E1. ⑦,말레이시아,말레이시아,국가/지역,1주일에 1회 이상,160.0,(160),16.883658983936954,%
2025_잠재방한객조사_일반외국인.xlsx,일반외국인,E3-7,<표E3-7> 한국 문화별 이용 빈도_7. 한국 패션,BASE:E1. ⑦,말레이시아,말레이시아,국가/지역,거의 매일,160.0,(160),8.190371008638381,%
2025_잠재방한객조사_일반외국인.xlsx,일반외국인,E3-7,<표E3-7> 한국 문화별 이용 빈도_7. 한국 패션,BASE:E1. ⑦,말레이시아,말레이시아,국가/지역,계,160.0,(160),100,%
2025_잠재방한객조사_일반외국인.xlsx,일반외국인,E3-7,<표E3-7> 한국 문화별 이용 빈도_7. 한국 패션,BASE:E1. ⑦,캐나다,캐나다,국가/지역,1년에 1회 이상,59.0,(59),30.40670319799082,%
2025_잠재방한객조사_일반외국인.xlsx,일반외국인,E3-7,<표E3-7> 한국 문화별 이용 빈도_7. 한국 패션,BASE:E1. ⑦,캐나다,캐나다,국가/지역,반기별 1회 이상,59.0,(59),20.168996947728942,%
2025_잠재방한객조사_일반외국인.xlsx,일반외국인,E3-7,<표E3-7> 한국 문화별 이용 빈도_7. 한국 패션,BASE:E1. ⑦,캐나다,캐나다,국가/지역,분기별 1회 이상,59.0,(59),28.04079299718968,%
2025_잠재방한객조사_일반외국인.xlsx,일반외국인,E3-7,<표E3-7> 한국 문화별 이용 빈도_7. 한국 패션,BASE:E1. ⑦,캐나다,캐나다,국가/지역,한 달에 1회 이상,59.0,(59),15.994570474525874,%
2025_잠재방한객조사_일반외국인.xlsx,일반외국인,E3-7,<표E3-7> 한국 문화별 이용 빈도_7. 한국 패션,BASE:E1. ⑦,캐나다,캐나다,국가/지역,1주일에 1회 이상,59.0,(59),4.0533583434373766,%
2025_잠재방한객조사_일반외국인.xlsx,일반외국인,E3-7,<표E3-7> 한국 문화별 이용 빈도_7. 한국 패션,BASE:E1. ⑦,캐나다,캐나다,국가/지역,거의 매일,59.0,(59),1.3355780391272987,%
2025_잠재방한객조사_일반외국인.xlsx,일반외국인,E3-7,<표E3-7> 한국 문화별 이용 빈도_7. 한국 패션,BASE:E1. ⑦,캐나다,캐나다,국가/지역,계,59.0,(59),100,%
2025_잠재방한객조사_일반외국인.xlsx,일반외국인,E3-7,<표E3-7> 한국 문화별 이용 빈도_7. 한국 패션,BASE:E1. ⑦,호주,호주,국가/지역,1년에 1회 이상,63.0,(63),18.370418843554475,%
2025_잠재방한객조사_일반외국인.xlsx,일반외국인,E3-7,<표E3-7> 한국 문화별 이용 빈도_7. 한국 패션,BASE:E1. ⑦,호주,호주,국가/지역,반기별 1회 이상,63.0,(63),20.784016434041977,%
2025_잠재방한객조사_일반외국인.xlsx,일반외국인,E3-7,<표E3-7> 한국 문화별 이용 빈도_7. 한국 패션,BASE:E1. ⑦,호주,호주,국가/지역,분기별 1회 이상,63.0,(63),27.477970819283886,%
2025_잠재방한객조사_일반외국인.xlsx,일반외국인,E3-7,<표E3-7> 한국 문화별 이용 빈도_7. 한국 패션,BASE:E1. ⑦,호주,호주,국가/지역,한 달에 1회 이상,63.0,(63),21.091330462515728,%
2025_잠재방한객조사_일반외국인.xlsx,일반외국인,E3-7,<표E3-7> 한국 문화별 이용 빈도_7. 한국 패션,BASE:E1. ⑦,호주,호주,국가/지역,1주일에 1회 이상,63.0,(63),8.112820704641694,%
2025_잠재방한객조사_일반외국인.xlsx,일반외국인,E3-7,<표E3-7> 한국 문화별 이용 빈도_7. 한국 패션,BASE:E1. ⑦,호주,호주,국가/지역,거의 매일,63.0,(63),4.1634427359622155,%
2025_잠재방한객조사_일반외국인.xlsx,일반외국인,E3-7,<표E3-7> 한국 문화별 이용 빈도_7. 한국 패션,BASE:E1. ⑦,호주,호주,국가/지역,계,63.0,(63),100,%
2025_잠재방한객조사_일반외국인.xlsx,일반외국인,E3-7,<표E3-7> 한국 문화별 이용 빈도_7. 한국 패션,BASE:E1. ⑦,러시아,러시아,국가/지역,1년에 1회 이상,118.0,(118),19.195236202922672,%
2025_잠재방한객조사_일반외국인.xlsx,일반외국인,E3-7,<표E3-7> 한국 문화별 이용 빈도_7. 한국 패션,BASE:E1. ⑦,러시아,러시아,국가/지역,반기별 1회 이상,118.0,(118),22.659816705067527,%
2025_잠재방한객조사_일반외국인.xlsx,일반외국인,E3-7,<표E3-7> 한국 문화별 이용 빈도_7. 한국 패션,BASE:E1. ⑦,러시아,러시아,국가/지역,분기별 1회 이상,118.0,(118),24.185454397941974,%
2025_잠재방한객조사_일반외국인.xlsx,일반외국인,E3-7,<표E3-7> 한국 문화별 이용 빈도_7. 한국 패션,BASE:E1. ⑦,러시아,러시아,국가/지역,한 달에 1회 이상,118.0,(118),20.77988681008415,%
2025_잠재방한객조사_일반외국인.xlsx,일반외국인,E3-7,<표E3-7> 한국 문화별 이용 빈도_7. 한국 패션,BASE:E1. ⑦,러시아,러시아,국가/지역,1주일에 1회 이상,118.0,(118),9.023144500882879,%
2025_잠재방한객조사_일반외국인.xlsx,일반외국인,E3-7,<표E3-7> 한국 문화별 이용 빈도_7. 한국 패션,BASE:E1. ⑦,러시아,러시아,국가/지역,거의 매일,118.0,(118),4.156461383100812,%
2025_잠재방한객조사_일반외국인.xlsx,일반외국인,E3-7,<표E3-7> 한국 문화별 이용 빈도_7. 한국 패션,BASE:E1. ⑦,러시아,러시아,국가/지역,계,118.0,(118),100,%
2025_잠재방한객조사_일반외국인.xlsx,일반외국인,E3-7,<표E3-7> 한국 문화별 이용 빈도_7. 한국 패션,BASE:E1. ⑦,인도,인도,국가/지역,1년에 1회 이상,186.0,(186),7.999389785916619,%
2025_잠재방한객조사_일반외국인.xlsx,일반외국인,E3-7,<표E3-7> 한국 문화별 이용 빈도_7. 한국 패션,BASE:E1. ⑦,인도,인도,국가/지역,반기별 1회 이상,186.0,(186),11.086948129061602,%
2025_잠재방한객조사_일반외국인.xlsx,일반외국인,E3-7,<표E3-7> 한국 문화별 이용 빈도_7. 한국 패션,BASE:E1. ⑦,인도,인도,국가/지역,분기별 1회 이상,186.0,(186),26.391574502316097,%
2025_잠재방한객조사_일반외국인.xlsx,일반외국인,E3-7,<표E3-7> 한국 문화별 이용 빈도_7. 한국 패션,BASE:E1. ⑦,인도,인도,국가/지역,한 달에 1회 이상,186.0,(186),22.595071206398668,%
2025_잠재방한객조사_일반외국인.xlsx,일반외국인,E3-7,<표E3-7> 한국 문화별 이용 빈도_7. 한국 패션,BASE:E1. ⑦,인도,인도,국가/지역,1주일에 1회 이상,186.0,(186),21.550706196018773,%
2025_잠재방한객조사_일반외국인.xlsx,일반외국인,E3-7,<표E3-7> 한국 문화별 이용 빈도_7. 한국 패션,BASE:E1. ⑦,인도,인도,국가/지역,거의 매일,186.0,(186),10.376310180288122,%
2025_잠재방한객조사_일반외국인.xlsx,일반외국인,E3-7,<표E3-7> 한국 문화별 이용 빈도_7. 한국 패션,BASE:E1. ⑦,인도,인도,국가/지역,계,186.0,(186),100,%
2025_잠재방한객조사_일반외국인.xlsx,일반외국인,E3-7,<표E3-7> 한국 문화별 이용 빈도_7. 한국 패션,BASE:E1. ⑦,프랑스,프랑스,국가/지역,1년에 1회 이상,44.0,(44),30.22614701598497,%
2025_잠재방한객조사_일반외국인.xlsx,일반외국인,E3-7,<표E3-7> 한국 문화별 이용 빈도_7. 한국 패션,BASE:E1. ⑦,프랑스,프랑스,국가/지역,반기별 1회 이상,44.0,(44),18.770556499375967,%
2025_잠재방한객조사_일반외국인.xlsx,일반외국인,E3-7,<표E3-7> 한국 문화별 이용 빈도_7. 한국 패션,BASE:E1. ⑦,프랑스,프랑스,국가/지역,분기별 1회 이상,44.0,(44),12.031571060665048,%
2025_잠재방한객조사_일반외국인.xlsx,일반외국인,E3-7,<표E3-7> 한국 문화별 이용 빈도_7. 한국 패션,BASE:E1. ⑦,프랑스,프랑스,국가/지역,한 달에 1회 이상,44.0,(44),21.094668730183198,%
2025_잠재방한객조사_일반외국인.xlsx,일반외국인,E3-7,<표E3-7> 한국 문화별 이용 빈도_7. 한국 패션,BASE:E1. ⑦,프랑스,프랑스,국가/지역,1주일에 1회 이상,44.0,(44),12.893839891158231,%
2025_잠재방한객조사_일반외국인.xlsx,일반외국인,E3-7,<표E3-7> 한국 문화별 이용 빈도_7. 한국 패션,BASE:E1. ⑦,프랑스,프랑스,국가/지역,거의 매일,44.0,(44),4.983216802632602,%
2025_잠재방한객조사_일반외국인.xlsx,일반외국인,E3-7,<표E3-7> 한국 문화별 이용 빈도_7. 한국 패션,BASE:E1. ⑦,프랑스,프랑스,국가/지역,계,44.0,(44),100,%
2025_잠재방한객조사_일반외국인.xlsx,일반외국인,E3-7,<표E3-7> 한국 문화별 이용 빈도_7. 한국 패션,BASE:E1. ⑦,독일,독일,국가/지역,1년에 1회 이상,49.0,(49),35.68954039012415,%
2025_잠재방한객조사_일반외국인.xlsx,일반외국인,E3-7,<표E3-7> 한국 문화별 이용 빈도_7. 한국 패션,BASE:E1. ⑦,독일,독일,국가/지역,반기별 1회 이상,49.0,(49),15.765311216205882,%
2025_잠재방한객조사_일반외국인.xlsx,일반외국인,E3-7,<표E3-7> 한국 문화별 이용 빈도_7. 한국 패션,BASE:E1. ⑦,독일,독일,국가/지역,분기별 1회 이상,49.0,(49),23.59501641443778,%
2025_잠재방한객조사_일반외국인.xlsx,일반외국인,E3-7,<표E3-7> 한국 문화별 이용 빈도_7. 한국 패션,BASE:E1. ⑦,독일,독일,국가/지역,한 달에 1회 이상,49.0,(49),16.069002860218372,%
2025_잠재방한객조사_일반외국인.xlsx,일반외국인,E3-7,<표E3-7> 한국 문화별 이용 빈도_7. 한국 패션,BASE:E1. ⑦,독일,독일,국가/지역,1주일에 1회 이상,49.0,(49),7.374760152232537,%
2025_잠재방한객조사_일반외국인.xlsx,일반외국인,E3-7,<표E3-7> 한국 문화별 이용 빈도_7. 한국 패션,BASE:E1. ⑦,독일,독일,국가/지역,거의 매일,49.0,(49),1.5063689667812974,%
2025_잠재방한객조사_일반외국인.xlsx,일반외국인,E3-7,<표E3-7> 한국 문화별 이용 빈도_7. 한국 패션,BASE:E1. ⑦,독일,독일,국가/지역,계,49.0,(49),100,%
2025_잠재방한객조사_일반외국인.xlsx,일반외국인,E3-7,<표E3-7> 한국 문화별 이용 빈도_7. 한국 패션,BASE:E1. ⑦,영국,영국,국가/지역,1년에 1회 이상,70.0,(70),15.947790531286602,%
2025_잠재방한객조사_일반외국인.xlsx,일반외국인,E3-7,<표E3-7> 한국 문화별 이용 빈도_7. 한국 패션,BASE:E1. ⑦,영국,영국,국가/지역,반기별 1회 이상,70.0,(70),21.88463473278793,%
2025_잠재방한객조사_일반외국인.xlsx,일반외국인,E3-7,<표E3-7> 한국 문화별 이용 빈도_7. 한국 패션,BASE:E1. ⑦,영국,영국,국가/지역,분기별 1회 이상,70.0,(70),24.56955837274273,%
2025_잠재방한객조사_일반외국인.xlsx,일반외국인,E3-7,<표E3-7> 한국 문화별 이용 빈도_7. 한국 패션,BASE:E1. ⑦,영국,영국,국가/지역,한 달에 1회 이상,70.0,(70),21.514352982937325,%
2025_잠재방한객조사_일반외국인.xlsx,일반외국인,E3-7,<표E3-7> 한국 문화별 이용 빈도_7. 한국 패션,BASE:E1. ⑦,영국,영국,국가/지역,1주일에 1회 이상,70.0,(70),13.845446100069777,%
2025_잠재방한객조사_일반외국인.xlsx,일반외국인,E3-7,<표E3-7> 한국 문화별 이용 빈도_7. 한국 패션,BASE:E1. ⑦,영국,영국,국가/지역,거의 매일,70.0,(70),2.238217280175626,%
2025_잠재방한객조사_일반외국인.xlsx,일반외국인,E3-7,<표E3-7> 한국 문화별 이용 빈도_7. 한국 패션,BASE:E1. ⑦,영국,영국,국가/지역,계,70.0,(70),100,%
2025_잠재방한객조사_일반외국인.xlsx,일반외국인,E3-7,<표E3-7> 한국 문화별 이용 빈도_7. 한국 패션,BASE:E1. ⑦,멕시코,멕시코,국가/지역,1년에 1회 이상,127.0,(127),14.407114647806555,%
2025_잠재방한객조사_일반외국인.xlsx,일반외국인,E3-7,<표E3-7> 한국 문화별 이용 빈도_7. 한국 패션,BASE:E1. ⑦,멕시코,멕시코,국가/지역,반기별 1회 이상,127.0,(127),11.826735814590162,%
2025_잠재방한객조사_일반외국인.xlsx,일반외국인,E3-7,<표E3-7> 한국 문화별 이용 빈도_7. 한국 패션,BASE:E1. ⑦,멕시코,멕시코,국가/지역,분기별 1회 이상,127.0,(127),27.584089267056072,%
2025_잠재방한객조사_일반외국인.xlsx,일반외국인,E3-7,<표E3-7> 한국 문화별 이용 빈도_7. 한국 패션,BASE:E1. ⑦,멕시코,멕시코,국가/지역,한 달에 1회 이상,127.0,(127),24.95055550180817,%
2025_잠재방한객조사_일반외국인.xlsx,일반외국인,E3-7,<표E3-7> 한국 문화별 이용 빈도_7. 한국 패션,BASE:E1. ⑦,멕시코,멕시코,국가/지역,1주일에 1회 이상,127.0,(127),14.36434730028495,%
2025_잠재방한객조사_일반외국인.xlsx,일반외국인,E3-7,<표E3-7> 한국 문화별 이용 빈도_7. 한국 패션,BASE:E1. ⑦,멕시코,멕시코,국가/지역,거의 매일,127.0,(127),6.867157468454102,%
2025_잠재방한객조사_일반외국인.xlsx,일반외국인,E3-7,<표E3-7> 한국 문화별 이용 빈도_7. 한국 패션,BASE:E1. ⑦,멕시코,멕시코,국가/지역,계,127.0,(127),100,%
2025_잠재방한객조사_일반외국인.xlsx,일반외국인,E3-7,<표E3-7> 한국 문화별 이용 빈도_7. 한국 패션,BASE:E1. ⑦,카자흐스탄,카자흐스탄,국가/지역,1년에 1회 이상,63.0,(63),21.567795248526632,%
2025_잠재방한객조사_일반외국인.xlsx,일반외국인,E3-7,<표E3-7> 한국 문화별 이용 빈도_7. 한국 패션,BASE:E1. ⑦,카자흐스탄,카자흐스탄,국가/지역,반기별 1회 이상,63.0,(63),11.915101290439514,%
2025_잠재방한객조사_일반외국인.xlsx,일반외국인,E3-7,<표E3-7> 한국 문화별 이용 빈도_7. 한국 패션,BASE:E1. ⑦,카자흐스탄,카자흐스탄,국가/지역,분기별 1회 이상,63.0,(63),18.281866625620722,%
2025_잠재방한객조사_일반외국인.xlsx,일반외국인,E3-7,<표E3-7> 한국 문화별 이용 빈도_7. 한국 패션,BASE:E1. ⑦,카자흐스탄,카자흐스탄,국가/지역,한 달에 1회 이상,63.0,(63),27.449715706921985,%
2025_잠재방한객조사_일반외국인.xlsx,일반외국인,E3-7,<표E3-7> 한국 문화별 이용 빈도_7. 한국 패션,BASE:E1. ⑦,카자흐스탄,카자흐스탄,국가/지역,1주일에 1회 이상,63.0,(63),13.303235392315477,%
2025_잠재방한객조사_일반외국인.xlsx,일반외국인,E3-7,<표E3-7> 한국 문화별 이용 빈도_7. 한국 패션,BASE:E1. ⑦,카자흐스탄,카자흐스탄,국가/지역,거의 매일,63.0,(63),7.4822857361756405,%
2025_잠재방한객조사_일반외국인.xlsx,일반외국인,E3-7,<표E3-7> 한국 문화별 이용 빈도_7. 한국 패션,BASE:E1. ⑦,카자흐스탄,카자흐스탄,국가/지역,계,63.0,(63),100,%
2025_잠재방한객조사_일반외국인.xlsx,일반외국인,E3-7,<표E3-7> 한국 문화별 이용 빈도_7. 한국 패션,BASE:E1. ⑦,튀르키예,튀르키예,국가/지역,1년에 1회 이상,80.0,(80),24.495729921730156,%
2025_잠재방한객조사_일반외국인.xlsx,일반외국인,E3-7,<표E3-7> 한국 문화별 이용 빈도_7. 한국 패션,BASE:E1. ⑦,튀르키예,튀르키예,국가/지역,반기별 1회 이상,80.0,(80),21.08735749784972,%
2025_잠재방한객조사_일반외국인.xlsx,일반외국인,E3-7,<표E3-7> 한국 문화별 이용 빈도_7. 한국 패션,BASE:E1. ⑦,튀르키예,튀르키예,국가/지역,분기별 1회 이상,80.0,(80),23.65728547215293,%
2025_잠재방한객조사_일반외국인.xlsx,일반외국인,E3-7,<표E3-7> 한국 문화별 이용 빈도_7. 한국 패션,BASE:E1. ⑦,튀르키예,튀르키예,국가/지역,한 달에 1회 이상,80.0,(80),21.63841106349665,%
2025_잠재방한객조사_일반외국인.xlsx,일반외국인,E3-7,<표E3-7> 한국 문화별 이용 빈도_7. 한국 패션,BASE:E1. ⑦,튀르키예,튀르키예,국가/지역,1주일에 1회 이상,80.0,(80),5.618157919147861,%
2025_잠재방한객조사_일반외국인.xlsx,일반외국인,E3-7,<표E3-7> 한국 문화별 이용 빈도_7. 한국 패션,BASE:E1. ⑦,튀르키예,튀르키예,국가/지역,거의 매일,80.0,(80),3.503058125622701,%
2025_잠재방한객조사_일반외국인.xlsx,일반외국인,E3-7,<표E3-7> 한국 문화별 이용 빈도_7. 한국 패션,BASE:E1. ⑦,튀르키예,튀르키예,국가/지역,계,80.0,(80),100,%
2025_잠재방한객조사_일반외국인.xlsx,일반외국인,E3-7,<표E3-7> 한국 문화별 이용 빈도_7. 한국 패션,BASE:E1. ⑦,브라질,브라질,국가/지역,1년에 1회 이상,62.0,(62),24.793262094454054,%
2025_잠재방한객조사_일반외국인.xlsx,일반외국인,E3-7,<표E3-7> 한국 문화별 이용 빈도_7. 한국 패션,BASE:E1. ⑦,브라질,브라질,국가/지역,반기별 1회 이상,62.0,(62),14.469804944968786,%
2025_잠재방한객조사_일반외국인.xlsx,일반외국인,E3-7,<표E3-7> 한국 문화별 이용 빈도_7. 한국 패션,BASE:E1. ⑦,브라질,브라질,국가/지역,분기별 1회 이상,62.0,(62),27.56036217422237,%
2025_잠재방한객조사_일반외국인.xlsx,일반외국인,E3-7,<표E3-7> 한국 문화별 이용 빈도_7. 한국 패션,BASE:E1. ⑦,브라질,브라질,국가/지역,한 달에 1회 이상,62.0,(62),18.535404021744604,%
2025_잠재방한객조사_일반외국인.xlsx,일반외국인,E3-7,<표E3-7> 한국 문화별 이용 빈도_7. 한국 패션,BASE:E1. ⑦,브라질,브라질,국가/지역,1주일에 1회 이상,62.0,(62),13.111276511477197,%
2025_잠재방한객조사_일반외국인.xlsx,일반외국인,E3-7,<표E3-7> 한국 문화별 이용 빈도_7. 한국 패션,BASE:E1. ⑦,브라질,브라질,국가/지역,거의 매일,62.0,(62),1.5298902531329766,%
2025_잠재방한객조사_일반외국인.xlsx,일반외국인,E3-7,<표E3-7> 한국 문화별 이용 빈도_7. 한국 패션,BASE:E1. ⑦,브라질,브라질,국가/지역,계,62.0,(62),100,%
2025_잠재방한객조사_일반외국인.xlsx,일반외국인,E3-7,<표E3-7> 한국 문화별 이용 빈도_7. 한국 패션,BASE:E1. ⑦,사우디아라비아,사우디아라비아,국가/지역,1년에 1회 이상,102.0,(102),12.422317269009122,%
2025_잠재방한객조사_일반외국인.xlsx,일반외국인,E3-7,<표E3-7> 한국 문화별 이용 빈도_7. 한국 패션,BASE:E1. ⑦,사우디아라비아,사우디아라비아,국가/지역,반기별 1회 이상,102.0,(102),23.86645640854126,%
2025_잠재방한객조사_일반외국인.xlsx,일반외국인,E3-7,<표E3-7> 한국 문화별 이용 빈도_7. 한국 패션,BASE:E1. ⑦,사우디아라비아,사우디아라비아,국가/지역,분기별 1회 이상,102.0,(102),18.176673521671162,%
2025_잠재방한객조사_일반외국인.xlsx,일반외국인,E3-7,<표E3-7> 한국 문화별 이용 빈도_7. 한국 패션,BASE:E1. ⑦,사우디아라비아,사우디아라비아,국가/지역,한 달에 1회 이상,102.0,(102),26.631773082067667,%
2025_잠재방한객조사_일반외국인.xlsx,일반외국인,E3-7,<표E3-7> 한국 문화별 이용 빈도_7. 한국 패션,BASE:E1. ⑦,사우디아라비아,사우디아라비아,국가/지역,1주일에 1회 이상,102.0,(102),13.6329100774678,%
2025_잠재방한객조사_일반외국인.xlsx,일반외국인,E3-7,<표E3-7> 한국 문화별 이용 빈도_7. 한국 패션,BASE:E1. ⑦,사우디아라비아,사우디아라비아,국가/지역,거의 매일,102.0,(102),5.269869641242992,%
2025_잠재방한객조사_일반외국인.xlsx,일반외국인,E3-7,<표E3-7> 한국 문화별 이용 빈도_7. 한국 패션,BASE:E1. ⑦,사우디아라비아,사우디아라비아,국가/지역,계,102.0,(102),100,%
2025_잠재방한객조사_일반외국인.xlsx,일반외국인,E3-7,<표E3-7> 한국 문화별 이용 빈도_7. 한국 패션,BASE:E1. ⑦,아랍에미리트,UAE,국가/지역,1년에 1회 이상,148.0,(148),13.710881299658531,%
2025_잠재방한객조사_일반외국인.xlsx,일반외국인,E3-7,<표E3-7> 한국 문화별 이용 빈도_7. 한국 패션,BASE:E1. ⑦,아랍에미리트,UAE,국가/지역,반기별 1회 이상,148.0,(148),17.34168120875705,%
2025_잠재방한객조사_일반외국인.xlsx,일반외국인,E3-7,<표E3-7> 한국 문화별 이용 빈도_7. 한국 패션,BASE:E1. ⑦,아랍에미리트,UAE,국가/지역,분기별 1회 이상,148.0,(148),22.624550591620842,%
2025_잠재방한객조사_일반외국인.xlsx,일반외국인,E3-7,<표E3-7> 한국 문화별 이용 빈도_7. 한국 패션,BASE:E1. ⑦,아랍에미리트,UAE,국가/지역,한 달에 1회 이상,148.0,(148),23.049687637552243,%
2025_잠재방한객조사_일반외국인.xlsx,일반외국인,E3-7,<표E3-7> 한국 문화별 이용 빈도_7. 한국 패션,BASE:E1. ⑦,아랍에미리트,UAE,국가/지역,1주일에 1회 이상,148.0,(148),18.84712251282165,%
2025_잠재방한객조사_일반외국인.xlsx,일반외국인,E3-7,<표E3-7> 한국 문화별 이용 빈도_7. 한국 패션,BASE:E1. ⑦,아랍에미리트,UAE,국가/지역,거의 매일,148.0,(148),4.426076749589728,%
2025_잠재방한객조사_일반외국인.xlsx,일반외국인,E3-7,<표E3-7> 한국 문화별 이용 빈도_7. 한국 패션,BASE:E1. ⑦,아랍에미리트,UAE,국가/지역,계,148.0,(148),100,%
2025_잠재방한객조사_일반외국인.xlsx,일반외국인,E3-8,<표E3-8> 한국 문화별 이용 빈도_8. 한국 웹툰,BASE:E1. ⑧,전체,전체,전체,1년에 1회 이상,1860.0,(1860),10.322950079315609,%
2025_잠재방한객조사_일반외국인.xlsx,일반외국인,E3-8,<표E3-8> 한국 문화별 이용 빈도_8. 한국 웹툰,BASE:E1. ⑧,전체,전체,전체,반기별 1회 이상,1860.0,(1860),14.852149341122441,%
2025_잠재방한객조사_일반외국인.xlsx,일반외국인,E3-8,<표E3-8> 한국 문화별 이용 빈도_8. 한국 웹툰,BASE:E1. ⑧,전체,전체,전체,분기별 1회 이상,1860.0,(1860),18.452167035702406,%
2025_잠재방한객조사_일반외국인.xlsx,일반외국인,E3-8,<표E3-8> 한국 문화별 이용 빈도_8. 한국 웹툰,BASE:E1. ⑧,전체,전체,전체,한 달에 1회 이상,1860.0,(1860),23.46875189499558,%
2025_잠재방한객조사_일반외국인.xlsx,일반외국인,E3-8,<표E3-8> 한국 문화별 이용 빈도_8. 한국 웹툰,BASE:E1. ⑧,전체,전체,전체,1주일에 1회 이상,1860.0,(1860),19.14517052267043,%
2025_잠재방한객조사_일반외국인.xlsx,일반외국인,E3-8,<표E3-8> 한국 문화별 이용 빈도_8. 한국 웹툰,BASE:E1. ⑧,전체,전체,전체,거의 매일,1860.0,(1860),13.758811126193441,%
2025_잠재방한객조사_일반외국인.xlsx,일반외국인,E3-8,<표E3-8> 한국 문화별 이용 빈도_8. 한국 웹툰,BASE:E1. ⑧,전체,전체,전체,계,1860.0,(1860),100,%
2025_잠재방한객조사_일반외국인.xlsx,일반외국인,E3-8,<표E3-8> 한국 문화별 이용 빈도_8. 한국 웹툰,BASE:E1. ⑧,중국,중국,국가/지역,1년에 1회 이상,341.0,(341),9.100896552997332,%
2025_잠재방한객조사_일반외국인.xlsx,일반외국인,E3-8,<표E3-8> 한국 문화별 이용 빈도_8. 한국 웹툰,BASE:E1. ⑧,중국,중국,국가/지역,반기별 1회 이상,341.0,(341),21.82909937999382,%
2025_잠재방한객조사_일반외국인.xlsx,일반외국인,E3-8,<표E3-8> 한국 문화별 이용 빈도_8. 한국 웹툰,BASE:E1. ⑧,중국,중국,국가/지역,분기별 1회 이상,341.0,(341),22.793890917825472,%
2025_잠재방한객조사_일반외국인.xlsx,일반외국인,E3-8,<표E3-8> 한국 문화별 이용 빈도_8. 한국 웹툰,BASE:E1. ⑧,중국,중국,국가/지역,한 달에 1회 이상,341.0,(341),23.16526135135573,%
2025_잠재방한객조사_일반외국인.xlsx,일반외국인,E3-8,<표E3-8> 한국 문화별 이용 빈도_8. 한국 웹툰,BASE:E1. ⑧,중국,중국,국가/지역,1주일에 1회 이상,341.0,(341),15.108487467066405,%
2025_잠재방한객조사_일반외국인.xlsx,일반외국인,E3-8,<표E3-8> 한국 문화별 이용 빈도_8. 한국 웹툰,BASE:E1. ⑧,중국,중국,국가/지역,거의 매일,341.0,(341),8.002364330761297,%
2025_잠재방한객조사_일반외국인.xlsx,일반외국인,E3-8,<표E3-8> 한국 문화별 이용 빈도_8. 한국 웹툰,BASE:E1. ⑧,중국,중국,국가/지역,계,341.0,(341),100,%
2025_잠재방한객조사_일반외국인.xlsx,일반외국인,E3-8,<표E3-8> 한국 문화별 이용 빈도_8. 한국 웹툰,BASE:E1. ⑧,일본,일본,국가/지역,1년에 1회 이상,82.0,(82),20.25660562733647,%
2025_잠재방한객조사_일반외국인.xlsx,일반외국인,E3-8,<표E3-8> 한국 문화별 이용 빈도_8. 한국 웹툰,BASE:E1. ⑧,일본,일본,국가/지역,반기별 1회 이상,82.0,(82),13.133193244253007,%
2025_잠재방한객조사_일반외국인.xlsx,일반외국인,E3-8,<표E3-8> 한국 문화별 이용 빈도_8. 한국 웹툰,BASE:E1. ⑧,일본,일본,국가/지역,분기별 1회 이상,82.0,(82),23.17838264826232,%
2025_잠재방한객조사_일반외국인.xlsx,일반외국인,E3-8,<표E3-8> 한국 문화별 이용 빈도_8. 한국 웹툰,BASE:E1. ⑧,일본,일본,국가/지역,한 달에 1회 이상,82.0,(82),16.78101680622314,%
2025_잠재방한객조사_일반외국인.xlsx,일반외국인,E3-8,<표E3-8> 한국 문화별 이용 빈도_8. 한국 웹툰,BASE:E1. ⑧,일본,일본,국가/지역,1주일에 1회 이상,82.0,(82),17.352777127019532,%
2025_잠재방한객조사_일반외국인.xlsx,일반외국인,E3-8,<표E3-8> 한국 문화별 이용 빈도_8. 한국 웹툰,BASE:E1. ⑧,일본,일본,국가/지역,거의 매일,82.0,(82),9.298024546905578,%
2025_잠재방한객조사_일반외국인.xlsx,일반외국인,E3-8,<표E3-8> 한국 문화별 이용 빈도_8. 한국 웹툰,BASE:E1. ⑧,일본,일본,국가/지역,계,82.0,(82),100,%
2025_잠재방한객조사_일반외국인.xlsx,일반외국인,E3-8,<표E3-8> 한국 문화별 이용 빈도_8. 한국 웹툰,BASE:E1. ⑧,대만,대만,국가/지역,1년에 1회 이상,93.0,(93),8.17134952106987,%
2025_잠재방한객조사_일반외국인.xlsx,일반외국인,E3-8,<표E3-8> 한국 문화별 이용 빈도_8. 한국 웹툰,BASE:E1. ⑧,대만,대만,국가/지역,반기별 1회 이상,93.0,(93),12.759045168273891,%
2025_잠재방한객조사_일반외국인.xlsx,일반외국인,E3-8,<표E3-8> 한국 문화별 이용 빈도_8. 한국 웹툰,BASE:E1. ⑧,대만,대만,국가/지역,분기별 1회 이상,93.0,(93),25.230928068449348,%
2025_잠재방한객조사_일반외국인.xlsx,일반외국인,E3-8,<표E3-8> 한국 문화별 이용 빈도_8. 한국 웹툰,BASE:E1. ⑧,대만,대만,국가/지역,한 달에 1회 이상,93.0,(93),28.882211181713295,%
2025_잠재방한객조사_일반외국인.xlsx,일반외국인,E3-8,<표E3-8> 한국 문화별 이용 빈도_8. 한국 웹툰,BASE:E1. ⑧,대만,대만,국가/지역,1주일에 1회 이상,93.0,(93),19.406066514965985,%
2025_잠재방한객조사_일반외국인.xlsx,일반외국인,E3-8,<표E3-8> 한국 문화별 이용 빈도_8. 한국 웹툰,BASE:E1. ⑧,대만,대만,국가/지역,거의 매일,93.0,(93),5.550399545527627,%
2025_잠재방한객조사_일반외국인.xlsx,일반외국인,E3-8,<표E3-8> 한국 문화별 이용 빈도_8. 한국 웹툰,BASE:E1. ⑧,대만,대만,국가/지역,계,93.0,(93),100,%
2025_잠재방한객조사_일반외국인.xlsx,일반외국인,E3-8,<표E3-8> 한국 문화별 이용 빈도_8. 한국 웹툰,BASE:E1. ⑧,미국,미국,국가/지역,1년에 1회 이상,60.0,(60),13.443379296971369,%
2025_잠재방한객조사_일반외국인.xlsx,일반외국인,E3-8,<표E3-8> 한국 문화별 이용 빈도_8. 한국 웹툰,BASE:E1. ⑧,미국,미국,국가/지역,반기별 1회 이상,60.0,(60),10.756173202314532,%
2025_잠재방한객조사_일반외국인.xlsx,일반외국인,E3-8,<표E3-8> 한국 문화별 이용 빈도_8. 한국 웹툰,BASE:E1. ⑧,미국,미국,국가/지역,분기별 1회 이상,60.0,(60),18.869309110153097,%
2025_잠재방한객조사_일반외국인.xlsx,일반외국인,E3-8,<표E3-8> 한국 문화별 이용 빈도_8. 한국 웹툰,BASE:E1. ⑧,미국,미국,국가/지역,한 달에 1회 이상,60.0,(60),29.01676856516015,%
2025_잠재방한객조사_일반외국인.xlsx,일반외국인,E3-8,<표E3-8> 한국 문화별 이용 빈도_8. 한국 웹툰,BASE:E1. ⑧,미국,미국,국가/지역,1주일에 1회 이상,60.0,(60),18.69897592746974,%
2025_잠재방한객조사_일반외국인.xlsx,일반외국인,E3-8,<표E3-8> 한국 문화별 이용 빈도_8. 한국 웹툰,BASE:E1. ⑧,미국,미국,국가/지역,거의 매일,60.0,(60),9.215393897931133,%
2025_잠재방한객조사_일반외국인.xlsx,일반외국인,E3-8,<표E3-8> 한국 문화별 이용 빈도_8. 한국 웹툰,BASE:E1. ⑧,미국,미국,국가/지역,계,60.0,(60),100,%
2025_잠재방한객조사_일반외국인.xlsx,일반외국인,E3-8,<표E3-8> 한국 문화별 이용 빈도_8. 한국 웹툰,BASE:E1. ⑧,필리핀,필리핀,국가/지역,1년에 1회 이상,139.0,(139),5.756010114877188,%
2025_잠재방한객조사_일반외국인.xlsx,일반외국인,E3-8,<표E3-8> 한국 문화별 이용 빈도_8. 한국 웹툰,BASE:E1. ⑧,필리핀,필리핀,국가/지역,반기별 1회 이상,139.0,(139),7.966895996879527,%
2025_잠재방한객조사_일반외국인.xlsx,일반외국인,E3-8,<표E3-8> 한국 문화별 이용 빈도_8. 한국 웹툰,BASE:E1. ⑧,필리핀,필리핀,국가/지역,분기별 1회 이상,139.0,(139),12.636821382918223,%
2025_잠재방한객조사_일반외국인.xlsx,일반외국인,E3-8,<표E3-8> 한국 문화별 이용 빈도_8. 한국 웹툰,BASE:E1. ⑧,필리핀,필리핀,국가/지역,한 달에 1회 이상,139.0,(139),24.767457361421382,%
2025_잠재방한객조사_일반외국인.xlsx,일반외국인,E3-8,<표E3-8> 한국 문화별 이용 빈도_8. 한국 웹툰,BASE:E1. ⑧,필리핀,필리핀,국가/지역,1주일에 1회 이상,139.0,(139),19.85720532343429,%
2025_잠재방한객조사_일반외국인.xlsx,일반외국인,E3-8,<표E3-8> 한국 문화별 이용 빈도_8. 한국 웹툰,BASE:E1. ⑧,필리핀,필리핀,국가/지역,거의 매일,139.0,(139),29.015609820469408,%
2025_잠재방한객조사_일반외국인.xlsx,일반외국인,E3-8,<표E3-8> 한국 문화별 이용 빈도_8. 한국 웹툰,BASE:E1. ⑧,필리핀,필리핀,국가/지역,계,139.0,(139),100,%
2025_잠재방한객조사_일반외국인.xlsx,일반외국인,E3-8,<표E3-8> 한국 문화별 이용 빈도_8. 한국 웹툰,BASE:E1. ⑧,베트남,베트남,국가/지역,1년에 1회 이상,76.0,(76),11.691855589822355,%
2025_잠재방한객조사_일반외국인.xlsx,일반외국인,E3-8,<표E3-8> 한국 문화별 이용 빈도_8. 한국 웹툰,BASE:E1. ⑧,베트남,베트남,국가/지역,반기별 1회 이상,76.0,(76),15.096192505435004,%
2025_잠재방한객조사_일반외국인.xlsx,일반외국인,E3-8,<표E3-8> 한국 문화별 이용 빈도_8. 한국 웹툰,BASE:E1. ⑧,베트남,베트남,국가/지역,분기별 1회 이상,76.0,(76),16.216015780469686,%
2025_잠재방한객조사_일반외국인.xlsx,일반외국인,E3-8,<표E3-8> 한국 문화별 이용 빈도_8. 한국 웹툰,BASE:E1. ⑧,베트남,베트남,국가/지역,한 달에 1회 이상,76.0,(76),17.828102684564215,%
2025_잠재방한객조사_일반외국인.xlsx,일반외국인,E3-8,<표E3-8> 한국 문화별 이용 빈도_8. 한국 웹툰,BASE:E1. ⑧,베트남,베트남,국가/지역,1주일에 1회 이상,76.0,(76),25.02660459784997,%
2025_잠재방한객조사_일반외국인.xlsx,일반외국인,E3-8,<표E3-8> 한국 문화별 이용 빈도_8. 한국 웹툰,BASE:E1. ⑧,베트남,베트남,국가/지역,거의 매일,76.0,(76),14.141228841858759,%
2025_잠재방한객조사_일반외국인.xlsx,일반외국인,E3-8,<표E3-8> 한국 문화별 이용 빈도_8. 한국 웹툰,BASE:E1. ⑧,베트남,베트남,국가/지역,계,76.0,(76),100,%
2025_잠재방한객조사_일반외국인.xlsx,일반외국인,E3-8,<표E3-8> 한국 문화별 이용 빈도_8. 한국 웹툰,BASE:E1. ⑧,싱가포르,싱가포르,국가/지역,1년에 1회 이상,51.0,(51),3.1914112765027327,%
2025_잠재방한객조사_일반외국인.xlsx,일반외국인,E3-8,<표E3-8> 한국 문화별 이용 빈도_8. 한국 웹툰,BASE:E1. ⑧,싱가포르,싱가포르,국가/지역,반기별 1회 이상,51.0,(51),17.051969876622437,%
2025_잠재방한객조사_일반외국인.xlsx,일반외국인,E3-8,<표E3-8> 한국 문화별 이용 빈도_8. 한국 웹툰,BASE:E1. ⑧,싱가포르,싱가포르,국가/지역,분기별 1회 이상,51.0,(51),24.074473070704837,%
2025_잠재방한객조사_일반외국인.xlsx,일반외국인,E3-8,<표E3-8> 한국 문화별 이용 빈도_8. 한국 웹툰,BASE:E1. ⑧,싱가포르,싱가포르,국가/지역,한 달에 1회 이상,51.0,(51),15.976412523675897,%
2025_잠재방한객조사_일반외국인.xlsx,일반외국인,E3-8,<표E3-8> 한국 문화별 이용 빈도_8. 한국 웹툰,BASE:E1. ⑧,싱가포르,싱가포르,국가/지역,1주일에 1회 이상,51.0,(51),25.205448370534477,%
2025_잠재방한객조사_일반외국인.xlsx,일반외국인,E3-8,<표E3-8> 한국 문화별 이용 빈도_8. 한국 웹툰,BASE:E1. ⑧,싱가포르,싱가포르,국가/지역,거의 매일,51.0,(51),14.500284881959674,%
2025_잠재방한객조사_일반외국인.xlsx,일반외국인,E3-8,<표E3-8> 한국 문화별 이용 빈도_8. 한국 웹툰,BASE:E1. ⑧,싱가포르,싱가포르,국가/지역,계,51.0,(51),100,%
2025_잠재방한객조사_일반외국인.xlsx,일반외국인,E3-8,<표E3-8> 한국 문화별 이용 빈도_8. 한국 웹툰,BASE:E1. ⑧,인도네시아,인도네시아,국가/지역,1년에 1회 이상,126.0,(126),4.799604386230725,%
2025_잠재방한객조사_일반외국인.xlsx,일반외국인,E3-8,<표E3-8> 한국 문화별 이용 빈도_8. 한국 웹툰,BASE:E1. ⑧,인도네시아,인도네시아,국가/지역,반기별 1회 이상,126.0,(126),10.265981805661461,%
2025_잠재방한객조사_일반외국인.xlsx,일반외국인,E3-8,<표E3-8> 한국 문화별 이용 빈도_8. 한국 웹툰,BASE:E1. ⑧,인도네시아,인도네시아,국가/지역,분기별 1회 이상,126.0,(126),8.518093261733064,%
2025_잠재방한객조사_일반외국인.xlsx,일반외국인,E3-8,<표E3-8> 한국 문화별 이용 빈도_8. 한국 웹툰,BASE:E1. ⑧,인도네시아,인도네시아,국가/지역,한 달에 1회 이상,126.0,(126),20.74012501943546,%
2025_잠재방한객조사_일반외국인.xlsx,일반외국인,E3-8,<표E3-8> 한국 문화별 이용 빈도_8. 한국 웹툰,BASE:E1. ⑧,인도네시아,인도네시아,국가/지역,1주일에 1회 이상,126.0,(126),32.76359147538221,%
2025_잠재방한객조사_일반외국인.xlsx,일반외국인,E3-8,<표E3-8> 한국 문화별 이용 빈도_8. 한국 웹툰,BASE:E1. ⑧,인도네시아,인도네시아,국가/지역,거의 매일,126.0,(126),22.912604051557114,%
2025_잠재방한객조사_일반외국인.xlsx,일반외국인,E3-8,<표E3-8> 한국 문화별 이용 빈도_8. 한국 웹툰,BASE:E1. ⑧,인도네시아,인도네시아,국가/지역,계,126.0,(126),100,%
2025_잠재방한객조사_일반외국인.xlsx,일반외국인,E3-8,<표E3-8> 한국 문화별 이용 빈도_8. 한국 웹툰,BASE:E1. ⑧,태국,태국,국가/지역,1년에 1회 이상,117.0,(117),4.845629669310539,%
2025_잠재방한객조사_일반외국인.xlsx,일반외국인,E3-8,<표E3-8> 한국 문화별 이용 빈도_8. 한국 웹툰,BASE:E1. ⑧,태국,태국,국가/지역,반기별 1회 이상,117.0,(117),9.858126815626605,%
2025_잠재방한객조사_일반외국인.xlsx,일반외국인,E3-8,<표E3-8> 한국 문화별 이용 빈도_8. 한국 웹툰,BASE:E1. ⑧,태국,태국,국가/지역,분기별 1회 이상,117.0,(117),16.070786742423284,%
2025_잠재방한객조사_일반외국인.xlsx,일반외국인,E3-8,<표E3-8> 한국 문화별 이용 빈도_8. 한국 웹툰,BASE:E1. ⑧,태국,태국,국가/지역,한 달에 1회 이상,117.0,(117),22.65766676376614,%
2025_잠재방한객조사_일반외국인.xlsx,일반외국인,E3-8,<표E3-8> 한국 문화별 이용 빈도_8. 한국 웹툰,BASE:E1. ⑧,태국,태국,국가/지역,1주일에 1회 이상,117.0,(117),27.084289831104673,%
2025_잠재방한객조사_일반외국인.xlsx,일반외국인,E3-8,<표E3-8> 한국 문화별 이용 빈도_8. 한국 웹툰,BASE:E1. ⑧,태국,태국,국가/지역,거의 매일,117.0,(117),19.483500177768672,%
2025_잠재방한객조사_일반외국인.xlsx,일반외국인,E3-8,<표E3-8> 한국 문화별 이용 빈도_8. 한국 웹툰,BASE:E1. ⑧,태국,태국,국가/지역,계,117.0,(117),100,%
2025_잠재방한객조사_일반외국인.xlsx,일반외국인,E3-8,<표E3-8> 한국 문화별 이용 빈도_8. 한국 웹툰,BASE:E1. ⑧,말레이시아,말레이시아,국가/지역,1년에 1회 이상,88.0,(88),6.843165802293353,%
2025_잠재방한객조사_일반외국인.xlsx,일반외국인,E3-8,<표E3-8> 한국 문화별 이용 빈도_8. 한국 웹툰,BASE:E1. ⑧,말레이시아,말레이시아,국가/지역,반기별 1회 이상,88.0,(88),11.319206906311624,%
2025_잠재방한객조사_일반외국인.xlsx,일반외국인,E3-8,<표E3-8> 한국 문화별 이용 빈도_8. 한국 웹툰,BASE:E1. ⑧,말레이시아,말레이시아,국가/지역,분기별 1회 이상,88.0,(88),13.414365049171769,%
2025_잠재방한객조사_일반외국인.xlsx,일반외국인,E3-8,<표E3-8> 한국 문화별 이용 빈도_8. 한국 웹툰,BASE:E1. ⑧,말레이시아,말레이시아,국가/지역,한 달에 1회 이상,88.0,(88),23.47172580613969,%
2025_잠재방한객조사_일반외국인.xlsx,일반외국인,E3-8,<표E3-8> 한국 문화별 이용 빈도_8. 한국 웹툰,BASE:E1. ⑧,말레이시아,말레이시아,국가/지역,1주일에 1회 이상,88.0,(88),21.213844539042068,%
2025_잠재방한객조사_일반외국인.xlsx,일반외국인,E3-8,<표E3-8> 한국 문화별 이용 빈도_8. 한국 웹툰,BASE:E1. ⑧,말레이시아,말레이시아,국가/지역,거의 매일,88.0,(88),23.737691897041476,%
2025_잠재방한객조사_일반외국인.xlsx,일반외국인,E3-8,<표E3-8> 한국 문화별 이용 빈도_8. 한국 웹툰,BASE:E1. ⑧,말레이시아,말레이시아,국가/지역,계,88.0,(88),100,%
2025_잠재방한객조사_일반외국인.xlsx,일반외국인,E3-8,<표E3-8> 한국 문화별 이용 빈도_8. 한국 웹툰,BASE:E1. ⑧,캐나다,캐나다,국가/지역,1년에 1회 이상,25.0,(25),16.02631730885949,%
2025_잠재방한객조사_일반외국인.xlsx,일반외국인,E3-8,<표E3-8> 한국 문화별 이용 빈도_8. 한국 웹툰,BASE:E1. ⑧,캐나다,캐나다,국가/지역,반기별 1회 이상,25.0,(25),9.405193800809915,%
2025_잠재방한객조사_일반외국인.xlsx,일반외국인,E3-8,<표E3-8> 한국 문화별 이용 빈도_8. 한국 웹툰,BASE:E1. ⑧,캐나다,캐나다,국가/지역,분기별 1회 이상,25.0,(25),35.48552781878336,%
2025_잠재방한객조사_일반외국인.xlsx,일반외국인,E3-8,<표E3-8> 한국 문화별 이용 빈도_8. 한국 웹툰,BASE:E1. ⑧,캐나다,캐나다,국가/지역,한 달에 1회 이상,25.0,(25),29.36779997173652,%
2025_잠재방한객조사_일반외국인.xlsx,일반외국인,E3-8,<표E3-8> 한국 문화별 이용 빈도_8. 한국 웹툰,BASE:E1. ⑧,캐나다,캐나다,국가/지역,1주일에 1회 이상,25.0,(25),9.715161099810723,%
2025_잠재방한객조사_일반외국인.xlsx,일반외국인,E3-8,<표E3-8> 한국 문화별 이용 빈도_8. 한국 웹툰,BASE:E1. ⑧,캐나다,캐나다,국가/지역,거의 매일,25.0,(25),0,%
2025_잠재방한객조사_일반외국인.xlsx,일반외국인,E3-8,<표E3-8> 한국 문화별 이용 빈도_8. 한국 웹툰,BASE:E1. ⑧,캐나다,캐나다,국가/지역,계,25.0,(25),100,%
2025_잠재방한객조사_일반외국인.xlsx,일반외국인,E3-8,<표E3-8> 한국 문화별 이용 빈도_8. 한국 웹툰,BASE:E1. ⑧,호주,호주,국가/지역,1년에 1회 이상,31.0,(31),8.204610276534508,%
2025_잠재방한객조사_일반외국인.xlsx,일반외국인,E3-8,<표E3-8> 한국 문화별 이용 빈도_8. 한국 웹툰,BASE:E1. ⑧,호주,호주,국가/지역,반기별 1회 이상,31.0,(31),13.83732759232644,%
2025_잠재방한객조사_일반외국인.xlsx,일반외국인,E3-8,<표E3-8> 한국 문화별 이용 빈도_8. 한국 웹툰,BASE:E1. ⑧,호주,호주,국가/지역,분기별 1회 이상,31.0,(31),13.793087515762098,%
2025_잠재방한객조사_일반외국인.xlsx,일반외국인,E3-8,<표E3-8> 한국 문화별 이용 빈도_8. 한국 웹툰,BASE:E1. ⑧,호주,호주,국가/지역,한 달에 1회 이상,31.0,(31),50.42157452053962,%
2025_잠재방한객조사_일반외국인.xlsx,일반외국인,E3-8,<표E3-8> 한국 문화별 이용 빈도_8. 한국 웹툰,BASE:E1. ⑧,호주,호주,국가/지역,1주일에 1회 이상,31.0,(31),8.402735061197998,%
2025_잠재방한객조사_일반외국인.xlsx,일반외국인,E3-8,<표E3-8> 한국 문화별 이용 빈도_8. 한국 웹툰,BASE:E1. ⑧,호주,호주,국가/지역,거의 매일,31.0,(31),5.340665033639355,%
2025_잠재방한객조사_일반외국인.xlsx,일반외국인,E3-8,<표E3-8> 한국 문화별 이용 빈도_8. 한국 웹툰,BASE:E1. ⑧,호주,호주,국가/지역,계,31.0,(31),100,%
2025_잠재방한객조사_일반외국인.xlsx,일반외국인,E3-8,<표E3-8> 한국 문화별 이용 빈도_8. 한국 웹툰,BASE:E1. ⑧,러시아,러시아,국가/지역,1년에 1회 이상,29.0,(29),11.43011860478263,%
2025_잠재방한객조사_일반외국인.xlsx,일반외국인,E3-8,<표E3-8> 한국 문화별 이용 빈도_8. 한국 웹툰,BASE:E1. ⑧,러시아,러시아,국가/지역,반기별 1회 이상,29.0,(29),11.423205335256984,%
2025_잠재방한객조사_일반외국인.xlsx,일반외국인,E3-8,<표E3-8> 한국 문화별 이용 빈도_8. 한국 웹툰,BASE:E1. ⑧,러시아,러시아,국가/지역,분기별 1회 이상,29.0,(29),28.398991708155002,%
2025_잠재방한객조사_일반외국인.xlsx,일반외국인,E3-8,<표E3-8> 한국 문화별 이용 빈도_8. 한국 웹툰,BASE:E1. ⑧,러시아,러시아,국가/지역,한 달에 1회 이상,29.0,(29),20.159067569705545,%
2025_잠재방한객조사_일반외국인.xlsx,일반외국인,E3-8,<표E3-8> 한국 문화별 이용 빈도_8. 한국 웹툰,BASE:E1. ⑧,러시아,러시아,국가/지역,1주일에 1회 이상,29.0,(29),11.307485735605285,%
2025_잠재방한객조사_일반외국인.xlsx,일반외국인,E3-8,<표E3-8> 한국 문화별 이용 빈도_8. 한국 웹툰,BASE:E1. ⑧,러시아,러시아,국가/지역,거의 매일,29.0,(29),17.28113104649455,%
2025_잠재방한객조사_일반외국인.xlsx,일반외국인,E3-8,<표E3-8> 한국 문화별 이용 빈도_8. 한국 웹툰,BASE:E1. ⑧,러시아,러시아,국가/지역,계,29.0,(29),100,%
2025_잠재방한객조사_일반외국인.xlsx,일반외국인,E3-8,<표E3-8> 한국 문화별 이용 빈도_8. 한국 웹툰,BASE:E1. ⑧,인도,인도,국가/지역,1년에 1회 이상,88.0,(88),4.422760244383502,%
2025_잠재방한객조사_일반외국인.xlsx,일반외국인,E3-8,<표E3-8> 한국 문화별 이용 빈도_8. 한국 웹툰,BASE:E1. ⑧,인도,인도,국가/지역,반기별 1회 이상,88.0,(88),17.33119767172303,%
2025_잠재방한객조사_일반외국인.xlsx,일반외국인,E3-8,<표E3-8> 한국 문화별 이용 빈도_8. 한국 웹툰,BASE:E1. ⑧,인도,인도,국가/지역,분기별 1회 이상,88.0,(88),16.28659408286443,%
2025_잠재방한객조사_일반외국인.xlsx,일반외국인,E3-8,<표E3-8> 한국 문화별 이용 빈도_8. 한국 웹툰,BASE:E1. ⑧,인도,인도,국가/지역,한 달에 1회 이상,88.0,(88),22.430398448058618,%
2025_잠재방한객조사_일반외국인.xlsx,일반외국인,E3-8,<표E3-8> 한국 문화별 이용 빈도_8. 한국 웹툰,BASE:E1. ⑧,인도,인도,국가/지역,1주일에 1회 이상,88.0,(88),20.16332304678253,%
2025_잠재방한객조사_일반외국인.xlsx,일반외국인,E3-8,<표E3-8> 한국 문화별 이용 빈도_8. 한국 웹툰,BASE:E1. ⑧,인도,인도,국가/지역,거의 매일,88.0,(88),19.36572650618788,%
2025_잠재방한객조사_일반외국인.xlsx,일반외국인,E3-8,<표E3-8> 한국 문화별 이용 빈도_8. 한국 웹툰,BASE:E1. ⑧,인도,인도,국가/지역,계,88.0,(88),100,%
2025_잠재방한객조사_일반외국인.xlsx,일반외국인,E3-8,<표E3-8> 한국 문화별 이용 빈도_8. 한국 웹툰,BASE:E1. ⑧,프랑스,프랑스,국가/지역,1년에 1회 이상,32.0,(32),25.28152237080888,%
2025_잠재방한객조사_일반외국인.xlsx,일반외국인,E3-8,<표E3-8> 한국 문화별 이용 빈도_8. 한국 웹툰,BASE:E1. ⑧,프랑스,프랑스,국가/지역,반기별 1회 이상,32.0,(32),9.822668452822482,%
2025_잠재방한객조사_일반외국인.xlsx,일반외국인,E3-8,<표E3-8> 한국 문화별 이용 빈도_8. 한국 웹툰,BASE:E1. ⑧,프랑스,프랑스,국가/지역,분기별 1회 이상,32.0,(32),7.3169126440389975,%
2025_잠재방한객조사_일반외국인.xlsx,일반외국인,E3-8,<표E3-8> 한국 문화별 이용 빈도_8. 한국 웹툰,BASE:E1. ⑧,프랑스,프랑스,국가/지역,한 달에 1회 이상,32.0,(32),33.07082821813086,%
2025_잠재방한객조사_일반외국인.xlsx,일반외국인,E3-8,<표E3-8> 한국 문화별 이용 빈도_8. 한국 웹툰,BASE:E1. ⑧,프랑스,프랑스,국가/지역,1주일에 1회 이상,32.0,(32),18.968663394981668,%
2025_잠재방한객조사_일반외국인.xlsx,일반외국인,E3-8,<표E3-8> 한국 문화별 이용 빈도_8. 한국 웹툰,BASE:E1. ⑧,프랑스,프랑스,국가/지역,거의 매일,32.0,(32),5.539404919217144,%
2025_잠재방한객조사_일반외국인.xlsx,일반외국인,E3-8,<표E3-8> 한국 문화별 이용 빈도_8. 한국 웹툰,BASE:E1. ⑧,프랑스,프랑스,국가/지역,계,32.0,(32),100,%
2025_잠재방한객조사_일반외국인.xlsx,일반외국인,E3-8,<표E3-8> 한국 문화별 이용 빈도_8. 한국 웹툰,BASE:E1. ⑧,독일,독일,국가/지역,1년에 1회 이상,25.0,(25),5.558219876420082,%
2025_잠재방한객조사_일반외국인.xlsx,일반외국인,E3-8,<표E3-8> 한국 문화별 이용 빈도_8. 한국 웹툰,BASE:E1. ⑧,독일,독일,국가/지역,반기별 1회 이상,25.0,(25),23.8086896899289,%
2025_잠재방한객조사_일반외국인.xlsx,일반외국인,E3-8,<표E3-8> 한국 문화별 이용 빈도_8. 한국 웹툰,BASE:E1. ⑧,독일,독일,국가/지역,분기별 1회 이상,25.0,(25),23.579998018247174,%
2025_잠재방한객조사_일반외국인.xlsx,일반외국인,E3-8,<표E3-8> 한국 문화별 이용 빈도_8. 한국 웹툰,BASE:E1. ⑧,독일,독일,국가/지역,한 달에 1회 이상,25.0,(25),26.620248565278647,%
2025_잠재방한객조사_일반외국인.xlsx,일반외국인,E3-8,<표E3-8> 한국 문화별 이용 빈도_8. 한국 웹툰,BASE:E1. ⑧,독일,독일,국가/지역,1주일에 1회 이상,25.0,(25),20.432843850125177,%
2025_잠재방한객조사_일반외국인.xlsx,일반외국인,E3-8,<표E3-8> 한국 문화별 이용 빈도_8. 한국 웹툰,BASE:E1. ⑧,독일,독일,국가/지역,거의 매일,25.0,(25),0,%
2025_잠재방한객조사_일반외국인.xlsx,일반외국인,E3-8,<표E3-8> 한국 문화별 이용 빈도_8. 한국 웹툰,BASE:E1. ⑧,독일,독일,국가/지역,계,25.0,(25),100,%
2025_잠재방한객조사_일반외국인.xlsx,일반외국인,E3-8,<표E3-8> 한국 문화별 이용 빈도_8. 한국 웹툰,BASE:E1. ⑧,영국,영국,국가/지역,1년에 1회 이상,25.0,(25),13.755324419940159,%
2025_잠재방한객조사_일반외국인.xlsx,일반외국인,E3-8,<표E3-8> 한국 문화별 이용 빈도_8. 한국 웹툰,BASE:E1. ⑧,영국,영국,국가/지역,반기별 1회 이상,25.0,(25),20.657076929820693,%
2025_잠재방한객조사_일반외국인.xlsx,일반외국인,E3-8,<표E3-8> 한국 문화별 이용 빈도_8. 한국 웹툰,BASE:E1. ⑧,영국,영국,국가/지역,분기별 1회 이상,25.0,(25),14.001797282264134,%
2025_잠재방한객조사_일반외국인.xlsx,일반외국인,E3-8,<표E3-8> 한국 문화별 이용 빈도_8. 한국 웹툰,BASE:E1. ⑧,영국,영국,국가/지역,한 달에 1회 이상,25.0,(25),13.232312646755487,%
2025_잠재방한객조사_일반외국인.xlsx,일반외국인,E3-8,<표E3-8> 한국 문화별 이용 빈도_8. 한국 웹툰,BASE:E1. ⑧,영국,영국,국가/지역,1주일에 1회 이상,25.0,(25),22.226343204480223,%
2025_잠재방한객조사_일반외국인.xlsx,일반외국인,E3-8,<표E3-8> 한국 문화별 이용 빈도_8. 한국 웹툰,BASE:E1. ⑧,영국,영국,국가/지역,거의 매일,25.0,(25),16.12714551673929,%
2025_잠재방한객조사_일반외국인.xlsx,일반외국인,E3-8,<표E3-8> 한국 문화별 이용 빈도_8. 한국 웹툰,BASE:E1. ⑧,영국,영국,국가/지역,계,25.0,(25),100,%
2025_잠재방한객조사_일반외국인.xlsx,일반외국인,E3-8,<표E3-8> 한국 문화별 이용 빈도_8. 한국 웹툰,BASE:E1. ⑧,멕시코,멕시코,국가/지역,1년에 1회 이상,56.0,(56),8.48485890719697,%
2025_잠재방한객조사_일반외국인.xlsx,일반외국인,E3-8,<표E3-8> 한국 문화별 이용 빈도_8. 한국 웹툰,BASE:E1. ⑧,멕시코,멕시코,국가/지역,반기별 1회 이상,56.0,(56),16.281400309196684,%
2025_잠재방한객조사_일반외국인.xlsx,일반외국인,E3-8,<표E3-8> 한국 문화별 이용 빈도_8. 한국 웹툰,BASE:E1. ⑧,멕시코,멕시코,국가/지역,분기별 1회 이상,56.0,(56),17.10023293917994,%
2025_잠재방한객조사_일반외국인.xlsx,일반외국인,E3-8,<표E3-8> 한국 문화별 이용 빈도_8. 한국 웹툰,BASE:E1. ⑧,멕시코,멕시코,국가/지역,한 달에 1회 이상,56.0,(56),22.074361076487275,%
2025_잠재방한객조사_일반외국인.xlsx,일반외국인,E3-8,<표E3-8> 한국 문화별 이용 빈도_8. 한국 웹툰,BASE:E1. ⑧,멕시코,멕시코,국가/지역,1주일에 1회 이상,56.0,(56),24.020169921581612,%
2025_잠재방한객조사_일반외국인.xlsx,일반외국인,E3-8,<표E3-8> 한국 문화별 이용 빈도_8. 한국 웹툰,BASE:E1. ⑧,멕시코,멕시코,국가/지역,거의 매일,56.0,(56),12.038976846357565,%
2025_잠재방한객조사_일반외국인.xlsx,일반외국인,E3-8,<표E3-8> 한국 문화별 이용 빈도_8. 한국 웹툰,BASE:E1. ⑧,멕시코,멕시코,국가/지역,계,56.0,(56),100,%
2025_잠재방한객조사_일반외국인.xlsx,일반외국인,E3-8,<표E3-8> 한국 문화별 이용 빈도_8. 한국 웹툰,BASE:E1. ⑧,카자흐스탄,카자흐스탄,국가/지역,1년에 1회 이상,29.0,(29),9.845400944388375,%
2025_잠재방한객조사_일반외국인.xlsx,일반외국인,E3-8,<표E3-8> 한국 문화별 이용 빈도_8. 한국 웹툰,BASE:E1. ⑧,카자흐스탄,카자흐스탄,국가/지역,반기별 1회 이상,29.0,(29),6.517086894729126,%
2025_잠재방한객조사_일반외국인.xlsx,일반외국인,E3-8,<표E3-8> 한국 문화별 이용 빈도_8. 한국 웹툰,BASE:E1. ⑧,카자흐스탄,카자흐스탄,국가/지역,분기별 1회 이상,29.0,(29),12.892912883309974,%
2025_잠재방한객조사_일반외국인.xlsx,일반외국인,E3-8,<표E3-8> 한국 문화별 이용 빈도_8. 한국 웹툰,BASE:E1. ⑧,카자흐스탄,카자흐스탄,국가/지역,한 달에 1회 이상,29.0,(29),25.04413953469732,%
2025_잠재방한객조사_일반외국인.xlsx,일반외국인,E3-8,<표E3-8> 한국 문화별 이용 빈도_8. 한국 웹툰,BASE:E1. ⑧,카자흐스탄,카자흐스탄,국가/지역,1주일에 1회 이상,29.0,(29),19.43738508354475,%
2025_잠재방한객조사_일반외국인.xlsx,일반외국인,E3-8,<표E3-8> 한국 문화별 이용 빈도_8. 한국 웹툰,BASE:E1. ⑧,카자흐스탄,카자흐스탄,국가/지역,거의 매일,29.0,(29),26.263074659330442,%
2025_잠재방한객조사_일반외국인.xlsx,일반외국인,E3-8,<표E3-8> 한국 문화별 이용 빈도_8. 한국 웹툰,BASE:E1. ⑧,카자흐스탄,카자흐스탄,국가/지역,계,29.0,(29),100,%
2025_잠재방한객조사_일반외국인.xlsx,일반외국인,E3-8,<표E3-8> 한국 문화별 이용 빈도_8. 한국 웹툰,BASE:E1. ⑧,튀르키예,튀르키예,국가/지역,1년에 1회 이상,70.0,(70),29.366691372851054,%
2025_잠재방한객조사_일반외국인.xlsx,일반외국인,E3-8,<표E3-8> 한국 문화별 이용 빈도_8. 한국 웹툰,BASE:E1. ⑧,튀르키예,튀르키예,국가/지역,반기별 1회 이상,70.0,(70),10.66658563763131,%
2025_잠재방한객조사_일반외국인.xlsx,일반외국인,E3-8,<표E3-8> 한국 문화별 이용 빈도_8. 한국 웹툰,BASE:E1. ⑧,튀르키예,튀르키예,국가/지역,분기별 1회 이상,70.0,(70),20.0500101801036,%
2025_잠재방한객조사_일반외국인.xlsx,일반외국인,E3-8,<표E3-8> 한국 문화별 이용 빈도_8. 한국 웹툰,BASE:E1. ⑧,튀르키예,튀르키예,국가/지역,한 달에 1회 이상,70.0,(70),21.466229294960456,%
2025_잠재방한객조사_일반외국인.xlsx,일반외국인,E3-8,<표E3-8> 한국 문화별 이용 빈도_8. 한국 웹툰,BASE:E1. ⑧,튀르키예,튀르키예,국가/지역,1주일에 1회 이상,70.0,(70),4.121477448276027,%
2025_잠재방한객조사_일반외국인.xlsx,일반외국인,E3-8,<표E3-8> 한국 문화별 이용 빈도_8. 한국 웹툰,BASE:E1. ⑧,튀르키예,튀르키예,국가/지역,거의 매일,70.0,(70),14.329006066177582,%
2025_잠재방한객조사_일반외국인.xlsx,일반외국인,E3-8,<표E3-8> 한국 문화별 이용 빈도_8. 한국 웹툰,BASE:E1. ⑧,튀르키예,튀르키예,국가/지역,계,70.0,(70),100,%
2025_잠재방한객조사_일반외국인.xlsx,일반외국인,E3-8,<표E3-8> 한국 문화별 이용 빈도_8. 한국 웹툰,BASE:E1. ⑧,브라질,브라질,국가/지역,1년에 1회 이상,41.0,(41),12.199822174703975,%
2025_잠재방한객조사_일반외국인.xlsx,일반외국인,E3-8,<표E3-8> 한국 문화별 이용 빈도_8. 한국 웹툰,BASE:E1. ⑧,브라질,브라질,국가/지역,반기별 1회 이상,41.0,(41),9.632378153961318,%
2025_잠재방한객조사_일반외국인.xlsx,일반외국인,E3-8,<표E3-8> 한국 문화별 이용 빈도_8. 한국 웹툰,BASE:E1. ⑧,브라질,브라질,국가/지역,분기별 1회 이상,41.0,(41),14.430991815044164,%
2025_잠재방한객조사_일반외국인.xlsx,일반외국인,E3-8,<표E3-8> 한국 문화별 이용 빈도_8. 한국 웹툰,BASE:E1. ⑧,브라질,브라질,국가/지역,한 달에 1회 이상,41.0,(41),23.934772169083747,%
2025_잠재방한객조사_일반외국인.xlsx,일반외국인,E3-8,<표E3-8> 한국 문화별 이용 빈도_8. 한국 웹툰,BASE:E1. ⑧,브라질,브라질,국가/지역,1주일에 1회 이상,41.0,(41),26.55999654294088,%
2025_잠재방한객조사_일반외국인.xlsx,일반외국인,E3-8,<표E3-8> 한국 문화별 이용 빈도_8. 한국 웹툰,BASE:E1. ⑧,브라질,브라질,국가/지역,거의 매일,41.0,(41),13.242039144265924,%
2025_잠재방한객조사_일반외국인.xlsx,일반외국인,E3-8,<표E3-8> 한국 문화별 이용 빈도_8. 한국 웹툰,BASE:E1. ⑧,브라질,브라질,국가/지역,계,41.0,(41),100,%
2025_잠재방한객조사_일반외국인.xlsx,일반외국인,E3-8,<표E3-8> 한국 문화별 이용 빈도_8. 한국 웹툰,BASE:E1. ⑧,사우디아라비아,사우디아라비아,국가/지역,1년에 1회 이상,70.0,(70),12.276563325226114,%
2025_잠재방한객조사_일반외국인.xlsx,일반외국인,E3-8,<표E3-8> 한국 문화별 이용 빈도_8. 한국 웹툰,BASE:E1. ⑧,사우디아라비아,사우디아라비아,국가/지역,반기별 1회 이상,70.0,(70),21.423832181280904,%
2025_잠재방한객조사_일반외국인.xlsx,일반외국인,E3-8,<표E3-8> 한국 문화별 이용 빈도_8. 한국 웹툰,BASE:E1. ⑧,사우디아라비아,사우디아라비아,국가/지역,분기별 1회 이상,70.0,(70),21.73965726186531,%
2025_잠재방한객조사_일반외국인.xlsx,일반외국인,E3-8,<표E3-8> 한국 문화별 이용 빈도_8. 한국 웹툰,BASE:E1. ⑧,사우디아라비아,사우디아라비아,국가/지역,한 달에 1회 이상,70.0,(70),29.189000665954584,%
2025_잠재방한객조사_일반외국인.xlsx,일반외국인,E3-8,<표E3-8> 한국 문화별 이용 빈도_8. 한국 웹툰,BASE:E1. ⑧,사우디아라비아,사우디아라비아,국가/지역,1주일에 1회 이상,70.0,(70),9.18588785536802,%
2025_잠재방한객조사_일반외국인.xlsx,일반외국인,E3-8,<표E3-8> 한국 문화별 이용 빈도_8. 한국 웹툰,BASE:E1. ⑧,사우디아라비아,사우디아라비아,국가/지역,거의 매일,70.0,(70),6.1850587103050625,%
2025_잠재방한객조사_일반외국인.xlsx,일반외국인,E3-8,<표E3-8> 한국 문화별 이용 빈도_8. 한국 웹툰,BASE:E1. ⑧,사우디아라비아,사우디아라비아,국가/지역,계,70.0,(70),100,%
2025_잠재방한객조사_일반외국인.xlsx,일반외국인,E3-8,<표E3-8> 한국 문화별 이용 빈도_8. 한국 웹툰,BASE:E1. ⑧,아랍에미리트,UAE,국가/지역,1년에 1회 이상,76.0,(76),14.480063935401041,%
2025_잠재방한객조사_일반외국인.xlsx,일반외국인,E3-8,<표E3-8> 한국 문화별 이용 빈도_8. 한국 웹툰,BASE:E1. ⑧,아랍에미리트,UAE,국가/지역,반기별 1회 이상,76.0,(76),17.257564277078245,%
2025_잠재방한객조사_일반외국인.xlsx,일반외국인,E3-8,<표E3-8> 한국 문화별 이용 빈도_8. 한국 웹툰,BASE:E1. ⑧,아랍에미리트,UAE,국가/지역,분기별 1회 이상,76.0,(76),12.998786665807543,%
2025_잠재방한객조사_일반외국인.xlsx,일반외국인,E3-8,<표E3-8> 한국 문화별 이용 빈도_8. 한국 웹툰,BASE:E1. ⑧,아랍에미리트,UAE,국가/지역,한 달에 1회 이상,76.0,(76),23.664428722389506,%
2025_잠재방한객조사_일반외국인.xlsx,일반외국인,E3-8,<표E3-8> 한국 문화별 이용 빈도_8. 한국 웹툰,BASE:E1. ⑧,아랍에미리트,UAE,국가/지역,1주일에 1회 이상,76.0,(76),21.531637022664384,%
2025_잠재방한객조사_일반외국인.xlsx,일반외국인,E3-8,<표E3-8> 한국 문화별 이용 빈도_8. 한국 웹툰,BASE:E1. ⑧,아랍에미리트,UAE,국가/지역,거의 매일,76.0,(76),10.067519376659241,%
2025_잠재방한객조사_일반외국인.xlsx,일반외국인,E3-8,<표E3-8> 한국 문화별 이용 빈도_8. 한국 웹툰,BASE:E1. ⑧,아랍에미리트,UAE,국가/지역,계,76.0,(76),100,%
2025_잠재방한객조사_일반외국인.xlsx,일반외국인,E3-9,<표E3-9> 한국 문화별 이용 빈도_9. 한국 게임,BASE:E1. ⑨,전체,전체,전체,1년에 1회 이상,2407.0,(2407),13.17241627363622,%
2025_잠재방한객조사_일반외국인.xlsx,일반외국인,E3-9,<표E3-9> 한국 문화별 이용 빈도_9. 한국 게임,BASE:E1. ⑨,전체,전체,전체,반기별 1회 이상,2407.0,(2407),12.65430999479707,%
2025_잠재방한객조사_일반외국인.xlsx,일반외국인,E3-9,<표E3-9> 한국 문화별 이용 빈도_9. 한국 게임,BASE:E1. ⑨,전체,전체,전체,분기별 1회 이상,2407.0,(2407),16.752596704978732,%
2025_잠재방한객조사_일반외국인.xlsx,일반외국인,E3-9,<표E3-9> 한국 문화별 이용 빈도_9. 한국 게임,BASE:E1. ⑨,전체,전체,전체,한 달에 1회 이상,2407.0,(2407),23.59146812091045,%
2025_잠재방한객조사_일반외국인.xlsx,일반외국인,E3-9,<표E3-9> 한국 문화별 이용 빈도_9. 한국 게임,BASE:E1. ⑨,전체,전체,전체,1주일에 1회 이상,2407.0,(2407),23.656333635991647,%
2025_잠재방한객조사_일반외국인.xlsx,일반외국인,E3-9,<표E3-9> 한국 문화별 이용 빈도_9. 한국 게임,BASE:E1. ⑨,전체,전체,전체,거의 매일,2407.0,(2407),10.17287526968589,%
2025_잠재방한객조사_일반외국인.xlsx,일반외국인,E3-9,<표E3-9> 한국 문화별 이용 빈도_9. 한국 게임,BASE:E1. ⑨,전체,전체,전체,계,2407.0,(2407),100,%
2025_잠재방한객조사_일반외국인.xlsx,일반외국인,E3-9,<표E3-9> 한국 문화별 이용 빈도_9. 한국 게임,BASE:E1. ⑨,중국,중국,국가/지역,1년에 1회 이상,460.0,(460),8.764704518290644,%
2025_잠재방한객조사_일반외국인.xlsx,일반외국인,E3-9,<표E3-9> 한국 문화별 이용 빈도_9. 한국 게임,BASE:E1. ⑨,중국,중국,국가/지역,반기별 1회 이상,460.0,(460),12.623541350222736,%
2025_잠재방한객조사_일반외국인.xlsx,일반외국인,E3-9,<표E3-9> 한국 문화별 이용 빈도_9. 한국 게임,BASE:E1. ⑨,중국,중국,국가/지역,분기별 1회 이상,460.0,(460),18.180497164804095,%
2025_잠재방한객조사_일반외국인.xlsx,일반외국인,E3-9,<표E3-9> 한국 문화별 이용 빈도_9. 한국 게임,BASE:E1. ⑨,중국,중국,국가/지역,한 달에 1회 이상,460.0,(460),22.998359557028888,%
2025_잠재방한객조사_일반외국인.xlsx,일반외국인,E3-9,<표E3-9> 한국 문화별 이용 빈도_9. 한국 게임,BASE:E1. ⑨,중국,중국,국가/지역,1주일에 1회 이상,460.0,(460),28.003320723029855,%
2025_잠재방한객조사_일반외국인.xlsx,일반외국인,E3-9,<표E3-9> 한국 문화별 이용 빈도_9. 한국 게임,BASE:E1. ⑨,중국,중국,국가/지역,거의 매일,460.0,(460),9.42957668662381,%
2025_잠재방한객조사_일반외국인.xlsx,일반외국인,E3-9,<표E3-9> 한국 문화별 이용 빈도_9. 한국 게임,BASE:E1. ⑨,중국,중국,국가/지역,계,460.0,(460),100,%
2025_잠재방한객조사_일반외국인.xlsx,일반외국인,E3-9,<표E3-9> 한국 문화별 이용 빈도_9. 한국 게임,BASE:E1. ⑨,일본,일본,국가/지역,1년에 1회 이상,101.0,(101),20.43411927039597,%
2025_잠재방한객조사_일반외국인.xlsx,일반외국인,E3-9,<표E3-9> 한국 문화별 이용 빈도_9. 한국 게임,BASE:E1. ⑨,일본,일본,국가/지역,반기별 1회 이상,101.0,(101),16.81007399523985,%
2025_잠재방한객조사_일반외국인.xlsx,일반외국인,E3-9,<표E3-9> 한국 문화별 이용 빈도_9. 한국 게임,BASE:E1. ⑨,일본,일본,국가/지역,분기별 1회 이상,101.0,(101),12.123917539925367,%
2025_잠재방한객조사_일반외국인.xlsx,일반외국인,E3-9,<표E3-9> 한국 문화별 이용 빈도_9. 한국 게임,BASE:E1. ⑨,일본,일본,국가/지역,한 달에 1회 이상,101.0,(101),22.416980039854874,%
2025_잠재방한객조사_일반외국인.xlsx,일반외국인,E3-9,<표E3-9> 한국 문화별 이용 빈도_9. 한국 게임,BASE:E1. ⑨,일본,일본,국가/지역,1주일에 1회 이상,101.0,(101),21.111512958139382,%
2025_잠재방한객조사_일반외국인.xlsx,일반외국인,E3-9,<표E3-9> 한국 문화별 이용 빈도_9. 한국 게임,BASE:E1. ⑨,일본,일본,국가/지역,거의 매일,101.0,(101),7.103396196444652,%
2025_잠재방한객조사_일반외국인.xlsx,일반외국인,E3-9,<표E3-9> 한국 문화별 이용 빈도_9. 한국 게임,BASE:E1. ⑨,일본,일본,국가/지역,계,101.0,(101),100,%
2025_잠재방한객조사_일반외국인.xlsx,일반외국인,E3-9,<표E3-9> 한국 문화별 이용 빈도_9. 한국 게임,BASE:E1. ⑨,대만,대만,국가/지역,1년에 1회 이상,111.0,(111),10.249598283827208,%
2025_잠재방한객조사_일반외국인.xlsx,일반외국인,E3-9,<표E3-9> 한국 문화별 이용 빈도_9. 한국 게임,BASE:E1. ⑨,대만,대만,국가/지역,반기별 1회 이상,111.0,(111),11.404539028879945,%
2025_잠재방한객조사_일반외국인.xlsx,일반외국인,E3-9,<표E3-9> 한국 문화별 이용 빈도_9. 한국 게임,BASE:E1. ⑨,대만,대만,국가/지역,분기별 1회 이상,111.0,(111),19.741261078502177,%
2025_잠재방한객조사_일반외국인.xlsx,일반외국인,E3-9,<표E3-9> 한국 문화별 이용 빈도_9. 한국 게임,BASE:E1. ⑨,대만,대만,국가/지역,한 달에 1회 이상,111.0,(111),23.928315874550883,%
2025_잠재방한객조사_일반외국인.xlsx,일반외국인,E3-9,<표E3-9> 한국 문화별 이용 빈도_9. 한국 게임,BASE:E1. ⑨,대만,대만,국가/지역,1주일에 1회 이상,111.0,(111),24.53720494644974,%
2025_잠재방한객조사_일반외국인.xlsx,일반외국인,E3-9,<표E3-9> 한국 문화별 이용 빈도_9. 한국 게임,BASE:E1. ⑨,대만,대만,국가/지역,거의 매일,111.0,(111),10.139080787790048,%
2025_잠재방한객조사_일반외국인.xlsx,일반외국인,E3-9,<표E3-9> 한국 문화별 이용 빈도_9. 한국 게임,BASE:E1. ⑨,대만,대만,국가/지역,계,111.0,(111),100,%
2025_잠재방한객조사_일반외국인.xlsx,일반외국인,E3-9,<표E3-9> 한국 문화별 이용 빈도_9. 한국 게임,BASE:E1. ⑨,미국,미국,국가/지역,1년에 1회 이상,113.0,(113),14.566105411325145,%
2025_잠재방한객조사_일반외국인.xlsx,일반외국인,E3-9,<표E3-9> 한국 문화별 이용 빈도_9. 한국 게임,BASE:E1. ⑨,미국,미국,국가/지역,반기별 1회 이상,113.0,(113),16.453461360761075,%
2025_잠재방한객조사_일반외국인.xlsx,일반외국인,E3-9,<표E3-9> 한국 문화별 이용 빈도_9. 한국 게임,BASE:E1. ⑨,미국,미국,국가/지역,분기별 1회 이상,113.0,(113),24.966897210644063,%
2025_잠재방한객조사_일반외국인.xlsx,일반외국인,E3-9,<표E3-9> 한국 문화별 이용 빈도_9. 한국 게임,BASE:E1. ⑨,미국,미국,국가/지역,한 달에 1회 이상,113.0,(113),20.70021640569908,%
2025_잠재방한객조사_일반외국인.xlsx,일반외국인,E3-9,<표E3-9> 한국 문화별 이용 빈도_9. 한국 게임,BASE:E1. ⑨,미국,미국,국가/지역,1주일에 1회 이상,113.0,(113),17.01949137301869,%
2025_잠재방한객조사_일반외국인.xlsx,일반외국인,E3-9,<표E3-9> 한국 문화별 이용 빈도_9. 한국 게임,BASE:E1. ⑨,미국,미국,국가/지역,거의 매일,113.0,(113),6.293828238551964,%
2025_잠재방한객조사_일반외국인.xlsx,일반외국인,E3-9,<표E3-9> 한국 문화별 이용 빈도_9. 한국 게임,BASE:E1. ⑨,미국,미국,국가/지역,계,113.0,(113),100,%
2025_잠재방한객조사_일반외국인.xlsx,일반외국인,E3-9,<표E3-9> 한국 문화별 이용 빈도_9. 한국 게임,BASE:E1. ⑨,필리핀,필리핀,국가/지역,1년에 1회 이상,92.0,(92),11.960980734790535,%
2025_잠재방한객조사_일반외국인.xlsx,일반외국인,E3-9,<표E3-9> 한국 문화별 이용 빈도_9. 한국 게임,BASE:E1. ⑨,필리핀,필리핀,국가/지역,반기별 1회 이상,92.0,(92),10.021037573612874,%
2025_잠재방한객조사_일반외국인.xlsx,일반외국인,E3-9,<표E3-9> 한국 문화별 이용 빈도_9. 한국 게임,BASE:E1. ⑨,필리핀,필리핀,국가/지역,분기별 1회 이상,92.0,(92),6.689468972126544,%
2025_잠재방한객조사_일반외국인.xlsx,일반외국인,E3-9,<표E3-9> 한국 문화별 이용 빈도_9. 한국 게임,BASE:E1. ⑨,필리핀,필리핀,국가/지역,한 달에 1회 이상,92.0,(92),23.45759436512356,%
2025_잠재방한객조사_일반외국인.xlsx,일반외국인,E3-9,<표E3-9> 한국 문화별 이용 빈도_9. 한국 게임,BASE:E1. ⑨,필리핀,필리핀,국가/지역,1주일에 1회 이상,92.0,(92),29.272429694019962,%
2025_잠재방한객조사_일반외국인.xlsx,일반외국인,E3-9,<표E3-9> 한국 문화별 이용 빈도_9. 한국 게임,BASE:E1. ⑨,필리핀,필리핀,국가/지역,거의 매일,92.0,(92),18.598488660326538,%
2025_잠재방한객조사_일반외국인.xlsx,일반외국인,E3-9,<표E3-9> 한국 문화별 이용 빈도_9. 한국 게임,BASE:E1. ⑨,필리핀,필리핀,국가/지역,계,92.0,(92),100,%
2025_잠재방한객조사_일반외국인.xlsx,일반외국인,E3-9,<표E3-9> 한국 문화별 이용 빈도_9. 한국 게임,BASE:E1. ⑨,베트남,베트남,국가/지역,1년에 1회 이상,109.0,(109),10.868336811194789,%
2025_잠재방한객조사_일반외국인.xlsx,일반외국인,E3-9,<표E3-9> 한국 문화별 이용 빈도_9. 한국 게임,BASE:E1. ⑨,베트남,베트남,국가/지역,반기별 1회 이상,109.0,(109),7.719220557285313,%
2025_잠재방한객조사_일반외국인.xlsx,일반외국인,E3-9,<표E3-9> 한국 문화별 이용 빈도_9. 한국 게임,BASE:E1. ⑨,베트남,베트남,국가/지역,분기별 1회 이상,109.0,(109),15.445290104254566,%
2025_잠재방한객조사_일반외국인.xlsx,일반외국인,E3-9,<표E3-9> 한국 문화별 이용 빈도_9. 한국 게임,BASE:E1. ⑨,베트남,베트남,국가/지역,한 달에 1회 이상,109.0,(109),27.424080577720495,%
2025_잠재방한객조사_일반외국인.xlsx,일반외국인,E3-9,<표E3-9> 한국 문화별 이용 빈도_9. 한국 게임,BASE:E1. ⑨,베트남,베트남,국가/지역,1주일에 1회 이상,109.0,(109),25.37357935632125,%
2025_잠재방한객조사_일반외국인.xlsx,일반외국인,E3-9,<표E3-9> 한국 문화별 이용 빈도_9. 한국 게임,BASE:E1. ⑨,베트남,베트남,국가/지역,거의 매일,109.0,(109),13.169492593223586,%
2025_잠재방한객조사_일반외국인.xlsx,일반외국인,E3-9,<표E3-9> 한국 문화별 이용 빈도_9. 한국 게임,BASE:E1. ⑨,베트남,베트남,국가/지역,계,109.0,(109),100,%
2025_잠재방한객조사_일반외국인.xlsx,일반외국인,E3-9,<표E3-9> 한국 문화별 이용 빈도_9. 한국 게임,BASE:E1. ⑨,싱가포르,싱가포르,국가/지역,1년에 1회 이상,50.0,(50),22.62173644289002,%
2025_잠재방한객조사_일반외국인.xlsx,일반외국인,E3-9,<표E3-9> 한국 문화별 이용 빈도_9. 한국 게임,BASE:E1. ⑨,싱가포르,싱가포르,국가/지역,반기별 1회 이상,50.0,(50),11.333557654568208,%
2025_잠재방한객조사_일반외국인.xlsx,일반외국인,E3-9,<표E3-9> 한국 문화별 이용 빈도_9. 한국 게임,BASE:E1. ⑨,싱가포르,싱가포르,국가/지역,분기별 1회 이상,50.0,(50),14.662750954408283,%
2025_잠재방한객조사_일반외국인.xlsx,일반외국인,E3-9,<표E3-9> 한국 문화별 이용 빈도_9. 한국 게임,BASE:E1. ⑨,싱가포르,싱가포르,국가/지역,한 달에 1회 이상,50.0,(50),25.405044798128973,%
2025_잠재방한객조사_일반외국인.xlsx,일반외국인,E3-9,<표E3-9> 한국 문화별 이용 빈도_9. 한국 게임,BASE:E1. ⑨,싱가포르,싱가포르,국가/지역,1주일에 1회 이상,50.0,(50),16.226630621149663,%
2025_잠재방한객조사_일반외국인.xlsx,일반외국인,E3-9,<표E3-9> 한국 문화별 이용 빈도_9. 한국 게임,BASE:E1. ⑨,싱가포르,싱가포르,국가/지역,거의 매일,50.0,(50),9.750279528854893,%
2025_잠재방한객조사_일반외국인.xlsx,일반외국인,E3-9,<표E3-9> 한국 문화별 이용 빈도_9. 한국 게임,BASE:E1. ⑨,싱가포르,싱가포르,국가/지역,계,50.0,(50),100,%
2025_잠재방한객조사_일반외국인.xlsx,일반외국인,E3-9,<표E3-9> 한국 문화별 이용 빈도_9. 한국 게임,BASE:E1. ⑨,인도네시아,인도네시아,국가/지역,1년에 1회 이상,85.0,(85),9.32832703946817,%
2025_잠재방한객조사_일반외국인.xlsx,일반외국인,E3-9,<표E3-9> 한국 문화별 이용 빈도_9. 한국 게임,BASE:E1. ⑨,인도네시아,인도네시아,국가/지역,반기별 1회 이상,85.0,(85),9.099927280965728,%
2025_잠재방한객조사_일반외국인.xlsx,일반외국인,E3-9,<표E3-9> 한국 문화별 이용 빈도_9. 한국 게임,BASE:E1. ⑨,인도네시아,인도네시아,국가/지역,분기별 1회 이상,85.0,(85),9.531010350473098,%
2025_잠재방한객조사_일반외국인.xlsx,일반외국인,E3-9,<표E3-9> 한국 문화별 이용 빈도_9. 한국 게임,BASE:E1. ⑨,인도네시아,인도네시아,국가/지역,한 달에 1회 이상,85.0,(85),18.290924100112033,%
2025_잠재방한객조사_일반외국인.xlsx,일반외국인,E3-9,<표E3-9> 한국 문화별 이용 빈도_9. 한국 게임,BASE:E1. ⑨,인도네시아,인도네시아,국가/지역,1주일에 1회 이상,85.0,(85),32.591863278026004,%
2025_잠재방한객조사_일반외국인.xlsx,일반외국인,E3-9,<표E3-9> 한국 문화별 이용 빈도_9. 한국 게임,BASE:E1. ⑨,인도네시아,인도네시아,국가/지역,거의 매일,85.0,(85),21.15794795095499,%
2025_잠재방한객조사_일반외국인.xlsx,일반외국인,E3-9,<표E3-9> 한국 문화별 이용 빈도_9. 한국 게임,BASE:E1. ⑨,인도네시아,인도네시아,국가/지역,계,85.0,(85),100,%
2025_잠재방한객조사_일반외국인.xlsx,일반외국인,E3-9,<표E3-9> 한국 문화별 이용 빈도_9. 한국 게임,BASE:E1. ⑨,태국,태국,국가/지역,1년에 1회 이상,97.0,(97),10.342618565918551,%
2025_잠재방한객조사_일반외국인.xlsx,일반외국인,E3-9,<표E3-9> 한국 문화별 이용 빈도_9. 한국 게임,BASE:E1. ⑨,태국,태국,국가/지역,반기별 1회 이상,97.0,(97),7.570254378108318,%
2025_잠재방한객조사_일반외국인.xlsx,일반외국인,E3-9,<표E3-9> 한국 문화별 이용 빈도_9. 한국 게임,BASE:E1. ⑨,태국,태국,국가/지역,분기별 1회 이상,97.0,(97),8.0086924146505,%
2025_잠재방한객조사_일반외국인.xlsx,일반외국인,E3-9,<표E3-9> 한국 문화별 이용 빈도_9. 한국 게임,BASE:E1. ⑨,태국,태국,국가/지역,한 달에 1회 이상,97.0,(97),23.512120286594097,%
2025_잠재방한객조사_일반외국인.xlsx,일반외국인,E3-9,<표E3-9> 한국 문화별 이용 빈도_9. 한국 게임,BASE:E1. ⑨,태국,태국,국가/지역,1주일에 1회 이상,97.0,(97),36.430968632444745,%
2025_잠재방한객조사_일반외국인.xlsx,일반외국인,E3-9,<표E3-9> 한국 문화별 이용 빈도_9. 한국 게임,BASE:E1. ⑨,태국,태국,국가/지역,거의 매일,97.0,(97),14.135345722283757,%
2025_잠재방한객조사_일반외국인.xlsx,일반외국인,E3-9,<표E3-9> 한국 문화별 이용 빈도_9. 한국 게임,BASE:E1. ⑨,태국,태국,국가/지역,계,97.0,(97),100,%
2025_잠재방한객조사_일반외국인.xlsx,일반외국인,E3-9,<표E3-9> 한국 문화별 이용 빈도_9. 한국 게임,BASE:E1. ⑨,말레이시아,말레이시아,국가/지역,1년에 1회 이상,106.0,(106),14.08429573565957,%
2025_잠재방한객조사_일반외국인.xlsx,일반외국인,E3-9,<표E3-9> 한국 문화별 이용 빈도_9. 한국 게임,BASE:E1. ⑨,말레이시아,말레이시아,국가/지역,반기별 1회 이상,106.0,(106),9.409264989164226,%
2025_잠재방한객조사_일반외국인.xlsx,일반외국인,E3-9,<표E3-9> 한국 문화별 이용 빈도_9. 한국 게임,BASE:E1. ⑨,말레이시아,말레이시아,국가/지역,분기별 1회 이상,106.0,(106),14.040515918230323,%
2025_잠재방한객조사_일반외국인.xlsx,일반외국인,E3-9,<표E3-9> 한국 문화별 이용 빈도_9. 한국 게임,BASE:E1. ⑨,말레이시아,말레이시아,국가/지역,한 달에 1회 이상,106.0,(106),21.77220265842747,%
2025_잠재방한객조사_일반외국인.xlsx,일반외국인,E3-9,<표E3-9> 한국 문화별 이용 빈도_9. 한국 게임,BASE:E1. ⑨,말레이시아,말레이시아,국가/지역,1주일에 1회 이상,106.0,(106),25.410464847525592,%
2025_잠재방한객조사_일반외국인.xlsx,일반외국인,E3-9,<표E3-9> 한국 문화별 이용 빈도_9. 한국 게임,BASE:E1. ⑨,말레이시아,말레이시아,국가/지역,거의 매일,106.0,(106),15.28325585099282,%
2025_잠재방한객조사_일반외국인.xlsx,일반외국인,E3-9,<표E3-9> 한국 문화별 이용 빈도_9. 한국 게임,BASE:E1. ⑨,말레이시아,말레이시아,국가/지역,계,106.0,(106),100,%
2025_잠재방한객조사_일반외국인.xlsx,일반외국인,E3-9,<표E3-9> 한국 문화별 이용 빈도_9. 한국 게임,BASE:E1. ⑨,캐나다,캐나다,국가/지역,1년에 1회 이상,25.0,(25),21.596819162222527,%
2025_잠재방한객조사_일반외국인.xlsx,일반외국인,E3-9,<표E3-9> 한국 문화별 이용 빈도_9. 한국 게임,BASE:E1. ⑨,캐나다,캐나다,국가/지역,반기별 1회 이상,25.0,(25),12.745113968200602,%
2025_잠재방한객조사_일반외국인.xlsx,일반외국인,E3-9,<표E3-9> 한국 문화별 이용 빈도_9. 한국 게임,BASE:E1. ⑨,캐나다,캐나다,국가/지역,분기별 1회 이상,25.0,(25),22.2553747891865,%
2025_잠재방한객조사_일반외국인.xlsx,일반외국인,E3-9,<표E3-9> 한국 문화별 이용 빈도_9. 한국 게임,BASE:E1. ⑨,캐나다,캐나다,국가/지역,한 달에 1회 이상,25.0,(25),24.521476370954307,%
2025_잠재방한객조사_일반외국인.xlsx,일반외국인,E3-9,<표E3-9> 한국 문화별 이용 빈도_9. 한국 게임,BASE:E1. ⑨,캐나다,캐나다,국가/지역,1주일에 1회 이상,25.0,(25),15.814824485212615,%
2025_잠재방한객조사_일반외국인.xlsx,일반외국인,E3-9,<표E3-9> 한국 문화별 이용 빈도_9. 한국 게임,BASE:E1. ⑨,캐나다,캐나다,국가/지역,거의 매일,25.0,(25),3.0663912242234517,%
2025_잠재방한객조사_일반외국인.xlsx,일반외국인,E3-9,<표E3-9> 한국 문화별 이용 빈도_9. 한국 게임,BASE:E1. ⑨,캐나다,캐나다,국가/지역,계,25.0,(25),100,%
2025_잠재방한객조사_일반외국인.xlsx,일반외국인,E3-9,<표E3-9> 한국 문화별 이용 빈도_9. 한국 게임,BASE:E1. ⑨,호주,호주,국가/지역,1년에 1회 이상,32.0,(32),15.711005144736257,%
2025_잠재방한객조사_일반외국인.xlsx,일반외국인,E3-9,<표E3-9> 한국 문화별 이용 빈도_9. 한국 게임,BASE:E1. ⑨,호주,호주,국가/지역,반기별 1회 이상,32.0,(32),21.24386043958919,%
2025_잠재방한객조사_일반외국인.xlsx,일반외국인,E3-9,<표E3-9> 한국 문화별 이용 빈도_9. 한국 게임,BASE:E1. ⑨,호주,호주,국가/지역,분기별 1회 이상,32.0,(32),16.61366793202332,%
2025_잠재방한객조사_일반외국인.xlsx,일반외국인,E3-9,<표E3-9> 한국 문화별 이용 빈도_9. 한국 게임,BASE:E1. ⑨,호주,호주,국가/지역,한 달에 1회 이상,32.0,(32),28.371507023475427,%
2025_잠재방한객조사_일반외국인.xlsx,일반외국인,E3-9,<표E3-9> 한국 문화별 이용 빈도_9. 한국 게임,BASE:E1. ⑨,호주,호주,국가/지역,1주일에 1회 이상,32.0,(32),18.05995946017582,%
2025_잠재방한객조사_일반외국인.xlsx,일반외국인,E3-9,<표E3-9> 한국 문화별 이용 빈도_9. 한국 게임,BASE:E1. ⑨,호주,호주,국가/지역,거의 매일,32.0,(32),0,%
2025_잠재방한객조사_일반외국인.xlsx,일반외국인,E3-9,<표E3-9> 한국 문화별 이용 빈도_9. 한국 게임,BASE:E1. ⑨,호주,호주,국가/지역,계,32.0,(32),100,%
2025_잠재방한객조사_일반외국인.xlsx,일반외국인,E3-9,<표E3-9> 한국 문화별 이용 빈도_9. 한국 게임,BASE:E1. ⑨,러시아,러시아,국가/지역,1년에 1회 이상,94.0,(94),20.702017807544344,%
2025_잠재방한객조사_일반외국인.xlsx,일반외국인,E3-9,<표E3-9> 한국 문화별 이용 빈도_9. 한국 게임,BASE:E1. ⑨,러시아,러시아,국가/지역,반기별 1회 이상,94.0,(94),12.251280055357789,%
2025_잠재방한객조사_일반외국인.xlsx,일반외국인,E3-9,<표E3-9> 한국 문화별 이용 빈도_9. 한국 게임,BASE:E1. ⑨,러시아,러시아,국가/지역,분기별 1회 이상,94.0,(94),19.29076192951527,%
2025_잠재방한객조사_일반외국인.xlsx,일반외국인,E3-9,<표E3-9> 한국 문화별 이용 빈도_9. 한국 게임,BASE:E1. ⑨,러시아,러시아,국가/지역,한 달에 1회 이상,94.0,(94),22.307443545523892,%
2025_잠재방한객조사_일반외국인.xlsx,일반외국인,E3-9,<표E3-9> 한국 문화별 이용 빈도_9. 한국 게임,BASE:E1. ⑨,러시아,러시아,국가/지역,1주일에 1회 이상,94.0,(94),15.870259923436459,%
2025_잠재방한객조사_일반외국인.xlsx,일반외국인,E3-9,<표E3-9> 한국 문화별 이용 빈도_9. 한국 게임,BASE:E1. ⑨,러시아,러시아,국가/지역,거의 매일,94.0,(94),9.578236738622273,%
2025_잠재방한객조사_일반외국인.xlsx,일반외국인,E3-9,<표E3-9> 한국 문화별 이용 빈도_9. 한국 게임,BASE:E1. ⑨,러시아,러시아,국가/지역,계,94.0,(94),100,%
2025_잠재방한객조사_일반외국인.xlsx,일반외국인,E3-9,<표E3-9> 한국 문화별 이용 빈도_9. 한국 게임,BASE:E1. ⑨,인도,인도,국가/지역,1년에 1회 이상,141.0,(141),10.313188803193823,%
2025_잠재방한객조사_일반외국인.xlsx,일반외국인,E3-9,<표E3-9> 한국 문화별 이용 빈도_9. 한국 게임,BASE:E1. ⑨,인도,인도,국가/지역,반기별 1회 이상,141.0,(141),7.161388200978133,%
2025_잠재방한객조사_일반외국인.xlsx,일반외국인,E3-9,<표E3-9> 한국 문화별 이용 빈도_9. 한국 게임,BASE:E1. ⑨,인도,인도,국가/지역,분기별 1회 이상,141.0,(141),12.844204024446022,%
2025_잠재방한객조사_일반외국인.xlsx,일반외국인,E3-9,<표E3-9> 한국 문화별 이용 빈도_9. 한국 게임,BASE:E1. ⑨,인도,인도,국가/지역,한 달에 1회 이상,141.0,(141),22.846179036289268,%
2025_잠재방한객조사_일반외국인.xlsx,일반외국인,E3-9,<표E3-9> 한국 문화별 이용 빈도_9. 한국 게임,BASE:E1. ⑨,인도,인도,국가/지역,1주일에 1회 이상,141.0,(141),31.54629536460396,%
2025_잠재방한객조사_일반외국인.xlsx,일반외국인,E3-9,<표E3-9> 한국 문화별 이용 빈도_9. 한국 게임,BASE:E1. ⑨,인도,인도,국가/지역,거의 매일,141.0,(141),15.28874457048872,%
2025_잠재방한객조사_일반외국인.xlsx,일반외국인,E3-9,<표E3-9> 한국 문화별 이용 빈도_9. 한국 게임,BASE:E1. ⑨,인도,인도,국가/지역,계,141.0,(141),100,%
2025_잠재방한객조사_일반외국인.xlsx,일반외국인,E3-9,<표E3-9> 한국 문화별 이용 빈도_9. 한국 게임,BASE:E1. ⑨,프랑스,프랑스,국가/지역,1년에 1회 이상,40.0,(40),15.689680015163121,%
2025_잠재방한객조사_일반외국인.xlsx,일반외국인,E3-9,<표E3-9> 한국 문화별 이용 빈도_9. 한국 게임,BASE:E1. ⑨,프랑스,프랑스,국가/지역,반기별 1회 이상,40.0,(40),21.486684368023948,%
2025_잠재방한객조사_일반외국인.xlsx,일반외국인,E3-9,<표E3-9> 한국 문화별 이용 빈도_9. 한국 게임,BASE:E1. ⑨,프랑스,프랑스,국가/지역,분기별 1회 이상,40.0,(40),12.47642330561424,%
2025_잠재방한객조사_일반외국인.xlsx,일반외국인,E3-9,<표E3-9> 한국 문화별 이용 빈도_9. 한국 게임,BASE:E1. ⑨,프랑스,프랑스,국가/지역,한 달에 1회 이상,40.0,(40),30.62217842502422,%
2025_잠재방한객조사_일반외국인.xlsx,일반외국인,E3-9,<표E3-9> 한국 문화별 이용 빈도_9. 한국 게임,BASE:E1. ⑨,프랑스,프랑스,국가/지역,1주일에 1회 이상,40.0,(40),19.72503388617448,%
2025_잠재방한객조사_일반외국인.xlsx,일반외국인,E3-9,<표E3-9> 한국 문화별 이용 빈도_9. 한국 게임,BASE:E1. ⑨,프랑스,프랑스,국가/지역,거의 매일,40.0,(40),0,%
2025_잠재방한객조사_일반외국인.xlsx,일반외국인,E3-9,<표E3-9> 한국 문화별 이용 빈도_9. 한국 게임,BASE:E1. ⑨,프랑스,프랑스,국가/지역,계,40.0,(40),100,%
2025_잠재방한객조사_일반외국인.xlsx,일반외국인,E3-9,<표E3-9> 한국 문화별 이용 빈도_9. 한국 게임,BASE:E1. ⑨,독일,독일,국가/지역,1년에 1회 이상,45.0,(45),11.605514930991836,%
2025_잠재방한객조사_일반외국인.xlsx,일반외국인,E3-9,<표E3-9> 한국 문화별 이용 빈도_9. 한국 게임,BASE:E1. ⑨,독일,독일,국가/지역,반기별 1회 이상,45.0,(45),16.666092139391868,%
2025_잠재방한객조사_일반외국인.xlsx,일반외국인,E3-9,<표E3-9> 한국 문화별 이용 빈도_9. 한국 게임,BASE:E1. ⑨,독일,독일,국가/지역,분기별 1회 이상,45.0,(45),26.641822815721167,%
2025_잠재방한객조사_일반외국인.xlsx,일반외국인,E3-9,<표E3-9> 한국 문화별 이용 빈도_9. 한국 게임,BASE:E1. ⑨,독일,독일,국가/지역,한 달에 1회 이상,45.0,(45),28.834687408166438,%
2025_잠재방한객조사_일반외국인.xlsx,일반외국인,E3-9,<표E3-9> 한국 문화별 이용 빈도_9. 한국 게임,BASE:E1. ⑨,독일,독일,국가/지역,1주일에 1회 이상,45.0,(45),16.25188270572872,%
2025_잠재방한객조사_일반외국인.xlsx,일반외국인,E3-9,<표E3-9> 한국 문화별 이용 빈도_9. 한국 게임,BASE:E1. ⑨,독일,독일,국가/지역,거의 매일,45.0,(45),0,%
2025_잠재방한객조사_일반외국인.xlsx,일반외국인,E3-9,<표E3-9> 한국 문화별 이용 빈도_9. 한국 게임,BASE:E1. ⑨,독일,독일,국가/지역,계,45.0,(45),100,%
2025_잠재방한객조사_일반외국인.xlsx,일반외국인,E3-9,<표E3-9> 한국 문화별 이용 빈도_9. 한국 게임,BASE:E1. ⑨,영국,영국,국가/지역,1년에 1회 이상,38.0,(38),14.954678844921618,%
2025_잠재방한객조사_일반외국인.xlsx,일반외국인,E3-9,<표E3-9> 한국 문화별 이용 빈도_9. 한국 게임,BASE:E1. ⑨,영국,영국,국가/지역,반기별 1회 이상,38.0,(38),12.638703165288046,%
2025_잠재방한객조사_일반외국인.xlsx,일반외국인,E3-9,<표E3-9> 한국 문화별 이용 빈도_9. 한국 게임,BASE:E1. ⑨,영국,영국,국가/지역,분기별 1회 이상,38.0,(38),22.155135805654997,%
2025_잠재방한객조사_일반외국인.xlsx,일반외국인,E3-9,<표E3-9> 한국 문화별 이용 빈도_9. 한국 게임,BASE:E1. ⑨,영국,영국,국가/지역,한 달에 1회 이상,38.0,(38),25.5499592367254,%
2025_잠재방한객조사_일반외국인.xlsx,일반외국인,E3-9,<표E3-9> 한국 문화별 이용 빈도_9. 한국 게임,BASE:E1. ⑨,영국,영국,국가/지역,1주일에 1회 이상,38.0,(38),19.76154162996516,%
2025_잠재방한객조사_일반외국인.xlsx,일반외국인,E3-9,<표E3-9> 한국 문화별 이용 빈도_9. 한국 게임,BASE:E1. ⑨,영국,영국,국가/지역,거의 매일,38.0,(38),4.9399813174447385,%
2025_잠재방한객조사_일반외국인.xlsx,일반외국인,E3-9,<표E3-9> 한국 문화별 이용 빈도_9. 한국 게임,BASE:E1. ⑨,영국,영국,국가/지역,계,38.0,(38),100,%
2025_잠재방한객조사_일반외국인.xlsx,일반외국인,E3-9,<표E3-9> 한국 문화별 이용 빈도_9. 한국 게임,BASE:E1. ⑨,멕시코,멕시코,국가/지역,1년에 1회 이상,102.0,(102),8.583225674069896,%
2025_잠재방한객조사_일반외국인.xlsx,일반외국인,E3-9,<표E3-9> 한국 문화별 이용 빈도_9. 한국 게임,BASE:E1. ⑨,멕시코,멕시코,국가/지역,반기별 1회 이상,102.0,(102),6.611634485367313,%
2025_잠재방한객조사_일반외국인.xlsx,일반외국인,E3-9,<표E3-9> 한국 문화별 이용 빈도_9. 한국 게임,BASE:E1. ⑨,멕시코,멕시코,국가/지역,분기별 1회 이상,102.0,(102),20.02312443135348,%
2025_잠재방한객조사_일반외국인.xlsx,일반외국인,E3-9,<표E3-9> 한국 문화별 이용 빈도_9. 한국 게임,BASE:E1. ⑨,멕시코,멕시코,국가/지역,한 달에 1회 이상,102.0,(102),27.514343623450028,%
2025_잠재방한객조사_일반외국인.xlsx,일반외국인,E3-9,<표E3-9> 한국 문화별 이용 빈도_9. 한국 게임,BASE:E1. ⑨,멕시코,멕시코,국가/지역,1주일에 1회 이상,102.0,(102),25.989407832291445,%
2025_잠재방한객조사_일반외국인.xlsx,일반외국인,E3-9,<표E3-9> 한국 문화별 이용 빈도_9. 한국 게임,BASE:E1. ⑨,멕시코,멕시코,국가/지역,거의 매일,102.0,(102),11.278263953467887,%
2025_잠재방한객조사_일반외국인.xlsx,일반외국인,E3-9,<표E3-9> 한국 문화별 이용 빈도_9. 한국 게임,BASE:E1. ⑨,멕시코,멕시코,국가/지역,계,102.0,(102),100,%
2025_잠재방한객조사_일반외국인.xlsx,일반외국인,E3-9,<표E3-9> 한국 문화별 이용 빈도_9. 한국 게임,BASE:E1. ⑨,카자흐스탄,카자흐스탄,국가/지역,1년에 1회 이상,64.0,(64),23.76043162864828,%
2025_잠재방한객조사_일반외국인.xlsx,일반외국인,E3-9,<표E3-9> 한국 문화별 이용 빈도_9. 한국 게임,BASE:E1. ⑨,카자흐스탄,카자흐스탄,국가/지역,반기별 1회 이상,64.0,(64),19.07298946904774,%
2025_잠재방한객조사_일반외국인.xlsx,일반외국인,E3-9,<표E3-9> 한국 문화별 이용 빈도_9. 한국 게임,BASE:E1. ⑨,카자흐스탄,카자흐스탄,국가/지역,분기별 1회 이상,64.0,(64),26.540595966035536,%
2025_잠재방한객조사_일반외국인.xlsx,일반외국인,E3-9,<표E3-9> 한국 문화별 이용 빈도_9. 한국 게임,BASE:E1. ⑨,카자흐스탄,카자흐스탄,국가/지역,한 달에 1회 이상,64.0,(64),7.260986849011605,%
2025_잠재방한객조사_일반외국인.xlsx,일반외국인,E3-9,<표E3-9> 한국 문화별 이용 빈도_9. 한국 게임,BASE:E1. ⑨,카자흐스탄,카자흐스탄,국가/지역,1주일에 1회 이상,64.0,(64),16.014038324977065,%
2025_잠재방한객조사_일반외국인.xlsx,일반외국인,E3-9,<표E3-9> 한국 문화별 이용 빈도_9. 한국 게임,BASE:E1. ⑨,카자흐스탄,카자흐스탄,국가/지역,거의 매일,64.0,(64),7.3509577622797275,%
2025_잠재방한객조사_일반외국인.xlsx,일반외국인,E3-9,<표E3-9> 한국 문화별 이용 빈도_9. 한국 게임,BASE:E1. ⑨,카자흐스탄,카자흐스탄,국가/지역,계,64.0,(64),100,%
2025_잠재방한객조사_일반외국인.xlsx,일반외국인,E3-9,<표E3-9> 한국 문화별 이용 빈도_9. 한국 게임,BASE:E1. ⑨,튀르키예,튀르키예,국가/지역,1년에 1회 이상,75.0,(75),23.56258133522541,%
2025_잠재방한객조사_일반외국인.xlsx,일반외국인,E3-9,<표E3-9> 한국 문화별 이용 빈도_9. 한국 게임,BASE:E1. ⑨,튀르키예,튀르키예,국가/지역,반기별 1회 이상,75.0,(75),19.543395265256013,%
2025_잠재방한객조사_일반외국인.xlsx,일반외국인,E3-9,<표E3-9> 한국 문화별 이용 빈도_9. 한국 게임,BASE:E1. ⑨,튀르키예,튀르키예,국가/지역,분기별 1회 이상,75.0,(75),25.219034371350652,%
2025_잠재방한객조사_일반외국인.xlsx,일반외국인,E3-9,<표E3-9> 한국 문화별 이용 빈도_9. 한국 게임,BASE:E1. ⑨,튀르키예,튀르키예,국가/지역,한 달에 1회 이상,75.0,(75),21.777028776151745,%
2025_잠재방한객조사_일반외국인.xlsx,일반외국인,E3-9,<표E3-9> 한국 문화별 이용 빈도_9. 한국 게임,BASE:E1. ⑨,튀르키예,튀르키예,국가/지역,1주일에 1회 이상,75.0,(75),6.330746548457899,%
2025_잠재방한객조사_일반외국인.xlsx,일반외국인,E3-9,<표E3-9> 한국 문화별 이용 빈도_9. 한국 게임,BASE:E1. ⑨,튀르키예,튀르키예,국가/지역,거의 매일,75.0,(75),3.5672137035582843,%
2025_잠재방한객조사_일반외국인.xlsx,일반외국인,E3-9,<표E3-9> 한국 문화별 이용 빈도_9. 한국 게임,BASE:E1. ⑨,튀르키예,튀르키예,국가/지역,계,75.0,(75),100,%
2025_잠재방한객조사_일반외국인.xlsx,일반외국인,E3-9,<표E3-9> 한국 문화별 이용 빈도_9. 한국 게임,BASE:E1. ⑨,브라질,브라질,국가/지역,1년에 1회 이상,82.0,(82),15.342210088640067,%
2025_잠재방한객조사_일반외국인.xlsx,일반외국인,E3-9,<표E3-9> 한국 문화별 이용 빈도_9. 한국 게임,BASE:E1. ⑨,브라질,브라질,국가/지역,반기별 1회 이상,82.0,(82),13.81269997474396,%
2025_잠재방한객조사_일반외국인.xlsx,일반외국인,E3-9,<표E3-9> 한국 문화별 이용 빈도_9. 한국 게임,BASE:E1. ⑨,브라질,브라질,국가/지역,분기별 1회 이상,82.0,(82),14.367781713209249,%
2025_잠재방한객조사_일반외국인.xlsx,일반외국인,E3-9,<표E3-9> 한국 문화별 이용 빈도_9. 한국 게임,BASE:E1. ⑨,브라질,브라질,국가/지역,한 달에 1회 이상,82.0,(82),29.45459491025806,%
2025_잠재방한객조사_일반외국인.xlsx,일반외국인,E3-9,<표E3-9> 한국 문화별 이용 빈도_9. 한국 게임,BASE:E1. ⑨,브라질,브라질,국가/지역,1주일에 1회 이상,82.0,(82),21.33716636430937,%
2025_잠재방한객조사_일반외국인.xlsx,일반외국인,E3-9,<표E3-9> 한국 문화별 이용 빈도_9. 한국 게임,BASE:E1. ⑨,브라질,브라질,국가/지역,거의 매일,82.0,(82),5.685546948839301,%
2025_잠재방한객조사_일반외국인.xlsx,일반외국인,E3-9,<표E3-9> 한국 문화별 이용 빈도_9. 한국 게임,BASE:E1. ⑨,브라질,브라질,국가/지역,계,82.0,(82),100,%
2025_잠재방한객조사_일반외국인.xlsx,일반외국인,E3-9,<표E3-9> 한국 문화별 이용 빈도_9. 한국 게임,BASE:E1. ⑨,사우디아라비아,사우디아라비아,국가/지역,1년에 1회 이상,117.0,(117),7.760339250341321,%
2025_잠재방한객조사_일반외국인.xlsx,일반외국인,E3-9,<표E3-9> 한국 문화별 이용 빈도_9. 한국 게임,BASE:E1. ⑨,사우디아라비아,사우디아라비아,국가/지역,반기별 1회 이상,117.0,(117),14.136034254847024,%
2025_잠재방한객조사_일반외국인.xlsx,일반외국인,E3-9,<표E3-9> 한국 문화별 이용 빈도_9. 한국 게임,BASE:E1. ⑨,사우디아라비아,사우디아라비아,국가/지역,분기별 1회 이상,117.0,(117),19.856836764605923,%
2025_잠재방한객조사_일반외국인.xlsx,일반외국인,E3-9,<표E3-9> 한국 문화별 이용 빈도_9. 한국 게임,BASE:E1. ⑨,사우디아라비아,사우디아라비아,국가/지역,한 달에 1회 이상,117.0,(117),29.7597690722101,%
2025_잠재방한객조사_일반외국인.xlsx,일반외국인,E3-9,<표E3-9> 한국 문화별 이용 빈도_9. 한국 게임,BASE:E1. ⑨,사우디아라비아,사우디아라비아,국가/지역,1주일에 1회 이상,117.0,(117),19.497543298019597,%
2025_잠재방한객조사_일반외국인.xlsx,일반외국인,E3-9,<표E3-9> 한국 문화별 이용 빈도_9. 한국 게임,BASE:E1. ⑨,사우디아라비아,사우디아라비아,국가/지역,거의 매일,117.0,(117),8.98947735997599,%
2025_잠재방한객조사_일반외국인.xlsx,일반외국인,E3-9,<표E3-9> 한국 문화별 이용 빈도_9. 한국 게임,BASE:E1. ⑨,사우디아라비아,사우디아라비아,국가/지역,계,117.0,(117),100,%
2025_잠재방한객조사_일반외국인.xlsx,일반외국인,E3-9,<표E3-9> 한국 문화별 이용 빈도_9. 한국 게임,BASE:E1. ⑨,아랍에미리트,UAE,국가/지역,1년에 1회 이상,115.0,(115),9.591441211822211,%
2025_잠재방한객조사_일반외국인.xlsx,일반외국인,E3-9,<표E3-9> 한국 문화별 이용 빈도_9. 한국 게임,BASE:E1. ⑨,아랍에미리트,UAE,국가/지역,반기별 1회 이상,115.0,(115),16.67853768097414,%
2025_잠재방한객조사_일반외국인.xlsx,일반외국인,E3-9,<표E3-9> 한국 문화별 이용 빈도_9. 한국 게임,BASE:E1. ⑨,아랍에미리트,UAE,국가/지역,분기별 1회 이상,115.0,(115),6.129092452516536,%
2025_잠재방한객조사_일반외국인.xlsx,일반외국인,E3-9,<표E3-9> 한국 문화별 이용 빈도_9. 한국 게임,BASE:E1. ⑨,아랍에미리트,UAE,국가/지역,한 달에 1회 이상,115.0,(115),25.165836788547523,%
2025_잠재방한객조사_일반외국인.xlsx,일반외국인,E3-9,<표E3-9> 한국 문화별 이용 빈도_9. 한국 게임,BASE:E1. ⑨,아랍에미리트,UAE,국가/지역,1주일에 1회 이상,115.0,(115),25.31209573681671,%
2025_잠재방한객조사_일반외국인.xlsx,일반외국인,E3-9,<표E3-9> 한국 문화별 이용 빈도_9. 한국 게임,BASE:E1. ⑨,아랍에미리트,UAE,국가/지역,거의 매일,115.0,(115),17.122996129322786,%
2025_잠재방한객조사_일반외국인.xlsx,일반외국인,E3-9,<표E3-9> 한국 문화별 이용 빈도_9. 한국 게임,BASE:E1. ⑨,아랍에미리트,UAE,국가/지역,계,115.0,(115),100,%
2025_잠재방한객조사_일반외국인.xlsx,일반외국인,E3-10,<표E3-10> 한국 문화별 이용 빈도_10. 한국 애니메이션,BASE:E1. ⑩,전체,전체,전체,1년에 1회 이상,2705.0,(2705),13.856293790673375,%
2025_잠재방한객조사_일반외국인.xlsx,일반외국인,E3-10,<표E3-10> 한국 문화별 이용 빈도_10. 한국 애니메이션,BASE:E1. ⑩,전체,전체,전체,반기별 1회 이상,2705.0,(2705),14.282086214407258,%
2025_잠재방한객조사_일반외국인.xlsx,일반외국인,E3-10,<표E3-10> 한국 문화별 이용 빈도_10. 한국 애니메이션,BASE:E1. ⑩,전체,전체,전체,분기별 1회 이상,2705.0,(2705),18.034276117882076,%
2025_잠재방한객조사_일반외국인.xlsx,일반외국인,E3-10,<표E3-10> 한국 문화별 이용 빈도_10. 한국 애니메이션,BASE:E1. ⑩,전체,전체,전체,한 달에 1회 이상,2705.0,(2705),24.606274972965554,%
2025_잠재방한객조사_일반외국인.xlsx,일반외국인,E3-10,<표E3-10> 한국 문화별 이용 빈도_10. 한국 애니메이션,BASE:E1. ⑩,전체,전체,전체,1주일에 1회 이상,2705.0,(2705),20.069819599107934,%
2025_잠재방한객조사_일반외국인.xlsx,일반외국인,E3-10,<표E3-10> 한국 문화별 이용 빈도_10. 한국 애니메이션,BASE:E1. ⑩,전체,전체,전체,거의 매일,2705.0,(2705),9.151249304963965,%
2025_잠재방한객조사_일반외국인.xlsx,일반외국인,E3-10,<표E3-10> 한국 문화별 이용 빈도_10. 한국 애니메이션,BASE:E1. ⑩,전체,전체,전체,계,2705.0,(2705),100,%
2025_잠재방한객조사_일반외국인.xlsx,일반외국인,E3-10,<표E3-10> 한국 문화별 이용 빈도_10. 한국 애니메이션,BASE:E1. ⑩,중국,중국,국가/지역,1년에 1회 이상,417.0,(417),9.76487168621145,%
2025_잠재방한객조사_일반외국인.xlsx,일반외국인,E3-10,<표E3-10> 한국 문화별 이용 빈도_10. 한국 애니메이션,BASE:E1. ⑩,중국,중국,국가/지역,반기별 1회 이상,417.0,(417),18.43224285111058,%
2025_잠재방한객조사_일반외국인.xlsx,일반외국인,E3-10,<표E3-10> 한국 문화별 이용 빈도_10. 한국 애니메이션,BASE:E1. ⑩,중국,중국,국가/지역,분기별 1회 이상,417.0,(417),21.527681228434666,%
2025_잠재방한객조사_일반외국인.xlsx,일반외국인,E3-10,<표E3-10> 한국 문화별 이용 빈도_10. 한국 애니메이션,BASE:E1. ⑩,중국,중국,국가/지역,한 달에 1회 이상,417.0,(417),24.73351801777324,%
2025_잠재방한객조사_일반외국인.xlsx,일반외국인,E3-10,<표E3-10> 한국 문화별 이용 빈도_10. 한국 애니메이션,BASE:E1. ⑩,중국,중국,국가/지역,1주일에 1회 이상,417.0,(417),17.83653459485445,%
2025_잠재방한객조사_일반외국인.xlsx,일반외국인,E3-10,<표E3-10> 한국 문화별 이용 빈도_10. 한국 애니메이션,BASE:E1. ⑩,중국,중국,국가/지역,거의 매일,417.0,(417),7.705151621615709,%
2025_잠재방한객조사_일반외국인.xlsx,일반외국인,E3-10,<표E3-10> 한국 문화별 이용 빈도_10. 한국 애니메이션,BASE:E1. ⑩,중국,중국,국가/지역,계,417.0,(417),100,%
2025_잠재방한객조사_일반외국인.xlsx,일반외국인,E3-10,<표E3-10> 한국 문화별 이용 빈도_10. 한국 애니메이션,BASE:E1. ⑩,일본,일본,국가/지역,1년에 1회 이상,57.0,(57),21.55493832566514,%
2025_잠재방한객조사_일반외국인.xlsx,일반외국인,E3-10,<표E3-10> 한국 문화별 이용 빈도_10. 한국 애니메이션,BASE:E1. ⑩,일본,일본,국가/지역,반기별 1회 이상,57.0,(57),22.314231850215506,%
2025_잠재방한객조사_일반외국인.xlsx,일반외국인,E3-10,<표E3-10> 한국 문화별 이용 빈도_10. 한국 애니메이션,BASE:E1. ⑩,일본,일본,국가/지역,분기별 1회 이상,57.0,(57),22.028678401331472,%
2025_잠재방한객조사_일반외국인.xlsx,일반외국인,E3-10,<표E3-10> 한국 문화별 이용 빈도_10. 한국 애니메이션,BASE:E1. ⑩,일본,일본,국가/지역,한 달에 1회 이상,57.0,(57),16.682562527382423,%
2025_잠재방한객조사_일반외국인.xlsx,일반외국인,E3-10,<표E3-10> 한국 문화별 이용 빈도_10. 한국 애니메이션,BASE:E1. ⑩,일본,일본,국가/지역,1주일에 1회 이상,57.0,(57),11.305896779151334,%
2025_잠재방한객조사_일반외국인.xlsx,일반외국인,E3-10,<표E3-10> 한국 문화별 이용 빈도_10. 한국 애니메이션,BASE:E1. ⑩,일본,일본,국가/지역,거의 매일,57.0,(57),6.113692116254123,%
2025_잠재방한객조사_일반외국인.xlsx,일반외국인,E3-10,<표E3-10> 한국 문화별 이용 빈도_10. 한국 애니메이션,BASE:E1. ⑩,일본,일본,국가/지역,계,57.0,(57),100,%
2025_잠재방한객조사_일반외국인.xlsx,일반외국인,E3-10,<표E3-10> 한국 문화별 이용 빈도_10. 한국 애니메이션,BASE:E1. ⑩,대만,대만,국가/지역,1년에 1회 이상,68.0,(68),11.086308635053074,%
2025_잠재방한객조사_일반외국인.xlsx,일반외국인,E3-10,<표E3-10> 한국 문화별 이용 빈도_10. 한국 애니메이션,BASE:E1. ⑩,대만,대만,국가/지역,반기별 1회 이상,68.0,(68),12.517915641469928,%
2025_잠재방한객조사_일반외국인.xlsx,일반외국인,E3-10,<표E3-10> 한국 문화별 이용 빈도_10. 한국 애니메이션,BASE:E1. ⑩,대만,대만,국가/지역,분기별 1회 이상,68.0,(68),29.242175840836953,%
2025_잠재방한객조사_일반외국인.xlsx,일반외국인,E3-10,<표E3-10> 한국 문화별 이용 빈도_10. 한국 애니메이션,BASE:E1. ⑩,대만,대만,국가/지역,한 달에 1회 이상,68.0,(68),27.240329283547993,%
2025_잠재방한객조사_일반외국인.xlsx,일반외국인,E3-10,<표E3-10> 한국 문화별 이용 빈도_10. 한국 애니메이션,BASE:E1. ⑩,대만,대만,국가/지역,1주일에 1회 이상,68.0,(68),16.0980915272848,%
2025_잠재방한객조사_일반외국인.xlsx,일반외국인,E3-10,<표E3-10> 한국 문화별 이용 빈도_10. 한국 애니메이션,BASE:E1. ⑩,대만,대만,국가/지역,거의 매일,68.0,(68),3.8151790718072434,%
2025_잠재방한객조사_일반외국인.xlsx,일반외국인,E3-10,<표E3-10> 한국 문화별 이용 빈도_10. 한국 애니메이션,BASE:E1. ⑩,대만,대만,국가/지역,계,68.0,(68),100,%
2025_잠재방한객조사_일반외국인.xlsx,일반외국인,E3-10,<표E3-10> 한국 문화별 이용 빈도_10. 한국 애니메이션,BASE:E1. ⑩,미국,미국,국가/지역,1년에 1회 이상,135.0,(135),20.08448528546634,%
2025_잠재방한객조사_일반외국인.xlsx,일반외국인,E3-10,<표E3-10> 한국 문화별 이용 빈도_10. 한국 애니메이션,BASE:E1. ⑩,미국,미국,국가/지역,반기별 1회 이상,135.0,(135),16.039701802179984,%
2025_잠재방한객조사_일반외국인.xlsx,일반외국인,E3-10,<표E3-10> 한국 문화별 이용 빈도_10. 한국 애니메이션,BASE:E1. ⑩,미국,미국,국가/지역,분기별 1회 이상,135.0,(135),20.696044026652242,%
2025_잠재방한객조사_일반외국인.xlsx,일반외국인,E3-10,<표E3-10> 한국 문화별 이용 빈도_10. 한국 애니메이션,BASE:E1. ⑩,미국,미국,국가/지역,한 달에 1회 이상,135.0,(135),20.752222539859794,%
2025_잠재방한객조사_일반외국인.xlsx,일반외국인,E3-10,<표E3-10> 한국 문화별 이용 빈도_10. 한국 애니메이션,BASE:E1. ⑩,미국,미국,국가/지역,1주일에 1회 이상,135.0,(135),15.432156612013582,%
2025_잠재방한객조사_일반외국인.xlsx,일반외국인,E3-10,<표E3-10> 한국 문화별 이용 빈도_10. 한국 애니메이션,BASE:E1. ⑩,미국,미국,국가/지역,거의 매일,135.0,(135),6.99538973382805,%
2025_잠재방한객조사_일반외국인.xlsx,일반외국인,E3-10,<표E3-10> 한국 문화별 이용 빈도_10. 한국 애니메이션,BASE:E1. ⑩,미국,미국,국가/지역,계,135.0,(135),100,%
2025_잠재방한객조사_일반외국인.xlsx,일반외국인,E3-10,<표E3-10> 한국 문화별 이용 빈도_10. 한국 애니메이션,BASE:E1. ⑩,필리핀,필리핀,국가/지역,1년에 1회 이상,152.0,(152),9.861128872372467,%
2025_잠재방한객조사_일반외국인.xlsx,일반외국인,E3-10,<표E3-10> 한국 문화별 이용 빈도_10. 한국 애니메이션,BASE:E1. ⑩,필리핀,필리핀,국가/지역,반기별 1회 이상,152.0,(152),10.449387223981667,%
2025_잠재방한객조사_일반외국인.xlsx,일반외국인,E3-10,<표E3-10> 한국 문화별 이용 빈도_10. 한국 애니메이션,BASE:E1. ⑩,필리핀,필리핀,국가/지역,분기별 1회 이상,152.0,(152),10.207189774608452,%
2025_잠재방한객조사_일반외국인.xlsx,일반외국인,E3-10,<표E3-10> 한국 문화별 이용 빈도_10. 한국 애니메이션,BASE:E1. ⑩,필리핀,필리핀,국가/지역,한 달에 1회 이상,152.0,(152),22.767049829948608,%
2025_잠재방한객조사_일반외국인.xlsx,일반외국인,E3-10,<표E3-10> 한국 문화별 이용 빈도_10. 한국 애니메이션,BASE:E1. ⑩,필리핀,필리핀,국가/지역,1주일에 1회 이상,152.0,(152),28.340192419434384,%
2025_잠재방한객조사_일반외국인.xlsx,일반외국인,E3-10,<표E3-10> 한국 문화별 이용 빈도_10. 한국 애니메이션,BASE:E1. ⑩,필리핀,필리핀,국가/지역,거의 매일,152.0,(152),18.375051879654436,%
2025_잠재방한객조사_일반외국인.xlsx,일반외국인,E3-10,<표E3-10> 한국 문화별 이용 빈도_10. 한국 애니메이션,BASE:E1. ⑩,필리핀,필리핀,국가/지역,계,152.0,(152),100,%
2025_잠재방한객조사_일반외국인.xlsx,일반외국인,E3-10,<표E3-10> 한국 문화별 이용 빈도_10. 한국 애니메이션,BASE:E1. ⑩,베트남,베트남,국가/지역,1년에 1회 이상,106.0,(106),9.120479560193633,%
2025_잠재방한객조사_일반외국인.xlsx,일반외국인,E3-10,<표E3-10> 한국 문화별 이용 빈도_10. 한국 애니메이션,BASE:E1. ⑩,베트남,베트남,국가/지역,반기별 1회 이상,106.0,(106),9.31185961988401,%
2025_잠재방한객조사_일반외국인.xlsx,일반외국인,E3-10,<표E3-10> 한국 문화별 이용 빈도_10. 한국 애니메이션,BASE:E1. ⑩,베트남,베트남,국가/지역,분기별 1회 이상,106.0,(106),15.716511843406805,%
2025_잠재방한객조사_일반외국인.xlsx,일반외국인,E3-10,<표E3-10> 한국 문화별 이용 빈도_10. 한국 애니메이션,BASE:E1. ⑩,베트남,베트남,국가/지역,한 달에 1회 이상,106.0,(106),30.80974597708071,%
2025_잠재방한객조사_일반외국인.xlsx,일반외국인,E3-10,<표E3-10> 한국 문화별 이용 빈도_10. 한국 애니메이션,BASE:E1. ⑩,베트남,베트남,국가/지역,1주일에 1회 이상,106.0,(106),23.624414355566113,%
2025_잠재방한객조사_일반외국인.xlsx,일반외국인,E3-10,<표E3-10> 한국 문화별 이용 빈도_10. 한국 애니메이션,BASE:E1. ⑩,베트남,베트남,국가/지역,거의 매일,106.0,(106),11.41698864386873,%
2025_잠재방한객조사_일반외국인.xlsx,일반외국인,E3-10,<표E3-10> 한국 문화별 이용 빈도_10. 한국 애니메이션,BASE:E1. ⑩,베트남,베트남,국가/지역,계,106.0,(106),100,%
2025_잠재방한객조사_일반외국인.xlsx,일반외국인,E3-10,<표E3-10> 한국 문화별 이용 빈도_10. 한국 애니메이션,BASE:E1. ⑩,싱가포르,싱가포르,국가/지역,1년에 1회 이상,70.0,(70),15.92824449550064,%
2025_잠재방한객조사_일반외국인.xlsx,일반외국인,E3-10,<표E3-10> 한국 문화별 이용 빈도_10. 한국 애니메이션,BASE:E1. ⑩,싱가포르,싱가포르,국가/지역,반기별 1회 이상,70.0,(70),23.179586354787304,%
2025_잠재방한객조사_일반외국인.xlsx,일반외국인,E3-10,<표E3-10> 한국 문화별 이용 빈도_10. 한국 애니메이션,BASE:E1. ⑩,싱가포르,싱가포르,국가/지역,분기별 1회 이상,70.0,(70),15.215903309702309,%
2025_잠재방한객조사_일반외국인.xlsx,일반외국인,E3-10,<표E3-10> 한국 문화별 이용 빈도_10. 한국 애니메이션,BASE:E1. ⑩,싱가포르,싱가포르,국가/지역,한 달에 1회 이상,70.0,(70),18.70207551389182,%
2025_잠재방한객조사_일반외국인.xlsx,일반외국인,E3-10,<표E3-10> 한국 문화별 이용 빈도_10. 한국 애니메이션,BASE:E1. ⑩,싱가포르,싱가포르,국가/지역,1주일에 1회 이상,70.0,(70),16.43106974124395,%
2025_잠재방한객조사_일반외국인.xlsx,일반외국인,E3-10,<표E3-10> 한국 문화별 이용 빈도_10. 한국 애니메이션,BASE:E1. ⑩,싱가포르,싱가포르,국가/지역,거의 매일,70.0,(70),10.543120584874032,%
2025_잠재방한객조사_일반외국인.xlsx,일반외국인,E3-10,<표E3-10> 한국 문화별 이용 빈도_10. 한국 애니메이션,BASE:E1. ⑩,싱가포르,싱가포르,국가/지역,계,70.0,(70),100,%
2025_잠재방한객조사_일반외국인.xlsx,일반외국인,E3-10,<표E3-10> 한국 문화별 이용 빈도_10. 한국 애니메이션,BASE:E1. ⑩,인도네시아,인도네시아,국가/지역,1년에 1회 이상,139.0,(139),11.21648464984459,%
2025_잠재방한객조사_일반외국인.xlsx,일반외국인,E3-10,<표E3-10> 한국 문화별 이용 빈도_10. 한국 애니메이션,BASE:E1. ⑩,인도네시아,인도네시아,국가/지역,반기별 1회 이상,139.0,(139),8.65398286358727,%
2025_잠재방한객조사_일반외국인.xlsx,일반외국인,E3-10,<표E3-10> 한국 문화별 이용 빈도_10. 한국 애니메이션,BASE:E1. ⑩,인도네시아,인도네시아,국가/지역,분기별 1회 이상,139.0,(139),13.906161806584057,%
2025_잠재방한객조사_일반외국인.xlsx,일반외국인,E3-10,<표E3-10> 한국 문화별 이용 빈도_10. 한국 애니메이션,BASE:E1. ⑩,인도네시아,인도네시아,국가/지역,한 달에 1회 이상,139.0,(139),28.84164310890037,%
2025_잠재방한객조사_일반외국인.xlsx,일반외국인,E3-10,<표E3-10> 한국 문화별 이용 빈도_10. 한국 애니메이션,BASE:E1. ⑩,인도네시아,인도네시아,국가/지역,1주일에 1회 이상,139.0,(139),28.85121091428727,%
2025_잠재방한객조사_일반외국인.xlsx,일반외국인,E3-10,<표E3-10> 한국 문화별 이용 빈도_10. 한국 애니메이션,BASE:E1. ⑩,인도네시아,인도네시아,국가/지역,거의 매일,139.0,(139),8.53051665679643,%
2025_잠재방한객조사_일반외국인.xlsx,일반외국인,E3-10,<표E3-10> 한국 문화별 이용 빈도_10. 한국 애니메이션,BASE:E1. ⑩,인도네시아,인도네시아,국가/지역,계,139.0,(139),100,%
2025_잠재방한객조사_일반외국인.xlsx,일반외국인,E3-10,<표E3-10> 한국 문화별 이용 빈도_10. 한국 애니메이션,BASE:E1. ⑩,태국,태국,국가/지역,1년에 1회 이상,119.0,(119),7.5282016879169245,%
2025_잠재방한객조사_일반외국인.xlsx,일반외국인,E3-10,<표E3-10> 한국 문화별 이용 빈도_10. 한국 애니메이션,BASE:E1. ⑩,태국,태국,국가/지역,반기별 1회 이상,119.0,(119),7.009832872334619,%
2025_잠재방한객조사_일반외국인.xlsx,일반외국인,E3-10,<표E3-10> 한국 문화별 이용 빈도_10. 한국 애니메이션,BASE:E1. ⑩,태국,태국,국가/지역,분기별 1회 이상,119.0,(119),13.931630906468992,%
2025_잠재방한객조사_일반외국인.xlsx,일반외국인,E3-10,<표E3-10> 한국 문화별 이용 빈도_10. 한국 애니메이션,BASE:E1. ⑩,태국,태국,국가/지역,한 달에 1회 이상,119.0,(119),31.38351103860918,%
2025_잠재방한객조사_일반외국인.xlsx,일반외국인,E3-10,<표E3-10> 한국 문화별 이용 빈도_10. 한국 애니메이션,BASE:E1. ⑩,태국,태국,국가/지역,1주일에 1회 이상,119.0,(119),28.470248197048747,%
2025_잠재방한객조사_일반외국인.xlsx,일반외국인,E3-10,<표E3-10> 한국 문화별 이용 빈도_10. 한국 애니메이션,BASE:E1. ⑩,태국,태국,국가/지역,거의 매일,119.0,(119),11.67657529762142,%
2025_잠재방한객조사_일반외국인.xlsx,일반외국인,E3-10,<표E3-10> 한국 문화별 이용 빈도_10. 한국 애니메이션,BASE:E1. ⑩,태국,태국,국가/지역,계,119.0,(119),100,%
2025_잠재방한객조사_일반외국인.xlsx,일반외국인,E3-10,<표E3-10> 한국 문화별 이용 빈도_10. 한국 애니메이션,BASE:E1. ⑩,말레이시아,말레이시아,국가/지역,1년에 1회 이상,119.0,(119),10.186078803114071,%
2025_잠재방한객조사_일반외국인.xlsx,일반외국인,E3-10,<표E3-10> 한국 문화별 이용 빈도_10. 한국 애니메이션,BASE:E1. ⑩,말레이시아,말레이시아,국가/지역,반기별 1회 이상,119.0,(119),10.095366260180052,%
2025_잠재방한객조사_일반외국인.xlsx,일반외국인,E3-10,<표E3-10> 한국 문화별 이용 빈도_10. 한국 애니메이션,BASE:E1. ⑩,말레이시아,말레이시아,국가/지역,분기별 1회 이상,119.0,(119),13.192263931158626,%
2025_잠재방한객조사_일반외국인.xlsx,일반외국인,E3-10,<표E3-10> 한국 문화별 이용 빈도_10. 한국 애니메이션,BASE:E1. ⑩,말레이시아,말레이시아,국가/지역,한 달에 1회 이상,119.0,(119),28.47325855260519,%
2025_잠재방한객조사_일반외국인.xlsx,일반외국인,E3-10,<표E3-10> 한국 문화별 이용 빈도_10. 한국 애니메이션,BASE:E1. ⑩,말레이시아,말레이시아,국가/지역,1주일에 1회 이상,119.0,(119),24.444493851073172,%
2025_잠재방한객조사_일반외국인.xlsx,일반외국인,E3-10,<표E3-10> 한국 문화별 이용 빈도_10. 한국 애니메이션,BASE:E1. ⑩,말레이시아,말레이시아,국가/지역,거의 매일,119.0,(119),13.608538601868933,%
2025_잠재방한객조사_일반외국인.xlsx,일반외국인,E3-10,<표E3-10> 한국 문화별 이용 빈도_10. 한국 애니메이션,BASE:E1. ⑩,말레이시아,말레이시아,국가/지역,계,119.0,(119),100,%
2025_잠재방한객조사_일반외국인.xlsx,일반외국인,E3-10,<표E3-10> 한국 문화별 이용 빈도_10. 한국 애니메이션,BASE:E1. ⑩,캐나다,캐나다,국가/지역,1년에 1회 이상,29.0,(29),27.631125367454324,%
2025_잠재방한객조사_일반외국인.xlsx,일반외국인,E3-10,<표E3-10> 한국 문화별 이용 빈도_10. 한국 애니메이션,BASE:E1. ⑩,캐나다,캐나다,국가/지역,반기별 1회 이상,29.0,(29),27.055675499225735,%
2025_잠재방한객조사_일반외국인.xlsx,일반외국인,E3-10,<표E3-10> 한국 문화별 이용 빈도_10. 한국 애니메이션,BASE:E1. ⑩,캐나다,캐나다,국가/지역,분기별 1회 이상,29.0,(29),13.328026961727632,%
2025_잠재방한객조사_일반외국인.xlsx,일반외국인,E3-10,<표E3-10> 한국 문화별 이용 빈도_10. 한국 애니메이션,BASE:E1. ⑩,캐나다,캐나다,국가/지역,한 달에 1회 이상,29.0,(29),21.476611926148607,%
2025_잠재방한객조사_일반외국인.xlsx,일반외국인,E3-10,<표E3-10> 한국 문화별 이용 빈도_10. 한국 애니메이션,BASE:E1. ⑩,캐나다,캐나다,국가/지역,1주일에 1회 이상,29.0,(29),10.508560245443693,%
2025_잠재방한객조사_일반외국인.xlsx,일반외국인,E3-10,<표E3-10> 한국 문화별 이용 빈도_10. 한국 애니메이션,BASE:E1. ⑩,캐나다,캐나다,국가/지역,거의 매일,29.0,(29),0,%
2025_잠재방한객조사_일반외국인.xlsx,일반외국인,E3-10,<표E3-10> 한국 문화별 이용 빈도_10. 한국 애니메이션,BASE:E1. ⑩,캐나다,캐나다,국가/지역,계,29.0,(29),100,%
2025_잠재방한객조사_일반외국인.xlsx,일반외국인,E3-10,<표E3-10> 한국 문화별 이용 빈도_10. 한국 애니메이션,BASE:E1. ⑩,호주,호주,국가/지역,1년에 1회 이상,58.0,(58),16.698175703850143,%
2025_잠재방한객조사_일반외국인.xlsx,일반외국인,E3-10,<표E3-10> 한국 문화별 이용 빈도_10. 한국 애니메이션,BASE:E1. ⑩,호주,호주,국가/지역,반기별 1회 이상,58.0,(58),14.402185821701908,%
2025_잠재방한객조사_일반외국인.xlsx,일반외국인,E3-10,<표E3-10> 한국 문화별 이용 빈도_10. 한국 애니메이션,BASE:E1. ⑩,호주,호주,국가/지역,분기별 1회 이상,58.0,(58),30.08743412796543,%
2025_잠재방한객조사_일반외국인.xlsx,일반외국인,E3-10,<표E3-10> 한국 문화별 이용 빈도_10. 한국 애니메이션,BASE:E1. ⑩,호주,호주,국가/지역,한 달에 1회 이상,58.0,(58),25.288831875609773,%
2025_잠재방한객조사_일반외국인.xlsx,일반외국인,E3-10,<표E3-10> 한국 문화별 이용 빈도_10. 한국 애니메이션,BASE:E1. ⑩,호주,호주,국가/지역,1주일에 1회 이상,58.0,(58),12.028466388558526,%
2025_잠재방한객조사_일반외국인.xlsx,일반외국인,E3-10,<표E3-10> 한국 문화별 이용 빈도_10. 한국 애니메이션,BASE:E1. ⑩,호주,호주,국가/지역,거의 매일,58.0,(58),1.4949060823141984,%
2025_잠재방한객조사_일반외국인.xlsx,일반외국인,E3-10,<표E3-10> 한국 문화별 이용 빈도_10. 한국 애니메이션,BASE:E1. ⑩,호주,호주,국가/지역,계,58.0,(58),100,%
2025_잠재방한객조사_일반외국인.xlsx,일반외국인,E3-10,<표E3-10> 한국 문화별 이용 빈도_10. 한국 애니메이션,BASE:E1. ⑩,러시아,러시아,국가/지역,1년에 1회 이상,184.0,(184),20.42215145743541,%
2025_잠재방한객조사_일반외국인.xlsx,일반외국인,E3-10,<표E3-10> 한국 문화별 이용 빈도_10. 한국 애니메이션,BASE:E1. ⑩,러시아,러시아,국가/지역,반기별 1회 이상,184.0,(184),23.010192558993186,%
2025_잠재방한객조사_일반외국인.xlsx,일반외국인,E3-10,<표E3-10> 한국 문화별 이용 빈도_10. 한국 애니메이션,BASE:E1. ⑩,러시아,러시아,국가/지역,분기별 1회 이상,184.0,(184),18.488538006200773,%
2025_잠재방한객조사_일반외국인.xlsx,일반외국인,E3-10,<표E3-10> 한국 문화별 이용 빈도_10. 한국 애니메이션,BASE:E1. ⑩,러시아,러시아,국가/지역,한 달에 1회 이상,184.0,(184),20.810789244386918,%
2025_잠재방한객조사_일반외국인.xlsx,일반외국인,E3-10,<표E3-10> 한국 문화별 이용 빈도_10. 한국 애니메이션,BASE:E1. ⑩,러시아,러시아,국가/지역,1주일에 1회 이상,184.0,(184),14.305322334213002,%
2025_잠재방한객조사_일반외국인.xlsx,일반외국인,E3-10,<표E3-10> 한국 문화별 이용 빈도_10. 한국 애니메이션,BASE:E1. ⑩,러시아,러시아,국가/지역,거의 매일,184.0,(184),2.9630063987706965,%
2025_잠재방한객조사_일반외국인.xlsx,일반외국인,E3-10,<표E3-10> 한국 문화별 이용 빈도_10. 한국 애니메이션,BASE:E1. ⑩,러시아,러시아,국가/지역,계,184.0,(184),100,%
2025_잠재방한객조사_일반외국인.xlsx,일반외국인,E3-10,<표E3-10> 한국 문화별 이용 빈도_10. 한국 애니메이션,BASE:E1. ⑩,인도,인도,국가/지역,1년에 1회 이상,143.0,(143),7.283837033998594,%
2025_잠재방한객조사_일반외국인.xlsx,일반외국인,E3-10,<표E3-10> 한국 문화별 이용 빈도_10. 한국 애니메이션,BASE:E1. ⑩,인도,인도,국가/지역,반기별 1회 이상,143.0,(143),10.6049811814319,%
2025_잠재방한객조사_일반외국인.xlsx,일반외국인,E3-10,<표E3-10> 한국 문화별 이용 빈도_10. 한국 애니메이션,BASE:E1. ⑩,인도,인도,국가/지역,분기별 1회 이상,143.0,(143),10.19658657996541,%
2025_잠재방한객조사_일반외국인.xlsx,일반외국인,E3-10,<표E3-10> 한국 문화별 이용 빈도_10. 한국 애니메이션,BASE:E1. ⑩,인도,인도,국가/지역,한 달에 1회 이상,143.0,(143),26.255551967029646,%
2025_잠재방한객조사_일반외국인.xlsx,일반외국인,E3-10,<표E3-10> 한국 문화별 이용 빈도_10. 한국 애니메이션,BASE:E1. ⑩,인도,인도,국가/지역,1주일에 1회 이상,143.0,(143),28.89170098858715,%
2025_잠재방한객조사_일반외국인.xlsx,일반외국인,E3-10,<표E3-10> 한국 문화별 이용 빈도_10. 한국 애니메이션,BASE:E1. ⑩,인도,인도,국가/지역,거의 매일,143.0,(143),16.76734224898723,%
2025_잠재방한객조사_일반외국인.xlsx,일반외국인,E3-10,<표E3-10> 한국 문화별 이용 빈도_10. 한국 애니메이션,BASE:E1. ⑩,인도,인도,국가/지역,계,143.0,(143),100,%
2025_잠재방한객조사_일반외국인.xlsx,일반외국인,E3-10,<표E3-10> 한국 문화별 이용 빈도_10. 한국 애니메이션,BASE:E1. ⑩,프랑스,프랑스,국가/지역,1년에 1회 이상,46.0,(46),18.53506395495739,%
2025_잠재방한객조사_일반외국인.xlsx,일반외국인,E3-10,<표E3-10> 한국 문화별 이용 빈도_10. 한국 애니메이션,BASE:E1. ⑩,프랑스,프랑스,국가/지역,반기별 1회 이상,46.0,(46),10.788167955229321,%
2025_잠재방한객조사_일반외국인.xlsx,일반외국인,E3-10,<표E3-10> 한국 문화별 이용 빈도_10. 한국 애니메이션,BASE:E1. ⑩,프랑스,프랑스,국가/지역,분기별 1회 이상,46.0,(46),28.659277808376025,%
2025_잠재방한객조사_일반외국인.xlsx,일반외국인,E3-10,<표E3-10> 한국 문화별 이용 빈도_10. 한국 애니메이션,BASE:E1. ⑩,프랑스,프랑스,국가/지역,한 달에 1회 이상,46.0,(46),20.64648516683427,%
2025_잠재방한객조사_일반외국인.xlsx,일반외국인,E3-10,<표E3-10> 한국 문화별 이용 빈도_10. 한국 애니메이션,BASE:E1. ⑩,프랑스,프랑스,국가/지역,1주일에 1회 이상,46.0,(46),17.516690861417523,%
2025_잠재방한객조사_일반외국인.xlsx,일반외국인,E3-10,<표E3-10> 한국 문화별 이용 빈도_10. 한국 애니메이션,BASE:E1. ⑩,프랑스,프랑스,국가/지역,거의 매일,46.0,(46),3.854314253185481,%
2025_잠재방한객조사_일반외국인.xlsx,일반외국인,E3-10,<표E3-10> 한국 문화별 이용 빈도_10. 한국 애니메이션,BASE:E1. ⑩,프랑스,프랑스,국가/지역,계,46.0,(46),100,%
2025_잠재방한객조사_일반외국인.xlsx,일반외국인,E3-10,<표E3-10> 한국 문화별 이용 빈도_10. 한국 애니메이션,BASE:E1. ⑩,독일,독일,국가/지역,1년에 1회 이상,42.0,(42),27.943897727287094,%
2025_잠재방한객조사_일반외국인.xlsx,일반외국인,E3-10,<표E3-10> 한국 문화별 이용 빈도_10. 한국 애니메이션,BASE:E1. ⑩,독일,독일,국가/지역,반기별 1회 이상,42.0,(42),15.89741499629488,%
2025_잠재방한객조사_일반외국인.xlsx,일반외국인,E3-10,<표E3-10> 한국 문화별 이용 빈도_10. 한국 애니메이션,BASE:E1. ⑩,독일,독일,국가/지역,분기별 1회 이상,42.0,(42),25.07131629611007,%
2025_잠재방한객조사_일반외국인.xlsx,일반외국인,E3-10,<표E3-10> 한국 문화별 이용 빈도_10. 한국 애니메이션,BASE:E1. ⑩,독일,독일,국가/지역,한 달에 1회 이상,42.0,(42),22.36886749324707,%
2025_잠재방한객조사_일반외국인.xlsx,일반외국인,E3-10,<표E3-10> 한국 문화별 이용 빈도_10. 한국 애니메이션,BASE:E1. ⑩,독일,독일,국가/지역,1주일에 1회 이상,42.0,(42),8.718503487060888,%
2025_잠재방한객조사_일반외국인.xlsx,일반외국인,E3-10,<표E3-10> 한국 문화별 이용 빈도_10. 한국 애니메이션,BASE:E1. ⑩,독일,독일,국가/지역,거의 매일,42.0,(42),0,%
2025_잠재방한객조사_일반외국인.xlsx,일반외국인,E3-10,<표E3-10> 한국 문화별 이용 빈도_10. 한국 애니메이션,BASE:E1. ⑩,독일,독일,국가/지역,계,42.0,(42),100,%
2025_잠재방한객조사_일반외국인.xlsx,일반외국인,E3-10,<표E3-10> 한국 문화별 이용 빈도_10. 한국 애니메이션,BASE:E1. ⑩,영국,영국,국가/지역,1년에 1회 이상,51.0,(51),21.566880472703968,%
2025_잠재방한객조사_일반외국인.xlsx,일반외국인,E3-10,<표E3-10> 한국 문화별 이용 빈도_10. 한국 애니메이션,BASE:E1. ⑩,영국,영국,국가/지역,반기별 1회 이상,51.0,(51),5.99562305038956,%
2025_잠재방한객조사_일반외국인.xlsx,일반외국인,E3-10,<표E3-10> 한국 문화별 이용 빈도_10. 한국 애니메이션,BASE:E1. ⑩,영국,영국,국가/지역,분기별 1회 이상,51.0,(51),13.75940918967154,%
2025_잠재방한객조사_일반외국인.xlsx,일반외국인,E3-10,<표E3-10> 한국 문화별 이용 빈도_10. 한국 애니메이션,BASE:E1. ⑩,영국,영국,국가/지역,한 달에 1회 이상,51.0,(51),32.47319525683443,%
2025_잠재방한객조사_일반외국인.xlsx,일반외국인,E3-10,<표E3-10> 한국 문화별 이용 빈도_10. 한국 애니메이션,BASE:E1. ⑩,영국,영국,국가/지역,1주일에 1회 이상,51.0,(51),19.562063902704967,%
2025_잠재방한객조사_일반외국인.xlsx,일반외국인,E3-10,<표E3-10> 한국 문화별 이용 빈도_10. 한국 애니메이션,BASE:E1. ⑩,영국,영국,국가/지역,거의 매일,51.0,(51),6.642828127695477,%
2025_잠재방한객조사_일반외국인.xlsx,일반외국인,E3-10,<표E3-10> 한국 문화별 이용 빈도_10. 한국 애니메이션,BASE:E1. ⑩,영국,영국,국가/지역,계,51.0,(51),100,%
2025_잠재방한객조사_일반외국인.xlsx,일반외국인,E3-10,<표E3-10> 한국 문화별 이용 빈도_10. 한국 애니메이션,BASE:E1. ⑩,멕시코,멕시코,국가/지역,1년에 1회 이상,135.0,(135),10.865292155356224,%
2025_잠재방한객조사_일반외국인.xlsx,일반외국인,E3-10,<표E3-10> 한국 문화별 이용 빈도_10. 한국 애니메이션,BASE:E1. ⑩,멕시코,멕시코,국가/지역,반기별 1회 이상,135.0,(135),10.943241975838351,%
2025_잠재방한객조사_일반외국인.xlsx,일반외국인,E3-10,<표E3-10> 한국 문화별 이용 빈도_10. 한국 애니메이션,BASE:E1. ⑩,멕시코,멕시코,국가/지역,분기별 1회 이상,135.0,(135),21.770875421725844,%
2025_잠재방한객조사_일반외국인.xlsx,일반외국인,E3-10,<표E3-10> 한국 문화별 이용 빈도_10. 한국 애니메이션,BASE:E1. ⑩,멕시코,멕시코,국가/지역,한 달에 1회 이상,135.0,(135),24.59725187878145,%
2025_잠재방한객조사_일반외국인.xlsx,일반외국인,E3-10,<표E3-10> 한국 문화별 이용 빈도_10. 한국 애니메이션,BASE:E1. ⑩,멕시코,멕시코,국가/지역,1주일에 1회 이상,135.0,(135),21.902852884989578,%
2025_잠재방한객조사_일반외국인.xlsx,일반외국인,E3-10,<표E3-10> 한국 문화별 이용 빈도_10. 한국 애니메이션,BASE:E1. ⑩,멕시코,멕시코,국가/지역,거의 매일,135.0,(135),9.920485683308518,%
2025_잠재방한객조사_일반외국인.xlsx,일반외국인,E3-10,<표E3-10> 한국 문화별 이용 빈도_10. 한국 애니메이션,BASE:E1. ⑩,멕시코,멕시코,국가/지역,계,135.0,(135),100,%
2025_잠재방한객조사_일반외국인.xlsx,일반외국인,E3-10,<표E3-10> 한국 문화별 이용 빈도_10. 한국 애니메이션,BASE:E1. ⑩,카자흐스탄,카자흐스탄,국가/지역,1년에 1회 이상,81.0,(81),21.11197625036228,%
2025_잠재방한객조사_일반외국인.xlsx,일반외국인,E3-10,<표E3-10> 한국 문화별 이용 빈도_10. 한국 애니메이션,BASE:E1. ⑩,카자흐스탄,카자흐스탄,국가/지역,반기별 1회 이상,81.0,(81),16.183804084180103,%
2025_잠재방한객조사_일반외국인.xlsx,일반외국인,E3-10,<표E3-10> 한국 문화별 이용 빈도_10. 한국 애니메이션,BASE:E1. ⑩,카자흐스탄,카자흐스탄,국가/지역,분기별 1회 이상,81.0,(81),18.56709849783397,%
2025_잠재방한객조사_일반외국인.xlsx,일반외국인,E3-10,<표E3-10> 한국 문화별 이용 빈도_10. 한국 애니메이션,BASE:E1. ⑩,카자흐스탄,카자흐스탄,국가/지역,한 달에 1회 이상,81.0,(81),17.30654056140411,%
2025_잠재방한객조사_일반외국인.xlsx,일반외국인,E3-10,<표E3-10> 한국 문화별 이용 빈도_10. 한국 애니메이션,BASE:E1. ⑩,카자흐스탄,카자흐스탄,국가/지역,1주일에 1회 이상,81.0,(81),16.30480203479158,%
2025_잠재방한객조사_일반외국인.xlsx,일반외국인,E3-10,<표E3-10> 한국 문화별 이용 빈도_10. 한국 애니메이션,BASE:E1. ⑩,카자흐스탄,카자흐스탄,국가/지역,거의 매일,81.0,(81),10.525778571427972,%
2025_잠재방한객조사_일반외국인.xlsx,일반외국인,E3-10,<표E3-10> 한국 문화별 이용 빈도_10. 한국 애니메이션,BASE:E1. ⑩,카자흐스탄,카자흐스탄,국가/지역,계,81.0,(81),100,%
2025_잠재방한객조사_일반외국인.xlsx,일반외국인,E3-10,<표E3-10> 한국 문화별 이용 빈도_10. 한국 애니메이션,BASE:E1. ⑩,튀르키예,튀르키예,국가/지역,1년에 1회 이상,108.0,(108),27.67777045289356,%
2025_잠재방한객조사_일반외국인.xlsx,일반외국인,E3-10,<표E3-10> 한국 문화별 이용 빈도_10. 한국 애니메이션,BASE:E1. ⑩,튀르키예,튀르키예,국가/지역,반기별 1회 이상,108.0,(108),14.178604717673393,%
2025_잠재방한객조사_일반외국인.xlsx,일반외국인,E3-10,<표E3-10> 한국 문화별 이용 빈도_10. 한국 애니메이션,BASE:E1. ⑩,튀르키예,튀르키예,국가/지역,분기별 1회 이상,108.0,(108),21.957045525740305,%
2025_잠재방한객조사_일반외국인.xlsx,일반외국인,E3-10,<표E3-10> 한국 문화별 이용 빈도_10. 한국 애니메이션,BASE:E1. ⑩,튀르키예,튀르키예,국가/지역,한 달에 1회 이상,108.0,(108),19.662280060381196,%
2025_잠재방한객조사_일반외국인.xlsx,일반외국인,E3-10,<표E3-10> 한국 문화별 이용 빈도_10. 한국 애니메이션,BASE:E1. ⑩,튀르키예,튀르키예,국가/지역,1주일에 1회 이상,108.0,(108),9.658020055329953,%
2025_잠재방한객조사_일반외국인.xlsx,일반외국인,E3-10,<표E3-10> 한국 문화별 이용 빈도_10. 한국 애니메이션,BASE:E1. ⑩,튀르키예,튀르키예,국가/지역,거의 매일,108.0,(108),6.866279187981562,%
2025_잠재방한객조사_일반외국인.xlsx,일반외국인,E3-10,<표E3-10> 한국 문화별 이용 빈도_10. 한국 애니메이션,BASE:E1. ⑩,튀르키예,튀르키예,국가/지역,계,108.0,(108),100,%
2025_잠재방한객조사_일반외국인.xlsx,일반외국인,E3-10,<표E3-10> 한국 문화별 이용 빈도_10. 한국 애니메이션,BASE:E1. ⑩,브라질,브라질,국가/지역,1년에 1회 이상,103.0,(103),18.395167912821023,%
2025_잠재방한객조사_일반외국인.xlsx,일반외국인,E3-10,<표E3-10> 한국 문화별 이용 빈도_10. 한국 애니메이션,BASE:E1. ⑩,브라질,브라질,국가/지역,반기별 1회 이상,103.0,(103),12.901839903339004,%
2025_잠재방한객조사_일반외국인.xlsx,일반외국인,E3-10,<표E3-10> 한국 문화별 이용 빈도_10. 한국 애니메이션,BASE:E1. ⑩,브라질,브라질,국가/지역,분기별 1회 이상,103.0,(103),14.949051121567333,%
2025_잠재방한객조사_일반외국인.xlsx,일반외국인,E3-10,<표E3-10> 한국 문화별 이용 빈도_10. 한국 애니메이션,BASE:E1. ⑩,브라질,브라질,국가/지역,한 달에 1회 이상,103.0,(103),28.41131605123109,%
2025_잠재방한객조사_일반외국인.xlsx,일반외국인,E3-10,<표E3-10> 한국 문화별 이용 빈도_10. 한국 애니메이션,BASE:E1. ⑩,브라질,브라질,국가/지역,1주일에 1회 이상,103.0,(103),20.12142843212686,%
2025_잠재방한객조사_일반외국인.xlsx,일반외국인,E3-10,<표E3-10> 한국 문화별 이용 빈도_10. 한국 애니메이션,BASE:E1. ⑩,브라질,브라질,국가/지역,거의 매일,103.0,(103),5.221196578914642,%
2025_잠재방한객조사_일반외국인.xlsx,일반외국인,E3-10,<표E3-10> 한국 문화별 이용 빈도_10. 한국 애니메이션,BASE:E1. ⑩,브라질,브라질,국가/지역,계,103.0,(103),100,%
2025_잠재방한객조사_일반외국인.xlsx,일반외국인,E3-10,<표E3-10> 한국 문화별 이용 빈도_10. 한국 애니메이션,BASE:E1. ⑩,사우디아라비아,사우디아라비아,국가/지역,1년에 1회 이상,108.0,(108),6.885549332473828,%
2025_잠재방한객조사_일반외국인.xlsx,일반외국인,E3-10,<표E3-10> 한국 문화별 이용 빈도_10. 한국 애니메이션,BASE:E1. ⑩,사우디아라비아,사우디아라비아,국가/지역,반기별 1회 이상,108.0,(108),13.45475347518264,%
2025_잠재방한객조사_일반외국인.xlsx,일반외국인,E3-10,<표E3-10> 한국 문화별 이용 빈도_10. 한국 애니메이션,BASE:E1. ⑩,사우디아라비아,사우디아라비아,국가/지역,분기별 1회 이상,108.0,(108),10.101954628895392,%
2025_잠재방한객조사_일반외국인.xlsx,일반외국인,E3-10,<표E3-10> 한국 문화별 이용 빈도_10. 한국 애니메이션,BASE:E1. ⑩,사우디아라비아,사우디아라비아,국가/지역,한 달에 1회 이상,108.0,(108),28.67459128373479,%
2025_잠재방한객조사_일반외국인.xlsx,일반외국인,E3-10,<표E3-10> 한국 문화별 이용 빈도_10. 한국 애니메이션,BASE:E1. ⑩,사우디아라비아,사우디아라비아,국가/지역,1주일에 1회 이상,108.0,(108),24.88653627598377,%
2025_잠재방한객조사_일반외국인.xlsx,일반외국인,E3-10,<표E3-10> 한국 문화별 이용 빈도_10. 한국 애니메이션,BASE:E1. ⑩,사우디아라비아,사우디아라비아,국가/지역,거의 매일,108.0,(108),15.996615003729572,%
2025_잠재방한객조사_일반외국인.xlsx,일반외국인,E3-10,<표E3-10> 한국 문화별 이용 빈도_10. 한국 애니메이션,BASE:E1. ⑩,사우디아라비아,사우디아라비아,국가/지역,계,108.0,(108),100,%
2025_잠재방한객조사_일반외국인.xlsx,일반외국인,E3-10,<표E3-10> 한국 문화별 이용 빈도_10. 한국 애니메이션,BASE:E1. ⑩,아랍에미리트,UAE,국가/지역,1년에 1회 이상,137.0,(137),8.62032261423347,%
2025_잠재방한객조사_일반외국인.xlsx,일반외국인,E3-10,<표E3-10> 한국 문화별 이용 빈도_10. 한국 애니메이션,BASE:E1. ⑩,아랍에미리트,UAE,국가/지역,반기별 1회 이상,137.0,(137),13.167196975858895,%
2025_잠재방한객조사_일반외국인.xlsx,일반외국인,E3-10,<표E3-10> 한국 문화별 이용 빈도_10. 한국 애니메이션,BASE:E1. ⑩,아랍에미리트,UAE,국가/지역,분기별 1회 이상,137.0,(137),18.789226834766126,%
2025_잠재방한객조사_일반외국인.xlsx,일반외국인,E3-10,<표E3-10> 한국 문화별 이용 빈도_10. 한국 애니메이션,BASE:E1. ⑩,아랍에미리트,UAE,국가/지역,한 달에 1회 이상,137.0,(137),28.43956373244463,%
2025_잠재방한객조사_일반외국인.xlsx,일반외국인,E3-10,<표E3-10> 한국 문화별 이용 빈도_10. 한국 애니메이션,BASE:E1. ⑩,아랍에미리트,UAE,국가/지역,1주일에 1회 이상,137.0,(137),17.25579003808737,%
2025_잠재방한객조사_일반외국인.xlsx,일반외국인,E3-10,<표E3-10> 한국 문화별 이용 빈도_10. 한국 애니메이션,BASE:E1. ⑩,아랍에미리트,UAE,국가/지역,거의 매일,137.0,(137),13.727899804609406,%
2025_잠재방한객조사_일반외국인.xlsx,일반외국인,E3-10,<표E3-10> 한국 문화별 이용 빈도_10. 한국 애니메이션,BASE:E1. ⑩,아랍에미리트,UAE,국가/지역,계,137.0,(137),100,%
2025_잠재방한객조사_일반외국인.xlsx,일반외국인,E3-11,<표E3-11> 한국 문화별 이용 빈도_11. 한국 문학,BASE:E1. ⑪,전체,전체,전체,1년에 1회 이상,1783.0,(1783),14.788146325871127,%
2025_잠재방한객조사_일반외국인.xlsx,일반외국인,E3-11,<표E3-11> 한국 문화별 이용 빈도_11. 한국 문학,BASE:E1. ⑪,전체,전체,전체,반기별 1회 이상,1783.0,(1783),17.421056501841807,%
2025_잠재방한객조사_일반외국인.xlsx,일반외국인,E3-11,<표E3-11> 한국 문화별 이용 빈도_11. 한국 문학,BASE:E1. ⑪,전체,전체,전체,분기별 1회 이상,1783.0,(1783),23.7703192532208,%
2025_잠재방한객조사_일반외국인.xlsx,일반외국인,E3-11,<표E3-11> 한국 문화별 이용 빈도_11. 한국 문학,BASE:E1. ⑪,전체,전체,전체,한 달에 1회 이상,1783.0,(1783),23.92497532567723,%
2025_잠재방한객조사_일반외국인.xlsx,일반외국인,E3-11,<표E3-11> 한국 문화별 이용 빈도_11. 한국 문학,BASE:E1. ⑪,전체,전체,전체,1주일에 1회 이상,1783.0,(1783),15.246945740097509,%
2025_잠재방한객조사_일반외국인.xlsx,일반외국인,E3-11,<표E3-11> 한국 문화별 이용 빈도_11. 한국 문학,BASE:E1. ⑪,전체,전체,전체,거의 매일,1783.0,(1783),4.8485568532916234,%
2025_잠재방한객조사_일반외국인.xlsx,일반외국인,E3-11,<표E3-11> 한국 문화별 이용 빈도_11. 한국 문학,BASE:E1. ⑪,전체,전체,전체,계,1783.0,(1783),100,%
2025_잠재방한객조사_일반외국인.xlsx,일반외국인,E3-11,<표E3-11> 한국 문화별 이용 빈도_11. 한국 문학,BASE:E1. ⑪,중국,중국,국가/지역,1년에 1회 이상,352.0,(352),10.08045285554284,%
2025_잠재방한객조사_일반외국인.xlsx,일반외국인,E3-11,<표E3-11> 한국 문화별 이용 빈도_11. 한국 문학,BASE:E1. ⑪,중국,중국,국가/지역,반기별 1회 이상,352.0,(352),21.314163895518657,%
2025_잠재방한객조사_일반외국인.xlsx,일반외국인,E3-11,<표E3-11> 한국 문화별 이용 빈도_11. 한국 문학,BASE:E1. ⑪,중국,중국,국가/지역,분기별 1회 이상,352.0,(352),29.581100147482253,%
2025_잠재방한객조사_일반외국인.xlsx,일반외국인,E3-11,<표E3-11> 한국 문화별 이용 빈도_11. 한국 문학,BASE:E1. ⑪,중국,중국,국가/지역,한 달에 1회 이상,352.0,(352),22.863629397713193,%
2025_잠재방한객조사_일반외국인.xlsx,일반외국인,E3-11,<표E3-11> 한국 문화별 이용 빈도_11. 한국 문학,BASE:E1. ⑪,중국,중국,국가/지역,1주일에 1회 이상,352.0,(352),11.67952613956925,%
2025_잠재방한객조사_일반외국인.xlsx,일반외국인,E3-11,<표E3-11> 한국 문화별 이용 빈도_11. 한국 문학,BASE:E1. ⑪,중국,중국,국가/지역,거의 매일,352.0,(352),4.48112756417387,%
2025_잠재방한객조사_일반외국인.xlsx,일반외국인,E3-11,<표E3-11> 한국 문화별 이용 빈도_11. 한국 문학,BASE:E1. ⑪,중국,중국,국가/지역,계,352.0,(352),100,%
2025_잠재방한객조사_일반외국인.xlsx,일반외국인,E3-11,<표E3-11> 한국 문화별 이용 빈도_11. 한국 문학,BASE:E1. ⑪,일본,일본,국가/지역,1년에 1회 이상,62.0,(62),28.461459718712756,%
2025_잠재방한객조사_일반외국인.xlsx,일반외국인,E3-11,<표E3-11> 한국 문화별 이용 빈도_11. 한국 문학,BASE:E1. ⑪,일본,일본,국가/지역,반기별 1회 이상,62.0,(62),15.359659038409523,%
2025_잠재방한객조사_일반외국인.xlsx,일반외국인,E3-11,<표E3-11> 한국 문화별 이용 빈도_11. 한국 문학,BASE:E1. ⑪,일본,일본,국가/지역,분기별 1회 이상,62.0,(62),24.615261448145766,%
2025_잠재방한객조사_일반외국인.xlsx,일반외국인,E3-11,<표E3-11> 한국 문화별 이용 빈도_11. 한국 문학,BASE:E1. ⑪,일본,일본,국가/지역,한 달에 1회 이상,62.0,(62),16.544264603908125,%
2025_잠재방한객조사_일반외국인.xlsx,일반외국인,E3-11,<표E3-11> 한국 문화별 이용 빈도_11. 한국 문학,BASE:E1. ⑪,일본,일본,국가/지역,1주일에 1회 이상,62.0,(62),10.407390865470024,%
2025_잠재방한객조사_일반외국인.xlsx,일반외국인,E3-11,<표E3-11> 한국 문화별 이용 빈도_11. 한국 문학,BASE:E1. ⑪,일본,일본,국가/지역,거의 매일,62.0,(62),4.611964325353851,%
2025_잠재방한객조사_일반외국인.xlsx,일반외국인,E3-11,<표E3-11> 한국 문화별 이용 빈도_11. 한국 문학,BASE:E1. ⑪,일본,일본,국가/지역,계,62.0,(62),100,%
2025_잠재방한객조사_일반외국인.xlsx,일반외국인,E3-11,<표E3-11> 한국 문화별 이용 빈도_11. 한국 문학,BASE:E1. ⑪,대만,대만,국가/지역,1년에 1회 이상,114.0,(114),9.711335364797272,%
2025_잠재방한객조사_일반외국인.xlsx,일반외국인,E3-11,<표E3-11> 한국 문화별 이용 빈도_11. 한국 문학,BASE:E1. ⑪,대만,대만,국가/지역,반기별 1회 이상,114.0,(114),15.144770513417113,%
2025_잠재방한객조사_일반외국인.xlsx,일반외국인,E3-11,<표E3-11> 한국 문화별 이용 빈도_11. 한국 문학,BASE:E1. ⑪,대만,대만,국가/지역,분기별 1회 이상,114.0,(114),24.592842839158962,%
2025_잠재방한객조사_일반외국인.xlsx,일반외국인,E3-11,<표E3-11> 한국 문화별 이용 빈도_11. 한국 문학,BASE:E1. ⑪,대만,대만,국가/지역,한 달에 1회 이상,114.0,(114),28.907615512121843,%
2025_잠재방한객조사_일반외국인.xlsx,일반외국인,E3-11,<표E3-11> 한국 문화별 이용 빈도_11. 한국 문학,BASE:E1. ⑪,대만,대만,국가/지역,1주일에 1회 이상,114.0,(114),14.969845130260234,%
2025_잠재방한객조사_일반외국인.xlsx,일반외국인,E3-11,<표E3-11> 한국 문화별 이용 빈도_11. 한국 문학,BASE:E1. ⑪,대만,대만,국가/지역,거의 매일,114.0,(114),6.673590640244612,%
2025_잠재방한객조사_일반외국인.xlsx,일반외국인,E3-11,<표E3-11> 한국 문화별 이용 빈도_11. 한국 문학,BASE:E1. ⑪,대만,대만,국가/지역,계,114.0,(114),100,%
2025_잠재방한객조사_일반외국인.xlsx,일반외국인,E3-11,<표E3-11> 한국 문화별 이용 빈도_11. 한국 문학,BASE:E1. ⑪,미국,미국,국가/지역,1년에 1회 이상,73.0,(73),15.372490219109316,%
2025_잠재방한객조사_일반외국인.xlsx,일반외국인,E3-11,<표E3-11> 한국 문화별 이용 빈도_11. 한국 문학,BASE:E1. ⑪,미국,미국,국가/지역,반기별 1회 이상,73.0,(73),18.658348393855388,%
2025_잠재방한객조사_일반외국인.xlsx,일반외국인,E3-11,<표E3-11> 한국 문화별 이용 빈도_11. 한국 문학,BASE:E1. ⑪,미국,미국,국가/지역,분기별 1회 이상,73.0,(73),27.430736566328363,%
2025_잠재방한객조사_일반외국인.xlsx,일반외국인,E3-11,<표E3-11> 한국 문화별 이용 빈도_11. 한국 문학,BASE:E1. ⑪,미국,미국,국가/지역,한 달에 1회 이상,73.0,(73),24.409853222517263,%
2025_잠재방한객조사_일반외국인.xlsx,일반외국인,E3-11,<표E3-11> 한국 문화별 이용 빈도_11. 한국 문학,BASE:E1. ⑪,미국,미국,국가/지역,1주일에 1회 이상,73.0,(73),6.489709146234378,%
2025_잠재방한객조사_일반외국인.xlsx,일반외국인,E3-11,<표E3-11> 한국 문화별 이용 빈도_11. 한국 문학,BASE:E1. ⑪,미국,미국,국가/지역,거의 매일,73.0,(73),7.638862451955315,%
2025_잠재방한객조사_일반외국인.xlsx,일반외국인,E3-11,<표E3-11> 한국 문화별 이용 빈도_11. 한국 문학,BASE:E1. ⑪,미국,미국,국가/지역,계,73.0,(73),100,%
2025_잠재방한객조사_일반외국인.xlsx,일반외국인,E3-11,<표E3-11> 한국 문화별 이용 빈도_11. 한국 문학,BASE:E1. ⑪,필리핀,필리핀,국가/지역,1년에 1회 이상,88.0,(88),18.737848109147272,%
2025_잠재방한객조사_일반외국인.xlsx,일반외국인,E3-11,<표E3-11> 한국 문화별 이용 빈도_11. 한국 문학,BASE:E1. ⑪,필리핀,필리핀,국가/지역,반기별 1회 이상,88.0,(88),13.629622382277992,%
2025_잠재방한객조사_일반외국인.xlsx,일반외국인,E3-11,<표E3-11> 한국 문화별 이용 빈도_11. 한국 문학,BASE:E1. ⑪,필리핀,필리핀,국가/지역,분기별 1회 이상,88.0,(88),9.01646826165864,%
2025_잠재방한객조사_일반외국인.xlsx,일반외국인,E3-11,<표E3-11> 한국 문화별 이용 빈도_11. 한국 문학,BASE:E1. ⑪,필리핀,필리핀,국가/지역,한 달에 1회 이상,88.0,(88),27.673675451330364,%
2025_잠재방한객조사_일반외국인.xlsx,일반외국인,E3-11,<표E3-11> 한국 문화별 이용 빈도_11. 한국 문학,BASE:E1. ⑪,필리핀,필리핀,국가/지역,1주일에 1회 이상,88.0,(88),21.62037047324082,%
2025_잠재방한객조사_일반외국인.xlsx,일반외국인,E3-11,<표E3-11> 한국 문화별 이용 빈도_11. 한국 문학,BASE:E1. ⑪,필리핀,필리핀,국가/지역,거의 매일,88.0,(88),9.32201532234489,%
2025_잠재방한객조사_일반외국인.xlsx,일반외국인,E3-11,<표E3-11> 한국 문화별 이용 빈도_11. 한국 문학,BASE:E1. ⑪,필리핀,필리핀,국가/지역,계,88.0,(88),100,%
2025_잠재방한객조사_일반외국인.xlsx,일반외국인,E3-11,<표E3-11> 한국 문화별 이용 빈도_11. 한국 문학,BASE:E1. ⑪,베트남,베트남,국가/지역,1년에 1회 이상,78.0,(78),6.237198756776878,%
2025_잠재방한객조사_일반외국인.xlsx,일반외국인,E3-11,<표E3-11> 한국 문화별 이용 빈도_11. 한국 문학,BASE:E1. ⑪,베트남,베트남,국가/지역,반기별 1회 이상,78.0,(78),20.36669446420922,%
2025_잠재방한객조사_일반외국인.xlsx,일반외국인,E3-11,<표E3-11> 한국 문화별 이용 빈도_11. 한국 문학,BASE:E1. ⑪,베트남,베트남,국가/지역,분기별 1회 이상,78.0,(78),17.003658498377735,%
2025_잠재방한객조사_일반외국인.xlsx,일반외국인,E3-11,<표E3-11> 한국 문화별 이용 빈도_11. 한국 문학,BASE:E1. ⑪,베트남,베트남,국가/지역,한 달에 1회 이상,78.0,(78),28.268780749599014,%
2025_잠재방한객조사_일반외국인.xlsx,일반외국인,E3-11,<표E3-11> 한국 문화별 이용 빈도_11. 한국 문학,BASE:E1. ⑪,베트남,베트남,국가/지역,1주일에 1회 이상,78.0,(78),19.49286613815536,%
2025_잠재방한객조사_일반외국인.xlsx,일반외국인,E3-11,<표E3-11> 한국 문화별 이용 빈도_11. 한국 문학,BASE:E1. ⑪,베트남,베트남,국가/지역,거의 매일,78.0,(78),8.630801392881775,%
2025_잠재방한객조사_일반외국인.xlsx,일반외국인,E3-11,<표E3-11> 한국 문화별 이용 빈도_11. 한국 문학,BASE:E1. ⑪,베트남,베트남,국가/지역,계,78.0,(78),100,%
2025_잠재방한객조사_일반외국인.xlsx,일반외국인,E3-11,<표E3-11> 한국 문화별 이용 빈도_11. 한국 문학,BASE:E1. ⑪,싱가포르,싱가포르,국가/지역,1년에 1회 이상,55.0,(55),13.18985287651269,%
2025_잠재방한객조사_일반외국인.xlsx,일반외국인,E3-11,<표E3-11> 한국 문화별 이용 빈도_11. 한국 문학,BASE:E1. ⑪,싱가포르,싱가포르,국가/지역,반기별 1회 이상,55.0,(55),18.580719653348773,%
2025_잠재방한객조사_일반외국인.xlsx,일반외국인,E3-11,<표E3-11> 한국 문화별 이용 빈도_11. 한국 문학,BASE:E1. ⑪,싱가포르,싱가포르,국가/지역,분기별 1회 이상,55.0,(55),23.998411073110326,%
2025_잠재방한객조사_일반외국인.xlsx,일반외국인,E3-11,<표E3-11> 한국 문화별 이용 빈도_11. 한국 문학,BASE:E1. ⑪,싱가포르,싱가포르,국가/지역,한 달에 1회 이상,55.0,(55),27.956387826700123,%
2025_잠재방한객조사_일반외국인.xlsx,일반외국인,E3-11,<표E3-11> 한국 문화별 이용 빈도_11. 한국 문학,BASE:E1. ⑪,싱가포르,싱가포르,국가/지역,1주일에 1회 이상,55.0,(55),11.826026900510753,%
2025_잠재방한객조사_일반외국인.xlsx,일반외국인,E3-11,<표E3-11> 한국 문화별 이용 빈도_11. 한국 문학,BASE:E1. ⑪,싱가포르,싱가포르,국가/지역,거의 매일,55.0,(55),4.448601669817366,%
2025_잠재방한객조사_일반외국인.xlsx,일반외국인,E3-11,<표E3-11> 한국 문화별 이용 빈도_11. 한국 문학,BASE:E1. ⑪,싱가포르,싱가포르,국가/지역,계,55.0,(55),100,%
2025_잠재방한객조사_일반외국인.xlsx,일반외국인,E3-11,<표E3-11> 한국 문화별 이용 빈도_11. 한국 문학,BASE:E1. ⑪,인도네시아,인도네시아,국가/지역,1년에 1회 이상,62.0,(62),24.194634986701704,%
2025_잠재방한객조사_일반외국인.xlsx,일반외국인,E3-11,<표E3-11> 한국 문화별 이용 빈도_11. 한국 문학,BASE:E1. ⑪,인도네시아,인도네시아,국가/지역,반기별 1회 이상,62.0,(62),9.419976497790124,%
2025_잠재방한객조사_일반외국인.xlsx,일반외국인,E3-11,<표E3-11> 한국 문화별 이용 빈도_11. 한국 문학,BASE:E1. ⑪,인도네시아,인도네시아,국가/지역,분기별 1회 이상,62.0,(62),17.200280898263806,%
2025_잠재방한객조사_일반외국인.xlsx,일반외국인,E3-11,<표E3-11> 한국 문화별 이용 빈도_11. 한국 문학,BASE:E1. ⑪,인도네시아,인도네시아,국가/지역,한 달에 1회 이상,62.0,(62),19.98895808234638,%
2025_잠재방한객조사_일반외국인.xlsx,일반외국인,E3-11,<표E3-11> 한국 문화별 이용 빈도_11. 한국 문학,BASE:E1. ⑪,인도네시아,인도네시아,국가/지역,1주일에 1회 이상,62.0,(62),21.146038607799998,%
2025_잠재방한객조사_일반외국인.xlsx,일반외국인,E3-11,<표E3-11> 한국 문화별 이용 빈도_11. 한국 문학,BASE:E1. ⑪,인도네시아,인도네시아,국가/지역,거의 매일,62.0,(62),8.05011092709799,%
2025_잠재방한객조사_일반외국인.xlsx,일반외국인,E3-11,<표E3-11> 한국 문화별 이용 빈도_11. 한국 문학,BASE:E1. ⑪,인도네시아,인도네시아,국가/지역,계,62.0,(62),100,%
2025_잠재방한객조사_일반외국인.xlsx,일반외국인,E3-11,<표E3-11> 한국 문화별 이용 빈도_11. 한국 문학,BASE:E1. ⑪,태국,태국,국가/지역,1년에 1회 이상,79.0,(79),14.87787453385477,%
2025_잠재방한객조사_일반외국인.xlsx,일반외국인,E3-11,<표E3-11> 한국 문화별 이용 빈도_11. 한국 문학,BASE:E1. ⑪,태국,태국,국가/지역,반기별 1회 이상,79.0,(79),13.494948763889877,%
2025_잠재방한객조사_일반외국인.xlsx,일반외국인,E3-11,<표E3-11> 한국 문화별 이용 빈도_11. 한국 문학,BASE:E1. ⑪,태국,태국,국가/지역,분기별 1회 이상,79.0,(79),18.687258194976028,%
2025_잠재방한객조사_일반외국인.xlsx,일반외국인,E3-11,<표E3-11> 한국 문화별 이용 빈도_11. 한국 문학,BASE:E1. ⑪,태국,태국,국가/지역,한 달에 1회 이상,79.0,(79),28.66086047130408,%
2025_잠재방한객조사_일반외국인.xlsx,일반외국인,E3-11,<표E3-11> 한국 문화별 이용 빈도_11. 한국 문학,BASE:E1. ⑪,태국,태국,국가/지역,1주일에 1회 이상,79.0,(79),22.889452375885565,%
2025_잠재방한객조사_일반외국인.xlsx,일반외국인,E3-11,<표E3-11> 한국 문화별 이용 빈도_11. 한국 문학,BASE:E1. ⑪,태국,태국,국가/지역,거의 매일,79.0,(79),1.389605660089719,%
2025_잠재방한객조사_일반외국인.xlsx,일반외국인,E3-11,<표E3-11> 한국 문화별 이용 빈도_11. 한국 문학,BASE:E1. ⑪,태국,태국,국가/지역,계,79.0,(79),100,%
2025_잠재방한객조사_일반외국인.xlsx,일반외국인,E3-11,<표E3-11> 한국 문화별 이용 빈도_11. 한국 문학,BASE:E1. ⑪,말레이시아,말레이시아,국가/지역,1년에 1회 이상,58.0,(58),10.611239117678,%
2025_잠재방한객조사_일반외국인.xlsx,일반외국인,E3-11,<표E3-11> 한국 문화별 이용 빈도_11. 한국 문학,BASE:E1. ⑪,말레이시아,말레이시아,국가/지역,반기별 1회 이상,58.0,(58),8.40155454724254,%
2025_잠재방한객조사_일반외국인.xlsx,일반외국인,E3-11,<표E3-11> 한국 문화별 이용 빈도_11. 한국 문학,BASE:E1. ⑪,말레이시아,말레이시아,국가/지역,분기별 1회 이상,58.0,(58),27.364304325885442,%
2025_잠재방한객조사_일반외국인.xlsx,일반외국인,E3-11,<표E3-11> 한국 문화별 이용 빈도_11. 한국 문학,BASE:E1. ⑪,말레이시아,말레이시아,국가/지역,한 달에 1회 이상,58.0,(58),25.477756389034635,%
2025_잠재방한객조사_일반외국인.xlsx,일반외국인,E3-11,<표E3-11> 한국 문화별 이용 빈도_11. 한국 문학,BASE:E1. ⑪,말레이시아,말레이시아,국가/지역,1주일에 1회 이상,58.0,(58),22.975834673146288,%
2025_잠재방한객조사_일반외국인.xlsx,일반외국인,E3-11,<표E3-11> 한국 문화별 이용 빈도_11. 한국 문학,BASE:E1. ⑪,말레이시아,말레이시아,국가/지역,거의 매일,58.0,(58),5.169310947013109,%
2025_잠재방한객조사_일반외국인.xlsx,일반외국인,E3-11,<표E3-11> 한국 문화별 이용 빈도_11. 한국 문학,BASE:E1. ⑪,말레이시아,말레이시아,국가/지역,계,58.0,(58),100,%
2025_잠재방한객조사_일반외국인.xlsx,일반외국인,E3-11,<표E3-11> 한국 문화별 이용 빈도_11. 한국 문학,BASE:E1. ⑪,캐나다,캐나다,국가/지역,1년에 1회 이상,21.0,(21),18.774951706762316,%
2025_잠재방한객조사_일반외국인.xlsx,일반외국인,E3-11,<표E3-11> 한국 문화별 이용 빈도_11. 한국 문학,BASE:E1. ⑪,캐나다,캐나다,국가/지역,반기별 1회 이상,21.0,(21),19.53934930902318,%
2025_잠재방한객조사_일반외국인.xlsx,일반외국인,E3-11,<표E3-11> 한국 문화별 이용 빈도_11. 한국 문학,BASE:E1. ⑪,캐나다,캐나다,국가/지역,분기별 1회 이상,21.0,(21),23.178031601587993,%
2025_잠재방한객조사_일반외국인.xlsx,일반외국인,E3-11,<표E3-11> 한국 문화별 이용 빈도_11. 한국 문학,BASE:E1. ⑪,캐나다,캐나다,국가/지역,한 달에 1회 이상,21.0,(21),26.963511019995217,%
2025_잠재방한객조사_일반외국인.xlsx,일반외국인,E3-11,<표E3-11> 한국 문화별 이용 빈도_11. 한국 문학,BASE:E1. ⑪,캐나다,캐나다,국가/지역,1주일에 1회 이상,21.0,(21),7.616040629162788,%
2025_잠재방한객조사_일반외국인.xlsx,일반외국인,E3-11,<표E3-11> 한국 문화별 이용 빈도_11. 한국 문학,BASE:E1. ⑪,캐나다,캐나다,국가/지역,거의 매일,21.0,(21),3.9281157334685046,%
2025_잠재방한객조사_일반외국인.xlsx,일반외국인,E3-11,<표E3-11> 한국 문화별 이용 빈도_11. 한국 문학,BASE:E1. ⑪,캐나다,캐나다,국가/지역,계,21.0,(21),100,%
2025_잠재방한객조사_일반외국인.xlsx,일반외국인,E3-11,<표E3-11> 한국 문화별 이용 빈도_11. 한국 문학,BASE:E1. ⑪,호주,호주,국가/지역,1년에 1회 이상,29.0,(29),2.73657153706044,%
2025_잠재방한객조사_일반외국인.xlsx,일반외국인,E3-11,<표E3-11> 한국 문화별 이용 빈도_11. 한국 문학,BASE:E1. ⑪,호주,호주,국가/지역,반기별 1회 이상,29.0,(29),27.90487258942268,%
2025_잠재방한객조사_일반외국인.xlsx,일반외국인,E3-11,<표E3-11> 한국 문화별 이용 빈도_11. 한국 문학,BASE:E1. ⑪,호주,호주,국가/지역,분기별 1회 이상,29.0,(29),34.46070969367479,%
2025_잠재방한객조사_일반외국인.xlsx,일반외국인,E3-11,<표E3-11> 한국 문화별 이용 빈도_11. 한국 문학,BASE:E1. ⑪,호주,호주,국가/지역,한 달에 1회 이상,29.0,(29),16.81360928454355,%
2025_잠재방한객조사_일반외국인.xlsx,일반외국인,E3-11,<표E3-11> 한국 문화별 이용 빈도_11. 한국 문학,BASE:E1. ⑪,호주,호주,국가/지역,1주일에 1회 이상,29.0,(29),18.084236895298588,%
2025_잠재방한객조사_일반외국인.xlsx,일반외국인,E3-11,<표E3-11> 한국 문화별 이용 빈도_11. 한국 문학,BASE:E1. ⑪,호주,호주,국가/지역,거의 매일,29.0,(29),0,%
2025_잠재방한객조사_일반외국인.xlsx,일반외국인,E3-11,<표E3-11> 한국 문화별 이용 빈도_11. 한국 문학,BASE:E1. ⑪,호주,호주,국가/지역,계,29.0,(29),100,%
2025_잠재방한객조사_일반외국인.xlsx,일반외국인,E3-11,<표E3-11> 한국 문화별 이용 빈도_11. 한국 문학,BASE:E1. ⑪,러시아,러시아,국가/지역,1년에 1회 이상,56.0,(56),22.42224537530895,%
2025_잠재방한객조사_일반외국인.xlsx,일반외국인,E3-11,<표E3-11> 한국 문화별 이용 빈도_11. 한국 문학,BASE:E1. ⑪,러시아,러시아,국가/지역,반기별 1회 이상,56.0,(56),23.42472155782093,%
2025_잠재방한객조사_일반외국인.xlsx,일반외국인,E3-11,<표E3-11> 한국 문화별 이용 빈도_11. 한국 문학,BASE:E1. ⑪,러시아,러시아,국가/지역,분기별 1회 이상,56.0,(56),30.727850394750533,%
2025_잠재방한객조사_일반외국인.xlsx,일반외국인,E3-11,<표E3-11> 한국 문화별 이용 빈도_11. 한국 문학,BASE:E1. ⑪,러시아,러시아,국가/지역,한 달에 1회 이상,56.0,(56),15.973594354711999,%
2025_잠재방한객조사_일반외국인.xlsx,일반외국인,E3-11,<표E3-11> 한국 문화별 이용 빈도_11. 한국 문학,BASE:E1. ⑪,러시아,러시아,국가/지역,1주일에 1회 이상,56.0,(56),5.917238330978746,%
2025_잠재방한객조사_일반외국인.xlsx,일반외국인,E3-11,<표E3-11> 한국 문화별 이용 빈도_11. 한국 문학,BASE:E1. ⑪,러시아,러시아,국가/지역,거의 매일,56.0,(56),1.5343499864288594,%
2025_잠재방한객조사_일반외국인.xlsx,일반외국인,E3-11,<표E3-11> 한국 문화별 이용 빈도_11. 한국 문학,BASE:E1. ⑪,러시아,러시아,국가/지역,계,56.0,(56),100,%
2025_잠재방한객조사_일반외국인.xlsx,일반외국인,E3-11,<표E3-11> 한국 문화별 이용 빈도_11. 한국 문학,BASE:E1. ⑪,인도,인도,국가/지역,1년에 1회 이상,120.0,(120),9.440797095211952,%
2025_잠재방한객조사_일반외국인.xlsx,일반외국인,E3-11,<표E3-11> 한국 문화별 이용 빈도_11. 한국 문학,BASE:E1. ⑪,인도,인도,국가/지역,반기별 1회 이상,120.0,(120),12.921555841497243,%
2025_잠재방한객조사_일반외국인.xlsx,일반외국인,E3-11,<표E3-11> 한국 문화별 이용 빈도_11. 한국 문학,BASE:E1. ⑪,인도,인도,국가/지역,분기별 1회 이상,120.0,(120),15.339448188178045,%
2025_잠재방한객조사_일반외국인.xlsx,일반외국인,E3-11,<표E3-11> 한국 문화별 이용 빈도_11. 한국 문학,BASE:E1. ⑪,인도,인도,국가/지역,한 달에 1회 이상,120.0,(120),31.89770003559663,%
2025_잠재방한객조사_일반외국인.xlsx,일반외국인,E3-11,<표E3-11> 한국 문화별 이용 빈도_11. 한국 문학,BASE:E1. ⑪,인도,인도,국가/지역,1주일에 1회 이상,120.0,(120),25.584777371737655,%
2025_잠재방한객조사_일반외국인.xlsx,일반외국인,E3-11,<표E3-11> 한국 문화별 이용 빈도_11. 한국 문학,BASE:E1. ⑪,인도,인도,국가/지역,거의 매일,120.0,(120),4.815721467778449,%
2025_잠재방한객조사_일반외국인.xlsx,일반외국인,E3-11,<표E3-11> 한국 문화별 이용 빈도_11. 한국 문학,BASE:E1. ⑪,인도,인도,국가/지역,계,120.0,(120),100,%
2025_잠재방한객조사_일반외국인.xlsx,일반외국인,E3-11,<표E3-11> 한국 문화별 이용 빈도_11. 한국 문학,BASE:E1. ⑪,프랑스,프랑스,국가/지역,1년에 1회 이상,28.0,(28),19.555672883416044,%
2025_잠재방한객조사_일반외국인.xlsx,일반외국인,E3-11,<표E3-11> 한국 문화별 이용 빈도_11. 한국 문학,BASE:E1. ⑪,프랑스,프랑스,국가/지역,반기별 1회 이상,28.0,(28),8.544822316062142,%
2025_잠재방한객조사_일반외국인.xlsx,일반외국인,E3-11,<표E3-11> 한국 문화별 이용 빈도_11. 한국 문학,BASE:E1. ⑪,프랑스,프랑스,국가/지역,분기별 1회 이상,28.0,(28),28.733040777838365,%
2025_잠재방한객조사_일반외국인.xlsx,일반외국인,E3-11,<표E3-11> 한국 문화별 이용 빈도_11. 한국 문학,BASE:E1. ⑪,프랑스,프랑스,국가/지역,한 달에 1회 이상,28.0,(28),26.123487626991825,%
2025_잠재방한객조사_일반외국인.xlsx,일반외국인,E3-11,<표E3-11> 한국 문화별 이용 빈도_11. 한국 문학,BASE:E1. ⑪,프랑스,프랑스,국가/지역,1주일에 1회 이상,28.0,(28),13.691361815898844,%
2025_잠재방한객조사_일반외국인.xlsx,일반외국인,E3-11,<표E3-11> 한국 문화별 이용 빈도_11. 한국 문학,BASE:E1. ⑪,프랑스,프랑스,국가/지역,거의 매일,28.0,(28),3.3516145797927805,%
2025_잠재방한객조사_일반외국인.xlsx,일반외국인,E3-11,<표E3-11> 한국 문화별 이용 빈도_11. 한국 문학,BASE:E1. ⑪,프랑스,프랑스,국가/지역,계,28.0,(28),100,%
2025_잠재방한객조사_일반외국인.xlsx,일반외국인,E3-11,<표E3-11> 한국 문화별 이용 빈도_11. 한국 문학,BASE:E1. ⑪,독일,독일,국가/지역,1년에 1회 이상,27.0,(27),27.937324164429405,%
2025_잠재방한객조사_일반외국인.xlsx,일반외국인,E3-11,<표E3-11> 한국 문화별 이용 빈도_11. 한국 문학,BASE:E1. ⑪,독일,독일,국가/지역,반기별 1회 이상,27.0,(27),33.12391588544085,%
2025_잠재방한객조사_일반외국인.xlsx,일반외국인,E3-11,<표E3-11> 한국 문화별 이용 빈도_11. 한국 문학,BASE:E1. ⑪,독일,독일,국가/지역,분기별 1회 이상,27.0,(27),25.004706957536055,%
2025_잠재방한객조사_일반외국인.xlsx,일반외국인,E3-11,<표E3-11> 한국 문화별 이용 빈도_11. 한국 문학,BASE:E1. ⑪,독일,독일,국가/지역,한 달에 1회 이상,27.0,(27),8.448585640237388,%
2025_잠재방한객조사_일반외국인.xlsx,일반외국인,E3-11,<표E3-11> 한국 문화별 이용 빈도_11. 한국 문학,BASE:E1. ⑪,독일,독일,국가/지역,1주일에 1회 이상,27.0,(27),5.485467352356284,%
2025_잠재방한객조사_일반외국인.xlsx,일반외국인,E3-11,<표E3-11> 한국 문화별 이용 빈도_11. 한국 문학,BASE:E1. ⑪,독일,독일,국가/지역,거의 매일,27.0,(27),0,%
2025_잠재방한객조사_일반외국인.xlsx,일반외국인,E3-11,<표E3-11> 한국 문화별 이용 빈도_11. 한국 문학,BASE:E1. ⑪,독일,독일,국가/지역,계,27.0,(27),100,%
2025_잠재방한객조사_일반외국인.xlsx,일반외국인,E3-11,<표E3-11> 한국 문화별 이용 빈도_11. 한국 문학,BASE:E1. ⑪,영국,영국,국가/지역,1년에 1회 이상,32.0,(32),12.207945529276639,%
2025_잠재방한객조사_일반외국인.xlsx,일반외국인,E3-11,<표E3-11> 한국 문화별 이용 빈도_11. 한국 문학,BASE:E1. ⑪,영국,영국,국가/지역,반기별 1회 이상,32.0,(32),20.660090656812528,%
2025_잠재방한객조사_일반외국인.xlsx,일반외국인,E3-11,<표E3-11> 한국 문화별 이용 빈도_11. 한국 문학,BASE:E1. ⑪,영국,영국,국가/지역,분기별 1회 이상,32.0,(32),25.42817554201859,%
2025_잠재방한객조사_일반외국인.xlsx,일반외국인,E3-11,<표E3-11> 한국 문화별 이용 빈도_11. 한국 문학,BASE:E1. ⑪,영국,영국,국가/지역,한 달에 1회 이상,32.0,(32),20.914659392704305,%
2025_잠재방한객조사_일반외국인.xlsx,일반외국인,E3-11,<표E3-11> 한국 문화별 이용 빈도_11. 한국 문학,BASE:E1. ⑪,영국,영국,국가/지역,1주일에 1회 이상,32.0,(32),20.789128879187928,%
2025_잠재방한객조사_일반외국인.xlsx,일반외국인,E3-11,<표E3-11> 한국 문화별 이용 빈도_11. 한국 문학,BASE:E1. ⑪,영국,영국,국가/지역,거의 매일,32.0,(32),0,%
2025_잠재방한객조사_일반외국인.xlsx,일반외국인,E3-11,<표E3-11> 한국 문화별 이용 빈도_11. 한국 문학,BASE:E1. ⑪,영국,영국,국가/지역,계,32.0,(32),100,%
2025_잠재방한객조사_일반외국인.xlsx,일반외국인,E3-11,<표E3-11> 한국 문화별 이용 빈도_11. 한국 문학,BASE:E1. ⑪,멕시코,멕시코,국가/지역,1년에 1회 이상,66.0,(66),18.212989054614688,%
2025_잠재방한객조사_일반외국인.xlsx,일반외국인,E3-11,<표E3-11> 한국 문화별 이용 빈도_11. 한국 문학,BASE:E1. ⑪,멕시코,멕시코,국가/지역,반기별 1회 이상,66.0,(66),13.584946178301832,%
2025_잠재방한객조사_일반외국인.xlsx,일반외국인,E3-11,<표E3-11> 한국 문화별 이용 빈도_11. 한국 문학,BASE:E1. ⑪,멕시코,멕시코,국가/지역,분기별 1회 이상,66.0,(66),27.020303152836988,%
2025_잠재방한객조사_일반외국인.xlsx,일반외국인,E3-11,<표E3-11> 한국 문화별 이용 빈도_11. 한국 문학,BASE:E1. ⑪,멕시코,멕시코,국가/지역,한 달에 1회 이상,66.0,(66),23.68329488252302,%
2025_잠재방한객조사_일반외국인.xlsx,일반외국인,E3-11,<표E3-11> 한국 문화별 이용 빈도_11. 한국 문학,BASE:E1. ⑪,멕시코,멕시코,국가/지역,1주일에 1회 이상,66.0,(66),11.662064074619861,%
2025_잠재방한객조사_일반외국인.xlsx,일반외국인,E3-11,<표E3-11> 한국 문화별 이용 빈도_11. 한국 문학,BASE:E1. ⑪,멕시코,멕시코,국가/지역,거의 매일,66.0,(66),5.836402657103618,%
2025_잠재방한객조사_일반외국인.xlsx,일반외국인,E3-11,<표E3-11> 한국 문화별 이용 빈도_11. 한국 문학,BASE:E1. ⑪,멕시코,멕시코,국가/지역,계,66.0,(66),100,%
2025_잠재방한객조사_일반외국인.xlsx,일반외국인,E3-11,<표E3-11> 한국 문화별 이용 빈도_11. 한국 문학,BASE:E1. ⑪,카자흐스탄,카자흐스탄,국가/지역,1년에 1회 이상,26.0,(26),25.24615503221798,%
2025_잠재방한객조사_일반외국인.xlsx,일반외국인,E3-11,<표E3-11> 한국 문화별 이용 빈도_11. 한국 문학,BASE:E1. ⑪,카자흐스탄,카자흐스탄,국가/지역,반기별 1회 이상,26.0,(26),14.190834770187585,%
2025_잠재방한객조사_일반외국인.xlsx,일반외국인,E3-11,<표E3-11> 한국 문화별 이용 빈도_11. 한국 문학,BASE:E1. ⑪,카자흐스탄,카자흐스탄,국가/지역,분기별 1회 이상,26.0,(26),10.642089018617408,%
2025_잠재방한객조사_일반외국인.xlsx,일반외국인,E3-11,<표E3-11> 한국 문화별 이용 빈도_11. 한국 문학,BASE:E1. ⑪,카자흐스탄,카자흐스탄,국가/지역,한 달에 1회 이상,26.0,(26),24.681728541849363,%
2025_잠재방한객조사_일반외국인.xlsx,일반외국인,E3-11,<표E3-11> 한국 문화별 이용 빈도_11. 한국 문학,BASE:E1. ⑪,카자흐스탄,카자흐스탄,국가/지역,1주일에 1회 이상,26.0,(26),14.298902057938653,%
2025_잠재방한객조사_일반외국인.xlsx,일반외국인,E3-11,<표E3-11> 한국 문화별 이용 빈도_11. 한국 문학,BASE:E1. ⑪,카자흐스탄,카자흐스탄,국가/지역,거의 매일,26.0,(26),10.940290579189032,%
2025_잠재방한객조사_일반외국인.xlsx,일반외국인,E3-11,<표E3-11> 한국 문화별 이용 빈도_11. 한국 문학,BASE:E1. ⑪,카자흐스탄,카자흐스탄,국가/지역,계,26.0,(26),100,%
2025_잠재방한객조사_일반외국인.xlsx,일반외국인,E3-11,<표E3-11> 한국 문화별 이용 빈도_11. 한국 문학,BASE:E1. ⑪,튀르키예,튀르키예,국가/지역,1년에 1회 이상,64.0,(64),31.520176575312586,%
2025_잠재방한객조사_일반외국인.xlsx,일반외국인,E3-11,<표E3-11> 한국 문화별 이용 빈도_11. 한국 문학,BASE:E1. ⑪,튀르키예,튀르키예,국가/지역,반기별 1회 이상,64.0,(64),17.81950882782235,%
2025_잠재방한객조사_일반외국인.xlsx,일반외국인,E3-11,<표E3-11> 한국 문화별 이용 빈도_11. 한국 문학,BASE:E1. ⑪,튀르키예,튀르키예,국가/지역,분기별 1회 이상,64.0,(64),21.861358963147282,%
2025_잠재방한객조사_일반외국인.xlsx,일반외국인,E3-11,<표E3-11> 한국 문화별 이용 빈도_11. 한국 문학,BASE:E1. ⑪,튀르키예,튀르키예,국가/지역,한 달에 1회 이상,64.0,(64),15.806788102175332,%
2025_잠재방한객조사_일반외국인.xlsx,일반외국인,E3-11,<표E3-11> 한국 문화별 이용 빈도_11. 한국 문학,BASE:E1. ⑪,튀르키예,튀르키예,국가/지역,1주일에 1회 이상,64.0,(64),5.8237512148717,%
2025_잠재방한객조사_일반외국인.xlsx,일반외국인,E3-11,<표E3-11> 한국 문화별 이용 빈도_11. 한국 문학,BASE:E1. ⑪,튀르키예,튀르키예,국가/지역,거의 매일,64.0,(64),7.168416316670745,%
2025_잠재방한객조사_일반외국인.xlsx,일반외국인,E3-11,<표E3-11> 한국 문화별 이용 빈도_11. 한국 문학,BASE:E1. ⑪,튀르키예,튀르키예,국가/지역,계,64.0,(64),100,%
2025_잠재방한객조사_일반외국인.xlsx,일반외국인,E3-11,<표E3-11> 한국 문화별 이용 빈도_11. 한국 문학,BASE:E1. ⑪,브라질,브라질,국가/지역,1년에 1회 이상,40.0,(40),13.605857318773277,%
2025_잠재방한객조사_일반외국인.xlsx,일반외국인,E3-11,<표E3-11> 한국 문화별 이용 빈도_11. 한국 문학,BASE:E1. ⑪,브라질,브라질,국가/지역,반기별 1회 이상,40.0,(40),17.54267691067851,%
2025_잠재방한객조사_일반외국인.xlsx,일반외국인,E3-11,<표E3-11> 한국 문화별 이용 빈도_11. 한국 문학,BASE:E1. ⑪,브라질,브라질,국가/지역,분기별 1회 이상,40.0,(40),14.603094818299992,%
2025_잠재방한객조사_일반외국인.xlsx,일반외국인,E3-11,<표E3-11> 한국 문화별 이용 빈도_11. 한국 문학,BASE:E1. ⑪,브라질,브라질,국가/지역,한 달에 1회 이상,40.0,(40),28.804978533222936,%
2025_잠재방한객조사_일반외국인.xlsx,일반외국인,E3-11,<표E3-11> 한국 문화별 이용 빈도_11. 한국 문학,BASE:E1. ⑪,브라질,브라질,국가/지역,1주일에 1회 이상,40.0,(40),20.61591747406375,%
2025_잠재방한객조사_일반외국인.xlsx,일반외국인,E3-11,<표E3-11> 한국 문화별 이용 빈도_11. 한국 문학,BASE:E1. ⑪,브라질,브라질,국가/지역,거의 매일,40.0,(40),4.827474944961523,%
2025_잠재방한객조사_일반외국인.xlsx,일반외국인,E3-11,<표E3-11> 한국 문화별 이용 빈도_11. 한국 문학,BASE:E1. ⑪,브라질,브라질,국가/지역,계,40.0,(40),100,%
2025_잠재방한객조사_일반외국인.xlsx,일반외국인,E3-11,<표E3-11> 한국 문화별 이용 빈도_11. 한국 문학,BASE:E1. ⑪,사우디아라비아,사우디아라비아,국가/지역,1년에 1회 이상,57.0,(57),8.53967892770284,%
2025_잠재방한객조사_일반외국인.xlsx,일반외국인,E3-11,<표E3-11> 한국 문화별 이용 빈도_11. 한국 문학,BASE:E1. ⑪,사우디아라비아,사우디아라비아,국가/지역,반기별 1회 이상,57.0,(57),29.183470321955678,%
2025_잠재방한객조사_일반외국인.xlsx,일반외국인,E3-11,<표E3-11> 한국 문화별 이용 빈도_11. 한국 문학,BASE:E1. ⑪,사우디아라비아,사우디아라비아,국가/지역,분기별 1회 이상,57.0,(57),30.855735567915083,%
2025_잠재방한객조사_일반외국인.xlsx,일반외국인,E3-11,<표E3-11> 한국 문화별 이용 빈도_11. 한국 문학,BASE:E1. ⑪,사우디아라비아,사우디아라비아,국가/지역,한 달에 1회 이상,57.0,(57),12.498042938052198,%
2025_잠재방한객조사_일반외국인.xlsx,일반외국인,E3-11,<표E3-11> 한국 문화별 이용 빈도_11. 한국 문학,BASE:E1. ⑪,사우디아라비아,사우디아라비아,국가/지역,1주일에 1회 이상,57.0,(57),15.071682972959326,%
2025_잠재방한객조사_일반외국인.xlsx,일반외국인,E3-11,<표E3-11> 한국 문화별 이용 빈도_11. 한국 문학,BASE:E1. ⑪,사우디아라비아,사우디아라비아,국가/지역,거의 매일,57.0,(57),3.8513892714148095,%
2025_잠재방한객조사_일반외국인.xlsx,일반외국인,E3-11,<표E3-11> 한국 문화별 이용 빈도_11. 한국 문학,BASE:E1. ⑪,사우디아라비아,사우디아라비아,국가/지역,계,57.0,(57),100,%
2025_잠재방한객조사_일반외국인.xlsx,일반외국인,E3-11,<표E3-11> 한국 문화별 이용 빈도_11. 한국 문학,BASE:E1. ⑪,아랍에미리트,UAE,국가/지역,1년에 1회 이상,89.0,(89),9.84970710558153,%
2025_잠재방한객조사_일반외국인.xlsx,일반외국인,E3-11,<표E3-11> 한국 문화별 이용 빈도_11. 한국 문학,BASE:E1. ⑪,아랍에미리트,UAE,국가/지역,반기별 1회 이상,89.0,(89),15.26785891355302,%
2025_잠재방한객조사_일반외국인.xlsx,일반외국인,E3-11,<표E3-11> 한국 문화별 이용 빈도_11. 한국 문학,BASE:E1. ⑪,아랍에미리트,UAE,국가/지역,분기별 1회 이상,89.0,(89),22.319565934043613,%
2025_잠재방한객조사_일반외국인.xlsx,일반외국인,E3-11,<표E3-11> 한국 문화별 이용 빈도_11. 한국 문학,BASE:E1. ⑪,아랍에미리트,UAE,국가/지역,한 달에 1회 이상,89.0,(89),23.767583114956203,%
2025_잠재방한객조사_일반외국인.xlsx,일반외국인,E3-11,<표E3-11> 한국 문화별 이용 빈도_11. 한국 문학,BASE:E1. ⑪,아랍에미리트,UAE,국가/지역,1주일에 1회 이상,89.0,(89),23.90632626653838,%
2025_잠재방한객조사_일반외국인.xlsx,일반외국인,E3-11,<표E3-11> 한국 문화별 이용 빈도_11. 한국 문학,BASE:E1. ⑪,아랍에미리트,UAE,국가/지역,거의 매일,89.0,(89),4.888958665327184,%
2025_잠재방한객조사_일반외국인.xlsx,일반외국인,E3-11,<표E3-11> 한국 문화별 이용 빈도_11. 한국 문학,BASE:E1. ⑪,아랍에미리트,UAE,국가/지역,계,89.0,(89),100,%
2025_잠재방한객조사_일반외국인.xlsx,일반외국인,E3-12,<표E3-12> 한국 문화별 이용 빈도_12. 한국어,BASE:E1. ⑫,전체,전체,전체,1년에 1회 이상,1694.0,(1694),19.53513642832492,%
2025_잠재방한객조사_일반외국인.xlsx,일반외국인,E3-12,<표E3-12> 한국 문화별 이용 빈도_12. 한국어,BASE:E1. ⑫,전체,전체,전체,반기별 1회 이상,1694.0,(1694),13.203187466380292,%
2025_잠재방한객조사_일반외국인.xlsx,일반외국인,E3-12,<표E3-12> 한국 문화별 이용 빈도_12. 한국어,BASE:E1. ⑫,전체,전체,전체,분기별 1회 이상,1694.0,(1694),17.183565002534287,%
2025_잠재방한객조사_일반외국인.xlsx,일반외국인,E3-12,<표E3-12> 한국 문화별 이용 빈도_12. 한국어,BASE:E1. ⑫,전체,전체,전체,한 달에 1회 이상,1694.0,(1694),21.817590547696934,%
2025_잠재방한객조사_일반외국인.xlsx,일반외국인,E3-12,<표E3-12> 한국 문화별 이용 빈도_12. 한국어,BASE:E1. ⑫,전체,전체,전체,1주일에 1회 이상,1694.0,(1694),18.579723934462915,%
2025_잠재방한객조사_일반외국인.xlsx,일반외국인,E3-12,<표E3-12> 한국 문화별 이용 빈도_12. 한국어,BASE:E1. ⑫,전체,전체,전체,거의 매일,1694.0,(1694),9.680796620600422,%
2025_잠재방한객조사_일반외국인.xlsx,일반외국인,E3-12,<표E3-12> 한국 문화별 이용 빈도_12. 한국어,BASE:E1. ⑫,전체,전체,전체,계,1694.0,(1694),100,%
2025_잠재방한객조사_일반외국인.xlsx,일반외국인,E3-12,<표E3-12> 한국 문화별 이용 빈도_12. 한국어,BASE:E1. ⑫,중국,중국,국가/지역,1년에 1회 이상,219.0,(219),17.609358651953226,%
2025_잠재방한객조사_일반외국인.xlsx,일반외국인,E3-12,<표E3-12> 한국 문화별 이용 빈도_12. 한국어,BASE:E1. ⑫,중국,중국,국가/지역,반기별 1회 이상,219.0,(219),20.81884047326056,%
2025_잠재방한객조사_일반외국인.xlsx,일반외국인,E3-12,<표E3-12> 한국 문화별 이용 빈도_12. 한국어,BASE:E1. ⑫,중국,중국,국가/지역,분기별 1회 이상,219.0,(219),21.70333984491827,%
2025_잠재방한객조사_일반외국인.xlsx,일반외국인,E3-12,<표E3-12> 한국 문화별 이용 빈도_12. 한국어,BASE:E1. ⑫,중국,중국,국가/지역,한 달에 1회 이상,219.0,(219),17.014599149864967,%
2025_잠재방한객조사_일반외국인.xlsx,일반외국인,E3-12,<표E3-12> 한국 문화별 이용 빈도_12. 한국어,BASE:E1. ⑫,중국,중국,국가/지역,1주일에 1회 이상,219.0,(219),14.01600580622176,%
2025_잠재방한객조사_일반외국인.xlsx,일반외국인,E3-12,<표E3-12> 한국 문화별 이용 빈도_12. 한국어,BASE:E1. ⑫,중국,중국,국가/지역,거의 매일,219.0,(219),8.83785607378132,%
2025_잠재방한객조사_일반외국인.xlsx,일반외국인,E3-12,<표E3-12> 한국 문화별 이용 빈도_12. 한국어,BASE:E1. ⑫,중국,중국,국가/지역,계,219.0,(219),100,%
2025_잠재방한객조사_일반외국인.xlsx,일반외국인,E3-12,<표E3-12> 한국 문화별 이용 빈도_12. 한국어,BASE:E1. ⑫,일본,일본,국가/지역,1년에 1회 이상,90.0,(90),42.76592056654393,%
2025_잠재방한객조사_일반외국인.xlsx,일반외국인,E3-12,<표E3-12> 한국 문화별 이용 빈도_12. 한국어,BASE:E1. ⑫,일본,일본,국가/지역,반기별 1회 이상,90.0,(90),3.9827879449017374,%
2025_잠재방한객조사_일반외국인.xlsx,일반외국인,E3-12,<표E3-12> 한국 문화별 이용 빈도_12. 한국어,BASE:E1. ⑫,일본,일본,국가/지역,분기별 1회 이상,90.0,(90),7.1259303638758515,%
2025_잠재방한객조사_일반외국인.xlsx,일반외국인,E3-12,<표E3-12> 한국 문화별 이용 빈도_12. 한국어,BASE:E1. ⑫,일본,일본,국가/지역,한 달에 1회 이상,90.0,(90),20.611413679518847,%
2025_잠재방한객조사_일반외국인.xlsx,일반외국인,E3-12,<표E3-12> 한국 문화별 이용 빈도_12. 한국어,BASE:E1. ⑫,일본,일본,국가/지역,1주일에 1회 이상,90.0,(90),17.5941303919765,%
2025_잠재방한객조사_일반외국인.xlsx,일반외국인,E3-12,<표E3-12> 한국 문화별 이용 빈도_12. 한국어,BASE:E1. ⑫,일본,일본,국가/지역,거의 매일,90.0,(90),7.91981705318318,%
2025_잠재방한객조사_일반외국인.xlsx,일반외국인,E3-12,<표E3-12> 한국 문화별 이용 빈도_12. 한국어,BASE:E1. ⑫,일본,일본,국가/지역,계,90.0,(90),100,%
2025_잠재방한객조사_일반외국인.xlsx,일반외국인,E3-12,<표E3-12> 한국 문화별 이용 빈도_12. 한국어,BASE:E1. ⑫,대만,대만,국가/지역,1년에 1회 이상,34.0,(34),10.22334719351264,%
2025_잠재방한객조사_일반외국인.xlsx,일반외국인,E3-12,<표E3-12> 한국 문화별 이용 빈도_12. 한국어,BASE:E1. ⑫,대만,대만,국가/지역,반기별 1회 이상,34.0,(34),12.330488403107207,%
2025_잠재방한객조사_일반외국인.xlsx,일반외국인,E3-12,<표E3-12> 한국 문화별 이용 빈도_12. 한국어,BASE:E1. ⑫,대만,대만,국가/지역,분기별 1회 이상,34.0,(34),16.14212905393263,%
2025_잠재방한객조사_일반외국인.xlsx,일반외국인,E3-12,<표E3-12> 한국 문화별 이용 빈도_12. 한국어,BASE:E1. ⑫,대만,대만,국가/지역,한 달에 1회 이상,34.0,(34),34.127963872570064,%
2025_잠재방한객조사_일반외국인.xlsx,일반외국인,E3-12,<표E3-12> 한국 문화별 이용 빈도_12. 한국어,BASE:E1. ⑫,대만,대만,국가/지역,1주일에 1회 이상,34.0,(34),17.36542905467917,%
2025_잠재방한객조사_일반외국인.xlsx,일반외국인,E3-12,<표E3-12> 한국 문화별 이용 빈도_12. 한국어,BASE:E1. ⑫,대만,대만,국가/지역,거의 매일,34.0,(34),9.810642422198287,%
2025_잠재방한객조사_일반외국인.xlsx,일반외국인,E3-12,<표E3-12> 한국 문화별 이용 빈도_12. 한국어,BASE:E1. ⑫,대만,대만,국가/지역,계,34.0,(34),100,%
2025_잠재방한객조사_일반외국인.xlsx,일반외국인,E3-12,<표E3-12> 한국 문화별 이용 빈도_12. 한국어,BASE:E1. ⑫,미국,미국,국가/지역,1년에 1회 이상,96.0,(96),26.406786459744065,%
2025_잠재방한객조사_일반외국인.xlsx,일반외국인,E3-12,<표E3-12> 한국 문화별 이용 빈도_12. 한국어,BASE:E1. ⑫,미국,미국,국가/지역,반기별 1회 이상,96.0,(96),23.977483754703865,%
2025_잠재방한객조사_일반외국인.xlsx,일반외국인,E3-12,<표E3-12> 한국 문화별 이용 빈도_12. 한국어,BASE:E1. ⑫,미국,미국,국가/지역,분기별 1회 이상,96.0,(96),20.31366917629081,%
2025_잠재방한객조사_일반외국인.xlsx,일반외국인,E3-12,<표E3-12> 한국 문화별 이용 빈도_12. 한국어,BASE:E1. ⑫,미국,미국,국가/지역,한 달에 1회 이상,96.0,(96),15.924944234452433,%
2025_잠재방한객조사_일반외국인.xlsx,일반외국인,E3-12,<표E3-12> 한국 문화별 이용 빈도_12. 한국어,BASE:E1. ⑫,미국,미국,국가/지역,1주일에 1회 이상,96.0,(96),8.345736233748994,%
2025_잠재방한객조사_일반외국인.xlsx,일반외국인,E3-12,<표E3-12> 한국 문화별 이용 빈도_12. 한국어,BASE:E1. ⑫,미국,미국,국가/지역,거의 매일,96.0,(96),5.031380141059849,%
2025_잠재방한객조사_일반외국인.xlsx,일반외국인,E3-12,<표E3-12> 한국 문화별 이용 빈도_12. 한국어,BASE:E1. ⑫,미국,미국,국가/지역,계,96.0,(96),100,%
2025_잠재방한객조사_일반외국인.xlsx,일반외국인,E3-12,<표E3-12> 한국 문화별 이용 빈도_12. 한국어,BASE:E1. ⑫,필리핀,필리핀,국가/지역,1년에 1회 이상,132.0,(132),13.434854560236273,%
2025_잠재방한객조사_일반외국인.xlsx,일반외국인,E3-12,<표E3-12> 한국 문화별 이용 빈도_12. 한국어,BASE:E1. ⑫,필리핀,필리핀,국가/지역,반기별 1회 이상,132.0,(132),6.878233759396382,%
2025_잠재방한객조사_일반외국인.xlsx,일반외국인,E3-12,<표E3-12> 한국 문화별 이용 빈도_12. 한국어,BASE:E1. ⑫,필리핀,필리핀,국가/지역,분기별 1회 이상,132.0,(132),11.183259307621956,%
2025_잠재방한객조사_일반외국인.xlsx,일반외국인,E3-12,<표E3-12> 한국 문화별 이용 빈도_12. 한국어,BASE:E1. ⑫,필리핀,필리핀,국가/지역,한 달에 1회 이상,132.0,(132),26.02218740963031,%
2025_잠재방한객조사_일반외국인.xlsx,일반외국인,E3-12,<표E3-12> 한국 문화별 이용 빈도_12. 한국어,BASE:E1. ⑫,필리핀,필리핀,국가/지역,1주일에 1회 이상,132.0,(132),23.379537524469296,%
2025_잠재방한객조사_일반외국인.xlsx,일반외국인,E3-12,<표E3-12> 한국 문화별 이용 빈도_12. 한국어,BASE:E1. ⑫,필리핀,필리핀,국가/지역,거의 매일,132.0,(132),19.10192743864584,%
2025_잠재방한객조사_일반외국인.xlsx,일반외국인,E3-12,<표E3-12> 한국 문화별 이용 빈도_12. 한국어,BASE:E1. ⑫,필리핀,필리핀,국가/지역,계,132.0,(132),100,%
2025_잠재방한객조사_일반외국인.xlsx,일반외국인,E3-12,<표E3-12> 한국 문화별 이용 빈도_12. 한국어,BASE:E1. ⑫,베트남,베트남,국가/지역,1년에 1회 이상,78.0,(78),17.766926832872496,%
2025_잠재방한객조사_일반외국인.xlsx,일반외국인,E3-12,<표E3-12> 한국 문화별 이용 빈도_12. 한국어,BASE:E1. ⑫,베트남,베트남,국가/지역,반기별 1회 이상,78.0,(78),19.944305895461593,%
2025_잠재방한객조사_일반외국인.xlsx,일반외국인,E3-12,<표E3-12> 한국 문화별 이용 빈도_12. 한국어,BASE:E1. ⑫,베트남,베트남,국가/지역,분기별 1회 이상,78.0,(78),13.701813085384536,%
2025_잠재방한객조사_일반외국인.xlsx,일반외국인,E3-12,<표E3-12> 한국 문화별 이용 빈도_12. 한국어,BASE:E1. ⑫,베트남,베트남,국가/지역,한 달에 1회 이상,78.0,(78),19.841876547285246,%
2025_잠재방한객조사_일반외국인.xlsx,일반외국인,E3-12,<표E3-12> 한국 문화별 이용 빈도_12. 한국어,BASE:E1. ⑫,베트남,베트남,국가/지역,1주일에 1회 이상,78.0,(78),15.331060489567738,%
2025_잠재방한객조사_일반외국인.xlsx,일반외국인,E3-12,<표E3-12> 한국 문화별 이용 빈도_12. 한국어,BASE:E1. ⑫,베트남,베트남,국가/지역,거의 매일,78.0,(78),13.414017149428378,%
2025_잠재방한객조사_일반외국인.xlsx,일반외국인,E3-12,<표E3-12> 한국 문화별 이용 빈도_12. 한국어,BASE:E1. ⑫,베트남,베트남,국가/지역,계,78.0,(78),100,%
2025_잠재방한객조사_일반외국인.xlsx,일반외국인,E3-12,<표E3-12> 한국 문화별 이용 빈도_12. 한국어,BASE:E1. ⑫,싱가포르,싱가포르,국가/지역,1년에 1회 이상,73.0,(73),3.3038980679162986,%
2025_잠재방한객조사_일반외국인.xlsx,일반외국인,E3-12,<표E3-12> 한국 문화별 이용 빈도_12. 한국어,BASE:E1. ⑫,싱가포르,싱가포르,국가/지역,반기별 1회 이상,73.0,(73),11.758688361656843,%
2025_잠재방한객조사_일반외국인.xlsx,일반외국인,E3-12,<표E3-12> 한국 문화별 이용 빈도_12. 한국어,BASE:E1. ⑫,싱가포르,싱가포르,국가/지역,분기별 1회 이상,73.0,(73),19.755369804272036,%
2025_잠재방한객조사_일반외국인.xlsx,일반외국인,E3-12,<표E3-12> 한국 문화별 이용 빈도_12. 한국어,BASE:E1. ⑫,싱가포르,싱가포르,국가/지역,한 달에 1회 이상,73.0,(73),35.218678869942686,%
2025_잠재방한객조사_일반외국인.xlsx,일반외국인,E3-12,<표E3-12> 한국 문화별 이용 빈도_12. 한국어,BASE:E1. ⑫,싱가포르,싱가포르,국가/지역,1주일에 1회 이상,73.0,(73),16.59992248969514,%
2025_잠재방한객조사_일반외국인.xlsx,일반외국인,E3-12,<표E3-12> 한국 문화별 이용 빈도_12. 한국어,BASE:E1. ⑫,싱가포르,싱가포르,국가/지역,거의 매일,73.0,(73),13.363442406517029,%
2025_잠재방한객조사_일반외국인.xlsx,일반외국인,E3-12,<표E3-12> 한국 문화별 이용 빈도_12. 한국어,BASE:E1. ⑫,싱가포르,싱가포르,국가/지역,계,73.0,(73),100,%
2025_잠재방한객조사_일반외국인.xlsx,일반외국인,E3-12,<표E3-12> 한국 문화별 이용 빈도_12. 한국어,BASE:E1. ⑫,인도네시아,인도네시아,국가/지역,1년에 1회 이상,95.0,(95),17.341690483575157,%
2025_잠재방한객조사_일반외국인.xlsx,일반외국인,E3-12,<표E3-12> 한국 문화별 이용 빈도_12. 한국어,BASE:E1. ⑫,인도네시아,인도네시아,국가/지역,반기별 1회 이상,95.0,(95),7.901772853059519,%
2025_잠재방한객조사_일반외국인.xlsx,일반외국인,E3-12,<표E3-12> 한국 문화별 이용 빈도_12. 한국어,BASE:E1. ⑫,인도네시아,인도네시아,국가/지역,분기별 1회 이상,95.0,(95),7.737110441351862,%
2025_잠재방한객조사_일반외국인.xlsx,일반외국인,E3-12,<표E3-12> 한국 문화별 이용 빈도_12. 한국어,BASE:E1. ⑫,인도네시아,인도네시아,국가/지역,한 달에 1회 이상,95.0,(95),19.566784551318804,%
2025_잠재방한객조사_일반외국인.xlsx,일반외국인,E3-12,<표E3-12> 한국 문화별 이용 빈도_12. 한국어,BASE:E1. ⑫,인도네시아,인도네시아,국가/지역,1주일에 1회 이상,95.0,(95),38.07488557645676,%
2025_잠재방한객조사_일반외국인.xlsx,일반외국인,E3-12,<표E3-12> 한국 문화별 이용 빈도_12. 한국어,BASE:E1. ⑫,인도네시아,인도네시아,국가/지역,거의 매일,95.0,(95),9.377756094237943,%
2025_잠재방한객조사_일반외국인.xlsx,일반외국인,E3-12,<표E3-12> 한국 문화별 이용 빈도_12. 한국어,BASE:E1. ⑫,인도네시아,인도네시아,국가/지역,계,95.0,(95),100,%
2025_잠재방한객조사_일반외국인.xlsx,일반외국인,E3-12,<표E3-12> 한국 문화별 이용 빈도_12. 한국어,BASE:E1. ⑫,태국,태국,국가/지역,1년에 1회 이상,79.0,(79),21.540903065529776,%
2025_잠재방한객조사_일반외국인.xlsx,일반외국인,E3-12,<표E3-12> 한국 문화별 이용 빈도_12. 한국어,BASE:E1. ⑫,태국,태국,국가/지역,반기별 1회 이상,79.0,(79),9.533040223882534,%
2025_잠재방한객조사_일반외국인.xlsx,일반외국인,E3-12,<표E3-12> 한국 문화별 이용 빈도_12. 한국어,BASE:E1. ⑫,태국,태국,국가/지역,분기별 1회 이상,79.0,(79),20.73961088532284,%
2025_잠재방한객조사_일반외국인.xlsx,일반외국인,E3-12,<표E3-12> 한국 문화별 이용 빈도_12. 한국어,BASE:E1. ⑫,태국,태국,국가/지역,한 달에 1회 이상,79.0,(79),24.691595126883623,%
2025_잠재방한객조사_일반외국인.xlsx,일반외국인,E3-12,<표E3-12> 한국 문화별 이용 빈도_12. 한국어,BASE:E1. ⑫,태국,태국,국가/지역,1주일에 1회 이상,79.0,(79),12.28820967370866,%
2025_잠재방한객조사_일반외국인.xlsx,일반외국인,E3-12,<표E3-12> 한국 문화별 이용 빈도_12. 한국어,BASE:E1. ⑫,태국,태국,국가/지역,거의 매일,79.0,(79),11.206641024672532,%
2025_잠재방한객조사_일반외국인.xlsx,일반외국인,E3-12,<표E3-12> 한국 문화별 이용 빈도_12. 한국어,BASE:E1. ⑫,태국,태국,국가/지역,계,79.0,(79),100,%
2025_잠재방한객조사_일반외국인.xlsx,일반외국인,E3-12,<표E3-12> 한국 문화별 이용 빈도_12. 한국어,BASE:E1. ⑫,말레이시아,말레이시아,국가/지역,1년에 1회 이상,90.0,(90),13.170169588837341,%
2025_잠재방한객조사_일반외국인.xlsx,일반외국인,E3-12,<표E3-12> 한국 문화별 이용 빈도_12. 한국어,BASE:E1. ⑫,말레이시아,말레이시아,국가/지역,반기별 1회 이상,90.0,(90),10.93063692193669,%
2025_잠재방한객조사_일반외국인.xlsx,일반외국인,E3-12,<표E3-12> 한국 문화별 이용 빈도_12. 한국어,BASE:E1. ⑫,말레이시아,말레이시아,국가/지역,분기별 1회 이상,90.0,(90),17.103545468174396,%
2025_잠재방한객조사_일반외국인.xlsx,일반외국인,E3-12,<표E3-12> 한국 문화별 이용 빈도_12. 한국어,BASE:E1. ⑫,말레이시아,말레이시아,국가/지역,한 달에 1회 이상,90.0,(90),22.052775854165773,%
2025_잠재방한객조사_일반외국인.xlsx,일반외국인,E3-12,<표E3-12> 한국 문화별 이용 빈도_12. 한국어,BASE:E1. ⑫,말레이시아,말레이시아,국가/지역,1주일에 1회 이상,90.0,(90),20.138428670276845,%
2025_잠재방한객조사_일반외국인.xlsx,일반외국인,E3-12,<표E3-12> 한국 문화별 이용 빈도_12. 한국어,BASE:E1. ⑫,말레이시아,말레이시아,국가/지역,거의 매일,90.0,(90),16.604443496608933,%
2025_잠재방한객조사_일반외국인.xlsx,일반외국인,E3-12,<표E3-12> 한국 문화별 이용 빈도_12. 한국어,BASE:E1. ⑫,말레이시아,말레이시아,국가/지역,계,90.0,(90),100,%
2025_잠재방한객조사_일반외국인.xlsx,일반외국인,E3-12,<표E3-12> 한국 문화별 이용 빈도_12. 한국어,BASE:E1. ⑫,캐나다,캐나다,국가/지역,1년에 1회 이상,34.0,(34),20.39839423320688,%
2025_잠재방한객조사_일반외국인.xlsx,일반외국인,E3-12,<표E3-12> 한국 문화별 이용 빈도_12. 한국어,BASE:E1. ⑫,캐나다,캐나다,국가/지역,반기별 1회 이상,34.0,(34),6.8823142474504415,%
2025_잠재방한객조사_일반외국인.xlsx,일반외국인,E3-12,<표E3-12> 한국 문화별 이용 빈도_12. 한국어,BASE:E1. ⑫,캐나다,캐나다,국가/지역,분기별 1회 이상,34.0,(34),20.828770456182994,%
2025_잠재방한객조사_일반외국인.xlsx,일반외국인,E3-12,<표E3-12> 한국 문화별 이용 빈도_12. 한국어,BASE:E1. ⑫,캐나다,캐나다,국가/지역,한 달에 1회 이상,34.0,(34),23.421180227759745,%
2025_잠재방한객조사_일반외국인.xlsx,일반외국인,E3-12,<표E3-12> 한국 문화별 이용 빈도_12. 한국어,BASE:E1. ⑫,캐나다,캐나다,국가/지역,1주일에 1회 이상,34.0,(34),21.568031338619555,%
2025_잠재방한객조사_일반외국인.xlsx,일반외국인,E3-12,<표E3-12> 한국 문화별 이용 빈도_12. 한국어,BASE:E1. ⑫,캐나다,캐나다,국가/지역,거의 매일,34.0,(34),6.901309496780353,%
2025_잠재방한객조사_일반외국인.xlsx,일반외국인,E3-12,<표E3-12> 한국 문화별 이용 빈도_12. 한국어,BASE:E1. ⑫,캐나다,캐나다,국가/지역,계,34.0,(34),100,%
2025_잠재방한객조사_일반외국인.xlsx,일반외국인,E3-12,<표E3-12> 한국 문화별 이용 빈도_12. 한국어,BASE:E1. ⑫,호주,호주,국가/지역,1년에 1회 이상,29.0,(29),19.70111091842829,%
2025_잠재방한객조사_일반외국인.xlsx,일반외국인,E3-12,<표E3-12> 한국 문화별 이용 빈도_12. 한국어,BASE:E1. ⑫,호주,호주,국가/지역,반기별 1회 이상,29.0,(29),8.392269224886938,%
2025_잠재방한객조사_일반외국인.xlsx,일반외국인,E3-12,<표E3-12> 한국 문화별 이용 빈도_12. 한국어,BASE:E1. ⑫,호주,호주,국가/지역,분기별 1회 이상,29.0,(29),35.28161254272187,%
2025_잠재방한객조사_일반외국인.xlsx,일반외국인,E3-12,<표E3-12> 한국 문화별 이용 빈도_12. 한국어,BASE:E1. ⑫,호주,호주,국가/지역,한 달에 1회 이상,29.0,(29),25.139214140638007,%
2025_잠재방한객조사_일반외국인.xlsx,일반외국인,E3-12,<표E3-12> 한국 문화별 이용 빈도_12. 한국어,BASE:E1. ⑫,호주,호주,국가/지역,1주일에 1회 이상,29.0,(29),8.538853177009049,%
2025_잠재방한객조사_일반외국인.xlsx,일반외국인,E3-12,<표E3-12> 한국 문화별 이용 빈도_12. 한국어,BASE:E1. ⑫,호주,호주,국가/지역,거의 매일,29.0,(29),2.946939996315859,%
2025_잠재방한객조사_일반외국인.xlsx,일반외국인,E3-12,<표E3-12> 한국 문화별 이용 빈도_12. 한국어,BASE:E1. ⑫,호주,호주,국가/지역,계,29.0,(29),100,%
2025_잠재방한객조사_일반외국인.xlsx,일반외국인,E3-12,<표E3-12> 한국 문화별 이용 빈도_12. 한국어,BASE:E1. ⑫,러시아,러시아,국가/지역,1년에 1회 이상,62.0,(62),34.85978131142159,%
2025_잠재방한객조사_일반외국인.xlsx,일반외국인,E3-12,<표E3-12> 한국 문화별 이용 빈도_12. 한국어,BASE:E1. ⑫,러시아,러시아,국가/지역,반기별 1회 이상,62.0,(62),14.646506884439118,%
2025_잠재방한객조사_일반외국인.xlsx,일반외국인,E3-12,<표E3-12> 한국 문화별 이용 빈도_12. 한국어,BASE:E1. ⑫,러시아,러시아,국가/지역,분기별 1회 이상,62.0,(62),16.88509163785567,%
2025_잠재방한객조사_일반외국인.xlsx,일반외국인,E3-12,<표E3-12> 한국 문화별 이용 빈도_12. 한국어,BASE:E1. ⑫,러시아,러시아,국가/지역,한 달에 1회 이상,62.0,(62),17.08597145540981,%
2025_잠재방한객조사_일반외국인.xlsx,일반외국인,E3-12,<표E3-12> 한국 문화별 이용 빈도_12. 한국어,BASE:E1. ⑫,러시아,러시아,국가/지역,1주일에 1회 이상,62.0,(62),9.163574667470131,%
2025_잠재방한객조사_일반외국인.xlsx,일반외국인,E3-12,<표E3-12> 한국 문화별 이용 빈도_12. 한국어,BASE:E1. ⑫,러시아,러시아,국가/지역,거의 매일,62.0,(62),7.359074043403687,%
2025_잠재방한객조사_일반외국인.xlsx,일반외국인,E3-12,<표E3-12> 한국 문화별 이용 빈도_12. 한국어,BASE:E1. ⑫,러시아,러시아,국가/지역,계,62.0,(62),100,%
2025_잠재방한객조사_일반외국인.xlsx,일반외국인,E3-12,<표E3-12> 한국 문화별 이용 빈도_12. 한국어,BASE:E1. ⑫,인도,인도,국가/지역,1년에 1회 이상,90.0,(90),15.165863450013568,%
2025_잠재방한객조사_일반외국인.xlsx,일반외국인,E3-12,<표E3-12> 한국 문화별 이용 빈도_12. 한국어,BASE:E1. ⑫,인도,인도,국가/지역,반기별 1회 이상,90.0,(90),9.023316348068903,%
2025_잠재방한객조사_일반외국인.xlsx,일반외국인,E3-12,<표E3-12> 한국 문화별 이용 빈도_12. 한국어,BASE:E1. ⑫,인도,인도,국가/지역,분기별 1회 이상,90.0,(90),19.909309087162285,%
2025_잠재방한객조사_일반외국인.xlsx,일반외국인,E3-12,<표E3-12> 한국 문화별 이용 빈도_12. 한국어,BASE:E1. ⑫,인도,인도,국가/지역,한 달에 1회 이상,90.0,(90),26.709358474554413,%
2025_잠재방한객조사_일반외국인.xlsx,일반외국인,E3-12,<표E3-12> 한국 문화별 이용 빈도_12. 한국어,BASE:E1. ⑫,인도,인도,국가/지역,1주일에 1회 이상,90.0,(90),25.878209075485415,%
2025_잠재방한객조사_일반외국인.xlsx,일반외국인,E3-12,<표E3-12> 한국 문화별 이용 빈도_12. 한국어,BASE:E1. ⑫,인도,인도,국가/지역,거의 매일,90.0,(90),3.3139435647153217,%
2025_잠재방한객조사_일반외국인.xlsx,일반외국인,E3-12,<표E3-12> 한국 문화별 이용 빈도_12. 한국어,BASE:E1. ⑫,인도,인도,국가/지역,계,90.0,(90),100,%
2025_잠재방한객조사_일반외국인.xlsx,일반외국인,E3-12,<표E3-12> 한국 문화별 이용 빈도_12. 한국어,BASE:E1. ⑫,프랑스,프랑스,국가/지역,1년에 1회 이상,19.0,(19),26.3052004359846,%
2025_잠재방한객조사_일반외국인.xlsx,일반외국인,E3-12,<표E3-12> 한국 문화별 이용 빈도_12. 한국어,BASE:E1. ⑫,프랑스,프랑스,국가/지역,반기별 1회 이상,19.0,(19),13.736489984217013,%
2025_잠재방한객조사_일반외국인.xlsx,일반외국인,E3-12,<표E3-12> 한국 문화별 이용 빈도_12. 한국어,BASE:E1. ⑫,프랑스,프랑스,국가/지역,분기별 1회 이상,19.0,(19),8.321934639259284,%
2025_잠재방한객조사_일반외국인.xlsx,일반외국인,E3-12,<표E3-12> 한국 문화별 이용 빈도_12. 한국어,BASE:E1. ⑫,프랑스,프랑스,국가/지역,한 달에 1회 이상,19.0,(19),20.07251516686168,%
2025_잠재방한객조사_일반외국인.xlsx,일반외국인,E3-12,<표E3-12> 한국 문화별 이용 빈도_12. 한국어,BASE:E1. ⑫,프랑스,프랑스,국가/지역,1주일에 1회 이상,19.0,(19),19.83234431014126,%
2025_잠재방한객조사_일반외국인.xlsx,일반외국인,E3-12,<표E3-12> 한국 문화별 이용 빈도_12. 한국어,BASE:E1. ⑫,프랑스,프랑스,국가/지역,거의 매일,19.0,(19),11.73151546353617,%
2025_잠재방한객조사_일반외국인.xlsx,일반외국인,E3-12,<표E3-12> 한국 문화별 이용 빈도_12. 한국어,BASE:E1. ⑫,프랑스,프랑스,국가/지역,계,19.0,(19),100,%
2025_잠재방한객조사_일반외국인.xlsx,일반외국인,E3-12,<표E3-12> 한국 문화별 이용 빈도_12. 한국어,BASE:E1. ⑫,독일,독일,국가/지역,1년에 1회 이상,24.0,(24),28.277221670866233,%
2025_잠재방한객조사_일반외국인.xlsx,일반외국인,E3-12,<표E3-12> 한국 문화별 이용 빈도_12. 한국어,BASE:E1. ⑫,독일,독일,국가/지역,반기별 1회 이상,24.0,(24),22.039022543266242,%
2025_잠재방한객조사_일반외국인.xlsx,일반외국인,E3-12,<표E3-12> 한국 문화별 이용 빈도_12. 한국어,BASE:E1. ⑫,독일,독일,국가/지역,분기별 1회 이상,24.0,(24),21.393010916581616,%
2025_잠재방한객조사_일반외국인.xlsx,일반외국인,E3-12,<표E3-12> 한국 문화별 이용 빈도_12. 한국어,BASE:E1. ⑫,독일,독일,국가/지역,한 달에 1회 이상,24.0,(24),12.73889302599539,%
2025_잠재방한객조사_일반외국인.xlsx,일반외국인,E3-12,<표E3-12> 한국 문화별 이용 빈도_12. 한국어,BASE:E1. ⑫,독일,독일,국가/지역,1주일에 1회 이상,24.0,(24),15.551851843290521,%
2025_잠재방한객조사_일반외국인.xlsx,일반외국인,E3-12,<표E3-12> 한국 문화별 이용 빈도_12. 한국어,BASE:E1. ⑫,독일,독일,국가/지역,거의 매일,24.0,(24),0,%
2025_잠재방한객조사_일반외국인.xlsx,일반외국인,E3-12,<표E3-12> 한국 문화별 이용 빈도_12. 한국어,BASE:E1. ⑫,독일,독일,국가/지역,계,24.0,(24),100,%
2025_잠재방한객조사_일반외국인.xlsx,일반외국인,E3-12,<표E3-12> 한국 문화별 이용 빈도_12. 한국어,BASE:E1. ⑫,영국,영국,국가/지역,1년에 1회 이상,36.0,(36),17.855329966194738,%
2025_잠재방한객조사_일반외국인.xlsx,일반외국인,E3-12,<표E3-12> 한국 문화별 이용 빈도_12. 한국어,BASE:E1. ⑫,영국,영국,국가/지역,반기별 1회 이상,36.0,(36),9.144421439217986,%
2025_잠재방한객조사_일반외국인.xlsx,일반외국인,E3-12,<표E3-12> 한국 문화별 이용 빈도_12. 한국어,BASE:E1. ⑫,영국,영국,국가/지역,분기별 1회 이상,36.0,(36),23.78803190036354,%
2025_잠재방한객조사_일반외국인.xlsx,일반외국인,E3-12,<표E3-12> 한국 문화별 이용 빈도_12. 한국어,BASE:E1. ⑫,영국,영국,국가/지역,한 달에 1회 이상,36.0,(36),11.733679643973034,%
2025_잠재방한객조사_일반외국인.xlsx,일반외국인,E3-12,<표E3-12> 한국 문화별 이용 빈도_12. 한국어,BASE:E1. ⑫,영국,영국,국가/지역,1주일에 1회 이상,36.0,(36),32.62721423425616,%
2025_잠재방한객조사_일반외국인.xlsx,일반외국인,E3-12,<표E3-12> 한국 문화별 이용 빈도_12. 한국어,BASE:E1. ⑫,영국,영국,국가/지역,거의 매일,36.0,(36),4.851322815994529,%
2025_잠재방한객조사_일반외국인.xlsx,일반외국인,E3-12,<표E3-12> 한국 문화별 이용 빈도_12. 한국어,BASE:E1. ⑫,영국,영국,국가/지역,계,36.0,(36),100,%
2025_잠재방한객조사_일반외국인.xlsx,일반외국인,E3-12,<표E3-12> 한국 문화별 이용 빈도_12. 한국어,BASE:E1. ⑫,멕시코,멕시코,국가/지역,1년에 1회 이상,59.0,(59),12.183943618575576,%
2025_잠재방한객조사_일반외국인.xlsx,일반외국인,E3-12,<표E3-12> 한국 문화별 이용 빈도_12. 한국어,BASE:E1. ⑫,멕시코,멕시코,국가/지역,반기별 1회 이상,59.0,(59),13.602959984465155,%
2025_잠재방한객조사_일반외국인.xlsx,일반외국인,E3-12,<표E3-12> 한국 문화별 이용 빈도_12. 한국어,BASE:E1. ⑫,멕시코,멕시코,국가/지역,분기별 1회 이상,59.0,(59),16.29991507211497,%
2025_잠재방한객조사_일반외국인.xlsx,일반외국인,E3-12,<표E3-12> 한국 문화별 이용 빈도_12. 한국어,BASE:E1. ⑫,멕시코,멕시코,국가/지역,한 달에 1회 이상,59.0,(59),21.461209029214707,%
2025_잠재방한객조사_일반외국인.xlsx,일반외국인,E3-12,<표E3-12> 한국 문화별 이용 빈도_12. 한국어,BASE:E1. ⑫,멕시코,멕시코,국가/지역,1주일에 1회 이상,59.0,(59),28.08440064127611,%
2025_잠재방한객조사_일반외국인.xlsx,일반외국인,E3-12,<표E3-12> 한국 문화별 이용 빈도_12. 한국어,BASE:E1. ⑫,멕시코,멕시코,국가/지역,거의 매일,59.0,(59),8.36757165435349,%
2025_잠재방한객조사_일반외국인.xlsx,일반외국인,E3-12,<표E3-12> 한국 문화별 이용 빈도_12. 한국어,BASE:E1. ⑫,멕시코,멕시코,국가/지역,계,59.0,(59),100,%
2025_잠재방한객조사_일반외국인.xlsx,일반외국인,E3-12,<표E3-12> 한국 문화별 이용 빈도_12. 한국어,BASE:E1. ⑫,카자흐스탄,카자흐스탄,국가/지역,1년에 1회 이상,46.0,(46),18.5708974395587,%
2025_잠재방한객조사_일반외국인.xlsx,일반외국인,E3-12,<표E3-12> 한국 문화별 이용 빈도_12. 한국어,BASE:E1. ⑫,카자흐스탄,카자흐스탄,국가/지역,반기별 1회 이상,46.0,(46),18.536821053496944,%
2025_잠재방한객조사_일반외국인.xlsx,일반외국인,E3-12,<표E3-12> 한국 문화별 이용 빈도_12. 한국어,BASE:E1. ⑫,카자흐스탄,카자흐스탄,국가/지역,분기별 1회 이상,46.0,(46),20.32057148868479,%
2025_잠재방한객조사_일반외국인.xlsx,일반외국인,E3-12,<표E3-12> 한국 문화별 이용 빈도_12. 한국어,BASE:E1. ⑫,카자흐스탄,카자흐스탄,국가/지역,한 달에 1회 이상,46.0,(46),18.001008003489467,%
2025_잠재방한객조사_일반외국인.xlsx,일반외국인,E3-12,<표E3-12> 한국 문화별 이용 빈도_12. 한국어,BASE:E1. ⑫,카자흐스탄,카자흐스탄,국가/지역,1주일에 1회 이상,46.0,(46),14.356181645512972,%
2025_잠재방한객조사_일반외국인.xlsx,일반외국인,E3-12,<표E3-12> 한국 문화별 이용 빈도_12. 한국어,BASE:E1. ⑫,카자흐스탄,카자흐스탄,국가/지역,거의 매일,46.0,(46),10.214520369257123,%
2025_잠재방한객조사_일반외국인.xlsx,일반외국인,E3-12,<표E3-12> 한국 문화별 이용 빈도_12. 한국어,BASE:E1. ⑫,카자흐스탄,카자흐스탄,국가/지역,계,46.0,(46),100,%
2025_잠재방한객조사_일반외국인.xlsx,일반외국인,E3-12,<표E3-12> 한국 문화별 이용 빈도_12. 한국어,BASE:E1. ⑫,튀르키예,튀르키예,국가/지역,1년에 1회 이상,56.0,(56),35.295171119284056,%
2025_잠재방한객조사_일반외국인.xlsx,일반외국인,E3-12,<표E3-12> 한국 문화별 이용 빈도_12. 한국어,BASE:E1. ⑫,튀르키예,튀르키예,국가/지역,반기별 1회 이상,56.0,(56),14.869621519208515,%
2025_잠재방한객조사_일반외국인.xlsx,일반외국인,E3-12,<표E3-12> 한국 문화별 이용 빈도_12. 한국어,BASE:E1. ⑫,튀르키예,튀르키예,국가/지역,분기별 1회 이상,56.0,(56),15.865811135567242,%
2025_잠재방한객조사_일반외국인.xlsx,일반외국인,E3-12,<표E3-12> 한국 문화별 이용 빈도_12. 한국어,BASE:E1. ⑫,튀르키예,튀르키예,국가/지역,한 달에 1회 이상,56.0,(56),11.64104103059105,%
2025_잠재방한객조사_일반외국인.xlsx,일반외국인,E3-12,<표E3-12> 한국 문화별 이용 빈도_12. 한국어,BASE:E1. ⑫,튀르키예,튀르키예,국가/지역,1주일에 1회 이상,56.0,(56),14.292409188040676,%
2025_잠재방한객조사_일반외국인.xlsx,일반외국인,E3-12,<표E3-12> 한국 문화별 이용 빈도_12. 한국어,BASE:E1. ⑫,튀르키예,튀르키예,국가/지역,거의 매일,56.0,(56),8.035946007308443,%
2025_잠재방한객조사_일반외국인.xlsx,일반외국인,E3-12,<표E3-12> 한국 문화별 이용 빈도_12. 한국어,BASE:E1. ⑫,튀르키예,튀르키예,국가/지역,계,56.0,(56),100,%
2025_잠재방한객조사_일반외국인.xlsx,일반외국인,E3-12,<표E3-12> 한국 문화별 이용 빈도_12. 한국어,BASE:E1. ⑫,브라질,브라질,국가/지역,1년에 1회 이상,31.0,(31),19.25641027401199,%
2025_잠재방한객조사_일반외국인.xlsx,일반외국인,E3-12,<표E3-12> 한국 문화별 이용 빈도_12. 한국어,BASE:E1. ⑫,브라질,브라질,국가/지역,반기별 1회 이상,31.0,(31),7.931500433204798,%
2025_잠재방한객조사_일반외국인.xlsx,일반외국인,E3-12,<표E3-12> 한국 문화별 이용 빈도_12. 한국어,BASE:E1. ⑫,브라질,브라질,국가/지역,분기별 1회 이상,31.0,(31),4.971050806069911,%
2025_잠재방한객조사_일반외국인.xlsx,일반외국인,E3-12,<표E3-12> 한국 문화별 이용 빈도_12. 한국어,BASE:E1. ⑫,브라질,브라질,국가/지역,한 달에 1회 이상,31.0,(31),28.565044156255592,%
2025_잠재방한객조사_일반외국인.xlsx,일반외국인,E3-12,<표E3-12> 한국 문화별 이용 빈도_12. 한국어,BASE:E1. ⑫,브라질,브라질,국가/지역,1주일에 1회 이상,31.0,(31),30.65095309695286,%
2025_잠재방한객조사_일반외국인.xlsx,일반외국인,E3-12,<표E3-12> 한국 문화별 이용 빈도_12. 한국어,BASE:E1. ⑫,브라질,브라질,국가/지역,거의 매일,31.0,(31),8.625041233504865,%
2025_잠재방한객조사_일반외국인.xlsx,일반외국인,E3-12,<표E3-12> 한국 문화별 이용 빈도_12. 한국어,BASE:E1. ⑫,브라질,브라질,국가/지역,계,31.0,(31),100,%
2025_잠재방한객조사_일반외국인.xlsx,일반외국인,E3-12,<표E3-12> 한국 문화별 이용 빈도_12. 한국어,BASE:E1. ⑫,사우디아라비아,사우디아라비아,국가/지역,1년에 1회 이상,54.0,(54),7.214762045738994,%
2025_잠재방한객조사_일반외국인.xlsx,일반외국인,E3-12,<표E3-12> 한국 문화별 이용 빈도_12. 한국어,BASE:E1. ⑫,사우디아라비아,사우디아라비아,국가/지역,반기별 1회 이상,54.0,(54),19.789395897527598,%
2025_잠재방한객조사_일반외국인.xlsx,일반외국인,E3-12,<표E3-12> 한국 문화별 이용 빈도_12. 한국어,BASE:E1. ⑫,사우디아라비아,사우디아라비아,국가/지역,분기별 1회 이상,54.0,(54),29.11442022745625,%
2025_잠재방한객조사_일반외국인.xlsx,일반외국인,E3-12,<표E3-12> 한국 문화별 이용 빈도_12. 한국어,BASE:E1. ⑫,사우디아라비아,사우디아라비아,국가/지역,한 달에 1회 이상,54.0,(54),22.201772996977517,%
2025_잠재방한객조사_일반외국인.xlsx,일반외국인,E3-12,<표E3-12> 한국 문화별 이용 빈도_12. 한국어,BASE:E1. ⑫,사우디아라비아,사우디아라비아,국가/지역,1주일에 1회 이상,54.0,(54),13.844187084839382,%
2025_잠재방한객조사_일반외국인.xlsx,일반외국인,E3-12,<표E3-12> 한국 문화별 이용 빈도_12. 한국어,BASE:E1. ⑫,사우디아라비아,사우디아라비아,국가/지역,거의 매일,54.0,(54),7.835461747460193,%
2025_잠재방한객조사_일반외국인.xlsx,일반외국인,E3-12,<표E3-12> 한국 문화별 이용 빈도_12. 한국어,BASE:E1. ⑫,사우디아라비아,사우디아라비아,국가/지역,계,54.0,(54),100,%
2025_잠재방한객조사_일반외국인.xlsx,일반외국인,E3-12,<표E3-12> 한국 문화별 이용 빈도_12. 한국어,BASE:E1. ⑫,아랍에미리트,UAE,국가/지역,1년에 1회 이상,68.0,(68),9.669045853581025,%
2025_잠재방한객조사_일반외국인.xlsx,일반외국인,E3-12,<표E3-12> 한국 문화별 이용 빈도_12. 한국어,BASE:E1. ⑫,아랍에미리트,UAE,국가/지역,반기별 1회 이상,68.0,(68),11.66311916083373,%
2025_잠재방한객조사_일반외국인.xlsx,일반외국인,E3-12,<표E3-12> 한국 문화별 이용 빈도_12. 한국어,BASE:E1. ⑫,아랍에미리트,UAE,국가/지역,분기별 1회 이상,68.0,(68),19.931961053387802,%
2025_잠재방한객조사_일반외국인.xlsx,일반외국인,E3-12,<표E3-12> 한국 문화별 이용 빈도_12. 한국어,BASE:E1. ⑫,아랍에미리트,UAE,국가/지역,한 달에 1회 이상,68.0,(68),24.61916704596307,%
2025_잠재방한객조사_일반외국인.xlsx,일반외국인,E3-12,<표E3-12> 한국 문화별 이용 빈도_12. 한국어,BASE:E1. ⑫,아랍에미리트,UAE,국가/지역,1주일에 1회 이상,68.0,(68),21.81833018150108,%
2025_잠재방한객조사_일반외국인.xlsx,일반외국인,E3-12,<표E3-12> 한국 문화별 이용 빈도_12. 한국어,BASE:E1. ⑫,아랍에미리트,UAE,국가/지역,거의 매일,68.0,(68),12.298376704733279,%
2025_잠재방한객조사_일반외국인.xlsx,일반외국인,E3-12,<표E3-12> 한국 문화별 이용 빈도_12. 한국어,BASE:E1. ⑫,아랍에미리트,UAE,국가/지역,계,68.0,(68),100,%
2025_잠재방한객조사_일반외국인.xlsx,일반외국인,E3-13,<표E3-13> 한국 문화별 이용 빈도_13. 기타,BASE:E1. ⑬,전체,전체,전체,1년에 1회 이상,36.0,(36),31.158866774419337,%
2025_잠재방한객조사_일반외국인.xlsx,일반외국인,E3-13,<표E3-13> 한국 문화별 이용 빈도_13. 기타,BASE:E1. ⑬,전체,전체,전체,반기별 1회 이상,36.0,(36),6.433023390049934,%
2025_잠재방한객조사_일반외국인.xlsx,일반외국인,E3-13,<표E3-13> 한국 문화별 이용 빈도_13. 기타,BASE:E1. ⑬,전체,전체,전체,분기별 1회 이상,36.0,(36),16.210187241927184,%
2025_잠재방한객조사_일반외국인.xlsx,일반외국인,E3-13,<표E3-13> 한국 문화별 이용 빈도_13. 기타,BASE:E1. ⑬,전체,전체,전체,한 달에 1회 이상,36.0,(36),12.033078811521513,%
2025_잠재방한객조사_일반외국인.xlsx,일반외국인,E3-13,<표E3-13> 한국 문화별 이용 빈도_13. 기타,BASE:E1. ⑬,전체,전체,전체,1주일에 1회 이상,36.0,(36),11.245386111544429,%
2025_잠재방한객조사_일반외국인.xlsx,일반외국인,E3-13,<표E3-13> 한국 문화별 이용 빈도_13. 기타,BASE:E1. ⑬,전체,전체,전체,거의 매일,36.0,(36),22.91945767053759,%
2025_잠재방한객조사_일반외국인.xlsx,일반외국인,E3-13,<표E3-13> 한국 문화별 이용 빈도_13. 기타,BASE:E1. ⑬,전체,전체,전체,계,36.0,(36),100,%
2025_잠재방한객조사_일반외국인.xlsx,일반외국인,E3-13,<표E3-13> 한국 문화별 이용 빈도_13. 기타,BASE:E1. ⑬,중국,중국,국가/지역,1년에 1회 이상,2.0,(2),53.4446203413238,%
2025_잠재방한객조사_일반외국인.xlsx,일반외국인,E3-13,<표E3-13> 한국 문화별 이용 빈도_13. 기타,BASE:E1. ⑬,중국,중국,국가/지역,반기별 1회 이상,2.0,(2),0,%
2025_잠재방한객조사_일반외국인.xlsx,일반외국인,E3-13,<표E3-13> 한국 문화별 이용 빈도_13. 기타,BASE:E1. ⑬,중국,중국,국가/지역,분기별 1회 이상,2.0,(2),0,%
2025_잠재방한객조사_일반외국인.xlsx,일반외국인,E3-13,<표E3-13> 한국 문화별 이용 빈도_13. 기타,BASE:E1. ⑬,중국,중국,국가/지역,한 달에 1회 이상,2.0,(2),0,%
2025_잠재방한객조사_일반외국인.xlsx,일반외국인,E3-13,<표E3-13> 한국 문화별 이용 빈도_13. 기타,BASE:E1. ⑬,중국,중국,국가/지역,1주일에 1회 이상,2.0,(2),0,%
2025_잠재방한객조사_일반외국인.xlsx,일반외국인,E3-13,<표E3-13> 한국 문화별 이용 빈도_13. 기타,BASE:E1. ⑬,중국,중국,국가/지역,거의 매일,2.0,(2),46.5553796586762,%
2025_잠재방한객조사_일반외국인.xlsx,일반외국인,E3-13,<표E3-13> 한국 문화별 이용 빈도_13. 기타,BASE:E1. ⑬,중국,중국,국가/지역,계,2.0,(2),100,%
2025_잠재방한객조사_일반외국인.xlsx,일반외국인,E3-13,<표E3-13> 한국 문화별 이용 빈도_13. 기타,BASE:E1. ⑬,일본,일본,국가/지역,1년에 1회 이상,3.0,(3),0,%
2025_잠재방한객조사_일반외국인.xlsx,일반외국인,E3-13,<표E3-13> 한국 문화별 이용 빈도_13. 기타,BASE:E1. ⑬,일본,일본,국가/지역,반기별 1회 이상,3.0,(3),0,%
2025_잠재방한객조사_일반외국인.xlsx,일반외국인,E3-13,<표E3-13> 한국 문화별 이용 빈도_13. 기타,BASE:E1. ⑬,일본,일본,국가/지역,분기별 1회 이상,3.0,(3),0,%
2025_잠재방한객조사_일반외국인.xlsx,일반외국인,E3-13,<표E3-13> 한국 문화별 이용 빈도_13. 기타,BASE:E1. ⑬,일본,일본,국가/지역,한 달에 1회 이상,3.0,(3),0,%
2025_잠재방한객조사_일반외국인.xlsx,일반외국인,E3-13,<표E3-13> 한국 문화별 이용 빈도_13. 기타,BASE:E1. ⑬,일본,일본,국가/지역,1주일에 1회 이상,3.0,(3),0,%
2025_잠재방한객조사_일반외국인.xlsx,일반외국인,E3-13,<표E3-13> 한국 문화별 이용 빈도_13. 기타,BASE:E1. ⑬,일본,일본,국가/지역,거의 매일,3.0,(3),100,%
2025_잠재방한객조사_일반외국인.xlsx,일반외국인,E3-13,<표E3-13> 한국 문화별 이용 빈도_13. 기타,BASE:E1. ⑬,일본,일본,국가/지역,계,3.0,(3),100,%
2025_잠재방한객조사_일반외국인.xlsx,일반외국인,E3-13,<표E3-13> 한국 문화별 이용 빈도_13. 기타,BASE:E1. ⑬,대만,대만,국가/지역,1년에 1회 이상,1.0,(1),0,%
2025_잠재방한객조사_일반외국인.xlsx,일반외국인,E3-13,<표E3-13> 한국 문화별 이용 빈도_13. 기타,BASE:E1. ⑬,대만,대만,국가/지역,반기별 1회 이상,1.0,(1),0,%
2025_잠재방한객조사_일반외국인.xlsx,일반외국인,E3-13,<표E3-13> 한국 문화별 이용 빈도_13. 기타,BASE:E1. ⑬,대만,대만,국가/지역,분기별 1회 이상,1.0,(1),0,%
2025_잠재방한객조사_일반외국인.xlsx,일반외국인,E3-13,<표E3-13> 한국 문화별 이용 빈도_13. 기타,BASE:E1. ⑬,대만,대만,국가/지역,한 달에 1회 이상,1.0,(1),0,%
2025_잠재방한객조사_일반외국인.xlsx,일반외국인,E3-13,<표E3-13> 한국 문화별 이용 빈도_13. 기타,BASE:E1. ⑬,대만,대만,국가/지역,1주일에 1회 이상,1.0,(1),0,%
2025_잠재방한객조사_일반외국인.xlsx,일반외국인,E3-13,<표E3-13> 한국 문화별 이용 빈도_13. 기타,BASE:E1. ⑬,대만,대만,국가/지역,거의 매일,1.0,(1),100,%
2025_잠재방한객조사_일반외국인.xlsx,일반외국인,E3-13,<표E3-13> 한국 문화별 이용 빈도_13. 기타,BASE:E1. ⑬,대만,대만,국가/지역,계,1.0,(1),100,%
2025_잠재방한객조사_일반외국인.xlsx,일반외국인,E3-13,<표E3-13> 한국 문화별 이용 빈도_13. 기타,BASE:E1. ⑬,미국,미국,국가/지역,1년에 1회 이상,4.0,(4),40.6964670890489,%
2025_잠재방한객조사_일반외국인.xlsx,일반외국인,E3-13,<표E3-13> 한국 문화별 이용 빈도_13. 기타,BASE:E1. ⑬,미국,미국,국가/지역,반기별 1회 이상,4.0,(4),19.47733439373079,%
2025_잠재방한객조사_일반외국인.xlsx,일반외국인,E3-13,<표E3-13> 한국 문화별 이용 빈도_13. 기타,BASE:E1. ⑬,미국,미국,국가/지역,분기별 1회 이상,4.0,(4),19.65233892203923,%
2025_잠재방한객조사_일반외국인.xlsx,일반외국인,E3-13,<표E3-13> 한국 문화별 이용 빈도_13. 기타,BASE:E1. ⑬,미국,미국,국가/지역,한 달에 1회 이상,4.0,(4),20.173859595181078,%
2025_잠재방한객조사_일반외국인.xlsx,일반외국인,E3-13,<표E3-13> 한국 문화별 이용 빈도_13. 기타,BASE:E1. ⑬,미국,미국,국가/지역,1주일에 1회 이상,4.0,(4),0,%
2025_잠재방한객조사_일반외국인.xlsx,일반외국인,E3-13,<표E3-13> 한국 문화별 이용 빈도_13. 기타,BASE:E1. ⑬,미국,미국,국가/지역,거의 매일,4.0,(4),0,%
2025_잠재방한객조사_일반외국인.xlsx,일반외국인,E3-13,<표E3-13> 한국 문화별 이용 빈도_13. 기타,BASE:E1. ⑬,미국,미국,국가/지역,계,4.0,(4),100,%
2025_잠재방한객조사_일반외국인.xlsx,일반외국인,E3-13,<표E3-13> 한국 문화별 이용 빈도_13. 기타,BASE:E1. ⑬,필리핀,필리핀,국가/지역,1년에 1회 이상,2.0,(2),0,%
2025_잠재방한객조사_일반외국인.xlsx,일반외국인,E3-13,<표E3-13> 한국 문화별 이용 빈도_13. 기타,BASE:E1. ⑬,필리핀,필리핀,국가/지역,반기별 1회 이상,2.0,(2),0,%
2025_잠재방한객조사_일반외국인.xlsx,일반외국인,E3-13,<표E3-13> 한국 문화별 이용 빈도_13. 기타,BASE:E1. ⑬,필리핀,필리핀,국가/지역,분기별 1회 이상,2.0,(2),53.35413974083507,%
2025_잠재방한객조사_일반외국인.xlsx,일반외국인,E3-13,<표E3-13> 한국 문화별 이용 빈도_13. 기타,BASE:E1. ⑬,필리핀,필리핀,국가/지역,한 달에 1회 이상,2.0,(2),0,%
2025_잠재방한객조사_일반외국인.xlsx,일반외국인,E3-13,<표E3-13> 한국 문화별 이용 빈도_13. 기타,BASE:E1. ⑬,필리핀,필리핀,국가/지역,1주일에 1회 이상,2.0,(2),0,%
2025_잠재방한객조사_일반외국인.xlsx,일반외국인,E3-13,<표E3-13> 한국 문화별 이용 빈도_13. 기타,BASE:E1. ⑬,필리핀,필리핀,국가/지역,거의 매일,2.0,(2),46.645860259164934,%
2025_잠재방한객조사_일반외국인.xlsx,일반외국인,E3-13,<표E3-13> 한국 문화별 이용 빈도_13. 기타,BASE:E1. ⑬,필리핀,필리핀,국가/지역,계,2.0,(2),100,%
2025_잠재방한객조사_일반외국인.xlsx,일반외국인,E3-13,<표E3-13> 한국 문화별 이용 빈도_13. 기타,BASE:E1. ⑬,인도네시아,인도네시아,국가/지역,1년에 1회 이상,3.0,(3),31.345782902317705,%
2025_잠재방한객조사_일반외국인.xlsx,일반외국인,E3-13,<표E3-13> 한국 문화별 이용 빈도_13. 기타,BASE:E1. ⑬,인도네시아,인도네시아,국가/지역,반기별 1회 이상,3.0,(3),0,%
2025_잠재방한객조사_일반외국인.xlsx,일반외국인,E3-13,<표E3-13> 한국 문화별 이용 빈도_13. 기타,BASE:E1. ⑬,인도네시아,인도네시아,국가/지역,분기별 1회 이상,3.0,(3),27.138526495019473,%
2025_잠재방한객조사_일반외국인.xlsx,일반외국인,E3-13,<표E3-13> 한국 문화별 이용 빈도_13. 기타,BASE:E1. ⑬,인도네시아,인도네시아,국가/지역,한 달에 1회 이상,3.0,(3),41.515690602662836,%
2025_잠재방한객조사_일반외국인.xlsx,일반외국인,E3-13,<표E3-13> 한국 문화별 이용 빈도_13. 기타,BASE:E1. ⑬,인도네시아,인도네시아,국가/지역,1주일에 1회 이상,3.0,(3),0,%
2025_잠재방한객조사_일반외국인.xlsx,일반외국인,E3-13,<표E3-13> 한국 문화별 이용 빈도_13. 기타,BASE:E1. ⑬,인도네시아,인도네시아,국가/지역,거의 매일,3.0,(3),0,%
2025_잠재방한객조사_일반외국인.xlsx,일반외국인,E3-13,<표E3-13> 한국 문화별 이용 빈도_13. 기타,BASE:E1. ⑬,인도네시아,인도네시아,국가/지역,계,3.0,(3),100,%
2025_잠재방한객조사_일반외국인.xlsx,일반외국인,E3-13,<표E3-13> 한국 문화별 이용 빈도_13. 기타,BASE:E1. ⑬,태국,태국,국가/지역,1년에 1회 이상,1.0,(1),0,%
2025_잠재방한객조사_일반외국인.xlsx,일반외국인,E3-13,<표E3-13> 한국 문화별 이용 빈도_13. 기타,BASE:E1. ⑬,태국,태국,국가/지역,반기별 1회 이상,1.0,(1),0,%
2025_잠재방한객조사_일반외국인.xlsx,일반외국인,E3-13,<표E3-13> 한국 문화별 이용 빈도_13. 기타,BASE:E1. ⑬,태국,태국,국가/지역,분기별 1회 이상,1.0,(1),100,%
2025_잠재방한객조사_일반외국인.xlsx,일반외국인,E3-13,<표E3-13> 한국 문화별 이용 빈도_13. 기타,BASE:E1. ⑬,태국,태국,국가/지역,한 달에 1회 이상,1.0,(1),0,%
2025_잠재방한객조사_일반외국인.xlsx,일반외국인,E3-13,<표E3-13> 한국 문화별 이용 빈도_13. 기타,BASE:E1. ⑬,태국,태국,국가/지역,1주일에 1회 이상,1.0,(1),0,%
2025_잠재방한객조사_일반외국인.xlsx,일반외국인,E3-13,<표E3-13> 한국 문화별 이용 빈도_13. 기타,BASE:E1. ⑬,태국,태국,국가/지역,거의 매일,1.0,(1),0,%
2025_잠재방한객조사_일반외국인.xlsx,일반외국인,E3-13,<표E3-13> 한국 문화별 이용 빈도_13. 기타,BASE:E1. ⑬,태국,태국,국가/지역,계,1.0,(1),100,%
2025_잠재방한객조사_일반외국인.xlsx,일반외국인,E3-13,<표E3-13> 한국 문화별 이용 빈도_13. 기타,BASE:E1. ⑬,말레이시아,말레이시아,국가/지역,1년에 1회 이상,2.0,(2),50.06771410601959,%
2025_잠재방한객조사_일반외국인.xlsx,일반외국인,E3-13,<표E3-13> 한국 문화별 이용 빈도_13. 기타,BASE:E1. ⑬,말레이시아,말레이시아,국가/지역,반기별 1회 이상,2.0,(2),0,%
2025_잠재방한객조사_일반외국인.xlsx,일반외국인,E3-13,<표E3-13> 한국 문화별 이용 빈도_13. 기타,BASE:E1. ⑬,말레이시아,말레이시아,국가/지역,분기별 1회 이상,2.0,(2),0,%
2025_잠재방한객조사_일반외국인.xlsx,일반외국인,E3-13,<표E3-13> 한국 문화별 이용 빈도_13. 기타,BASE:E1. ⑬,말레이시아,말레이시아,국가/지역,한 달에 1회 이상,2.0,(2),0,%
2025_잠재방한객조사_일반외국인.xlsx,일반외국인,E3-13,<표E3-13> 한국 문화별 이용 빈도_13. 기타,BASE:E1. ⑬,말레이시아,말레이시아,국가/지역,1주일에 1회 이상,2.0,(2),49.93228589398041,%
2025_잠재방한객조사_일반외국인.xlsx,일반외국인,E3-13,<표E3-13> 한국 문화별 이용 빈도_13. 기타,BASE:E1. ⑬,말레이시아,말레이시아,국가/지역,거의 매일,2.0,(2),0,%
2025_잠재방한객조사_일반외국인.xlsx,일반외국인,E3-13,<표E3-13> 한국 문화별 이용 빈도_13. 기타,BASE:E1. ⑬,말레이시아,말레이시아,국가/지역,계,2.0,(2),100,%
2025_잠재방한객조사_일반외국인.xlsx,일반외국인,E3-13,<표E3-13> 한국 문화별 이용 빈도_13. 기타,BASE:E1. ⑬,캐나다,캐나다,국가/지역,1년에 1회 이상,2.0,(2),33.13502218824333,%
2025_잠재방한객조사_일반외국인.xlsx,일반외국인,E3-13,<표E3-13> 한국 문화별 이용 빈도_13. 기타,BASE:E1. ⑬,캐나다,캐나다,국가/지역,반기별 1회 이상,2.0,(2),32.299893820332784,%
2025_잠재방한객조사_일반외국인.xlsx,일반외국인,E3-13,<표E3-13> 한국 문화별 이용 빈도_13. 기타,BASE:E1. ⑬,캐나다,캐나다,국가/지역,분기별 1회 이상,2.0,(2),0,%
2025_잠재방한객조사_일반외국인.xlsx,일반외국인,E3-13,<표E3-13> 한국 문화별 이용 빈도_13. 기타,BASE:E1. ⑬,캐나다,캐나다,국가/지역,한 달에 1회 이상,2.0,(2),34.56508399142389,%
2025_잠재방한객조사_일반외국인.xlsx,일반외국인,E3-13,<표E3-13> 한국 문화별 이용 빈도_13. 기타,BASE:E1. ⑬,캐나다,캐나다,국가/지역,1주일에 1회 이상,2.0,(2),0,%
2025_잠재방한객조사_일반외국인.xlsx,일반외국인,E3-13,<표E3-13> 한국 문화별 이용 빈도_13. 기타,BASE:E1. ⑬,캐나다,캐나다,국가/지역,거의 매일,2.0,(2),0,%
2025_잠재방한객조사_일반외국인.xlsx,일반외국인,E3-13,<표E3-13> 한국 문화별 이용 빈도_13. 기타,BASE:E1. ⑬,캐나다,캐나다,국가/지역,계,2.0,(2),100,%
2025_잠재방한객조사_일반외국인.xlsx,일반외국인,E3-13,<표E3-13> 한국 문화별 이용 빈도_13. 기타,BASE:E1. ⑬,호주,호주,국가/지역,1년에 1회 이상,4.0,(4),22.086240669341667,%
2025_잠재방한객조사_일반외국인.xlsx,일반외국인,E3-13,<표E3-13> 한국 문화별 이용 빈도_13. 기타,BASE:E1. ⑬,호주,호주,국가/지역,반기별 1회 이상,4.0,(4),0,%
2025_잠재방한객조사_일반외국인.xlsx,일반외국인,E3-13,<표E3-13> 한국 문화별 이용 빈도_13. 기타,BASE:E1. ⑬,호주,호주,국가/지역,분기별 1회 이상,4.0,(4),22.449795481342836,%
2025_잠재방한객조사_일반외국인.xlsx,일반외국인,E3-13,<표E3-13> 한국 문화별 이용 빈도_13. 기타,BASE:E1. ⑬,호주,호주,국가/지역,한 달에 1회 이상,4.0,(4),0,%
2025_잠재방한객조사_일반외국인.xlsx,일반외국인,E3-13,<표E3-13> 한국 문화별 이용 빈도_13. 기타,BASE:E1. ⑬,호주,호주,국가/지역,1주일에 1회 이상,4.0,(4),55.4639638493155,%
2025_잠재방한객조사_일반외국인.xlsx,일반외국인,E3-13,<표E3-13> 한국 문화별 이용 빈도_13. 기타,BASE:E1. ⑬,호주,호주,국가/지역,거의 매일,4.0,(4),0,%
2025_잠재방한객조사_일반외국인.xlsx,일반외국인,E3-13,<표E3-13> 한국 문화별 이용 빈도_13. 기타,BASE:E1. ⑬,호주,호주,국가/지역,계,4.0,(4),100,%
2025_잠재방한객조사_일반외국인.xlsx,일반외국인,E3-13,<표E3-13> 한국 문화별 이용 빈도_13. 기타,BASE:E1. ⑬,인도,인도,국가/지역,1년에 1회 이상,2.0,(2),57.395491448315894,%
2025_잠재방한객조사_일반외국인.xlsx,일반외국인,E3-13,<표E3-13> 한국 문화별 이용 빈도_13. 기타,BASE:E1. ⑬,인도,인도,국가/지역,반기별 1회 이상,2.0,(2),0,%
2025_잠재방한객조사_일반외국인.xlsx,일반외국인,E3-13,<표E3-13> 한국 문화별 이용 빈도_13. 기타,BASE:E1. ⑬,인도,인도,국가/지역,분기별 1회 이상,2.0,(2),0,%
2025_잠재방한객조사_일반외국인.xlsx,일반외국인,E3-13,<표E3-13> 한국 문화별 이용 빈도_13. 기타,BASE:E1. ⑬,인도,인도,국가/지역,한 달에 1회 이상,2.0,(2),0,%
2025_잠재방한객조사_일반외국인.xlsx,일반외국인,E3-13,<표E3-13> 한국 문화별 이용 빈도_13. 기타,BASE:E1. ⑬,인도,인도,국가/지역,1주일에 1회 이상,2.0,(2),0,%
2025_잠재방한객조사_일반외국인.xlsx,일반외국인,E3-13,<표E3-13> 한국 문화별 이용 빈도_13. 기타,BASE:E1. ⑬,인도,인도,국가/지역,거의 매일,2.0,(2),42.60450855168412,%
2025_잠재방한객조사_일반외국인.xlsx,일반외국인,E3-13,<표E3-13> 한국 문화별 이용 빈도_13. 기타,BASE:E1. ⑬,인도,인도,국가/지역,계,2.0,(2),100,%
2025_잠재방한객조사_일반외국인.xlsx,일반외국인,E3-13,<표E3-13> 한국 문화별 이용 빈도_13. 기타,BASE:E1. ⑬,프랑스,프랑스,국가/지역,1년에 1회 이상,2.0,(2),100,%
2025_잠재방한객조사_일반외국인.xlsx,일반외국인,E3-13,<표E3-13> 한국 문화별 이용 빈도_13. 기타,BASE:E1. ⑬,프랑스,프랑스,국가/지역,반기별 1회 이상,2.0,(2),0,%
2025_잠재방한객조사_일반외국인.xlsx,일반외국인,E3-13,<표E3-13> 한국 문화별 이용 빈도_13. 기타,BASE:E1. ⑬,프랑스,프랑스,국가/지역,분기별 1회 이상,2.0,(2),0,%
2025_잠재방한객조사_일반외국인.xlsx,일반외국인,E3-13,<표E3-13> 한국 문화별 이용 빈도_13. 기타,BASE:E1. ⑬,프랑스,프랑스,국가/지역,한 달에 1회 이상,2.0,(2),0,%
2025_잠재방한객조사_일반외국인.xlsx,일반외국인,E3-13,<표E3-13> 한국 문화별 이용 빈도_13. 기타,BASE:E1. ⑬,프랑스,프랑스,국가/지역,1주일에 1회 이상,2.0,(2),0,%
2025_잠재방한객조사_일반외국인.xlsx,일반외국인,E3-13,<표E3-13> 한국 문화별 이용 빈도_13. 기타,BASE:E1. ⑬,프랑스,프랑스,국가/지역,거의 매일,2.0,(2),0,%
2025_잠재방한객조사_일반외국인.xlsx,일반외국인,E3-13,<표E3-13> 한국 문화별 이용 빈도_13. 기타,BASE:E1. ⑬,프랑스,프랑스,국가/지역,계,2.0,(2),100,%
2025_잠재방한객조사_일반외국인.xlsx,일반외국인,E3-13,<표E3-13> 한국 문화별 이용 빈도_13. 기타,BASE:E1. ⑬,영국,영국,국가/지역,1년에 1회 이상,1.0,(1),0,%
2025_잠재방한객조사_일반외국인.xlsx,일반외국인,E3-13,<표E3-13> 한국 문화별 이용 빈도_13. 기타,BASE:E1. ⑬,영국,영국,국가/지역,반기별 1회 이상,1.0,(1),0,%
2025_잠재방한객조사_일반외국인.xlsx,일반외국인,E3-13,<표E3-13> 한국 문화별 이용 빈도_13. 기타,BASE:E1. ⑬,영국,영국,국가/지역,분기별 1회 이상,1.0,(1),0,%
2025_잠재방한객조사_일반외국인.xlsx,일반외국인,E3-13,<표E3-13> 한국 문화별 이용 빈도_13. 기타,BASE:E1. ⑬,영국,영국,국가/지역,한 달에 1회 이상,1.0,(1),100,%
2025_잠재방한객조사_일반외국인.xlsx,일반외국인,E3-13,<표E3-13> 한국 문화별 이용 빈도_13. 기타,BASE:E1. ⑬,영국,영국,국가/지역,1주일에 1회 이상,1.0,(1),0,%
2025_잠재방한객조사_일반외국인.xlsx,일반외국인,E3-13,<표E3-13> 한국 문화별 이용 빈도_13. 기타,BASE:E1. ⑬,영국,영국,국가/지역,거의 매일,1.0,(1),0,%
2025_잠재방한객조사_일반외국인.xlsx,일반외국인,E3-13,<표E3-13> 한국 문화별 이용 빈도_13. 기타,BASE:E1. ⑬,영국,영국,국가/지역,계,1.0,(1),100,%
2025_잠재방한객조사_일반외국인.xlsx,일반외국인,E3-13,<표E3-13> 한국 문화별 이용 빈도_13. 기타,BASE:E1. ⑬,카자흐스탄,카자흐스탄,국가/지역,1년에 1회 이상,1.0,(1),100,%
2025_잠재방한객조사_일반외국인.xlsx,일반외국인,E3-13,<표E3-13> 한국 문화별 이용 빈도_13. 기타,BASE:E1. ⑬,카자흐스탄,카자흐스탄,국가/지역,반기별 1회 이상,1.0,(1),0,%
2025_잠재방한객조사_일반외국인.xlsx,일반외국인,E3-13,<표E3-13> 한국 문화별 이용 빈도_13. 기타,BASE:E1. ⑬,카자흐스탄,카자흐스탄,국가/지역,분기별 1회 이상,1.0,(1),0,%
2025_잠재방한객조사_일반외국인.xlsx,일반외국인,E3-13,<표E3-13> 한국 문화별 이용 빈도_13. 기타,BASE:E1. ⑬,카자흐스탄,카자흐스탄,국가/지역,한 달에 1회 이상,1.0,(1),0,%
2025_잠재방한객조사_일반외국인.xlsx,일반외국인,E3-13,<표E3-13> 한국 문화별 이용 빈도_13. 기타,BASE:E1. ⑬,카자흐스탄,카자흐스탄,국가/지역,1주일에 1회 이상,1.0,(1),0,%
2025_잠재방한객조사_일반외국인.xlsx,일반외국인,E3-13,<표E3-13> 한국 문화별 이용 빈도_13. 기타,BASE:E1. ⑬,카자흐스탄,카자흐스탄,국가/지역,거의 매일,1.0,(1),0,%
2025_잠재방한객조사_일반외국인.xlsx,일반외국인,E3-13,<표E3-13> 한국 문화별 이용 빈도_13. 기타,BASE:E1. ⑬,카자흐스탄,카자흐스탄,국가/지역,계,1.0,(1),100,%
2025_잠재방한객조사_일반외국인.xlsx,일반외국인,E3-13,<표E3-13> 한국 문화별 이용 빈도_13. 기타,BASE:E1. ⑬,브라질,브라질,국가/지역,1년에 1회 이상,1.0,(1),0,%
2025_잠재방한객조사_일반외국인.xlsx,일반외국인,E3-13,<표E3-13> 한국 문화별 이용 빈도_13. 기타,BASE:E1. ⑬,브라질,브라질,국가/지역,반기별 1회 이상,1.0,(1),0,%
2025_잠재방한객조사_일반외국인.xlsx,일반외국인,E3-13,<표E3-13> 한국 문화별 이용 빈도_13. 기타,BASE:E1. ⑬,브라질,브라질,국가/지역,분기별 1회 이상,1.0,(1),100,%
2025_잠재방한객조사_일반외국인.xlsx,일반외국인,E3-13,<표E3-13> 한국 문화별 이용 빈도_13. 기타,BASE:E1. ⑬,브라질,브라질,국가/지역,한 달에 1회 이상,1.0,(1),0,%
2025_잠재방한객조사_일반외국인.xlsx,일반외국인,E3-13,<표E3-13> 한국 문화별 이용 빈도_13. 기타,BASE:E1. ⑬,브라질,브라질,국가/지역,1주일에 1회 이상,1.0,(1),0,%
2025_잠재방한객조사_일반외국인.xlsx,일반외국인,E3-13,<표E3-13> 한국 문화별 이용 빈도_13. 기타,BASE:E1. ⑬,브라질,브라질,국가/지역,거의 매일,1.0,(1),0,%
2025_잠재방한객조사_일반외국인.xlsx,일반외국인,E3-13,<표E3-13> 한국 문화별 이용 빈도_13. 기타,BASE:E1. ⑬,브라질,브라질,국가/지역,계,1.0,(1),100,%
2025_잠재방한객조사_일반외국인.xlsx,일반외국인,E3-13,<표E3-13> 한국 문화별 이용 빈도_13. 기타,BASE:E1. ⑬,사우디아라비아,사우디아라비아,국가/지역,1년에 1회 이상,2.0,(2),0,%
2025_잠재방한객조사_일반외국인.xlsx,일반외국인,E3-13,<표E3-13> 한국 문화별 이용 빈도_13. 기타,BASE:E1. ⑬,사우디아라비아,사우디아라비아,국가/지역,반기별 1회 이상,2.0,(2),0,%
2025_잠재방한객조사_일반외국인.xlsx,일반외국인,E3-13,<표E3-13> 한국 문화별 이용 빈도_13. 기타,BASE:E1. ⑬,사우디아라비아,사우디아라비아,국가/지역,분기별 1회 이상,2.0,(2),0,%
2025_잠재방한객조사_일반외국인.xlsx,일반외국인,E3-13,<표E3-13> 한국 문화별 이용 빈도_13. 기타,BASE:E1. ⑬,사우디아라비아,사우디아라비아,국가/지역,한 달에 1회 이상,2.0,(2),32.7235146280147,%
2025_잠재방한객조사_일반외국인.xlsx,일반외국인,E3-13,<표E3-13> 한국 문화별 이용 빈도_13. 기타,BASE:E1. ⑬,사우디아라비아,사우디아라비아,국가/지역,1주일에 1회 이상,2.0,(2),67.2764853719853,%
2025_잠재방한객조사_일반외국인.xlsx,일반외국인,E3-13,<표E3-13> 한국 문화별 이용 빈도_13. 기타,BASE:E1. ⑬,사우디아라비아,사우디아라비아,국가/지역,거의 매일,2.0,(2),0,%
2025_잠재방한객조사_일반외국인.xlsx,일반외국인,E3-13,<표E3-13> 한국 문화별 이용 빈도_13. 기타,BASE:E1. ⑬,사우디아라비아,사우디아라비아,국가/지역,계,2.0,(2),100,%
2025_잠재방한객조사_일반외국인.xlsx,일반외국인,E3-13,<표E3-13> 한국 문화별 이용 빈도_13. 기타,BASE:E1. ⑬,아랍에미리트,UAE,국가/지역,1년에 1회 이상,1.0,(1),100,%
2025_잠재방한객조사_일반외국인.xlsx,일반외국인,E3-13,<표E3-13> 한국 문화별 이용 빈도_13. 기타,BASE:E1. ⑬,아랍에미리트,UAE,국가/지역,반기별 1회 이상,1.0,(1),0,%
2025_잠재방한객조사_일반외국인.xlsx,일반외국인,E3-13,<표E3-13> 한국 문화별 이용 빈도_13. 기타,BASE:E1. ⑬,아랍에미리트,UAE,국가/지역,분기별 1회 이상,1.0,(1),0,%
2025_잠재방한객조사_일반외국인.xlsx,일반외국인,E3-13,<표E3-13> 한국 문화별 이용 빈도_13. 기타,BASE:E1. ⑬,아랍에미리트,UAE,국가/지역,한 달에 1회 이상,1.0,(1),0,%
2025_잠재방한객조사_일반외국인.xlsx,일반외국인,E3-13,<표E3-13> 한국 문화별 이용 빈도_13. 기타,BASE:E1. ⑬,아랍에미리트,UAE,국가/지역,1주일에 1회 이상,1.0,(1),0,%
2025_잠재방한객조사_일반외국인.xlsx,일반외국인,E3-13,<표E3-13> 한국 문화별 이용 빈도_13. 기타,BASE:E1. ⑬,아랍에미리트,UAE,국가/지역,거의 매일,1.0,(1),0,%
2025_잠재방한객조사_일반외국인.xlsx,일반외국인,E3-13,<표E3-13> 한국 문화별 이용 빈도_13. 기타,BASE:E1. ⑬,아랍에미리트,UAE,국가/지역,계,1.0,(1),100,%
