source_file,survey_type,table_code,table_title,base,country,country_std,category,response_option,sample_n,sample_n_raw,value,unit
2025_잠재방한객조사_방한의향자.xlsx,방한의향자,C4,<표C4> 한국 여행 관심 계기(중복) (한국 방문의향자 기준),BASE:B5. 1) 한국 ④~⑤,전체,전체,전체,"개인 및 인플루언서가 제작한 짧은 이미지(틱톡, 인스타그램 릴스, 유튜브 쇼츠 등)",16360.0,(16360),41.39346973260616,%
2025_잠재방한객조사_방한의향자.xlsx,방한의향자,C4,<표C4> 한국 여행 관심 계기(중복) (한국 방문의향자 기준),BASE:B5. 1) 한국 ④~⑤,전체,전체,전체,음식/식문화,16360.0,(16360),40.720547365190676,%
2025_잠재방한객조사_방한의향자.xlsx,방한의향자,C4,<표C4> 한국 여행 관심 계기(중복) (한국 방문의향자 기준),BASE:B5. 1) 한국 ④~⑤,전체,전체,전체,"뉴스, 영화, 드라마, 다큐멘터리 등 대중 매체",16360.0,(16360),35.96263859255451,%
2025_잠재방한객조사_방한의향자.xlsx,방한의향자,C4,<표C4> 한국 여행 관심 계기(중복) (한국 방문의향자 기준),BASE:B5. 1) 한국 ④~⑤,전체,전체,전체,"가족, 친구, 지인 등 주변인 추천",16360.0,(16360),34.891177907339795,%
2025_잠재방한객조사_방한의향자.xlsx,방한의향자,C4,<표C4> 한국 여행 관심 계기(중복) (한국 방문의향자 기준),BASE:B5. 1) 한국 ④~⑤,전체,전체,전체,관광지/관광 명소,16360.0,(16360),34.265970444337114,%
2025_잠재방한객조사_방한의향자.xlsx,방한의향자,C4,<표C4> 한국 여행 관심 계기(중복) (한국 방문의향자 기준),BASE:B5. 1) 한국 ④~⑤,전체,전체,전체,"유명 인플루언서, 연예인 등의 여행 후기",16360.0,(16360),31.580538847902833,%
2025_잠재방한객조사_방한의향자.xlsx,방한의향자,C4,<표C4> 한국 여행 관심 계기(중복) (한국 방문의향자 기준),BASE:B5. 1) 한국 ④~⑤,전체,전체,전체,전통문화/역사,16360.0,(16360),31.01980970380328,%
2025_잠재방한객조사_방한의향자.xlsx,방한의향자,C4,<표C4> 한국 여행 관심 계기(중복) (한국 방문의향자 기준),BASE:B5. 1) 한국 ④~⑤,전체,전체,전체,자연 경관,16360.0,(16360),30.601187031662143,%
2025_잠재방한객조사_방한의향자.xlsx,방한의향자,C4,<표C4> 한국 여행 관심 계기(중복) (한국 방문의향자 기준),BASE:B5. 1) 한국 ④~⑤,전체,전체,전체,"음악, 영화, 드라마 등 문화콘텐츠/연예인",16360.0,(16360),27.19226287667643,%
2025_잠재방한객조사_방한의향자.xlsx,방한의향자,C4,<표C4> 한국 여행 관심 계기(중복) (한국 방문의향자 기준),BASE:B5. 1) 한국 ④~⑤,전체,전체,전체,관광 관련 공공기관이 제작한 국가 브랜드 홍보 영상,16360.0,(16360),23.80145261340876,%
2025_잠재방한객조사_방한의향자.xlsx,방한의향자,C4,<표C4> 한국 여행 관심 계기(중복) (한국 방문의향자 기준),BASE:B5. 1) 한국 ④~⑤,전체,전체,전체,계절/기후,16360.0,(16360),21.677998243776795,%
2025_잠재방한객조사_방한의향자.xlsx,방한의향자,C4,<표C4> 한국 여행 관심 계기(중복) (한국 방문의향자 기준),BASE:B5. 1) 한국 ④~⑤,전체,전체,전체,해당 국가에서만 판매하는 상품 쇼핑,16360.0,(16360),19.257476330888718,%
2025_잠재방한객조사_방한의향자.xlsx,방한의향자,C4,<표C4> 한국 여행 관심 계기(중복) (한국 방문의향자 기준),BASE:B5. 1) 한국 ④~⑤,전체,전체,전체,건축/도시 디자인,16360.0,(16360),18.568601188969012,%
2025_잠재방한객조사_방한의향자.xlsx,방한의향자,C4,<표C4> 한국 여행 관심 계기(중복) (한국 방문의향자 기준),BASE:B5. 1) 한국 ④~⑤,전체,전체,전체,"웰니스 관광(스파, 디톡스 여행 등)",16360.0,(16360),18.258862680473527,%
2025_잠재방한객조사_방한의향자.xlsx,방한의향자,C4,<표C4> 한국 여행 관심 계기(중복) (한국 방문의향자 기준),BASE:B5. 1) 한국 ④~⑤,전체,전체,전체,치안/안전,16360.0,(16360),17.77094651450811,%
2025_잠재방한객조사_방한의향자.xlsx,방한의향자,C4,<표C4> 한국 여행 관심 계기(중복) (한국 방문의향자 기준),BASE:B5. 1) 한국 ④~⑤,전체,전체,전체,이동거리/비행시간,16360.0,(16360),17.340499637351627,%
2025_잠재방한객조사_방한의향자.xlsx,방한의향자,C4,<표C4> 한국 여행 관심 계기(중복) (한국 방문의향자 기준),BASE:B5. 1) 한국 ④~⑤,전체,전체,전체,항공 노선(직항 및 경유 등),16360.0,(16360),16.37594278380203,%
2025_잠재방한객조사_방한의향자.xlsx,방한의향자,C4,<표C4> 한국 여행 관심 계기(중복) (한국 방문의향자 기준),BASE:B5. 1) 한국 ④~⑤,전체,전체,전체,"행사/이벤트 체험(공연, 콘서트, 축제, 박람회 등)",16360.0,(16360),16.198411578303045,%
2025_잠재방한객조사_방한의향자.xlsx,방한의향자,C4,<표C4> 한국 여행 관심 계기(중복) (한국 방문의향자 기준),BASE:B5. 1) 한국 ④~⑤,전체,전체,전체,유명 명품 구매 등 럭셔리 쇼핑,16360.0,(16360),16.167459548378808,%
2025_잠재방한객조사_방한의향자.xlsx,방한의향자,C4,<표C4> 한국 여행 관심 계기(중복) (한국 방문의향자 기준),BASE:B5. 1) 한국 ④~⑤,전체,전체,전체,출입국 편의성(비자 면제 등),16360.0,(16360),15.453949503883152,%
2025_잠재방한객조사_방한의향자.xlsx,방한의향자,C4,<표C4> 한국 여행 관심 계기(중복) (한국 방문의향자 기준),BASE:B5. 1) 한국 ④~⑤,전체,전체,전체,항공권 특가 및 할인 프로모션,16360.0,(16360),15.245072391105403,%
2025_잠재방한객조사_방한의향자.xlsx,방한의향자,C4,<표C4> 한국 여행 관심 계기(중복) (한국 방문의향자 기준),BASE:B5. 1) 한국 ④~⑤,전체,전체,전체,"이벤트성 방문(신혼여행, 프로포즈, 생일, 기념일 등)",16360.0,(16360),13.252871496596127,%
2025_잠재방한객조사_방한의향자.xlsx,방한의향자,C4,<표C4> 한국 여행 관심 계기(중복) (한국 방문의향자 기준),BASE:B5. 1) 한국 ④~⑤,전체,전체,전체,"의료 관광(검진, 시술, 수술 등)",16360.0,(16360),12.445187529545926,%
2025_잠재방한객조사_방한의향자.xlsx,방한의향자,C4,<표C4> 한국 여행 관심 계기(중복) (한국 방문의향자 기준),BASE:B5. 1) 한국 ④~⑤,전체,전체,전체,환율 및 현지 물가,16360.0,(16360),12.315111367548534,%
2025_잠재방한객조사_방한의향자.xlsx,방한의향자,C4,<표C4> 한국 여행 관심 계기(중복) (한국 방문의향자 기준),BASE:B5. 1) 한국 ④~⑤,전체,전체,전체,언어소통,16360.0,(16360),10.515419925581188,%
2025_잠재방한객조사_방한의향자.xlsx,방한의향자,C4,<표C4> 한국 여행 관심 계기(중복) (한국 방문의향자 기준),BASE:B5. 1) 한국 ④~⑤,전체,전체,전체,어학/직업 연수 및 유학,16360.0,(16360),9.267964585798197,%
2025_잠재방한객조사_방한의향자.xlsx,방한의향자,C4,<표C4> 한국 여행 관심 계기(중복) (한국 방문의향자 기준),BASE:B5. 1) 한국 ④~⑤,전체,전체,전체,스포츠 관광(경기 관람 및 참여),16360.0,(16360),8.842202717386975,%
2025_잠재방한객조사_방한의향자.xlsx,방한의향자,C4,<표C4> 한국 여행 관심 계기(중복) (한국 방문의향자 기준),BASE:B5. 1) 한국 ④~⑤,전체,전체,전체,종교 환경,16360.0,(16360),8.253543426374545,%
2025_잠재방한객조사_방한의향자.xlsx,방한의향자,C4,<표C4> 한국 여행 관심 계기(중복) (한국 방문의향자 기준),BASE:B5. 1) 한국 ④~⑤,전체,전체,전체,출장 및 학회 행사 개최지,16360.0,(16360),8.035182379726711,%
2025_잠재방한객조사_방한의향자.xlsx,방한의향자,C4,<표C4> 한국 여행 관심 계기(중복) (한국 방문의향자 기준),BASE:B5. 1) 한국 ④~⑤,전체,전체,전체,과거 방문 경험,16360.0,(16360),6.062068349446729,%
2025_잠재방한객조사_방한의향자.xlsx,방한의향자,C4,<표C4> 한국 여행 관심 계기(중복) (한국 방문의향자 기준),BASE:B5. 1) 한국 ④~⑤,전체,전체,전체,기타,16360.0,(16360),0.6231182900992799,%
2025_잠재방한객조사_방한의향자.xlsx,방한의향자,C4,<표C4> 한국 여행 관심 계기(중복) (한국 방문의향자 기준),BASE:B5. 1) 한국 ④~⑤,중국,중국,국가/지역,"개인 및 인플루언서가 제작한 짧은 이미지(틱톡, 인스타그램 릴스, 유튜브 쇼츠 등)",2600.0,(2600),34.23873625164209,%
2025_잠재방한객조사_방한의향자.xlsx,방한의향자,C4,<표C4> 한국 여행 관심 계기(중복) (한국 방문의향자 기준),BASE:B5. 1) 한국 ④~⑤,중국,중국,국가/지역,음식/식문화,2600.0,(2600),29.74454398823526,%
2025_잠재방한객조사_방한의향자.xlsx,방한의향자,C4,<표C4> 한국 여행 관심 계기(중복) (한국 방문의향자 기준),BASE:B5. 1) 한국 ④~⑤,중국,중국,국가/지역,"뉴스, 영화, 드라마, 다큐멘터리 등 대중 매체",2600.0,(2600),28.740527622331342,%
2025_잠재방한객조사_방한의향자.xlsx,방한의향자,C4,<표C4> 한국 여행 관심 계기(중복) (한국 방문의향자 기준),BASE:B5. 1) 한국 ④~⑤,중국,중국,국가/지역,"가족, 친구, 지인 등 주변인 추천",2600.0,(2600),30.511786809591417,%
2025_잠재방한객조사_방한의향자.xlsx,방한의향자,C4,<표C4> 한국 여행 관심 계기(중복) (한국 방문의향자 기준),BASE:B5. 1) 한국 ④~⑤,중국,중국,국가/지역,관광지/관광 명소,2600.0,(2600),25.021540415348387,%
2025_잠재방한객조사_방한의향자.xlsx,방한의향자,C4,<표C4> 한국 여행 관심 계기(중복) (한국 방문의향자 기준),BASE:B5. 1) 한국 ④~⑤,중국,중국,국가/지역,"유명 인플루언서, 연예인 등의 여행 후기",2600.0,(2600),26.78779617310995,%
2025_잠재방한객조사_방한의향자.xlsx,방한의향자,C4,<표C4> 한국 여행 관심 계기(중복) (한국 방문의향자 기준),BASE:B5. 1) 한국 ④~⑤,중국,중국,국가/지역,전통문화/역사,2600.0,(2600),19.13701770863294,%
2025_잠재방한객조사_방한의향자.xlsx,방한의향자,C4,<표C4> 한국 여행 관심 계기(중복) (한국 방문의향자 기준),BASE:B5. 1) 한국 ④~⑤,중국,중국,국가/지역,자연 경관,2600.0,(2600),26.390359054459505,%
2025_잠재방한객조사_방한의향자.xlsx,방한의향자,C4,<표C4> 한국 여행 관심 계기(중복) (한국 방문의향자 기준),BASE:B5. 1) 한국 ④~⑤,중국,중국,국가/지역,"음악, 영화, 드라마 등 문화콘텐츠/연예인",2600.0,(2600),21.451607663120946,%
2025_잠재방한객조사_방한의향자.xlsx,방한의향자,C4,<표C4> 한국 여행 관심 계기(중복) (한국 방문의향자 기준),BASE:B5. 1) 한국 ④~⑤,중국,중국,국가/지역,관광 관련 공공기관이 제작한 국가 브랜드 홍보 영상,2600.0,(2600),21.786396450497076,%
2025_잠재방한객조사_방한의향자.xlsx,방한의향자,C4,<표C4> 한국 여행 관심 계기(중복) (한국 방문의향자 기준),BASE:B5. 1) 한국 ④~⑤,중국,중국,국가/지역,계절/기후,2600.0,(2600),18.16082896036746,%
2025_잠재방한객조사_방한의향자.xlsx,방한의향자,C4,<표C4> 한국 여행 관심 계기(중복) (한국 방문의향자 기준),BASE:B5. 1) 한국 ④~⑤,중국,중국,국가/지역,해당 국가에서만 판매하는 상품 쇼핑,2600.0,(2600),7.8045249229717335,%
2025_잠재방한객조사_방한의향자.xlsx,방한의향자,C4,<표C4> 한국 여행 관심 계기(중복) (한국 방문의향자 기준),BASE:B5. 1) 한국 ④~⑤,중국,중국,국가/지역,건축/도시 디자인,2600.0,(2600),13.434928577191469,%
2025_잠재방한객조사_방한의향자.xlsx,방한의향자,C4,<표C4> 한국 여행 관심 계기(중복) (한국 방문의향자 기준),BASE:B5. 1) 한국 ④~⑤,중국,중국,국가/지역,"웰니스 관광(스파, 디톡스 여행 등)",2600.0,(2600),15.942827487526815,%
2025_잠재방한객조사_방한의향자.xlsx,방한의향자,C4,<표C4> 한국 여행 관심 계기(중복) (한국 방문의향자 기준),BASE:B5. 1) 한국 ④~⑤,중국,중국,국가/지역,치안/안전,2600.0,(2600),11.372412557808891,%
2025_잠재방한객조사_방한의향자.xlsx,방한의향자,C4,<표C4> 한국 여행 관심 계기(중복) (한국 방문의향자 기준),BASE:B5. 1) 한국 ④~⑤,중국,중국,국가/지역,이동거리/비행시간,2600.0,(2600),9.651254033864639,%
2025_잠재방한객조사_방한의향자.xlsx,방한의향자,C4,<표C4> 한국 여행 관심 계기(중복) (한국 방문의향자 기준),BASE:B5. 1) 한국 ④~⑤,중국,중국,국가/지역,항공 노선(직항 및 경유 등),2600.0,(2600),8.910257674473137,%
2025_잠재방한객조사_방한의향자.xlsx,방한의향자,C4,<표C4> 한국 여행 관심 계기(중복) (한국 방문의향자 기준),BASE:B5. 1) 한국 ④~⑤,중국,중국,국가/지역,"행사/이벤트 체험(공연, 콘서트, 축제, 박람회 등)",2600.0,(2600),12.56450276572406,%
2025_잠재방한객조사_방한의향자.xlsx,방한의향자,C4,<표C4> 한국 여행 관심 계기(중복) (한국 방문의향자 기준),BASE:B5. 1) 한국 ④~⑤,중국,중국,국가/지역,유명 명품 구매 등 럭셔리 쇼핑,2600.0,(2600),14.80796081492202,%
2025_잠재방한객조사_방한의향자.xlsx,방한의향자,C4,<표C4> 한국 여행 관심 계기(중복) (한국 방문의향자 기준),BASE:B5. 1) 한국 ④~⑤,중국,중국,국가/지역,출입국 편의성(비자 면제 등),2600.0,(2600),8.950691583286265,%
2025_잠재방한객조사_방한의향자.xlsx,방한의향자,C4,<표C4> 한국 여행 관심 계기(중복) (한국 방문의향자 기준),BASE:B5. 1) 한국 ④~⑤,중국,중국,국가/지역,항공권 특가 및 할인 프로모션,2600.0,(2600),7.643071838458887,%
2025_잠재방한객조사_방한의향자.xlsx,방한의향자,C4,<표C4> 한국 여행 관심 계기(중복) (한국 방문의향자 기준),BASE:B5. 1) 한국 ④~⑤,중국,중국,국가/지역,"이벤트성 방문(신혼여행, 프로포즈, 생일, 기념일 등)",2600.0,(2600),8.829495184299338,%
2025_잠재방한객조사_방한의향자.xlsx,방한의향자,C4,<표C4> 한국 여행 관심 계기(중복) (한국 방문의향자 기준),BASE:B5. 1) 한국 ④~⑤,중국,중국,국가/지역,"의료 관광(검진, 시술, 수술 등)",2600.0,(2600),13.418505057305396,%
2025_잠재방한객조사_방한의향자.xlsx,방한의향자,C4,<표C4> 한국 여행 관심 계기(중복) (한국 방문의향자 기준),BASE:B5. 1) 한국 ④~⑤,중국,중국,국가/지역,환율 및 현지 물가,2600.0,(2600),7.339778834355254,%
2025_잠재방한객조사_방한의향자.xlsx,방한의향자,C4,<표C4> 한국 여행 관심 계기(중복) (한국 방문의향자 기준),BASE:B5. 1) 한국 ④~⑤,중국,중국,국가/지역,언어소통,2600.0,(2600),9.739168411850647,%
2025_잠재방한객조사_방한의향자.xlsx,방한의향자,C4,<표C4> 한국 여행 관심 계기(중복) (한국 방문의향자 기준),BASE:B5. 1) 한국 ④~⑤,중국,중국,국가/지역,어학/직업 연수 및 유학,2600.0,(2600),5.313488679261416,%
2025_잠재방한객조사_방한의향자.xlsx,방한의향자,C4,<표C4> 한국 여행 관심 계기(중복) (한국 방문의향자 기준),BASE:B5. 1) 한국 ④~⑤,중국,중국,국가/지역,스포츠 관광(경기 관람 및 참여),2600.0,(2600),7.116401623390571,%
2025_잠재방한객조사_방한의향자.xlsx,방한의향자,C4,<표C4> 한국 여행 관심 계기(중복) (한국 방문의향자 기준),BASE:B5. 1) 한국 ④~⑤,중국,중국,국가/지역,종교 환경,2600.0,(2600),7.229485652736431,%
2025_잠재방한객조사_방한의향자.xlsx,방한의향자,C4,<표C4> 한국 여행 관심 계기(중복) (한국 방문의향자 기준),BASE:B5. 1) 한국 ④~⑤,중국,중국,국가/지역,출장 및 학회 행사 개최지,2600.0,(2600),3.9941113357424194,%
2025_잠재방한객조사_방한의향자.xlsx,방한의향자,C4,<표C4> 한국 여행 관심 계기(중복) (한국 방문의향자 기준),BASE:B5. 1) 한국 ④~⑤,중국,중국,국가/지역,과거 방문 경험,2600.0,(2600),1.879583501711617,%
2025_잠재방한객조사_방한의향자.xlsx,방한의향자,C4,<표C4> 한국 여행 관심 계기(중복) (한국 방문의향자 기준),BASE:B5. 1) 한국 ④~⑤,중국,중국,국가/지역,기타,2600.0,(2600),0.07311741190934677,%
2025_잠재방한객조사_방한의향자.xlsx,방한의향자,C4,<표C4> 한국 여행 관심 계기(중복) (한국 방문의향자 기준),BASE:B5. 1) 한국 ④~⑤,일본,일본,국가/지역,"개인 및 인플루언서가 제작한 짧은 이미지(틱톡, 인스타그램 릴스, 유튜브 쇼츠 등)",1670.0,(1670),37.42886998329688,%
2025_잠재방한객조사_방한의향자.xlsx,방한의향자,C4,<표C4> 한국 여행 관심 계기(중복) (한국 방문의향자 기준),BASE:B5. 1) 한국 ④~⑤,일본,일본,국가/지역,음식/식문화,1670.0,(1670),46.52796416713833,%
2025_잠재방한객조사_방한의향자.xlsx,방한의향자,C4,<표C4> 한국 여행 관심 계기(중복) (한국 방문의향자 기준),BASE:B5. 1) 한국 ④~⑤,일본,일본,국가/지역,"뉴스, 영화, 드라마, 다큐멘터리 등 대중 매체",1670.0,(1670),34.46522596479964,%
2025_잠재방한객조사_방한의향자.xlsx,방한의향자,C4,<표C4> 한국 여행 관심 계기(중복) (한국 방문의향자 기준),BASE:B5. 1) 한국 ④~⑤,일본,일본,국가/지역,"가족, 친구, 지인 등 주변인 추천",1670.0,(1670),39.66984310454187,%
2025_잠재방한객조사_방한의향자.xlsx,방한의향자,C4,<표C4> 한국 여행 관심 계기(중복) (한국 방문의향자 기준),BASE:B5. 1) 한국 ④~⑤,일본,일본,국가/지역,관광지/관광 명소,1670.0,(1670),27.87037340741321,%
2025_잠재방한객조사_방한의향자.xlsx,방한의향자,C4,<표C4> 한국 여행 관심 계기(중복) (한국 방문의향자 기준),BASE:B5. 1) 한국 ④~⑤,일본,일본,국가/지역,"유명 인플루언서, 연예인 등의 여행 후기",1670.0,(1670),25.838394238140054,%
2025_잠재방한객조사_방한의향자.xlsx,방한의향자,C4,<표C4> 한국 여행 관심 계기(중복) (한국 방문의향자 기준),BASE:B5. 1) 한국 ④~⑤,일본,일본,국가/지역,전통문화/역사,1670.0,(1670),18.414398635134244,%
2025_잠재방한객조사_방한의향자.xlsx,방한의향자,C4,<표C4> 한국 여행 관심 계기(중복) (한국 방문의향자 기준),BASE:B5. 1) 한국 ④~⑤,일본,일본,국가/지역,자연 경관,1670.0,(1670),12.017760927998944,%
2025_잠재방한객조사_방한의향자.xlsx,방한의향자,C4,<표C4> 한국 여행 관심 계기(중복) (한국 방문의향자 기준),BASE:B5. 1) 한국 ④~⑤,일본,일본,국가/지역,"음악, 영화, 드라마 등 문화콘텐츠/연예인",1670.0,(1670),27.50008027127121,%
2025_잠재방한객조사_방한의향자.xlsx,방한의향자,C4,<표C4> 한국 여행 관심 계기(중복) (한국 방문의향자 기준),BASE:B5. 1) 한국 ④~⑤,일본,일본,국가/지역,관광 관련 공공기관이 제작한 국가 브랜드 홍보 영상,1670.0,(1670),13.871654389766327,%
2025_잠재방한객조사_방한의향자.xlsx,방한의향자,C4,<표C4> 한국 여행 관심 계기(중복) (한국 방문의향자 기준),BASE:B5. 1) 한국 ④~⑤,일본,일본,국가/지역,계절/기후,1670.0,(1670),9.016119562075103,%
2025_잠재방한객조사_방한의향자.xlsx,방한의향자,C4,<표C4> 한국 여행 관심 계기(중복) (한국 방문의향자 기준),BASE:B5. 1) 한국 ④~⑤,일본,일본,국가/지역,해당 국가에서만 판매하는 상품 쇼핑,1670.0,(1670),9.413703021314706,%
2025_잠재방한객조사_방한의향자.xlsx,방한의향자,C4,<표C4> 한국 여행 관심 계기(중복) (한국 방문의향자 기준),BASE:B5. 1) 한국 ④~⑤,일본,일본,국가/지역,건축/도시 디자인,1670.0,(1670),8.093049767249342,%
2025_잠재방한객조사_방한의향자.xlsx,방한의향자,C4,<표C4> 한국 여행 관심 계기(중복) (한국 방문의향자 기준),BASE:B5. 1) 한국 ④~⑤,일본,일본,국가/지역,"웰니스 관광(스파, 디톡스 여행 등)",1670.0,(1670),10.875855839061977,%
2025_잠재방한객조사_방한의향자.xlsx,방한의향자,C4,<표C4> 한국 여행 관심 계기(중복) (한국 방문의향자 기준),BASE:B5. 1) 한국 ④~⑤,일본,일본,국가/지역,치안/안전,1670.0,(1670),13.193412511659094,%
2025_잠재방한객조사_방한의향자.xlsx,방한의향자,C4,<표C4> 한국 여행 관심 계기(중복) (한국 방문의향자 기준),BASE:B5. 1) 한국 ④~⑤,일본,일본,국가/지역,이동거리/비행시간,1670.0,(1670),28.54137481581116,%
2025_잠재방한객조사_방한의향자.xlsx,방한의향자,C4,<표C4> 한국 여행 관심 계기(중복) (한국 방문의향자 기준),BASE:B5. 1) 한국 ④~⑤,일본,일본,국가/지역,항공 노선(직항 및 경유 등),1670.0,(1670),17.790314107430973,%
2025_잠재방한객조사_방한의향자.xlsx,방한의향자,C4,<표C4> 한국 여행 관심 계기(중복) (한국 방문의향자 기준),BASE:B5. 1) 한국 ④~⑤,일본,일본,국가/지역,"행사/이벤트 체험(공연, 콘서트, 축제, 박람회 등)",1670.0,(1670),8.954334595932597,%
2025_잠재방한객조사_방한의향자.xlsx,방한의향자,C4,<표C4> 한국 여행 관심 계기(중복) (한국 방문의향자 기준),BASE:B5. 1) 한국 ④~⑤,일본,일본,국가/지역,유명 명품 구매 등 럭셔리 쇼핑,1670.0,(1670),10.836437385841977,%
2025_잠재방한객조사_방한의향자.xlsx,방한의향자,C4,<표C4> 한국 여행 관심 계기(중복) (한국 방문의향자 기준),BASE:B5. 1) 한국 ④~⑤,일본,일본,국가/지역,출입국 편의성(비자 면제 등),1670.0,(1670),12.58535236614362,%
2025_잠재방한객조사_방한의향자.xlsx,방한의향자,C4,<표C4> 한국 여행 관심 계기(중복) (한국 방문의향자 기준),BASE:B5. 1) 한국 ④~⑤,일본,일본,국가/지역,항공권 특가 및 할인 프로모션,1670.0,(1670),8.325661542996766,%
2025_잠재방한객조사_방한의향자.xlsx,방한의향자,C4,<표C4> 한국 여행 관심 계기(중복) (한국 방문의향자 기준),BASE:B5. 1) 한국 ④~⑤,일본,일본,국가/지역,"이벤트성 방문(신혼여행, 프로포즈, 생일, 기념일 등)",1670.0,(1670),5.96566739813915,%
2025_잠재방한객조사_방한의향자.xlsx,방한의향자,C4,<표C4> 한국 여행 관심 계기(중복) (한국 방문의향자 기준),BASE:B5. 1) 한국 ④~⑤,일본,일본,국가/지역,"의료 관광(검진, 시술, 수술 등)",1670.0,(1670),6.702847428859836,%
2025_잠재방한객조사_방한의향자.xlsx,방한의향자,C4,<표C4> 한국 여행 관심 계기(중복) (한국 방문의향자 기준),BASE:B5. 1) 한국 ④~⑤,일본,일본,국가/지역,환율 및 현지 물가,1670.0,(1670),9.158550145195411,%
2025_잠재방한객조사_방한의향자.xlsx,방한의향자,C4,<표C4> 한국 여행 관심 계기(중복) (한국 방문의향자 기준),BASE:B5. 1) 한국 ④~⑤,일본,일본,국가/지역,언어소통,1670.0,(1670),8.18989501187484,%
2025_잠재방한객조사_방한의향자.xlsx,방한의향자,C4,<표C4> 한국 여행 관심 계기(중복) (한국 방문의향자 기준),BASE:B5. 1) 한국 ④~⑤,일본,일본,국가/지역,어학/직업 연수 및 유학,1670.0,(1670),4.5219292457395355,%
2025_잠재방한객조사_방한의향자.xlsx,방한의향자,C4,<표C4> 한국 여행 관심 계기(중복) (한국 방문의향자 기준),BASE:B5. 1) 한국 ④~⑤,일본,일본,국가/지역,스포츠 관광(경기 관람 및 참여),1670.0,(1670),4.007462534857602,%
2025_잠재방한객조사_방한의향자.xlsx,방한의향자,C4,<표C4> 한국 여행 관심 계기(중복) (한국 방문의향자 기준),BASE:B5. 1) 한국 ④~⑤,일본,일본,국가/지역,종교 환경,1670.0,(1670),3.0103092502692315,%
2025_잠재방한객조사_방한의향자.xlsx,방한의향자,C4,<표C4> 한국 여행 관심 계기(중복) (한국 방문의향자 기준),BASE:B5. 1) 한국 ④~⑤,일본,일본,국가/지역,출장 및 학회 행사 개최지,1670.0,(1670),2.9505605308749825,%
2025_잠재방한객조사_방한의향자.xlsx,방한의향자,C4,<표C4> 한국 여행 관심 계기(중복) (한국 방문의향자 기준),BASE:B5. 1) 한국 ④~⑤,일본,일본,국가/지역,과거 방문 경험,1670.0,(1670),11.497065457119025,%
2025_잠재방한객조사_방한의향자.xlsx,방한의향자,C4,<표C4> 한국 여행 관심 계기(중복) (한국 방문의향자 기준),BASE:B5. 1) 한국 ④~⑤,일본,일본,국가/지역,기타,1670.0,(1670),0.8020823364095181,%
2025_잠재방한객조사_방한의향자.xlsx,방한의향자,C4,<표C4> 한국 여행 관심 계기(중복) (한국 방문의향자 기준),BASE:B5. 1) 한국 ④~⑤,대만,대만,국가/지역,"개인 및 인플루언서가 제작한 짧은 이미지(틱톡, 인스타그램 릴스, 유튜브 쇼츠 등)",465.0,(465),35.29818596417805,%
2025_잠재방한객조사_방한의향자.xlsx,방한의향자,C4,<표C4> 한국 여행 관심 계기(중복) (한국 방문의향자 기준),BASE:B5. 1) 한국 ④~⑤,대만,대만,국가/지역,음식/식문화,465.0,(465),53.42278607368646,%
2025_잠재방한객조사_방한의향자.xlsx,방한의향자,C4,<표C4> 한국 여행 관심 계기(중복) (한국 방문의향자 기준),BASE:B5. 1) 한국 ④~⑤,대만,대만,국가/지역,"뉴스, 영화, 드라마, 다큐멘터리 등 대중 매체",465.0,(465),35.34465915758047,%
2025_잠재방한객조사_방한의향자.xlsx,방한의향자,C4,<표C4> 한국 여행 관심 계기(중복) (한국 방문의향자 기준),BASE:B5. 1) 한국 ④~⑤,대만,대만,국가/지역,"가족, 친구, 지인 등 주변인 추천",465.0,(465),39.33591487205049,%
2025_잠재방한객조사_방한의향자.xlsx,방한의향자,C4,<표C4> 한국 여행 관심 계기(중복) (한국 방문의향자 기준),BASE:B5. 1) 한국 ④~⑤,대만,대만,국가/지역,관광지/관광 명소,465.0,(465),44.489788575652675,%
2025_잠재방한객조사_방한의향자.xlsx,방한의향자,C4,<표C4> 한국 여행 관심 계기(중복) (한국 방문의향자 기준),BASE:B5. 1) 한국 ④~⑤,대만,대만,국가/지역,"유명 인플루언서, 연예인 등의 여행 후기",465.0,(465),29.012819127047763,%
2025_잠재방한객조사_방한의향자.xlsx,방한의향자,C4,<표C4> 한국 여행 관심 계기(중복) (한국 방문의향자 기준),BASE:B5. 1) 한국 ④~⑤,대만,대만,국가/지역,전통문화/역사,465.0,(465),27.59070198303738,%
2025_잠재방한객조사_방한의향자.xlsx,방한의향자,C4,<표C4> 한국 여행 관심 계기(중복) (한국 방문의향자 기준),BASE:B5. 1) 한국 ④~⑤,대만,대만,국가/지역,자연 경관,465.0,(465),23.552892353748565,%
2025_잠재방한객조사_방한의향자.xlsx,방한의향자,C4,<표C4> 한국 여행 관심 계기(중복) (한국 방문의향자 기준),BASE:B5. 1) 한국 ④~⑤,대만,대만,국가/지역,"음악, 영화, 드라마 등 문화콘텐츠/연예인",465.0,(465),31.655038576168803,%
2025_잠재방한객조사_방한의향자.xlsx,방한의향자,C4,<표C4> 한국 여행 관심 계기(중복) (한국 방문의향자 기준),BASE:B5. 1) 한국 ④~⑤,대만,대만,국가/지역,관광 관련 공공기관이 제작한 국가 브랜드 홍보 영상,465.0,(465),23.285962962686636,%
2025_잠재방한객조사_방한의향자.xlsx,방한의향자,C4,<표C4> 한국 여행 관심 계기(중복) (한국 방문의향자 기준),BASE:B5. 1) 한국 ④~⑤,대만,대만,국가/지역,계절/기후,465.0,(465),20.93696823464823,%
2025_잠재방한객조사_방한의향자.xlsx,방한의향자,C4,<표C4> 한국 여행 관심 계기(중복) (한국 방문의향자 기준),BASE:B5. 1) 한국 ④~⑤,대만,대만,국가/지역,해당 국가에서만 판매하는 상품 쇼핑,465.0,(465),23.543984099120898,%
2025_잠재방한객조사_방한의향자.xlsx,방한의향자,C4,<표C4> 한국 여행 관심 계기(중복) (한국 방문의향자 기준),BASE:B5. 1) 한국 ④~⑤,대만,대만,국가/지역,건축/도시 디자인,465.0,(465),11.95185501163827,%
2025_잠재방한객조사_방한의향자.xlsx,방한의향자,C4,<표C4> 한국 여행 관심 계기(중복) (한국 방문의향자 기준),BASE:B5. 1) 한국 ④~⑤,대만,대만,국가/지역,"웰니스 관광(스파, 디톡스 여행 등)",465.0,(465),12.255318907755157,%
2025_잠재방한객조사_방한의향자.xlsx,방한의향자,C4,<표C4> 한국 여행 관심 계기(중복) (한국 방문의향자 기준),BASE:B5. 1) 한국 ④~⑤,대만,대만,국가/지역,치안/안전,465.0,(465),17.849588387290783,%
2025_잠재방한객조사_방한의향자.xlsx,방한의향자,C4,<표C4> 한국 여행 관심 계기(중복) (한국 방문의향자 기준),BASE:B5. 1) 한국 ④~⑤,대만,대만,국가/지역,이동거리/비행시간,465.0,(465),27.892052045349264,%
2025_잠재방한객조사_방한의향자.xlsx,방한의향자,C4,<표C4> 한국 여행 관심 계기(중복) (한국 방문의향자 기준),BASE:B5. 1) 한국 ④~⑤,대만,대만,국가/지역,항공 노선(직항 및 경유 등),465.0,(465),21.130786565563582,%
2025_잠재방한객조사_방한의향자.xlsx,방한의향자,C4,<표C4> 한국 여행 관심 계기(중복) (한국 방문의향자 기준),BASE:B5. 1) 한국 ④~⑤,대만,대만,국가/지역,"행사/이벤트 체험(공연, 콘서트, 축제, 박람회 등)",465.0,(465),19.131571559685124,%
2025_잠재방한객조사_방한의향자.xlsx,방한의향자,C4,<표C4> 한국 여행 관심 계기(중복) (한국 방문의향자 기준),BASE:B5. 1) 한국 ④~⑤,대만,대만,국가/지역,유명 명품 구매 등 럭셔리 쇼핑,465.0,(465),10.575382686929908,%
2025_잠재방한객조사_방한의향자.xlsx,방한의향자,C4,<표C4> 한국 여행 관심 계기(중복) (한국 방문의향자 기준),BASE:B5. 1) 한국 ④~⑤,대만,대만,국가/지역,출입국 편의성(비자 면제 등),465.0,(465),23.784822946000105,%
2025_잠재방한객조사_방한의향자.xlsx,방한의향자,C4,<표C4> 한국 여행 관심 계기(중복) (한국 방문의향자 기준),BASE:B5. 1) 한국 ④~⑤,대만,대만,국가/지역,항공권 특가 및 할인 프로모션,465.0,(465),22.057781267730128,%
2025_잠재방한객조사_방한의향자.xlsx,방한의향자,C4,<표C4> 한국 여행 관심 계기(중복) (한국 방문의향자 기준),BASE:B5. 1) 한국 ④~⑤,대만,대만,국가/지역,"이벤트성 방문(신혼여행, 프로포즈, 생일, 기념일 등)",465.0,(465),12.301952401189107,%
2025_잠재방한객조사_방한의향자.xlsx,방한의향자,C4,<표C4> 한국 여행 관심 계기(중복) (한국 방문의향자 기준),BASE:B5. 1) 한국 ④~⑤,대만,대만,국가/지역,"의료 관광(검진, 시술, 수술 등)",465.0,(465),8.693173923762645,%
2025_잠재방한객조사_방한의향자.xlsx,방한의향자,C4,<표C4> 한국 여행 관심 계기(중복) (한국 방문의향자 기준),BASE:B5. 1) 한국 ④~⑤,대만,대만,국가/지역,환율 및 현지 물가,465.0,(465),17.570071636024554,%
2025_잠재방한객조사_방한의향자.xlsx,방한의향자,C4,<표C4> 한국 여행 관심 계기(중복) (한국 방문의향자 기준),BASE:B5. 1) 한국 ④~⑤,대만,대만,국가/지역,언어소통,465.0,(465),8.47538105405703,%
2025_잠재방한객조사_방한의향자.xlsx,방한의향자,C4,<표C4> 한국 여행 관심 계기(중복) (한국 방문의향자 기준),BASE:B5. 1) 한국 ④~⑤,대만,대만,국가/지역,어학/직업 연수 및 유학,465.0,(465),3.77440394295471,%
2025_잠재방한객조사_방한의향자.xlsx,방한의향자,C4,<표C4> 한국 여행 관심 계기(중복) (한국 방문의향자 기준),BASE:B5. 1) 한국 ④~⑤,대만,대만,국가/지역,스포츠 관광(경기 관람 및 참여),465.0,(465),5.2903713265543075,%
2025_잠재방한객조사_방한의향자.xlsx,방한의향자,C4,<표C4> 한국 여행 관심 계기(중복) (한국 방문의향자 기준),BASE:B5. 1) 한국 ④~⑤,대만,대만,국가/지역,종교 환경,465.0,(465),5.072668380142358,%
2025_잠재방한객조사_방한의향자.xlsx,방한의향자,C4,<표C4> 한국 여행 관심 계기(중복) (한국 방문의향자 기준),BASE:B5. 1) 한국 ④~⑤,대만,대만,국가/지역,출장 및 학회 행사 개최지,465.0,(465),4.032621715456932,%
2025_잠재방한객조사_방한의향자.xlsx,방한의향자,C4,<표C4> 한국 여행 관심 계기(중복) (한국 방문의향자 기준),BASE:B5. 1) 한국 ④~⑤,대만,대만,국가/지역,과거 방문 경험,465.0,(465),11.017461331732006,%
2025_잠재방한객조사_방한의향자.xlsx,방한의향자,C4,<표C4> 한국 여행 관심 계기(중복) (한국 방문의향자 기준),BASE:B5. 1) 한국 ④~⑤,대만,대만,국가/지역,기타,465.0,(465),0,%
2025_잠재방한객조사_방한의향자.xlsx,방한의향자,C4,<표C4> 한국 여행 관심 계기(중복) (한국 방문의향자 기준),BASE:B5. 1) 한국 ④~⑤,미국,미국,국가/지역,"개인 및 인플루언서가 제작한 짧은 이미지(틱톡, 인스타그램 릴스, 유튜브 쇼츠 등)",930.0,(930),37.81238220041649,%
2025_잠재방한객조사_방한의향자.xlsx,방한의향자,C4,<표C4> 한국 여행 관심 계기(중복) (한국 방문의향자 기준),BASE:B5. 1) 한국 ④~⑤,미국,미국,국가/지역,음식/식문화,930.0,(930),40.73644852435721,%
2025_잠재방한객조사_방한의향자.xlsx,방한의향자,C4,<표C4> 한국 여행 관심 계기(중복) (한국 방문의향자 기준),BASE:B5. 1) 한국 ④~⑤,미국,미국,국가/지역,"뉴스, 영화, 드라마, 다큐멘터리 등 대중 매체",930.0,(930),30.78669667792212,%
2025_잠재방한객조사_방한의향자.xlsx,방한의향자,C4,<표C4> 한국 여행 관심 계기(중복) (한국 방문의향자 기준),BASE:B5. 1) 한국 ④~⑤,미국,미국,국가/지역,"가족, 친구, 지인 등 주변인 추천",930.0,(930),31.325951664942288,%
2025_잠재방한객조사_방한의향자.xlsx,방한의향자,C4,<표C4> 한국 여행 관심 계기(중복) (한국 방문의향자 기준),BASE:B5. 1) 한국 ④~⑤,미국,미국,국가/지역,관광지/관광 명소,930.0,(930),29.119306217997178,%
2025_잠재방한객조사_방한의향자.xlsx,방한의향자,C4,<표C4> 한국 여행 관심 계기(중복) (한국 방문의향자 기준),BASE:B5. 1) 한국 ④~⑤,미국,미국,국가/지역,"유명 인플루언서, 연예인 등의 여행 후기",930.0,(930),30.393450196448175,%
2025_잠재방한객조사_방한의향자.xlsx,방한의향자,C4,<표C4> 한국 여행 관심 계기(중복) (한국 방문의향자 기준),BASE:B5. 1) 한국 ④~⑤,미국,미국,국가/지역,전통문화/역사,930.0,(930),34.938472362197544,%
2025_잠재방한객조사_방한의향자.xlsx,방한의향자,C4,<표C4> 한국 여행 관심 계기(중복) (한국 방문의향자 기준),BASE:B5. 1) 한국 ④~⑤,미국,미국,국가/지역,자연 경관,930.0,(930),29.60125314756529,%
2025_잠재방한객조사_방한의향자.xlsx,방한의향자,C4,<표C4> 한국 여행 관심 계기(중복) (한국 방문의향자 기준),BASE:B5. 1) 한국 ④~⑤,미국,미국,국가/지역,"음악, 영화, 드라마 등 문화콘텐츠/연예인",930.0,(930),22.99442029338036,%
2025_잠재방한객조사_방한의향자.xlsx,방한의향자,C4,<표C4> 한국 여행 관심 계기(중복) (한국 방문의향자 기준),BASE:B5. 1) 한국 ④~⑤,미국,미국,국가/지역,관광 관련 공공기관이 제작한 국가 브랜드 홍보 영상,930.0,(930),24.87135646813828,%
2025_잠재방한객조사_방한의향자.xlsx,방한의향자,C4,<표C4> 한국 여행 관심 계기(중복) (한국 방문의향자 기준),BASE:B5. 1) 한국 ④~⑤,미국,미국,국가/지역,계절/기후,930.0,(930),17.924227746329162,%
2025_잠재방한객조사_방한의향자.xlsx,방한의향자,C4,<표C4> 한국 여행 관심 계기(중복) (한국 방문의향자 기준),BASE:B5. 1) 한국 ④~⑤,미국,미국,국가/지역,해당 국가에서만 판매하는 상품 쇼핑,930.0,(930),15.68440017209257,%
2025_잠재방한객조사_방한의향자.xlsx,방한의향자,C4,<표C4> 한국 여행 관심 계기(중복) (한국 방문의향자 기준),BASE:B5. 1) 한국 ④~⑤,미국,미국,국가/지역,건축/도시 디자인,930.0,(930),19.355513517958293,%
2025_잠재방한객조사_방한의향자.xlsx,방한의향자,C4,<표C4> 한국 여행 관심 계기(중복) (한국 방문의향자 기준),BASE:B5. 1) 한국 ④~⑤,미국,미국,국가/지역,"웰니스 관광(스파, 디톡스 여행 등)",930.0,(930),17.22608935511163,%
2025_잠재방한객조사_방한의향자.xlsx,방한의향자,C4,<표C4> 한국 여행 관심 계기(중복) (한국 방문의향자 기준),BASE:B5. 1) 한국 ④~⑤,미국,미국,국가/지역,치안/안전,930.0,(930),18.95028470837102,%
2025_잠재방한객조사_방한의향자.xlsx,방한의향자,C4,<표C4> 한국 여행 관심 계기(중복) (한국 방문의향자 기준),BASE:B5. 1) 한국 ④~⑤,미국,미국,국가/지역,이동거리/비행시간,930.0,(930),11.796546309015648,%
2025_잠재방한객조사_방한의향자.xlsx,방한의향자,C4,<표C4> 한국 여행 관심 계기(중복) (한국 방문의향자 기준),BASE:B5. 1) 한국 ④~⑤,미국,미국,국가/지역,항공 노선(직항 및 경유 등),930.0,(930),13.686935537091626,%
2025_잠재방한객조사_방한의향자.xlsx,방한의향자,C4,<표C4> 한국 여행 관심 계기(중복) (한국 방문의향자 기준),BASE:B5. 1) 한국 ④~⑤,미국,미국,국가/지역,"행사/이벤트 체험(공연, 콘서트, 축제, 박람회 등)",930.0,(930),14.817726791562173,%
2025_잠재방한객조사_방한의향자.xlsx,방한의향자,C4,<표C4> 한국 여행 관심 계기(중복) (한국 방문의향자 기준),BASE:B5. 1) 한국 ④~⑤,미국,미국,국가/지역,유명 명품 구매 등 럭셔리 쇼핑,930.0,(930),17.83294517815405,%
2025_잠재방한객조사_방한의향자.xlsx,방한의향자,C4,<표C4> 한국 여행 관심 계기(중복) (한국 방문의향자 기준),BASE:B5. 1) 한국 ④~⑤,미국,미국,국가/지역,출입국 편의성(비자 면제 등),930.0,(930),15.454319381195392,%
2025_잠재방한객조사_방한의향자.xlsx,방한의향자,C4,<표C4> 한국 여행 관심 계기(중복) (한국 방문의향자 기준),BASE:B5. 1) 한국 ④~⑤,미국,미국,국가/지역,항공권 특가 및 할인 프로모션,930.0,(930),11.740149965477466,%
2025_잠재방한객조사_방한의향자.xlsx,방한의향자,C4,<표C4> 한국 여행 관심 계기(중복) (한국 방문의향자 기준),BASE:B5. 1) 한국 ④~⑤,미국,미국,국가/지역,"이벤트성 방문(신혼여행, 프로포즈, 생일, 기념일 등)",930.0,(930),12.319958149461668,%
2025_잠재방한객조사_방한의향자.xlsx,방한의향자,C4,<표C4> 한국 여행 관심 계기(중복) (한국 방문의향자 기준),BASE:B5. 1) 한국 ④~⑤,미국,미국,국가/지역,"의료 관광(검진, 시술, 수술 등)",930.0,(930),8.976213356510938,%
2025_잠재방한객조사_방한의향자.xlsx,방한의향자,C4,<표C4> 한국 여행 관심 계기(중복) (한국 방문의향자 기준),BASE:B5. 1) 한국 ④~⑤,미국,미국,국가/지역,환율 및 현지 물가,930.0,(930),12.373313656619647,%
2025_잠재방한객조사_방한의향자.xlsx,방한의향자,C4,<표C4> 한국 여행 관심 계기(중복) (한국 방문의향자 기준),BASE:B5. 1) 한국 ④~⑤,미국,미국,국가/지역,언어소통,930.0,(930),10.997167278484698,%
2025_잠재방한객조사_방한의향자.xlsx,방한의향자,C4,<표C4> 한국 여행 관심 계기(중복) (한국 방문의향자 기준),BASE:B5. 1) 한국 ④~⑤,미국,미국,국가/지역,어학/직업 연수 및 유학,930.0,(930),10.122613723530419,%
2025_잠재방한객조사_방한의향자.xlsx,방한의향자,C4,<표C4> 한국 여행 관심 계기(중복) (한국 방문의향자 기준),BASE:B5. 1) 한국 ④~⑤,미국,미국,국가/지역,스포츠 관광(경기 관람 및 참여),930.0,(930),9.713299256662406,%
2025_잠재방한객조사_방한의향자.xlsx,방한의향자,C4,<표C4> 한국 여행 관심 계기(중복) (한국 방문의향자 기준),BASE:B5. 1) 한국 ④~⑤,미국,미국,국가/지역,종교 환경,930.0,(930),8.168518307719335,%
2025_잠재방한객조사_방한의향자.xlsx,방한의향자,C4,<표C4> 한국 여행 관심 계기(중복) (한국 방문의향자 기준),BASE:B5. 1) 한국 ④~⑤,미국,미국,국가/지역,출장 및 학회 행사 개최지,930.0,(930),9.11149022300202,%
2025_잠재방한객조사_방한의향자.xlsx,방한의향자,C4,<표C4> 한국 여행 관심 계기(중복) (한국 방문의향자 기준),BASE:B5. 1) 한국 ④~⑤,미국,미국,국가/지역,과거 방문 경험,930.0,(930),5.28023875254526,%
2025_잠재방한객조사_방한의향자.xlsx,방한의향자,C4,<표C4> 한국 여행 관심 계기(중복) (한국 방문의향자 기준),BASE:B5. 1) 한국 ④~⑤,미국,미국,국가/지역,기타,930.0,(930),1.4176250158787933,%
2025_잠재방한객조사_방한의향자.xlsx,방한의향자,C4,<표C4> 한국 여행 관심 계기(중복) (한국 방문의향자 기준),BASE:B5. 1) 한국 ④~⑤,필리핀,필리핀,국가/지역,"개인 및 인플루언서가 제작한 짧은 이미지(틱톡, 인스타그램 릴스, 유튜브 쇼츠 등)",465.0,(465),45.62001206579395,%
2025_잠재방한객조사_방한의향자.xlsx,방한의향자,C4,<표C4> 한국 여행 관심 계기(중복) (한국 방문의향자 기준),BASE:B5. 1) 한국 ④~⑤,필리핀,필리핀,국가/지역,음식/식문화,465.0,(465),59.63619286172597,%
2025_잠재방한객조사_방한의향자.xlsx,방한의향자,C4,<표C4> 한국 여행 관심 계기(중복) (한국 방문의향자 기준),BASE:B5. 1) 한국 ④~⑤,필리핀,필리핀,국가/지역,"뉴스, 영화, 드라마, 다큐멘터리 등 대중 매체",465.0,(465),47.66974257377793,%
2025_잠재방한객조사_방한의향자.xlsx,방한의향자,C4,<표C4> 한국 여행 관심 계기(중복) (한국 방문의향자 기준),BASE:B5. 1) 한국 ④~⑤,필리핀,필리핀,국가/지역,"가족, 친구, 지인 등 주변인 추천",465.0,(465),46.78540553095905,%
2025_잠재방한객조사_방한의향자.xlsx,방한의향자,C4,<표C4> 한국 여행 관심 계기(중복) (한국 방문의향자 기준),BASE:B5. 1) 한국 ④~⑤,필리핀,필리핀,국가/지역,관광지/관광 명소,465.0,(465),59.11447405754564,%
2025_잠재방한객조사_방한의향자.xlsx,방한의향자,C4,<표C4> 한국 여행 관심 계기(중복) (한국 방문의향자 기준),BASE:B5. 1) 한국 ④~⑤,필리핀,필리핀,국가/지역,"유명 인플루언서, 연예인 등의 여행 후기",465.0,(465),50.64384318968226,%
2025_잠재방한객조사_방한의향자.xlsx,방한의향자,C4,<표C4> 한국 여행 관심 계기(중복) (한국 방문의향자 기준),BASE:B5. 1) 한국 ④~⑤,필리핀,필리핀,국가/지역,전통문화/역사,465.0,(465),43.36567396020058,%
2025_잠재방한객조사_방한의향자.xlsx,방한의향자,C4,<표C4> 한국 여행 관심 계기(중복) (한국 방문의향자 기준),BASE:B5. 1) 한국 ④~⑤,필리핀,필리핀,국가/지역,자연 경관,465.0,(465),47.021697590464505,%
2025_잠재방한객조사_방한의향자.xlsx,방한의향자,C4,<표C4> 한국 여행 관심 계기(중복) (한국 방문의향자 기준),BASE:B5. 1) 한국 ④~⑤,필리핀,필리핀,국가/지역,"음악, 영화, 드라마 등 문화콘텐츠/연예인",465.0,(465),37.52682614014934,%
2025_잠재방한객조사_방한의향자.xlsx,방한의향자,C4,<표C4> 한국 여행 관심 계기(중복) (한국 방문의향자 기준),BASE:B5. 1) 한국 ④~⑤,필리핀,필리핀,국가/지역,관광 관련 공공기관이 제작한 국가 브랜드 홍보 영상,465.0,(465),29.431060679512637,%
2025_잠재방한객조사_방한의향자.xlsx,방한의향자,C4,<표C4> 한국 여행 관심 계기(중복) (한국 방문의향자 기준),BASE:B5. 1) 한국 ④~⑤,필리핀,필리핀,국가/지역,계절/기후,465.0,(465),45.940510637811975,%
2025_잠재방한객조사_방한의향자.xlsx,방한의향자,C4,<표C4> 한국 여행 관심 계기(중복) (한국 방문의향자 기준),BASE:B5. 1) 한국 ④~⑤,필리핀,필리핀,국가/지역,해당 국가에서만 판매하는 상품 쇼핑,465.0,(465),32.2105802730279,%
2025_잠재방한객조사_방한의향자.xlsx,방한의향자,C4,<표C4> 한국 여행 관심 계기(중복) (한국 방문의향자 기준),BASE:B5. 1) 한국 ④~⑤,필리핀,필리핀,국가/지역,건축/도시 디자인,465.0,(465),21.58500379381901,%
2025_잠재방한객조사_방한의향자.xlsx,방한의향자,C4,<표C4> 한국 여행 관심 계기(중복) (한국 방문의향자 기준),BASE:B5. 1) 한국 ④~⑤,필리핀,필리핀,국가/지역,"웰니스 관광(스파, 디톡스 여행 등)",465.0,(465),24.542908547141696,%
2025_잠재방한객조사_방한의향자.xlsx,방한의향자,C4,<표C4> 한국 여행 관심 계기(중복) (한국 방문의향자 기준),BASE:B5. 1) 한국 ④~⑤,필리핀,필리핀,국가/지역,치안/안전,465.0,(465),25.615183030215423,%
2025_잠재방한객조사_방한의향자.xlsx,방한의향자,C4,<표C4> 한국 여행 관심 계기(중복) (한국 방문의향자 기준),BASE:B5. 1) 한국 ④~⑤,필리핀,필리핀,국가/지역,이동거리/비행시간,465.0,(465),31.46972031135021,%
2025_잠재방한객조사_방한의향자.xlsx,방한의향자,C4,<표C4> 한국 여행 관심 계기(중복) (한국 방문의향자 기준),BASE:B5. 1) 한국 ④~⑤,필리핀,필리핀,국가/지역,항공 노선(직항 및 경유 등),465.0,(465),19.436456056176354,%
2025_잠재방한객조사_방한의향자.xlsx,방한의향자,C4,<표C4> 한국 여행 관심 계기(중복) (한국 방문의향자 기준),BASE:B5. 1) 한국 ④~⑤,필리핀,필리핀,국가/지역,"행사/이벤트 체험(공연, 콘서트, 축제, 박람회 등)",465.0,(465),27.499700459607002,%
2025_잠재방한객조사_방한의향자.xlsx,방한의향자,C4,<표C4> 한국 여행 관심 계기(중복) (한국 방문의향자 기준),BASE:B5. 1) 한국 ④~⑤,필리핀,필리핀,국가/지역,유명 명품 구매 등 럭셔리 쇼핑,465.0,(465),21.53224740186306,%
2025_잠재방한객조사_방한의향자.xlsx,방한의향자,C4,<표C4> 한국 여행 관심 계기(중복) (한국 방문의향자 기준),BASE:B5. 1) 한국 ④~⑤,필리핀,필리핀,국가/지역,출입국 편의성(비자 면제 등),465.0,(465),19.348673854299072,%
2025_잠재방한객조사_방한의향자.xlsx,방한의향자,C4,<표C4> 한국 여행 관심 계기(중복) (한국 방문의향자 기준),BASE:B5. 1) 한국 ④~⑤,필리핀,필리핀,국가/지역,항공권 특가 및 할인 프로모션,465.0,(465),22.413829023814685,%
2025_잠재방한객조사_방한의향자.xlsx,방한의향자,C4,<표C4> 한국 여행 관심 계기(중복) (한국 방문의향자 기준),BASE:B5. 1) 한국 ④~⑤,필리핀,필리핀,국가/지역,"이벤트성 방문(신혼여행, 프로포즈, 생일, 기념일 등)",465.0,(465),22.55948056346454,%
2025_잠재방한객조사_방한의향자.xlsx,방한의향자,C4,<표C4> 한국 여행 관심 계기(중복) (한국 방문의향자 기준),BASE:B5. 1) 한국 ④~⑤,필리핀,필리핀,국가/지역,"의료 관광(검진, 시술, 수술 등)",465.0,(465),13.110882743361119,%
2025_잠재방한객조사_방한의향자.xlsx,방한의향자,C4,<표C4> 한국 여행 관심 계기(중복) (한국 방문의향자 기준),BASE:B5. 1) 한국 ④~⑤,필리핀,필리핀,국가/지역,환율 및 현지 물가,465.0,(465),15.45064000749349,%
2025_잠재방한객조사_방한의향자.xlsx,방한의향자,C4,<표C4> 한국 여행 관심 계기(중복) (한국 방문의향자 기준),BASE:B5. 1) 한국 ④~⑤,필리핀,필리핀,국가/지역,언어소통,465.0,(465),14.376576685344178,%
2025_잠재방한객조사_방한의향자.xlsx,방한의향자,C4,<표C4> 한국 여행 관심 계기(중복) (한국 방문의향자 기준),BASE:B5. 1) 한국 ④~⑤,필리핀,필리핀,국가/지역,어학/직업 연수 및 유학,465.0,(465),11.996487678865032,%
2025_잠재방한객조사_방한의향자.xlsx,방한의향자,C4,<표C4> 한국 여행 관심 계기(중복) (한국 방문의향자 기준),BASE:B5. 1) 한국 ④~⑤,필리핀,필리핀,국가/지역,스포츠 관광(경기 관람 및 참여),465.0,(465),9.703032928923403,%
2025_잠재방한객조사_방한의향자.xlsx,방한의향자,C4,<표C4> 한국 여행 관심 계기(중복) (한국 방문의향자 기준),BASE:B5. 1) 한국 ④~⑤,필리핀,필리핀,국가/지역,종교 환경,465.0,(465),9.693882583513851,%
2025_잠재방한객조사_방한의향자.xlsx,방한의향자,C4,<표C4> 한국 여행 관심 계기(중복) (한국 방문의향자 기준),BASE:B5. 1) 한국 ④~⑤,필리핀,필리핀,국가/지역,출장 및 학회 행사 개최지,465.0,(465),10.051718491119845,%
2025_잠재방한객조사_방한의향자.xlsx,방한의향자,C4,<표C4> 한국 여행 관심 계기(중복) (한국 방문의향자 기준),BASE:B5. 1) 한국 ④~⑤,필리핀,필리핀,국가/지역,과거 방문 경험,465.0,(465),5.727573223960696,%
2025_잠재방한객조사_방한의향자.xlsx,방한의향자,C4,<표C4> 한국 여행 관심 계기(중복) (한국 방문의향자 기준),BASE:B5. 1) 한국 ④~⑤,필리핀,필리핀,국가/지역,기타,465.0,(465),0.484209223462984,%
2025_잠재방한객조사_방한의향자.xlsx,방한의향자,C4,<표C4> 한국 여행 관심 계기(중복) (한국 방문의향자 기준),BASE:B5. 1) 한국 ④~⑤,베트남,베트남,국가/지역,"개인 및 인플루언서가 제작한 짧은 이미지(틱톡, 인스타그램 릴스, 유튜브 쇼츠 등)",465.0,(465),54.20858635200824,%
2025_잠재방한객조사_방한의향자.xlsx,방한의향자,C4,<표C4> 한국 여행 관심 계기(중복) (한국 방문의향자 기준),BASE:B5. 1) 한국 ④~⑤,베트남,베트남,국가/지역,음식/식문화,465.0,(465),52.762225615781134,%
2025_잠재방한객조사_방한의향자.xlsx,방한의향자,C4,<표C4> 한국 여행 관심 계기(중복) (한국 방문의향자 기준),BASE:B5. 1) 한국 ④~⑤,베트남,베트남,국가/지역,"뉴스, 영화, 드라마, 다큐멘터리 등 대중 매체",465.0,(465),50.8299020470281,%
2025_잠재방한객조사_방한의향자.xlsx,방한의향자,C4,<표C4> 한국 여행 관심 계기(중복) (한국 방문의향자 기준),BASE:B5. 1) 한국 ④~⑤,베트남,베트남,국가/지역,"가족, 친구, 지인 등 주변인 추천",465.0,(465),37.32654152902051,%
2025_잠재방한객조사_방한의향자.xlsx,방한의향자,C4,<표C4> 한국 여행 관심 계기(중복) (한국 방문의향자 기준),BASE:B5. 1) 한국 ④~⑤,베트남,베트남,국가/지역,관광지/관광 명소,465.0,(465),41.0009161509842,%
2025_잠재방한객조사_방한의향자.xlsx,방한의향자,C4,<표C4> 한국 여행 관심 계기(중복) (한국 방문의향자 기준),BASE:B5. 1) 한국 ④~⑤,베트남,베트남,국가/지역,"유명 인플루언서, 연예인 등의 여행 후기",465.0,(465),47.70547318773373,%
2025_잠재방한객조사_방한의향자.xlsx,방한의향자,C4,<표C4> 한국 여행 관심 계기(중복) (한국 방문의향자 기준),BASE:B5. 1) 한국 ④~⑤,베트남,베트남,국가/지역,전통문화/역사,465.0,(465),38.8347438988143,%
2025_잠재방한객조사_방한의향자.xlsx,방한의향자,C4,<표C4> 한국 여행 관심 계기(중복) (한국 방문의향자 기준),BASE:B5. 1) 한국 ④~⑤,베트남,베트남,국가/지역,자연 경관,465.0,(465),45.30241601961605,%
2025_잠재방한객조사_방한의향자.xlsx,방한의향자,C4,<표C4> 한국 여행 관심 계기(중복) (한국 방문의향자 기준),BASE:B5. 1) 한국 ④~⑤,베트남,베트남,국가/지역,"음악, 영화, 드라마 등 문화콘텐츠/연예인",465.0,(465),39.20592065924213,%
2025_잠재방한객조사_방한의향자.xlsx,방한의향자,C4,<표C4> 한국 여행 관심 계기(중복) (한국 방문의향자 기준),BASE:B5. 1) 한국 ④~⑤,베트남,베트남,국가/지역,관광 관련 공공기관이 제작한 국가 브랜드 홍보 영상,465.0,(465),34.326216945180754,%
2025_잠재방한객조사_방한의향자.xlsx,방한의향자,C4,<표C4> 한국 여행 관심 계기(중복) (한국 방문의향자 기준),BASE:B5. 1) 한국 ④~⑤,베트남,베트남,국가/지역,계절/기후,465.0,(465),34.21149985985382,%
2025_잠재방한객조사_방한의향자.xlsx,방한의향자,C4,<표C4> 한국 여행 관심 계기(중복) (한국 방문의향자 기준),BASE:B5. 1) 한국 ④~⑤,베트남,베트남,국가/지역,해당 국가에서만 판매하는 상품 쇼핑,465.0,(465),33.42368310805327,%
2025_잠재방한객조사_방한의향자.xlsx,방한의향자,C4,<표C4> 한국 여행 관심 계기(중복) (한국 방문의향자 기준),BASE:B5. 1) 한국 ④~⑤,베트남,베트남,국가/지역,건축/도시 디자인,465.0,(465),26.489916931396333,%
2025_잠재방한객조사_방한의향자.xlsx,방한의향자,C4,<표C4> 한국 여행 관심 계기(중복) (한국 방문의향자 기준),BASE:B5. 1) 한국 ④~⑤,베트남,베트남,국가/지역,"웰니스 관광(스파, 디톡스 여행 등)",465.0,(465),27.501260792994376,%
2025_잠재방한객조사_방한의향자.xlsx,방한의향자,C4,<표C4> 한국 여행 관심 계기(중복) (한국 방문의향자 기준),BASE:B5. 1) 한국 ④~⑤,베트남,베트남,국가/지역,치안/안전,465.0,(465),21.603900145711535,%
2025_잠재방한객조사_방한의향자.xlsx,방한의향자,C4,<표C4> 한국 여행 관심 계기(중복) (한국 방문의향자 기준),BASE:B5. 1) 한국 ④~⑤,베트남,베트남,국가/지역,이동거리/비행시간,465.0,(465),27.30484450127692,%
2025_잠재방한객조사_방한의향자.xlsx,방한의향자,C4,<표C4> 한국 여행 관심 계기(중복) (한국 방문의향자 기준),BASE:B5. 1) 한국 ④~⑤,베트남,베트남,국가/지역,항공 노선(직항 및 경유 등),465.0,(465),20.37880914389339,%
2025_잠재방한객조사_방한의향자.xlsx,방한의향자,C4,<표C4> 한국 여행 관심 계기(중복) (한국 방문의향자 기준),BASE:B5. 1) 한국 ④~⑤,베트남,베트남,국가/지역,"행사/이벤트 체험(공연, 콘서트, 축제, 박람회 등)",465.0,(465),33.25022979592309,%
2025_잠재방한객조사_방한의향자.xlsx,방한의향자,C4,<표C4> 한국 여행 관심 계기(중복) (한국 방문의향자 기준),BASE:B5. 1) 한국 ④~⑤,베트남,베트남,국가/지역,유명 명품 구매 등 럭셔리 쇼핑,465.0,(465),24.945028109449265,%
2025_잠재방한객조사_방한의향자.xlsx,방한의향자,C4,<표C4> 한국 여행 관심 계기(중복) (한국 방문의향자 기준),BASE:B5. 1) 한국 ④~⑤,베트남,베트남,국가/지역,출입국 편의성(비자 면제 등),465.0,(465),22.766544876390345,%
2025_잠재방한객조사_방한의향자.xlsx,방한의향자,C4,<표C4> 한국 여행 관심 계기(중복) (한국 방문의향자 기준),BASE:B5. 1) 한국 ④~⑤,베트남,베트남,국가/지역,항공권 특가 및 할인 프로모션,465.0,(465),24.820961166922498,%
2025_잠재방한객조사_방한의향자.xlsx,방한의향자,C4,<표C4> 한국 여행 관심 계기(중복) (한국 방문의향자 기준),BASE:B5. 1) 한국 ④~⑤,베트남,베트남,국가/지역,"이벤트성 방문(신혼여행, 프로포즈, 생일, 기념일 등)",465.0,(465),23.694946625834888,%
2025_잠재방한객조사_방한의향자.xlsx,방한의향자,C4,<표C4> 한국 여행 관심 계기(중복) (한국 방문의향자 기준),BASE:B5. 1) 한국 ④~⑤,베트남,베트남,국가/지역,"의료 관광(검진, 시술, 수술 등)",465.0,(465),17.24855133133222,%
2025_잠재방한객조사_방한의향자.xlsx,방한의향자,C4,<표C4> 한국 여행 관심 계기(중복) (한국 방문의향자 기준),BASE:B5. 1) 한국 ④~⑤,베트남,베트남,국가/지역,환율 및 현지 물가,465.0,(465),16.09328611130101,%
2025_잠재방한객조사_방한의향자.xlsx,방한의향자,C4,<표C4> 한국 여행 관심 계기(중복) (한국 방문의향자 기준),BASE:B5. 1) 한국 ④~⑤,베트남,베트남,국가/지역,언어소통,465.0,(465),17.549776361893105,%
2025_잠재방한객조사_방한의향자.xlsx,방한의향자,C4,<표C4> 한국 여행 관심 계기(중복) (한국 방문의향자 기준),BASE:B5. 1) 한국 ④~⑤,베트남,베트남,국가/지역,어학/직업 연수 및 유학,465.0,(465),16.692850829783293,%
2025_잠재방한객조사_방한의향자.xlsx,방한의향자,C4,<표C4> 한국 여행 관심 계기(중복) (한국 방문의향자 기준),BASE:B5. 1) 한국 ④~⑤,베트남,베트남,국가/지역,스포츠 관광(경기 관람 및 참여),465.0,(465),14.983285217704076,%
2025_잠재방한객조사_방한의향자.xlsx,방한의향자,C4,<표C4> 한국 여행 관심 계기(중복) (한국 방문의향자 기준),BASE:B5. 1) 한국 ④~⑤,베트남,베트남,국가/지역,종교 환경,465.0,(465),14.26004110493386,%
2025_잠재방한객조사_방한의향자.xlsx,방한의향자,C4,<표C4> 한국 여행 관심 계기(중복) (한국 방문의향자 기준),BASE:B5. 1) 한국 ④~⑤,베트남,베트남,국가/지역,출장 및 학회 행사 개최지,465.0,(465),17.04703527462086,%
2025_잠재방한객조사_방한의향자.xlsx,방한의향자,C4,<표C4> 한국 여행 관심 계기(중복) (한국 방문의향자 기준),BASE:B5. 1) 한국 ④~⑤,베트남,베트남,국가/지역,과거 방문 경험,465.0,(465),13.175340166397726,%
2025_잠재방한객조사_방한의향자.xlsx,방한의향자,C4,<표C4> 한국 여행 관심 계기(중복) (한국 방문의향자 기준),BASE:B5. 1) 한국 ④~⑤,베트남,베트남,국가/지역,기타,465.0,(465),0.22249307978732769,%
2025_잠재방한객조사_방한의향자.xlsx,방한의향자,C4,<표C4> 한국 여행 관심 계기(중복) (한국 방문의향자 기준),BASE:B5. 1) 한국 ④~⑤,싱가포르,싱가포르,국가/지역,"개인 및 인플루언서가 제작한 짧은 이미지(틱톡, 인스타그램 릴스, 유튜브 쇼츠 등)",465.0,(465),31.67181155032095,%
2025_잠재방한객조사_방한의향자.xlsx,방한의향자,C4,<표C4> 한국 여행 관심 계기(중복) (한국 방문의향자 기준),BASE:B5. 1) 한국 ④~⑤,싱가포르,싱가포르,국가/지역,음식/식문화,465.0,(465),46.062688277718514,%
2025_잠재방한객조사_방한의향자.xlsx,방한의향자,C4,<표C4> 한국 여행 관심 계기(중복) (한국 방문의향자 기준),BASE:B5. 1) 한국 ④~⑤,싱가포르,싱가포르,국가/지역,"뉴스, 영화, 드라마, 다큐멘터리 등 대중 매체",465.0,(465),33.819722566912965,%
2025_잠재방한객조사_방한의향자.xlsx,방한의향자,C4,<표C4> 한국 여행 관심 계기(중복) (한국 방문의향자 기준),BASE:B5. 1) 한국 ④~⑤,싱가포르,싱가포르,국가/지역,"가족, 친구, 지인 등 주변인 추천",465.0,(465),37.70074259449607,%
2025_잠재방한객조사_방한의향자.xlsx,방한의향자,C4,<표C4> 한국 여행 관심 계기(중복) (한국 방문의향자 기준),BASE:B5. 1) 한국 ④~⑤,싱가포르,싱가포르,국가/지역,관광지/관광 명소,465.0,(465),35.24514535414187,%
2025_잠재방한객조사_방한의향자.xlsx,방한의향자,C4,<표C4> 한국 여행 관심 계기(중복) (한국 방문의향자 기준),BASE:B5. 1) 한국 ④~⑤,싱가포르,싱가포르,국가/지역,"유명 인플루언서, 연예인 등의 여행 후기",465.0,(465),31.5619912380586,%
2025_잠재방한객조사_방한의향자.xlsx,방한의향자,C4,<표C4> 한국 여행 관심 계기(중복) (한국 방문의향자 기준),BASE:B5. 1) 한국 ④~⑤,싱가포르,싱가포르,국가/지역,전통문화/역사,465.0,(465),32.24845157146293,%
2025_잠재방한객조사_방한의향자.xlsx,방한의향자,C4,<표C4> 한국 여행 관심 계기(중복) (한국 방문의향자 기준),BASE:B5. 1) 한국 ④~⑤,싱가포르,싱가포르,국가/지역,자연 경관,465.0,(465),34.48913713724613,%
2025_잠재방한객조사_방한의향자.xlsx,방한의향자,C4,<표C4> 한국 여행 관심 계기(중복) (한국 방문의향자 기준),BASE:B5. 1) 한국 ④~⑤,싱가포르,싱가포르,국가/지역,"음악, 영화, 드라마 등 문화콘텐츠/연예인",465.0,(465),21.974316738222015,%
2025_잠재방한객조사_방한의향자.xlsx,방한의향자,C4,<표C4> 한국 여행 관심 계기(중복) (한국 방문의향자 기준),BASE:B5. 1) 한국 ④~⑤,싱가포르,싱가포르,국가/지역,관광 관련 공공기관이 제작한 국가 브랜드 홍보 영상,465.0,(465),21.58192851242384,%
2025_잠재방한객조사_방한의향자.xlsx,방한의향자,C4,<표C4> 한국 여행 관심 계기(중복) (한국 방문의향자 기준),BASE:B5. 1) 한국 ④~⑤,싱가포르,싱가포르,국가/지역,계절/기후,465.0,(465),31.33755050861271,%
2025_잠재방한객조사_방한의향자.xlsx,방한의향자,C4,<표C4> 한국 여행 관심 계기(중복) (한국 방문의향자 기준),BASE:B5. 1) 한국 ④~⑤,싱가포르,싱가포르,국가/지역,해당 국가에서만 판매하는 상품 쇼핑,465.0,(465),23.328586607990896,%
2025_잠재방한객조사_방한의향자.xlsx,방한의향자,C4,<표C4> 한국 여행 관심 계기(중복) (한국 방문의향자 기준),BASE:B5. 1) 한국 ④~⑤,싱가포르,싱가포르,국가/지역,건축/도시 디자인,465.0,(465),13.249626932326372,%
2025_잠재방한객조사_방한의향자.xlsx,방한의향자,C4,<표C4> 한국 여행 관심 계기(중복) (한국 방문의향자 기준),BASE:B5. 1) 한국 ④~⑤,싱가포르,싱가포르,국가/지역,"웰니스 관광(스파, 디톡스 여행 등)",465.0,(465),14.915103576167136,%
2025_잠재방한객조사_방한의향자.xlsx,방한의향자,C4,<표C4> 한국 여행 관심 계기(중복) (한국 방문의향자 기준),BASE:B5. 1) 한국 ④~⑤,싱가포르,싱가포르,국가/지역,치안/안전,465.0,(465),18.68897575981458,%
2025_잠재방한객조사_방한의향자.xlsx,방한의향자,C4,<표C4> 한국 여행 관심 계기(중복) (한국 방문의향자 기준),BASE:B5. 1) 한국 ④~⑤,싱가포르,싱가포르,국가/지역,이동거리/비행시간,465.0,(465),19.062332434911262,%
2025_잠재방한객조사_방한의향자.xlsx,방한의향자,C4,<표C4> 한국 여행 관심 계기(중복) (한국 방문의향자 기준),BASE:B5. 1) 한국 ④~⑤,싱가포르,싱가포르,국가/지역,항공 노선(직항 및 경유 등),465.0,(465),15.417226875030925,%
2025_잠재방한객조사_방한의향자.xlsx,방한의향자,C4,<표C4> 한국 여행 관심 계기(중복) (한국 방문의향자 기준),BASE:B5. 1) 한국 ④~⑤,싱가포르,싱가포르,국가/지역,"행사/이벤트 체험(공연, 콘서트, 축제, 박람회 등)",465.0,(465),10.833609613558606,%
2025_잠재방한객조사_방한의향자.xlsx,방한의향자,C4,<표C4> 한국 여행 관심 계기(중복) (한국 방문의향자 기준),BASE:B5. 1) 한국 ④~⑤,싱가포르,싱가포르,국가/지역,유명 명품 구매 등 럭셔리 쇼핑,465.0,(465),16.9883436470719,%
2025_잠재방한객조사_방한의향자.xlsx,방한의향자,C4,<표C4> 한국 여행 관심 계기(중복) (한국 방문의향자 기준),BASE:B5. 1) 한국 ④~⑤,싱가포르,싱가포르,국가/지역,출입국 편의성(비자 면제 등),465.0,(465),12.933670496724742,%
2025_잠재방한객조사_방한의향자.xlsx,방한의향자,C4,<표C4> 한국 여행 관심 계기(중복) (한국 방문의향자 기준),BASE:B5. 1) 한국 ④~⑤,싱가포르,싱가포르,국가/지역,항공권 특가 및 할인 프로모션,465.0,(465),15.61797083960926,%
2025_잠재방한객조사_방한의향자.xlsx,방한의향자,C4,<표C4> 한국 여행 관심 계기(중복) (한국 방문의향자 기준),BASE:B5. 1) 한국 ④~⑤,싱가포르,싱가포르,국가/지역,"이벤트성 방문(신혼여행, 프로포즈, 생일, 기념일 등)",465.0,(465),8.850811482222342,%
2025_잠재방한객조사_방한의향자.xlsx,방한의향자,C4,<표C4> 한국 여행 관심 계기(중복) (한국 방문의향자 기준),BASE:B5. 1) 한국 ④~⑤,싱가포르,싱가포르,국가/지역,"의료 관광(검진, 시술, 수술 등)",465.0,(465),7.432894835637166,%
2025_잠재방한객조사_방한의향자.xlsx,방한의향자,C4,<표C4> 한국 여행 관심 계기(중복) (한국 방문의향자 기준),BASE:B5. 1) 한국 ④~⑤,싱가포르,싱가포르,국가/지역,환율 및 현지 물가,465.0,(465),14.046324368490499,%
2025_잠재방한객조사_방한의향자.xlsx,방한의향자,C4,<표C4> 한국 여행 관심 계기(중복) (한국 방문의향자 기준),BASE:B5. 1) 한국 ④~⑤,싱가포르,싱가포르,국가/지역,언어소통,465.0,(465),9.024348156254009,%
2025_잠재방한객조사_방한의향자.xlsx,방한의향자,C4,<표C4> 한국 여행 관심 계기(중복) (한국 방문의향자 기준),BASE:B5. 1) 한국 ④~⑤,싱가포르,싱가포르,국가/지역,어학/직업 연수 및 유학,465.0,(465),5.407283556428654,%
2025_잠재방한객조사_방한의향자.xlsx,방한의향자,C4,<표C4> 한국 여행 관심 계기(중복) (한국 방문의향자 기준),BASE:B5. 1) 한국 ④~⑤,싱가포르,싱가포르,국가/지역,스포츠 관광(경기 관람 및 참여),465.0,(465),8.315015582988234,%
2025_잠재방한객조사_방한의향자.xlsx,방한의향자,C4,<표C4> 한국 여행 관심 계기(중복) (한국 방문의향자 기준),BASE:B5. 1) 한국 ④~⑤,싱가포르,싱가포르,국가/지역,종교 환경,465.0,(465),8.665923950889292,%
2025_잠재방한객조사_방한의향자.xlsx,방한의향자,C4,<표C4> 한국 여행 관심 계기(중복) (한국 방문의향자 기준),BASE:B5. 1) 한국 ④~⑤,싱가포르,싱가포르,국가/지역,출장 및 학회 행사 개최지,465.0,(465),6.597760144202962,%
2025_잠재방한객조사_방한의향자.xlsx,방한의향자,C4,<표C4> 한국 여행 관심 계기(중복) (한국 방문의향자 기준),BASE:B5. 1) 한국 ④~⑤,싱가포르,싱가포르,국가/지역,과거 방문 경험,465.0,(465),10.939082843424282,%
2025_잠재방한객조사_방한의향자.xlsx,방한의향자,C4,<표C4> 한국 여행 관심 계기(중복) (한국 방문의향자 기준),BASE:B5. 1) 한국 ④~⑤,싱가포르,싱가포르,국가/지역,기타,465.0,(465),0.22543693918683408,%
2025_잠재방한객조사_방한의향자.xlsx,방한의향자,C4,<표C4> 한국 여행 관심 계기(중복) (한국 방문의향자 기준),BASE:B5. 1) 한국 ④~⑤,인도네시아,인도네시아,국가/지역,"개인 및 인플루언서가 제작한 짧은 이미지(틱톡, 인스타그램 릴스, 유튜브 쇼츠 등)",465.0,(465),66.99872028061435,%
2025_잠재방한객조사_방한의향자.xlsx,방한의향자,C4,<표C4> 한국 여행 관심 계기(중복) (한국 방문의향자 기준),BASE:B5. 1) 한국 ④~⑤,인도네시아,인도네시아,국가/지역,음식/식문화,465.0,(465),58.30962942237552,%
2025_잠재방한객조사_방한의향자.xlsx,방한의향자,C4,<표C4> 한국 여행 관심 계기(중복) (한국 방문의향자 기준),BASE:B5. 1) 한국 ④~⑤,인도네시아,인도네시아,국가/지역,"뉴스, 영화, 드라마, 다큐멘터리 등 대중 매체",465.0,(465),52.00463749988295,%
2025_잠재방한객조사_방한의향자.xlsx,방한의향자,C4,<표C4> 한국 여행 관심 계기(중복) (한국 방문의향자 기준),BASE:B5. 1) 한국 ④~⑤,인도네시아,인도네시아,국가/지역,"가족, 친구, 지인 등 주변인 추천",465.0,(465),36.80533166527186,%
2025_잠재방한객조사_방한의향자.xlsx,방한의향자,C4,<표C4> 한국 여행 관심 계기(중복) (한국 방문의향자 기준),BASE:B5. 1) 한국 ④~⑤,인도네시아,인도네시아,국가/지역,관광지/관광 명소,465.0,(465),50.77336166158707,%
2025_잠재방한객조사_방한의향자.xlsx,방한의향자,C4,<표C4> 한국 여행 관심 계기(중복) (한국 방문의향자 기준),BASE:B5. 1) 한국 ④~⑤,인도네시아,인도네시아,국가/지역,"유명 인플루언서, 연예인 등의 여행 후기",465.0,(465),51.30134508985568,%
2025_잠재방한객조사_방한의향자.xlsx,방한의향자,C4,<표C4> 한국 여행 관심 계기(중복) (한국 방문의향자 기준),BASE:B5. 1) 한국 ④~⑤,인도네시아,인도네시아,국가/지역,전통문화/역사,465.0,(465),43.68458150676656,%
2025_잠재방한객조사_방한의향자.xlsx,방한의향자,C4,<표C4> 한국 여행 관심 계기(중복) (한국 방문의향자 기준),BASE:B5. 1) 한국 ④~⑤,인도네시아,인도네시아,국가/지역,자연 경관,465.0,(465),43.20227498223352,%
2025_잠재방한객조사_방한의향자.xlsx,방한의향자,C4,<표C4> 한국 여행 관심 계기(중복) (한국 방문의향자 기준),BASE:B5. 1) 한국 ④~⑤,인도네시아,인도네시아,국가/지역,"음악, 영화, 드라마 등 문화콘텐츠/연예인",465.0,(465),44.703376877945395,%
2025_잠재방한객조사_방한의향자.xlsx,방한의향자,C4,<표C4> 한국 여행 관심 계기(중복) (한국 방문의향자 기준),BASE:B5. 1) 한국 ④~⑤,인도네시아,인도네시아,국가/지역,관광 관련 공공기관이 제작한 국가 브랜드 홍보 영상,465.0,(465),36.26370410124036,%
2025_잠재방한객조사_방한의향자.xlsx,방한의향자,C4,<표C4> 한국 여행 관심 계기(중복) (한국 방문의향자 기준),BASE:B5. 1) 한국 ④~⑤,인도네시아,인도네시아,국가/지역,계절/기후,465.0,(465),41.4718463011918,%
2025_잠재방한객조사_방한의향자.xlsx,방한의향자,C4,<표C4> 한국 여행 관심 계기(중복) (한국 방문의향자 기준),BASE:B5. 1) 한국 ④~⑤,인도네시아,인도네시아,국가/지역,해당 국가에서만 판매하는 상품 쇼핑,465.0,(465),37.06635617846095,%
2025_잠재방한객조사_방한의향자.xlsx,방한의향자,C4,<표C4> 한국 여행 관심 계기(중복) (한국 방문의향자 기준),BASE:B5. 1) 한국 ④~⑤,인도네시아,인도네시아,국가/지역,건축/도시 디자인,465.0,(465),31.41539044166163,%
2025_잠재방한객조사_방한의향자.xlsx,방한의향자,C4,<표C4> 한국 여행 관심 계기(중복) (한국 방문의향자 기준),BASE:B5. 1) 한국 ④~⑤,인도네시아,인도네시아,국가/지역,"웰니스 관광(스파, 디톡스 여행 등)",465.0,(465),24.026228514076582,%
2025_잠재방한객조사_방한의향자.xlsx,방한의향자,C4,<표C4> 한국 여행 관심 계기(중복) (한국 방문의향자 기준),BASE:B5. 1) 한국 ④~⑤,인도네시아,인도네시아,국가/지역,치안/안전,465.0,(465),25.442424335378313,%
2025_잠재방한객조사_방한의향자.xlsx,방한의향자,C4,<표C4> 한국 여행 관심 계기(중복) (한국 방문의향자 기준),BASE:B5. 1) 한국 ④~⑤,인도네시아,인도네시아,국가/지역,이동거리/비행시간,465.0,(465),26.566759617186975,%
2025_잠재방한객조사_방한의향자.xlsx,방한의향자,C4,<표C4> 한국 여행 관심 계기(중복) (한국 방문의향자 기준),BASE:B5. 1) 한국 ④~⑤,인도네시아,인도네시아,국가/지역,항공 노선(직항 및 경유 등),465.0,(465),26.011432465005523,%
2025_잠재방한객조사_방한의향자.xlsx,방한의향자,C4,<표C4> 한국 여행 관심 계기(중복) (한국 방문의향자 기준),BASE:B5. 1) 한국 ④~⑤,인도네시아,인도네시아,국가/지역,"행사/이벤트 체험(공연, 콘서트, 축제, 박람회 등)",465.0,(465),25.348661800853755,%
2025_잠재방한객조사_방한의향자.xlsx,방한의향자,C4,<표C4> 한국 여행 관심 계기(중복) (한국 방문의향자 기준),BASE:B5. 1) 한국 ④~⑤,인도네시아,인도네시아,국가/지역,유명 명품 구매 등 럭셔리 쇼핑,465.0,(465),23.256532193481323,%
2025_잠재방한객조사_방한의향자.xlsx,방한의향자,C4,<표C4> 한국 여행 관심 계기(중복) (한국 방문의향자 기준),BASE:B5. 1) 한국 ④~⑤,인도네시아,인도네시아,국가/지역,출입국 편의성(비자 면제 등),465.0,(465),26.36599321721021,%
2025_잠재방한객조사_방한의향자.xlsx,방한의향자,C4,<표C4> 한국 여행 관심 계기(중복) (한국 방문의향자 기준),BASE:B5. 1) 한국 ④~⑤,인도네시아,인도네시아,국가/지역,항공권 특가 및 할인 프로모션,465.0,(465),32.488369107606914,%
2025_잠재방한객조사_방한의향자.xlsx,방한의향자,C4,<표C4> 한국 여행 관심 계기(중복) (한국 방문의향자 기준),BASE:B5. 1) 한국 ④~⑤,인도네시아,인도네시아,국가/지역,"이벤트성 방문(신혼여행, 프로포즈, 생일, 기념일 등)",465.0,(465),23.86372615584834,%
2025_잠재방한객조사_방한의향자.xlsx,방한의향자,C4,<표C4> 한국 여행 관심 계기(중복) (한국 방문의향자 기준),BASE:B5. 1) 한국 ④~⑤,인도네시아,인도네시아,국가/지역,"의료 관광(검진, 시술, 수술 등)",465.0,(465),22.703535512103514,%
2025_잠재방한객조사_방한의향자.xlsx,방한의향자,C4,<표C4> 한국 여행 관심 계기(중복) (한국 방문의향자 기준),BASE:B5. 1) 한국 ④~⑤,인도네시아,인도네시아,국가/지역,환율 및 현지 물가,465.0,(465),19.1920163261424,%
2025_잠재방한객조사_방한의향자.xlsx,방한의향자,C4,<표C4> 한국 여행 관심 계기(중복) (한국 방문의향자 기준),BASE:B5. 1) 한국 ④~⑤,인도네시아,인도네시아,국가/지역,언어소통,465.0,(465),20.441899951997904,%
2025_잠재방한객조사_방한의향자.xlsx,방한의향자,C4,<표C4> 한국 여행 관심 계기(중복) (한국 방문의향자 기준),BASE:B5. 1) 한국 ④~⑤,인도네시아,인도네시아,국가/지역,어학/직업 연수 및 유학,465.0,(465),18.960004638202278,%
2025_잠재방한객조사_방한의향자.xlsx,방한의향자,C4,<표C4> 한국 여행 관심 계기(중복) (한국 방문의향자 기준),BASE:B5. 1) 한국 ④~⑤,인도네시아,인도네시아,국가/지역,스포츠 관광(경기 관람 및 참여),465.0,(465),19.22669408012618,%
2025_잠재방한객조사_방한의향자.xlsx,방한의향자,C4,<표C4> 한국 여행 관심 계기(중복) (한국 방문의향자 기준),BASE:B5. 1) 한국 ④~⑤,인도네시아,인도네시아,국가/지역,종교 환경,465.0,(465),14.266601586976755,%
2025_잠재방한객조사_방한의향자.xlsx,방한의향자,C4,<표C4> 한국 여행 관심 계기(중복) (한국 방문의향자 기준),BASE:B5. 1) 한국 ④~⑤,인도네시아,인도네시아,국가/지역,출장 및 학회 행사 개최지,465.0,(465),16.05193005653102,%
2025_잠재방한객조사_방한의향자.xlsx,방한의향자,C4,<표C4> 한국 여행 관심 계기(중복) (한국 방문의향자 기준),BASE:B5. 1) 한국 ④~⑤,인도네시아,인도네시아,국가/지역,과거 방문 경험,465.0,(465),6.887091185887216,%
2025_잠재방한객조사_방한의향자.xlsx,방한의향자,C4,<표C4> 한국 여행 관심 계기(중복) (한국 방문의향자 기준),BASE:B5. 1) 한국 ④~⑤,인도네시아,인도네시아,국가/지역,기타,465.0,(465),0.605061334415584,%
2025_잠재방한객조사_방한의향자.xlsx,방한의향자,C4,<표C4> 한국 여행 관심 계기(중복) (한국 방문의향자 기준),BASE:B5. 1) 한국 ④~⑤,태국,태국,국가/지역,"개인 및 인플루언서가 제작한 짧은 이미지(틱톡, 인스타그램 릴스, 유튜브 쇼츠 등)",465.0,(465),68.30808712987447,%
2025_잠재방한객조사_방한의향자.xlsx,방한의향자,C4,<표C4> 한국 여행 관심 계기(중복) (한국 방문의향자 기준),BASE:B5. 1) 한국 ④~⑤,태국,태국,국가/지역,음식/식문화,465.0,(465),55.54698835229034,%
2025_잠재방한객조사_방한의향자.xlsx,방한의향자,C4,<표C4> 한국 여행 관심 계기(중복) (한국 방문의향자 기준),BASE:B5. 1) 한국 ④~⑤,태국,태국,국가/지역,"뉴스, 영화, 드라마, 다큐멘터리 등 대중 매체",465.0,(465),48.87543181433748,%
2025_잠재방한객조사_방한의향자.xlsx,방한의향자,C4,<표C4> 한국 여행 관심 계기(중복) (한국 방문의향자 기준),BASE:B5. 1) 한국 ④~⑤,태국,태국,국가/지역,"가족, 친구, 지인 등 주변인 추천",465.0,(465),41.82695657693826,%
2025_잠재방한객조사_방한의향자.xlsx,방한의향자,C4,<표C4> 한국 여행 관심 계기(중복) (한국 방문의향자 기준),BASE:B5. 1) 한국 ④~⑤,태국,태국,국가/지역,관광지/관광 명소,465.0,(465),43.70274931081942,%
2025_잠재방한객조사_방한의향자.xlsx,방한의향자,C4,<표C4> 한국 여행 관심 계기(중복) (한국 방문의향자 기준),BASE:B5. 1) 한국 ④~⑤,태국,태국,국가/지역,"유명 인플루언서, 연예인 등의 여행 후기",465.0,(465),49.22782061493567,%
2025_잠재방한객조사_방한의향자.xlsx,방한의향자,C4,<표C4> 한국 여행 관심 계기(중복) (한국 방문의향자 기준),BASE:B5. 1) 한국 ④~⑤,태국,태국,국가/지역,전통문화/역사,465.0,(465),35.19627894359232,%
2025_잠재방한객조사_방한의향자.xlsx,방한의향자,C4,<표C4> 한국 여행 관심 계기(중복) (한국 방문의향자 기준),BASE:B5. 1) 한국 ④~⑤,태국,태국,국가/지역,자연 경관,465.0,(465),39.787889208379084,%
2025_잠재방한객조사_방한의향자.xlsx,방한의향자,C4,<표C4> 한국 여행 관심 계기(중복) (한국 방문의향자 기준),BASE:B5. 1) 한국 ④~⑤,태국,태국,국가/지역,"음악, 영화, 드라마 등 문화콘텐츠/연예인",465.0,(465),42.01894769383023,%
2025_잠재방한객조사_방한의향자.xlsx,방한의향자,C4,<표C4> 한국 여행 관심 계기(중복) (한국 방문의향자 기준),BASE:B5. 1) 한국 ④~⑤,태국,태국,국가/지역,관광 관련 공공기관이 제작한 국가 브랜드 홍보 영상,465.0,(465),35.6030815254721,%
2025_잠재방한객조사_방한의향자.xlsx,방한의향자,C4,<표C4> 한국 여행 관심 계기(중복) (한국 방문의향자 기준),BASE:B5. 1) 한국 ④~⑤,태국,태국,국가/지역,계절/기후,465.0,(465),41.60440009798044,%
2025_잠재방한객조사_방한의향자.xlsx,방한의향자,C4,<표C4> 한국 여행 관심 계기(중복) (한국 방문의향자 기준),BASE:B5. 1) 한국 ④~⑤,태국,태국,국가/지역,해당 국가에서만 판매하는 상품 쇼핑,465.0,(465),35.208415462458,%
2025_잠재방한객조사_방한의향자.xlsx,방한의향자,C4,<표C4> 한국 여행 관심 계기(중복) (한국 방문의향자 기준),BASE:B5. 1) 한국 ④~⑤,태국,태국,국가/지역,건축/도시 디자인,465.0,(465),20.6613718109509,%
2025_잠재방한객조사_방한의향자.xlsx,방한의향자,C4,<표C4> 한국 여행 관심 계기(중복) (한국 방문의향자 기준),BASE:B5. 1) 한국 ④~⑤,태국,태국,국가/지역,"웰니스 관광(스파, 디톡스 여행 등)",465.0,(465),26.95827692508656,%
2025_잠재방한객조사_방한의향자.xlsx,방한의향자,C4,<표C4> 한국 여행 관심 계기(중복) (한국 방문의향자 기준),BASE:B5. 1) 한국 ④~⑤,태국,태국,국가/지역,치안/안전,465.0,(465),25.939978680231267,%
2025_잠재방한객조사_방한의향자.xlsx,방한의향자,C4,<표C4> 한국 여행 관심 계기(중복) (한국 방문의향자 기준),BASE:B5. 1) 한국 ④~⑤,태국,태국,국가/지역,이동거리/비행시간,465.0,(465),29.031322304293987,%
2025_잠재방한객조사_방한의향자.xlsx,방한의향자,C4,<표C4> 한국 여행 관심 계기(중복) (한국 방문의향자 기준),BASE:B5. 1) 한국 ④~⑤,태국,태국,국가/지역,항공 노선(직항 및 경유 등),465.0,(465),28.50883349262231,%
2025_잠재방한객조사_방한의향자.xlsx,방한의향자,C4,<표C4> 한국 여행 관심 계기(중복) (한국 방문의향자 기준),BASE:B5. 1) 한국 ④~⑤,태국,태국,국가/지역,"행사/이벤트 체험(공연, 콘서트, 축제, 박람회 등)",465.0,(465),23.287280218218335,%
2025_잠재방한객조사_방한의향자.xlsx,방한의향자,C4,<표C4> 한국 여행 관심 계기(중복) (한국 방문의향자 기준),BASE:B5. 1) 한국 ④~⑤,태국,태국,국가/지역,유명 명품 구매 등 럭셔리 쇼핑,465.0,(465),23.26927933899641,%
2025_잠재방한객조사_방한의향자.xlsx,방한의향자,C4,<표C4> 한국 여행 관심 계기(중복) (한국 방문의향자 기준),BASE:B5. 1) 한국 ④~⑤,태국,태국,국가/지역,출입국 편의성(비자 면제 등),465.0,(465),27.856805554710217,%
2025_잠재방한객조사_방한의향자.xlsx,방한의향자,C4,<표C4> 한국 여행 관심 계기(중복) (한국 방문의향자 기준),BASE:B5. 1) 한국 ④~⑤,태국,태국,국가/지역,항공권 특가 및 할인 프로모션,465.0,(465),31.672129954225227,%
2025_잠재방한객조사_방한의향자.xlsx,방한의향자,C4,<표C4> 한국 여행 관심 계기(중복) (한국 방문의향자 기준),BASE:B5. 1) 한국 ④~⑤,태국,태국,국가/지역,"이벤트성 방문(신혼여행, 프로포즈, 생일, 기념일 등)",465.0,(465),24.190751667794512,%
2025_잠재방한객조사_방한의향자.xlsx,방한의향자,C4,<표C4> 한국 여행 관심 계기(중복) (한국 방문의향자 기준),BASE:B5. 1) 한국 ④~⑤,태국,태국,국가/지역,"의료 관광(검진, 시술, 수술 등)",465.0,(465),17.266634266796526,%
2025_잠재방한객조사_방한의향자.xlsx,방한의향자,C4,<표C4> 한국 여행 관심 계기(중복) (한국 방문의향자 기준),BASE:B5. 1) 한국 ④~⑤,태국,태국,국가/지역,환율 및 현지 물가,465.0,(465),20.596897883161052,%
2025_잠재방한객조사_방한의향자.xlsx,방한의향자,C4,<표C4> 한국 여행 관심 계기(중복) (한국 방문의향자 기준),BASE:B5. 1) 한국 ④~⑤,태국,태국,국가/지역,언어소통,465.0,(465),16.574841814201783,%
2025_잠재방한객조사_방한의향자.xlsx,방한의향자,C4,<표C4> 한국 여행 관심 계기(중복) (한국 방문의향자 기준),BASE:B5. 1) 한국 ④~⑤,태국,태국,국가/지역,어학/직업 연수 및 유학,465.0,(465),14.700869318471302,%
2025_잠재방한객조사_방한의향자.xlsx,방한의향자,C4,<표C4> 한국 여행 관심 계기(중복) (한국 방문의향자 기준),BASE:B5. 1) 한국 ④~⑤,태국,태국,국가/지역,스포츠 관광(경기 관람 및 참여),465.0,(465),12.035554824622459,%
2025_잠재방한객조사_방한의향자.xlsx,방한의향자,C4,<표C4> 한국 여행 관심 계기(중복) (한국 방문의향자 기준),BASE:B5. 1) 한국 ④~⑤,태국,태국,국가/지역,종교 환경,465.0,(465),15.638014217224441,%
2025_잠재방한객조사_방한의향자.xlsx,방한의향자,C4,<표C4> 한국 여행 관심 계기(중복) (한국 방문의향자 기준),BASE:B5. 1) 한국 ④~⑤,태국,태국,국가/지역,출장 및 학회 행사 개최지,465.0,(465),10.506993263723128,%
2025_잠재방한객조사_방한의향자.xlsx,방한의향자,C4,<표C4> 한국 여행 관심 계기(중복) (한국 방문의향자 기준),BASE:B5. 1) 한국 ④~⑤,태국,태국,국가/지역,과거 방문 경험,465.0,(465),10.409016977902791,%
2025_잠재방한객조사_방한의향자.xlsx,방한의향자,C4,<표C4> 한국 여행 관심 계기(중복) (한국 방문의향자 기준),BASE:B5. 1) 한국 ④~⑤,태국,태국,국가/지역,기타,465.0,(465),0.3789371846848544,%
2025_잠재방한객조사_방한의향자.xlsx,방한의향자,C4,<표C4> 한국 여행 관심 계기(중복) (한국 방문의향자 기준),BASE:B5. 1) 한국 ④~⑤,말레이시아,말레이시아,국가/지역,"개인 및 인플루언서가 제작한 짧은 이미지(틱톡, 인스타그램 릴스, 유튜브 쇼츠 등)",465.0,(465),52.27579033020797,%
2025_잠재방한객조사_방한의향자.xlsx,방한의향자,C4,<표C4> 한국 여행 관심 계기(중복) (한국 방문의향자 기준),BASE:B5. 1) 한국 ④~⑤,말레이시아,말레이시아,국가/지역,음식/식문화,465.0,(465),50.17991450263172,%
2025_잠재방한객조사_방한의향자.xlsx,방한의향자,C4,<표C4> 한국 여행 관심 계기(중복) (한국 방문의향자 기준),BASE:B5. 1) 한국 ④~⑤,말레이시아,말레이시아,국가/지역,"뉴스, 영화, 드라마, 다큐멘터리 등 대중 매체",465.0,(465),44.55615520479963,%
2025_잠재방한객조사_방한의향자.xlsx,방한의향자,C4,<표C4> 한국 여행 관심 계기(중복) (한국 방문의향자 기준),BASE:B5. 1) 한국 ④~⑤,말레이시아,말레이시아,국가/지역,"가족, 친구, 지인 등 주변인 추천",465.0,(465),39.76274323345653,%
2025_잠재방한객조사_방한의향자.xlsx,방한의향자,C4,<표C4> 한국 여행 관심 계기(중복) (한국 방문의향자 기준),BASE:B5. 1) 한국 ④~⑤,말레이시아,말레이시아,국가/지역,관광지/관광 명소,465.0,(465),58.18970013297785,%
2025_잠재방한객조사_방한의향자.xlsx,방한의향자,C4,<표C4> 한국 여행 관심 계기(중복) (한국 방문의향자 기준),BASE:B5. 1) 한국 ④~⑤,말레이시아,말레이시아,국가/지역,"유명 인플루언서, 연예인 등의 여행 후기",465.0,(465),48.86925097546119,%
2025_잠재방한객조사_방한의향자.xlsx,방한의향자,C4,<표C4> 한국 여행 관심 계기(중복) (한국 방문의향자 기준),BASE:B5. 1) 한국 ④~⑤,말레이시아,말레이시아,국가/지역,전통문화/역사,465.0,(465),46.74316165192934,%
2025_잠재방한객조사_방한의향자.xlsx,방한의향자,C4,<표C4> 한국 여행 관심 계기(중복) (한국 방문의향자 기준),BASE:B5. 1) 한국 ④~⑤,말레이시아,말레이시아,국가/지역,자연 경관,465.0,(465),52.380548322468556,%
2025_잠재방한객조사_방한의향자.xlsx,방한의향자,C4,<표C4> 한국 여행 관심 계기(중복) (한국 방문의향자 기준),BASE:B5. 1) 한국 ④~⑤,말레이시아,말레이시아,국가/지역,"음악, 영화, 드라마 등 문화콘텐츠/연예인",465.0,(465),40.29676173180049,%
2025_잠재방한객조사_방한의향자.xlsx,방한의향자,C4,<표C4> 한국 여행 관심 계기(중복) (한국 방문의향자 기준),BASE:B5. 1) 한국 ④~⑤,말레이시아,말레이시아,국가/지역,관광 관련 공공기관이 제작한 국가 브랜드 홍보 영상,465.0,(465),25.06234764113515,%
2025_잠재방한객조사_방한의향자.xlsx,방한의향자,C4,<표C4> 한국 여행 관심 계기(중복) (한국 방문의향자 기준),BASE:B5. 1) 한국 ④~⑤,말레이시아,말레이시아,국가/지역,계절/기후,465.0,(465),49.245894705621886,%
2025_잠재방한객조사_방한의향자.xlsx,방한의향자,C4,<표C4> 한국 여행 관심 계기(중복) (한국 방문의향자 기준),BASE:B5. 1) 한국 ④~⑤,말레이시아,말레이시아,국가/지역,해당 국가에서만 판매하는 상품 쇼핑,465.0,(465),35.994245023810976,%
2025_잠재방한객조사_방한의향자.xlsx,방한의향자,C4,<표C4> 한국 여행 관심 계기(중복) (한국 방문의향자 기준),BASE:B5. 1) 한국 ④~⑤,말레이시아,말레이시아,국가/지역,건축/도시 디자인,465.0,(465),25.43184860428116,%
2025_잠재방한객조사_방한의향자.xlsx,방한의향자,C4,<표C4> 한국 여행 관심 계기(중복) (한국 방문의향자 기준),BASE:B5. 1) 한국 ④~⑤,말레이시아,말레이시아,국가/지역,"웰니스 관광(스파, 디톡스 여행 등)",465.0,(465),23.577430789085955,%
2025_잠재방한객조사_방한의향자.xlsx,방한의향자,C4,<표C4> 한국 여행 관심 계기(중복) (한국 방문의향자 기준),BASE:B5. 1) 한국 ④~⑤,말레이시아,말레이시아,국가/지역,치안/안전,465.0,(465),24.535781434793567,%
2025_잠재방한객조사_방한의향자.xlsx,방한의향자,C4,<표C4> 한국 여행 관심 계기(중복) (한국 방문의향자 기준),BASE:B5. 1) 한국 ④~⑤,말레이시아,말레이시아,국가/지역,이동거리/비행시간,465.0,(465),31.493883671095286,%
2025_잠재방한객조사_방한의향자.xlsx,방한의향자,C4,<표C4> 한국 여행 관심 계기(중복) (한국 방문의향자 기준),BASE:B5. 1) 한국 ④~⑤,말레이시아,말레이시아,국가/지역,항공 노선(직항 및 경유 등),465.0,(465),28.18445959789874,%
2025_잠재방한객조사_방한의향자.xlsx,방한의향자,C4,<표C4> 한국 여행 관심 계기(중복) (한국 방문의향자 기준),BASE:B5. 1) 한국 ④~⑤,말레이시아,말레이시아,국가/지역,"행사/이벤트 체험(공연, 콘서트, 축제, 박람회 등)",465.0,(465),23.385277750366594,%
2025_잠재방한객조사_방한의향자.xlsx,방한의향자,C4,<표C4> 한국 여행 관심 계기(중복) (한국 방문의향자 기준),BASE:B5. 1) 한국 ④~⑤,말레이시아,말레이시아,국가/지역,유명 명품 구매 등 럭셔리 쇼핑,465.0,(465),27.442203057307395,%
2025_잠재방한객조사_방한의향자.xlsx,방한의향자,C4,<표C4> 한국 여행 관심 계기(중복) (한국 방문의향자 기준),BASE:B5. 1) 한국 ④~⑤,말레이시아,말레이시아,국가/지역,출입국 편의성(비자 면제 등),465.0,(465),23.24970418700466,%
2025_잠재방한객조사_방한의향자.xlsx,방한의향자,C4,<표C4> 한국 여행 관심 계기(중복) (한국 방문의향자 기준),BASE:B5. 1) 한국 ④~⑤,말레이시아,말레이시아,국가/지역,항공권 특가 및 할인 프로모션,465.0,(465),35.18038588233716,%
2025_잠재방한객조사_방한의향자.xlsx,방한의향자,C4,<표C4> 한국 여행 관심 계기(중복) (한국 방문의향자 기준),BASE:B5. 1) 한국 ④~⑤,말레이시아,말레이시아,국가/지역,"이벤트성 방문(신혼여행, 프로포즈, 생일, 기념일 등)",465.0,(465),24.21412710986607,%
2025_잠재방한객조사_방한의향자.xlsx,방한의향자,C4,<표C4> 한국 여행 관심 계기(중복) (한국 방문의향자 기준),BASE:B5. 1) 한국 ④~⑤,말레이시아,말레이시아,국가/지역,"의료 관광(검진, 시술, 수술 등)",465.0,(465),13.282613550794336,%
2025_잠재방한객조사_방한의향자.xlsx,방한의향자,C4,<표C4> 한국 여행 관심 계기(중복) (한국 방문의향자 기준),BASE:B5. 1) 한국 ④~⑤,말레이시아,말레이시아,국가/지역,환율 및 현지 물가,465.0,(465),21.07865889732139,%
2025_잠재방한객조사_방한의향자.xlsx,방한의향자,C4,<표C4> 한국 여행 관심 계기(중복) (한국 방문의향자 기준),BASE:B5. 1) 한국 ④~⑤,말레이시아,말레이시아,국가/지역,언어소통,465.0,(465),10.31863628210316,%
2025_잠재방한객조사_방한의향자.xlsx,방한의향자,C4,<표C4> 한국 여행 관심 계기(중복) (한국 방문의향자 기준),BASE:B5. 1) 한국 ④~⑤,말레이시아,말레이시아,국가/지역,어학/직업 연수 및 유학,465.0,(465),13.614878392963917,%
2025_잠재방한객조사_방한의향자.xlsx,방한의향자,C4,<표C4> 한국 여행 관심 계기(중복) (한국 방문의향자 기준),BASE:B5. 1) 한국 ④~⑤,말레이시아,말레이시아,국가/지역,스포츠 관광(경기 관람 및 참여),465.0,(465),10.93636384182543,%
2025_잠재방한객조사_방한의향자.xlsx,방한의향자,C4,<표C4> 한국 여행 관심 계기(중복) (한국 방문의향자 기준),BASE:B5. 1) 한국 ④~⑤,말레이시아,말레이시아,국가/지역,종교 환경,465.0,(465),8.707999607687816,%
2025_잠재방한객조사_방한의향자.xlsx,방한의향자,C4,<표C4> 한국 여행 관심 계기(중복) (한국 방문의향자 기준),BASE:B5. 1) 한국 ④~⑤,말레이시아,말레이시아,국가/지역,출장 및 학회 행사 개최지,465.0,(465),9.740297674325836,%
2025_잠재방한객조사_방한의향자.xlsx,방한의향자,C4,<표C4> 한국 여행 관심 계기(중복) (한국 방문의향자 기준),BASE:B5. 1) 한국 ④~⑤,말레이시아,말레이시아,국가/지역,과거 방문 경험,465.0,(465),12.817713484630719,%
2025_잠재방한객조사_방한의향자.xlsx,방한의향자,C4,<표C4> 한국 여행 관심 계기(중복) (한국 방문의향자 기준),BASE:B5. 1) 한국 ④~⑤,말레이시아,말레이시아,국가/지역,기타,465.0,(465),1.1435221420307213,%
2025_잠재방한객조사_방한의향자.xlsx,방한의향자,C4,<표C4> 한국 여행 관심 계기(중복) (한국 방문의향자 기준),BASE:B5. 1) 한국 ④~⑤,캐나다,캐나다,국가/지역,"개인 및 인플루언서가 제작한 짧은 이미지(틱톡, 인스타그램 릴스, 유튜브 쇼츠 등)",465.0,(465),33.54203297788704,%
2025_잠재방한객조사_방한의향자.xlsx,방한의향자,C4,<표C4> 한국 여행 관심 계기(중복) (한국 방문의향자 기준),BASE:B5. 1) 한국 ④~⑤,캐나다,캐나다,국가/지역,음식/식문화,465.0,(465),35.46326483013106,%
2025_잠재방한객조사_방한의향자.xlsx,방한의향자,C4,<표C4> 한국 여행 관심 계기(중복) (한국 방문의향자 기준),BASE:B5. 1) 한국 ④~⑤,캐나다,캐나다,국가/지역,"뉴스, 영화, 드라마, 다큐멘터리 등 대중 매체",465.0,(465),30.43004096515125,%
2025_잠재방한객조사_방한의향자.xlsx,방한의향자,C4,<표C4> 한국 여행 관심 계기(중복) (한국 방문의향자 기준),BASE:B5. 1) 한국 ④~⑤,캐나다,캐나다,국가/지역,"가족, 친구, 지인 등 주변인 추천",465.0,(465),31.526884418481387,%
2025_잠재방한객조사_방한의향자.xlsx,방한의향자,C4,<표C4> 한국 여행 관심 계기(중복) (한국 방문의향자 기준),BASE:B5. 1) 한국 ④~⑤,캐나다,캐나다,국가/지역,관광지/관광 명소,465.0,(465),31.75408300675172,%
2025_잠재방한객조사_방한의향자.xlsx,방한의향자,C4,<표C4> 한국 여행 관심 계기(중복) (한국 방문의향자 기준),BASE:B5. 1) 한국 ④~⑤,캐나다,캐나다,국가/지역,"유명 인플루언서, 연예인 등의 여행 후기",465.0,(465),20.083313707720503,%
2025_잠재방한객조사_방한의향자.xlsx,방한의향자,C4,<표C4> 한국 여행 관심 계기(중복) (한국 방문의향자 기준),BASE:B5. 1) 한국 ④~⑤,캐나다,캐나다,국가/지역,전통문화/역사,465.0,(465),33.54652840998943,%
2025_잠재방한객조사_방한의향자.xlsx,방한의향자,C4,<표C4> 한국 여행 관심 계기(중복) (한국 방문의향자 기준),BASE:B5. 1) 한국 ④~⑤,캐나다,캐나다,국가/지역,자연 경관,465.0,(465),23.86260797642606,%
2025_잠재방한객조사_방한의향자.xlsx,방한의향자,C4,<표C4> 한국 여행 관심 계기(중복) (한국 방문의향자 기준),BASE:B5. 1) 한국 ④~⑤,캐나다,캐나다,국가/지역,"음악, 영화, 드라마 등 문화콘텐츠/연예인",465.0,(465),20.748136196632576,%
2025_잠재방한객조사_방한의향자.xlsx,방한의향자,C4,<표C4> 한국 여행 관심 계기(중복) (한국 방문의향자 기준),BASE:B5. 1) 한국 ④~⑤,캐나다,캐나다,국가/지역,관광 관련 공공기관이 제작한 국가 브랜드 홍보 영상,465.0,(465),22.32357562476876,%
2025_잠재방한객조사_방한의향자.xlsx,방한의향자,C4,<표C4> 한국 여행 관심 계기(중복) (한국 방문의향자 기준),BASE:B5. 1) 한국 ④~⑤,캐나다,캐나다,국가/지역,계절/기후,465.0,(465),16.151350754812484,%
2025_잠재방한객조사_방한의향자.xlsx,방한의향자,C4,<표C4> 한국 여행 관심 계기(중복) (한국 방문의향자 기준),BASE:B5. 1) 한국 ④~⑤,캐나다,캐나다,국가/지역,해당 국가에서만 판매하는 상품 쇼핑,465.0,(465),16.325319591131247,%
2025_잠재방한객조사_방한의향자.xlsx,방한의향자,C4,<표C4> 한국 여행 관심 계기(중복) (한국 방문의향자 기준),BASE:B5. 1) 한국 ④~⑤,캐나다,캐나다,국가/지역,건축/도시 디자인,465.0,(465),13.700607667245436,%
2025_잠재방한객조사_방한의향자.xlsx,방한의향자,C4,<표C4> 한국 여행 관심 계기(중복) (한국 방문의향자 기준),BASE:B5. 1) 한국 ④~⑤,캐나다,캐나다,국가/지역,"웰니스 관광(스파, 디톡스 여행 등)",465.0,(465),12.432210485353547,%
2025_잠재방한객조사_방한의향자.xlsx,방한의향자,C4,<표C4> 한국 여행 관심 계기(중복) (한국 방문의향자 기준),BASE:B5. 1) 한국 ④~⑤,캐나다,캐나다,국가/지역,치안/안전,465.0,(465),17.20466027208271,%
2025_잠재방한객조사_방한의향자.xlsx,방한의향자,C4,<표C4> 한국 여행 관심 계기(중복) (한국 방문의향자 기준),BASE:B5. 1) 한국 ④~⑤,캐나다,캐나다,국가/지역,이동거리/비행시간,465.0,(465),7.152158547548846,%
2025_잠재방한객조사_방한의향자.xlsx,방한의향자,C4,<표C4> 한국 여행 관심 계기(중복) (한국 방문의향자 기준),BASE:B5. 1) 한국 ④~⑤,캐나다,캐나다,국가/지역,항공 노선(직항 및 경유 등),465.0,(465),10.067213485377517,%
2025_잠재방한객조사_방한의향자.xlsx,방한의향자,C4,<표C4> 한국 여행 관심 계기(중복) (한국 방문의향자 기준),BASE:B5. 1) 한국 ④~⑤,캐나다,캐나다,국가/지역,"행사/이벤트 체험(공연, 콘서트, 축제, 박람회 등)",465.0,(465),11.711367618755457,%
2025_잠재방한객조사_방한의향자.xlsx,방한의향자,C4,<표C4> 한국 여행 관심 계기(중복) (한국 방문의향자 기준),BASE:B5. 1) 한국 ④~⑤,캐나다,캐나다,국가/지역,유명 명품 구매 등 럭셔리 쇼핑,465.0,(465),12.098464219507644,%
2025_잠재방한객조사_방한의향자.xlsx,방한의향자,C4,<표C4> 한국 여행 관심 계기(중복) (한국 방문의향자 기준),BASE:B5. 1) 한국 ④~⑤,캐나다,캐나다,국가/지역,출입국 편의성(비자 면제 등),465.0,(465),11.975173622419517,%
2025_잠재방한객조사_방한의향자.xlsx,방한의향자,C4,<표C4> 한국 여행 관심 계기(중복) (한국 방문의향자 기준),BASE:B5. 1) 한국 ④~⑤,캐나다,캐나다,국가/지역,항공권 특가 및 할인 프로모션,465.0,(465),10.801354034889386,%
2025_잠재방한객조사_방한의향자.xlsx,방한의향자,C4,<표C4> 한국 여행 관심 계기(중복) (한국 방문의향자 기준),BASE:B5. 1) 한국 ④~⑤,캐나다,캐나다,국가/지역,"이벤트성 방문(신혼여행, 프로포즈, 생일, 기념일 등)",465.0,(465),7.276894337462643,%
2025_잠재방한객조사_방한의향자.xlsx,방한의향자,C4,<표C4> 한국 여행 관심 계기(중복) (한국 방문의향자 기준),BASE:B5. 1) 한국 ④~⑤,캐나다,캐나다,국가/지역,"의료 관광(검진, 시술, 수술 등)",465.0,(465),6.564844204128844,%
2025_잠재방한객조사_방한의향자.xlsx,방한의향자,C4,<표C4> 한국 여행 관심 계기(중복) (한국 방문의향자 기준),BASE:B5. 1) 한국 ④~⑤,캐나다,캐나다,국가/지역,환율 및 현지 물가,465.0,(465),10.468952150330756,%
2025_잠재방한객조사_방한의향자.xlsx,방한의향자,C4,<표C4> 한국 여행 관심 계기(중복) (한국 방문의향자 기준),BASE:B5. 1) 한국 ④~⑤,캐나다,캐나다,국가/지역,언어소통,465.0,(465),6.6986867273361215,%
2025_잠재방한객조사_방한의향자.xlsx,방한의향자,C4,<표C4> 한국 여행 관심 계기(중복) (한국 방문의향자 기준),BASE:B5. 1) 한국 ④~⑤,캐나다,캐나다,국가/지역,어학/직업 연수 및 유학,465.0,(465),5.737156547094092,%
2025_잠재방한객조사_방한의향자.xlsx,방한의향자,C4,<표C4> 한국 여행 관심 계기(중복) (한국 방문의향자 기준),BASE:B5. 1) 한국 ④~⑤,캐나다,캐나다,국가/지역,스포츠 관광(경기 관람 및 참여),465.0,(465),7.55776861967702,%
2025_잠재방한객조사_방한의향자.xlsx,방한의향자,C4,<표C4> 한국 여행 관심 계기(중복) (한국 방문의향자 기준),BASE:B5. 1) 한국 ④~⑤,캐나다,캐나다,국가/지역,종교 환경,465.0,(465),6.145499766743721,%
2025_잠재방한객조사_방한의향자.xlsx,방한의향자,C4,<표C4> 한국 여행 관심 계기(중복) (한국 방문의향자 기준),BASE:B5. 1) 한국 ④~⑤,캐나다,캐나다,국가/지역,출장 및 학회 행사 개최지,465.0,(465),6.938456508903232,%
2025_잠재방한객조사_방한의향자.xlsx,방한의향자,C4,<표C4> 한국 여행 관심 계기(중복) (한국 방문의향자 기준),BASE:B5. 1) 한국 ④~⑤,캐나다,캐나다,국가/지역,과거 방문 경험,465.0,(465),4.09932337929763,%
2025_잠재방한객조사_방한의향자.xlsx,방한의향자,C4,<표C4> 한국 여행 관심 계기(중복) (한국 방문의향자 기준),BASE:B5. 1) 한국 ④~⑤,캐나다,캐나다,국가/지역,기타,465.0,(465),0.9288784533772119,%
2025_잠재방한객조사_방한의향자.xlsx,방한의향자,C4,<표C4> 한국 여행 관심 계기(중복) (한국 방문의향자 기준),BASE:B5. 1) 한국 ④~⑤,호주,호주,국가/지역,"개인 및 인플루언서가 제작한 짧은 이미지(틱톡, 인스타그램 릴스, 유튜브 쇼츠 등)",465.0,(465),32.271328346179594,%
2025_잠재방한객조사_방한의향자.xlsx,방한의향자,C4,<표C4> 한국 여행 관심 계기(중복) (한국 방문의향자 기준),BASE:B5. 1) 한국 ④~⑤,호주,호주,국가/지역,음식/식문화,465.0,(465),35.721064649151515,%
2025_잠재방한객조사_방한의향자.xlsx,방한의향자,C4,<표C4> 한국 여행 관심 계기(중복) (한국 방문의향자 기준),BASE:B5. 1) 한국 ④~⑤,호주,호주,국가/지역,"뉴스, 영화, 드라마, 다큐멘터리 등 대중 매체",465.0,(465),26.401499705131354,%
2025_잠재방한객조사_방한의향자.xlsx,방한의향자,C4,<표C4> 한국 여행 관심 계기(중복) (한국 방문의향자 기준),BASE:B5. 1) 한국 ④~⑤,호주,호주,국가/지역,"가족, 친구, 지인 등 주변인 추천",465.0,(465),33.93717067383007,%
2025_잠재방한객조사_방한의향자.xlsx,방한의향자,C4,<표C4> 한국 여행 관심 계기(중복) (한국 방문의향자 기준),BASE:B5. 1) 한국 ④~⑤,호주,호주,국가/지역,관광지/관광 명소,465.0,(465),27.82739178313969,%
2025_잠재방한객조사_방한의향자.xlsx,방한의향자,C4,<표C4> 한국 여행 관심 계기(중복) (한국 방문의향자 기준),BASE:B5. 1) 한국 ④~⑤,호주,호주,국가/지역,"유명 인플루언서, 연예인 등의 여행 후기",465.0,(465),21.82041130503032,%
2025_잠재방한객조사_방한의향자.xlsx,방한의향자,C4,<표C4> 한국 여행 관심 계기(중복) (한국 방문의향자 기준),BASE:B5. 1) 한국 ④~⑤,호주,호주,국가/지역,전통문화/역사,465.0,(465),31.557768776244284,%
2025_잠재방한객조사_방한의향자.xlsx,방한의향자,C4,<표C4> 한국 여행 관심 계기(중복) (한국 방문의향자 기준),BASE:B5. 1) 한국 ④~⑤,호주,호주,국가/지역,자연 경관,465.0,(465),29.610505502012035,%
2025_잠재방한객조사_방한의향자.xlsx,방한의향자,C4,<표C4> 한국 여행 관심 계기(중복) (한국 방문의향자 기준),BASE:B5. 1) 한국 ④~⑤,호주,호주,국가/지역,"음악, 영화, 드라마 등 문화콘텐츠/연예인",465.0,(465),23.243920214151796,%
2025_잠재방한객조사_방한의향자.xlsx,방한의향자,C4,<표C4> 한국 여행 관심 계기(중복) (한국 방문의향자 기준),BASE:B5. 1) 한국 ④~⑤,호주,호주,국가/지역,관광 관련 공공기관이 제작한 국가 브랜드 홍보 영상,465.0,(465),23.265451646938782,%
2025_잠재방한객조사_방한의향자.xlsx,방한의향자,C4,<표C4> 한국 여행 관심 계기(중복) (한국 방문의향자 기준),BASE:B5. 1) 한국 ④~⑤,호주,호주,국가/지역,계절/기후,465.0,(465),20.177909801513586,%
2025_잠재방한객조사_방한의향자.xlsx,방한의향자,C4,<표C4> 한국 여행 관심 계기(중복) (한국 방문의향자 기준),BASE:B5. 1) 한국 ④~⑤,호주,호주,국가/지역,해당 국가에서만 판매하는 상품 쇼핑,465.0,(465),12.881819074408213,%
2025_잠재방한객조사_방한의향자.xlsx,방한의향자,C4,<표C4> 한국 여행 관심 계기(중복) (한국 방문의향자 기준),BASE:B5. 1) 한국 ④~⑤,호주,호주,국가/지역,건축/도시 디자인,465.0,(465),15.549407339991506,%
2025_잠재방한객조사_방한의향자.xlsx,방한의향자,C4,<표C4> 한국 여행 관심 계기(중복) (한국 방문의향자 기준),BASE:B5. 1) 한국 ④~⑤,호주,호주,국가/지역,"웰니스 관광(스파, 디톡스 여행 등)",465.0,(465),12.561647856821887,%
2025_잠재방한객조사_방한의향자.xlsx,방한의향자,C4,<표C4> 한국 여행 관심 계기(중복) (한국 방문의향자 기준),BASE:B5. 1) 한국 ④~⑤,호주,호주,국가/지역,치안/안전,465.0,(465),18.97467615390895,%
2025_잠재방한객조사_방한의향자.xlsx,방한의향자,C4,<표C4> 한국 여행 관심 계기(중복) (한국 방문의향자 기준),BASE:B5. 1) 한국 ④~⑤,호주,호주,국가/지역,이동거리/비행시간,465.0,(465),13.984617394171694,%
2025_잠재방한객조사_방한의향자.xlsx,방한의향자,C4,<표C4> 한국 여행 관심 계기(중복) (한국 방문의향자 기준),BASE:B5. 1) 한국 ④~⑤,호주,호주,국가/지역,항공 노선(직항 및 경유 등),465.0,(465),13.600211463675999,%
2025_잠재방한객조사_방한의향자.xlsx,방한의향자,C4,<표C4> 한국 여행 관심 계기(중복) (한국 방문의향자 기준),BASE:B5. 1) 한국 ④~⑤,호주,호주,국가/지역,"행사/이벤트 체험(공연, 콘서트, 축제, 박람회 등)",465.0,(465),11.612205392696321,%
2025_잠재방한객조사_방한의향자.xlsx,방한의향자,C4,<표C4> 한국 여행 관심 계기(중복) (한국 방문의향자 기준),BASE:B5. 1) 한국 ④~⑤,호주,호주,국가/지역,유명 명품 구매 등 럭셔리 쇼핑,465.0,(465),12.384516518706363,%
2025_잠재방한객조사_방한의향자.xlsx,방한의향자,C4,<표C4> 한국 여행 관심 계기(중복) (한국 방문의향자 기준),BASE:B5. 1) 한국 ④~⑤,호주,호주,국가/지역,출입국 편의성(비자 면제 등),465.0,(465),11.841236679416639,%
2025_잠재방한객조사_방한의향자.xlsx,방한의향자,C4,<표C4> 한국 여행 관심 계기(중복) (한국 방문의향자 기준),BASE:B5. 1) 한국 ④~⑤,호주,호주,국가/지역,항공권 특가 및 할인 프로모션,465.0,(465),13.4493909739126,%
2025_잠재방한객조사_방한의향자.xlsx,방한의향자,C4,<표C4> 한국 여행 관심 계기(중복) (한국 방문의향자 기준),BASE:B5. 1) 한국 ④~⑤,호주,호주,국가/지역,"이벤트성 방문(신혼여행, 프로포즈, 생일, 기념일 등)",465.0,(465),9.567756158538852,%
2025_잠재방한객조사_방한의향자.xlsx,방한의향자,C4,<표C4> 한국 여행 관심 계기(중복) (한국 방문의향자 기준),BASE:B5. 1) 한국 ④~⑤,호주,호주,국가/지역,"의료 관광(검진, 시술, 수술 등)",465.0,(465),7.770443669155849,%
2025_잠재방한객조사_방한의향자.xlsx,방한의향자,C4,<표C4> 한국 여행 관심 계기(중복) (한국 방문의향자 기준),BASE:B5. 1) 한국 ④~⑤,호주,호주,국가/지역,환율 및 현지 물가,465.0,(465),12.862836050980842,%
2025_잠재방한객조사_방한의향자.xlsx,방한의향자,C4,<표C4> 한국 여행 관심 계기(중복) (한국 방문의향자 기준),BASE:B5. 1) 한국 ④~⑤,호주,호주,국가/지역,언어소통,465.0,(465),7.709337864866511,%
2025_잠재방한객조사_방한의향자.xlsx,방한의향자,C4,<표C4> 한국 여행 관심 계기(중복) (한국 방문의향자 기준),BASE:B5. 1) 한국 ④~⑤,호주,호주,국가/지역,어학/직업 연수 및 유학,465.0,(465),6.00679269143285,%
2025_잠재방한객조사_방한의향자.xlsx,방한의향자,C4,<표C4> 한국 여행 관심 계기(중복) (한국 방문의향자 기준),BASE:B5. 1) 한국 ④~⑤,호주,호주,국가/지역,스포츠 관광(경기 관람 및 참여),465.0,(465),6.546435784046194,%
2025_잠재방한객조사_방한의향자.xlsx,방한의향자,C4,<표C4> 한국 여행 관심 계기(중복) (한국 방문의향자 기준),BASE:B5. 1) 한국 ④~⑤,호주,호주,국가/지역,종교 환경,465.0,(465),11.920494271727549,%
2025_잠재방한객조사_방한의향자.xlsx,방한의향자,C4,<표C4> 한국 여행 관심 계기(중복) (한국 방문의향자 기준),BASE:B5. 1) 한국 ④~⑤,호주,호주,국가/지역,출장 및 학회 행사 개최지,465.0,(465),6.703618934138905,%
2025_잠재방한객조사_방한의향자.xlsx,방한의향자,C4,<표C4> 한국 여행 관심 계기(중복) (한국 방문의향자 기준),BASE:B5. 1) 한국 ④~⑤,호주,호주,국가/지역,과거 방문 경험,465.0,(465),2.201437262556815,%
2025_잠재방한객조사_방한의향자.xlsx,방한의향자,C4,<표C4> 한국 여행 관심 계기(중복) (한국 방문의향자 기준),BASE:B5. 1) 한국 ④~⑤,호주,호주,국가/지역,기타,465.0,(465),0.8991246024174094,%
2025_잠재방한객조사_방한의향자.xlsx,방한의향자,C4,<표C4> 한국 여행 관심 계기(중복) (한국 방문의향자 기준),BASE:B5. 1) 한국 ④~⑤,러시아,러시아,국가/지역,"개인 및 인플루언서가 제작한 짧은 이미지(틱톡, 인스타그램 릴스, 유튜브 쇼츠 등)",930.0,(930),42.26935112090822,%
2025_잠재방한객조사_방한의향자.xlsx,방한의향자,C4,<표C4> 한국 여행 관심 계기(중복) (한국 방문의향자 기준),BASE:B5. 1) 한국 ④~⑤,러시아,러시아,국가/지역,음식/식문화,930.0,(930),39.30506822092149,%
2025_잠재방한객조사_방한의향자.xlsx,방한의향자,C4,<표C4> 한국 여행 관심 계기(중복) (한국 방문의향자 기준),BASE:B5. 1) 한국 ④~⑤,러시아,러시아,국가/지역,"뉴스, 영화, 드라마, 다큐멘터리 등 대중 매체",930.0,(930),35.82680580442687,%
2025_잠재방한객조사_방한의향자.xlsx,방한의향자,C4,<표C4> 한국 여행 관심 계기(중복) (한국 방문의향자 기준),BASE:B5. 1) 한국 ④~⑤,러시아,러시아,국가/지역,"가족, 친구, 지인 등 주변인 추천",930.0,(930),31.444479985162378,%
2025_잠재방한객조사_방한의향자.xlsx,방한의향자,C4,<표C4> 한국 여행 관심 계기(중복) (한국 방문의향자 기준),BASE:B5. 1) 한국 ④~⑤,러시아,러시아,국가/지역,관광지/관광 명소,930.0,(930),34.18885484971819,%
2025_잠재방한객조사_방한의향자.xlsx,방한의향자,C4,<표C4> 한국 여행 관심 계기(중복) (한국 방문의향자 기준),BASE:B5. 1) 한국 ④~⑤,러시아,러시아,국가/지역,"유명 인플루언서, 연예인 등의 여행 후기",930.0,(930),25.136348449591445,%
2025_잠재방한객조사_방한의향자.xlsx,방한의향자,C4,<표C4> 한국 여행 관심 계기(중복) (한국 방문의향자 기준),BASE:B5. 1) 한국 ④~⑤,러시아,러시아,국가/지역,전통문화/역사,930.0,(930),34.303252701360215,%
2025_잠재방한객조사_방한의향자.xlsx,방한의향자,C4,<표C4> 한국 여행 관심 계기(중복) (한국 방문의향자 기준),BASE:B5. 1) 한국 ④~⑤,러시아,러시아,국가/지역,자연 경관,930.0,(930),36.09356825193441,%
2025_잠재방한객조사_방한의향자.xlsx,방한의향자,C4,<표C4> 한국 여행 관심 계기(중복) (한국 방문의향자 기준),BASE:B5. 1) 한국 ④~⑤,러시아,러시아,국가/지역,"음악, 영화, 드라마 등 문화콘텐츠/연예인",930.0,(930),23.604884469320993,%
2025_잠재방한객조사_방한의향자.xlsx,방한의향자,C4,<표C4> 한국 여행 관심 계기(중복) (한국 방문의향자 기준),BASE:B5. 1) 한국 ④~⑤,러시아,러시아,국가/지역,관광 관련 공공기관이 제작한 국가 브랜드 홍보 영상,930.0,(930),22.479585768856168,%
2025_잠재방한객조사_방한의향자.xlsx,방한의향자,C4,<표C4> 한국 여행 관심 계기(중복) (한국 방문의향자 기준),BASE:B5. 1) 한국 ④~⑤,러시아,러시아,국가/지역,계절/기후,930.0,(930),19.874245397108037,%
2025_잠재방한객조사_방한의향자.xlsx,방한의향자,C4,<표C4> 한국 여행 관심 계기(중복) (한국 방문의향자 기준),BASE:B5. 1) 한국 ④~⑤,러시아,러시아,국가/지역,해당 국가에서만 판매하는 상품 쇼핑,930.0,(930),24.325747192684872,%
2025_잠재방한객조사_방한의향자.xlsx,방한의향자,C4,<표C4> 한국 여행 관심 계기(중복) (한국 방문의향자 기준),BASE:B5. 1) 한국 ④~⑤,러시아,러시아,국가/지역,건축/도시 디자인,930.0,(930),25.2746952342718,%
2025_잠재방한객조사_방한의향자.xlsx,방한의향자,C4,<표C4> 한국 여행 관심 계기(중복) (한국 방문의향자 기준),BASE:B5. 1) 한국 ④~⑤,러시아,러시아,국가/지역,"웰니스 관광(스파, 디톡스 여행 등)",930.0,(930),21.049156572336027,%
2025_잠재방한객조사_방한의향자.xlsx,방한의향자,C4,<표C4> 한국 여행 관심 계기(중복) (한국 방문의향자 기준),BASE:B5. 1) 한국 ④~⑤,러시아,러시아,국가/지역,치안/안전,930.0,(930),14.477040846103758,%
2025_잠재방한객조사_방한의향자.xlsx,방한의향자,C4,<표C4> 한국 여행 관심 계기(중복) (한국 방문의향자 기준),BASE:B5. 1) 한국 ④~⑤,러시아,러시아,국가/지역,이동거리/비행시간,930.0,(930),13.66846326184358,%
2025_잠재방한객조사_방한의향자.xlsx,방한의향자,C4,<표C4> 한국 여행 관심 계기(중복) (한국 방문의향자 기준),BASE:B5. 1) 한국 ④~⑤,러시아,러시아,국가/지역,항공 노선(직항 및 경유 등),930.0,(930),15.077266543351298,%
2025_잠재방한객조사_방한의향자.xlsx,방한의향자,C4,<표C4> 한국 여행 관심 계기(중복) (한국 방문의향자 기준),BASE:B5. 1) 한국 ④~⑤,러시아,러시아,국가/지역,"행사/이벤트 체험(공연, 콘서트, 축제, 박람회 등)",930.0,(930),13.610136771128886,%
2025_잠재방한객조사_방한의향자.xlsx,방한의향자,C4,<표C4> 한국 여행 관심 계기(중복) (한국 방문의향자 기준),BASE:B5. 1) 한국 ④~⑤,러시아,러시아,국가/지역,유명 명품 구매 등 럭셔리 쇼핑,930.0,(930),16.481346602107227,%
2025_잠재방한객조사_방한의향자.xlsx,방한의향자,C4,<표C4> 한국 여행 관심 계기(중복) (한국 방문의향자 기준),BASE:B5. 1) 한국 ④~⑤,러시아,러시아,국가/지역,출입국 편의성(비자 면제 등),930.0,(930),14.474774775557064,%
2025_잠재방한객조사_방한의향자.xlsx,방한의향자,C4,<표C4> 한국 여행 관심 계기(중복) (한국 방문의향자 기준),BASE:B5. 1) 한국 ④~⑤,러시아,러시아,국가/지역,항공권 특가 및 할인 프로모션,930.0,(930),14.366086578723708,%
2025_잠재방한객조사_방한의향자.xlsx,방한의향자,C4,<표C4> 한국 여행 관심 계기(중복) (한국 방문의향자 기준),BASE:B5. 1) 한국 ④~⑤,러시아,러시아,국가/지역,"이벤트성 방문(신혼여행, 프로포즈, 생일, 기념일 등)",930.0,(930),11.98036824160772,%
2025_잠재방한객조사_방한의향자.xlsx,방한의향자,C4,<표C4> 한국 여행 관심 계기(중복) (한국 방문의향자 기준),BASE:B5. 1) 한국 ④~⑤,러시아,러시아,국가/지역,"의료 관광(검진, 시술, 수술 등)",930.0,(930),14.394668598118846,%
2025_잠재방한객조사_방한의향자.xlsx,방한의향자,C4,<표C4> 한국 여행 관심 계기(중복) (한국 방문의향자 기준),BASE:B5. 1) 한국 ④~⑤,러시아,러시아,국가/지역,환율 및 현지 물가,930.0,(930),8.334639432207926,%
2025_잠재방한객조사_방한의향자.xlsx,방한의향자,C4,<표C4> 한국 여행 관심 계기(중복) (한국 방문의향자 기준),BASE:B5. 1) 한국 ④~⑤,러시아,러시아,국가/지역,언어소통,930.0,(930),7.200925478700004,%
2025_잠재방한객조사_방한의향자.xlsx,방한의향자,C4,<표C4> 한국 여행 관심 계기(중복) (한국 방문의향자 기준),BASE:B5. 1) 한국 ④~⑤,러시아,러시아,국가/지역,어학/직업 연수 및 유학,930.0,(930),7.233055768722285,%
2025_잠재방한객조사_방한의향자.xlsx,방한의향자,C4,<표C4> 한국 여행 관심 계기(중복) (한국 방문의향자 기준),BASE:B5. 1) 한국 ④~⑤,러시아,러시아,국가/지역,스포츠 관광(경기 관람 및 참여),930.0,(930),6.275376262360484,%
2025_잠재방한객조사_방한의향자.xlsx,방한의향자,C4,<표C4> 한국 여행 관심 계기(중복) (한국 방문의향자 기준),BASE:B5. 1) 한국 ④~⑤,러시아,러시아,국가/지역,종교 환경,930.0,(930),5.576144578308904,%
2025_잠재방한객조사_방한의향자.xlsx,방한의향자,C4,<표C4> 한국 여행 관심 계기(중복) (한국 방문의향자 기준),BASE:B5. 1) 한국 ④~⑤,러시아,러시아,국가/지역,출장 및 학회 행사 개최지,930.0,(930),6.80259164728617,%
2025_잠재방한객조사_방한의향자.xlsx,방한의향자,C4,<표C4> 한국 여행 관심 계기(중복) (한국 방문의향자 기준),BASE:B5. 1) 한국 ④~⑤,러시아,러시아,국가/지역,과거 방문 경험,930.0,(930),4.5794574886970025,%
2025_잠재방한객조사_방한의향자.xlsx,방한의향자,C4,<표C4> 한국 여행 관심 계기(중복) (한국 방문의향자 기준),BASE:B5. 1) 한국 ④~⑤,러시아,러시아,국가/지역,기타,930.0,(930),0.7076264082576819,%
2025_잠재방한객조사_방한의향자.xlsx,방한의향자,C4,<표C4> 한국 여행 관심 계기(중복) (한국 방문의향자 기준),BASE:B5. 1) 한국 ④~⑤,인도,인도,국가/지역,"개인 및 인플루언서가 제작한 짧은 이미지(틱톡, 인스타그램 릴스, 유튜브 쇼츠 등)",465.0,(465),50.554457604483126,%
2025_잠재방한객조사_방한의향자.xlsx,방한의향자,C4,<표C4> 한국 여행 관심 계기(중복) (한국 방문의향자 기준),BASE:B5. 1) 한국 ④~⑤,인도,인도,국가/지역,음식/식문화,465.0,(465),37.49415799152328,%
2025_잠재방한객조사_방한의향자.xlsx,방한의향자,C4,<표C4> 한국 여행 관심 계기(중복) (한국 방문의향자 기준),BASE:B5. 1) 한국 ④~⑤,인도,인도,국가/지역,"뉴스, 영화, 드라마, 다큐멘터리 등 대중 매체",465.0,(465),45.395465947718264,%
2025_잠재방한객조사_방한의향자.xlsx,방한의향자,C4,<표C4> 한국 여행 관심 계기(중복) (한국 방문의향자 기준),BASE:B5. 1) 한국 ④~⑤,인도,인도,국가/지역,"가족, 친구, 지인 등 주변인 추천",465.0,(465),36.49342663037455,%
2025_잠재방한객조사_방한의향자.xlsx,방한의향자,C4,<표C4> 한국 여행 관심 계기(중복) (한국 방문의향자 기준),BASE:B5. 1) 한국 ④~⑤,인도,인도,국가/지역,관광지/관광 명소,465.0,(465),46.114679504638346,%
2025_잠재방한객조사_방한의향자.xlsx,방한의향자,C4,<표C4> 한국 여행 관심 계기(중복) (한국 방문의향자 기준),BASE:B5. 1) 한국 ④~⑤,인도,인도,국가/지역,"유명 인플루언서, 연예인 등의 여행 후기",465.0,(465),47.08262158415269,%
2025_잠재방한객조사_방한의향자.xlsx,방한의향자,C4,<표C4> 한국 여행 관심 계기(중복) (한국 방문의향자 기준),BASE:B5. 1) 한국 ④~⑤,인도,인도,국가/지역,전통문화/역사,465.0,(465),39.46532244027628,%
2025_잠재방한객조사_방한의향자.xlsx,방한의향자,C4,<표C4> 한국 여행 관심 계기(중복) (한국 방문의향자 기준),BASE:B5. 1) 한국 ④~⑤,인도,인도,국가/지역,자연 경관,465.0,(465),38.60269668664332,%
2025_잠재방한객조사_방한의향자.xlsx,방한의향자,C4,<표C4> 한국 여행 관심 계기(중복) (한국 방문의향자 기준),BASE:B5. 1) 한국 ④~⑤,인도,인도,국가/지역,"음악, 영화, 드라마 등 문화콘텐츠/연예인",465.0,(465),37.99670414911547,%
2025_잠재방한객조사_방한의향자.xlsx,방한의향자,C4,<표C4> 한국 여행 관심 계기(중복) (한국 방문의향자 기준),BASE:B5. 1) 한국 ④~⑤,인도,인도,국가/지역,관광 관련 공공기관이 제작한 국가 브랜드 홍보 영상,465.0,(465),36.84086149430351,%
2025_잠재방한객조사_방한의향자.xlsx,방한의향자,C4,<표C4> 한국 여행 관심 계기(중복) (한국 방문의향자 기준),BASE:B5. 1) 한국 ④~⑤,인도,인도,국가/지역,계절/기후,465.0,(465),26.600231703025155,%
2025_잠재방한객조사_방한의향자.xlsx,방한의향자,C4,<표C4> 한국 여행 관심 계기(중복) (한국 방문의향자 기준),BASE:B5. 1) 한국 ④~⑤,인도,인도,국가/지역,해당 국가에서만 판매하는 상품 쇼핑,465.0,(465),32.057573887902066,%
2025_잠재방한객조사_방한의향자.xlsx,방한의향자,C4,<표C4> 한국 여행 관심 계기(중복) (한국 방문의향자 기준),BASE:B5. 1) 한국 ④~⑤,인도,인도,국가/지역,건축/도시 디자인,465.0,(465),24.401622731281655,%
2025_잠재방한객조사_방한의향자.xlsx,방한의향자,C4,<표C4> 한국 여행 관심 계기(중복) (한국 방문의향자 기준),BASE:B5. 1) 한국 ④~⑤,인도,인도,국가/지역,"웰니스 관광(스파, 디톡스 여행 등)",465.0,(465),30.983594011138372,%
2025_잠재방한객조사_방한의향자.xlsx,방한의향자,C4,<표C4> 한국 여행 관심 계기(중복) (한국 방문의향자 기준),BASE:B5. 1) 한국 ④~⑤,인도,인도,국가/지역,치안/안전,465.0,(465),33.33732929815022,%
2025_잠재방한객조사_방한의향자.xlsx,방한의향자,C4,<표C4> 한국 여행 관심 계기(중복) (한국 방문의향자 기준),BASE:B5. 1) 한국 ④~⑤,인도,인도,국가/지역,이동거리/비행시간,465.0,(465),28.731983479417124,%
2025_잠재방한객조사_방한의향자.xlsx,방한의향자,C4,<표C4> 한국 여행 관심 계기(중복) (한국 방문의향자 기준),BASE:B5. 1) 한국 ④~⑤,인도,인도,국가/지역,항공 노선(직항 및 경유 등),465.0,(465),28.420870171995826,%
2025_잠재방한객조사_방한의향자.xlsx,방한의향자,C4,<표C4> 한국 여행 관심 계기(중복) (한국 방문의향자 기준),BASE:B5. 1) 한국 ④~⑤,인도,인도,국가/지역,"행사/이벤트 체험(공연, 콘서트, 축제, 박람회 등)",465.0,(465),29.68526227651931,%
2025_잠재방한객조사_방한의향자.xlsx,방한의향자,C4,<표C4> 한국 여행 관심 계기(중복) (한국 방문의향자 기준),BASE:B5. 1) 한국 ④~⑤,인도,인도,국가/지역,유명 명품 구매 등 럭셔리 쇼핑,465.0,(465),35.32338211091408,%
2025_잠재방한객조사_방한의향자.xlsx,방한의향자,C4,<표C4> 한국 여행 관심 계기(중복) (한국 방문의향자 기준),BASE:B5. 1) 한국 ④~⑤,인도,인도,국가/지역,출입국 편의성(비자 면제 등),465.0,(465),29.992252584739383,%
2025_잠재방한객조사_방한의향자.xlsx,방한의향자,C4,<표C4> 한국 여행 관심 계기(중복) (한국 방문의향자 기준),BASE:B5. 1) 한국 ④~⑤,인도,인도,국가/지역,항공권 특가 및 할인 프로모션,465.0,(465),21.797388072297775,%
2025_잠재방한객조사_방한의향자.xlsx,방한의향자,C4,<표C4> 한국 여행 관심 계기(중복) (한국 방문의향자 기준),BASE:B5. 1) 한국 ④~⑤,인도,인도,국가/지역,"이벤트성 방문(신혼여행, 프로포즈, 생일, 기념일 등)",465.0,(465),29.692965085971284,%
2025_잠재방한객조사_방한의향자.xlsx,방한의향자,C4,<표C4> 한국 여행 관심 계기(중복) (한국 방문의향자 기준),BASE:B5. 1) 한국 ④~⑤,인도,인도,국가/지역,"의료 관광(검진, 시술, 수술 등)",465.0,(465),19.470878860416434,%
2025_잠재방한객조사_방한의향자.xlsx,방한의향자,C4,<표C4> 한국 여행 관심 계기(중복) (한국 방문의향자 기준),BASE:B5. 1) 한국 ④~⑤,인도,인도,국가/지역,환율 및 현지 물가,465.0,(465),22.437059359980356,%
2025_잠재방한객조사_방한의향자.xlsx,방한의향자,C4,<표C4> 한국 여행 관심 계기(중복) (한국 방문의향자 기준),BASE:B5. 1) 한국 ④~⑤,인도,인도,국가/지역,언어소통,465.0,(465),16.38367826712026,%
2025_잠재방한객조사_방한의향자.xlsx,방한의향자,C4,<표C4> 한국 여행 관심 계기(중복) (한국 방문의향자 기준),BASE:B5. 1) 한국 ④~⑤,인도,인도,국가/지역,어학/직업 연수 및 유학,465.0,(465),20.127543622102415,%
2025_잠재방한객조사_방한의향자.xlsx,방한의향자,C4,<표C4> 한국 여행 관심 계기(중복) (한국 방문의향자 기준),BASE:B5. 1) 한국 ④~⑤,인도,인도,국가/지역,스포츠 관광(경기 관람 및 참여),465.0,(465),23.331912293717323,%
2025_잠재방한객조사_방한의향자.xlsx,방한의향자,C4,<표C4> 한국 여행 관심 계기(중복) (한국 방문의향자 기준),BASE:B5. 1) 한국 ④~⑤,인도,인도,국가/지역,종교 환경,465.0,(465),20.75784095194885,%
2025_잠재방한객조사_방한의향자.xlsx,방한의향자,C4,<표C4> 한국 여행 관심 계기(중복) (한국 방문의향자 기준),BASE:B5. 1) 한국 ④~⑤,인도,인도,국가/지역,출장 및 학회 행사 개최지,465.0,(465),19.926673698723533,%
2025_잠재방한객조사_방한의향자.xlsx,방한의향자,C4,<표C4> 한국 여행 관심 계기(중복) (한국 방문의향자 기준),BASE:B5. 1) 한국 ④~⑤,인도,인도,국가/지역,과거 방문 경험,465.0,(465),5.535712006891334,%
2025_잠재방한객조사_방한의향자.xlsx,방한의향자,C4,<표C4> 한국 여행 관심 계기(중복) (한국 방문의향자 기준),BASE:B5. 1) 한국 ④~⑤,인도,인도,국가/지역,기타,465.0,(465),0.6474595237735946,%
2025_잠재방한객조사_방한의향자.xlsx,방한의향자,C4,<표C4> 한국 여행 관심 계기(중복) (한국 방문의향자 기준),BASE:B5. 1) 한국 ④~⑤,프랑스,프랑스,국가/지역,"개인 및 인플루언서가 제작한 짧은 이미지(틱톡, 인스타그램 릴스, 유튜브 쇼츠 등)",465.0,(465),37.61934598404913,%
2025_잠재방한객조사_방한의향자.xlsx,방한의향자,C4,<표C4> 한국 여행 관심 계기(중복) (한국 방문의향자 기준),BASE:B5. 1) 한국 ④~⑤,프랑스,프랑스,국가/지역,음식/식문화,465.0,(465),33.478796027899364,%
2025_잠재방한객조사_방한의향자.xlsx,방한의향자,C4,<표C4> 한국 여행 관심 계기(중복) (한국 방문의향자 기준),BASE:B5. 1) 한국 ④~⑤,프랑스,프랑스,국가/지역,"뉴스, 영화, 드라마, 다큐멘터리 등 대중 매체",465.0,(465),29.51229997683818,%
2025_잠재방한객조사_방한의향자.xlsx,방한의향자,C4,<표C4> 한국 여행 관심 계기(중복) (한국 방문의향자 기준),BASE:B5. 1) 한국 ④~⑤,프랑스,프랑스,국가/지역,"가족, 친구, 지인 등 주변인 추천",465.0,(465),32.24764757822386,%
2025_잠재방한객조사_방한의향자.xlsx,방한의향자,C4,<표C4> 한국 여행 관심 계기(중복) (한국 방문의향자 기준),BASE:B5. 1) 한국 ④~⑤,프랑스,프랑스,국가/지역,관광지/관광 명소,465.0,(465),28.729859857059996,%
2025_잠재방한객조사_방한의향자.xlsx,방한의향자,C4,<표C4> 한국 여행 관심 계기(중복) (한국 방문의향자 기준),BASE:B5. 1) 한국 ④~⑤,프랑스,프랑스,국가/지역,"유명 인플루언서, 연예인 등의 여행 후기",465.0,(465),20.927572560932767,%
2025_잠재방한객조사_방한의향자.xlsx,방한의향자,C4,<표C4> 한국 여행 관심 계기(중복) (한국 방문의향자 기준),BASE:B5. 1) 한국 ④~⑤,프랑스,프랑스,국가/지역,전통문화/역사,465.0,(465),38.760395522638426,%
2025_잠재방한객조사_방한의향자.xlsx,방한의향자,C4,<표C4> 한국 여행 관심 계기(중복) (한국 방문의향자 기준),BASE:B5. 1) 한국 ④~⑤,프랑스,프랑스,국가/지역,자연 경관,465.0,(465),35.886797366643215,%
2025_잠재방한객조사_방한의향자.xlsx,방한의향자,C4,<표C4> 한국 여행 관심 계기(중복) (한국 방문의향자 기준),BASE:B5. 1) 한국 ④~⑤,프랑스,프랑스,국가/지역,"음악, 영화, 드라마 등 문화콘텐츠/연예인",465.0,(465),21.782171539335046,%
2025_잠재방한객조사_방한의향자.xlsx,방한의향자,C4,<표C4> 한국 여행 관심 계기(중복) (한국 방문의향자 기준),BASE:B5. 1) 한국 ④~⑤,프랑스,프랑스,국가/지역,관광 관련 공공기관이 제작한 국가 브랜드 홍보 영상,465.0,(465),24.817616940941136,%
2025_잠재방한객조사_방한의향자.xlsx,방한의향자,C4,<표C4> 한국 여행 관심 계기(중복) (한국 방문의향자 기준),BASE:B5. 1) 한국 ④~⑤,프랑스,프랑스,국가/지역,계절/기후,465.0,(465),13.626930625972875,%
2025_잠재방한객조사_방한의향자.xlsx,방한의향자,C4,<표C4> 한국 여행 관심 계기(중복) (한국 방문의향자 기준),BASE:B5. 1) 한국 ④~⑤,프랑스,프랑스,국가/지역,해당 국가에서만 판매하는 상품 쇼핑,465.0,(465),14.693076977404921,%
2025_잠재방한객조사_방한의향자.xlsx,방한의향자,C4,<표C4> 한국 여행 관심 계기(중복) (한국 방문의향자 기준),BASE:B5. 1) 한국 ④~⑤,프랑스,프랑스,국가/지역,건축/도시 디자인,465.0,(465),23.390879372354647,%
2025_잠재방한객조사_방한의향자.xlsx,방한의향자,C4,<표C4> 한국 여행 관심 계기(중복) (한국 방문의향자 기준),BASE:B5. 1) 한국 ④~⑤,프랑스,프랑스,국가/지역,"웰니스 관광(스파, 디톡스 여행 등)",465.0,(465),18.427521230207233,%
2025_잠재방한객조사_방한의향자.xlsx,방한의향자,C4,<표C4> 한국 여행 관심 계기(중복) (한국 방문의향자 기준),BASE:B5. 1) 한국 ④~⑤,프랑스,프랑스,국가/지역,치안/안전,465.0,(465),15.441107646864943,%
2025_잠재방한객조사_방한의향자.xlsx,방한의향자,C4,<표C4> 한국 여행 관심 계기(중복) (한국 방문의향자 기준),BASE:B5. 1) 한국 ④~⑤,프랑스,프랑스,국가/지역,이동거리/비행시간,465.0,(465),10.74329379210827,%
2025_잠재방한객조사_방한의향자.xlsx,방한의향자,C4,<표C4> 한국 여행 관심 계기(중복) (한국 방문의향자 기준),BASE:B5. 1) 한국 ④~⑤,프랑스,프랑스,국가/지역,항공 노선(직항 및 경유 등),465.0,(465),9.164227403215486,%
2025_잠재방한객조사_방한의향자.xlsx,방한의향자,C4,<표C4> 한국 여행 관심 계기(중복) (한국 방문의향자 기준),BASE:B5. 1) 한국 ④~⑤,프랑스,프랑스,국가/지역,"행사/이벤트 체험(공연, 콘서트, 축제, 박람회 등)",465.0,(465),12.564644450633299,%
2025_잠재방한객조사_방한의향자.xlsx,방한의향자,C4,<표C4> 한국 여행 관심 계기(중복) (한국 방문의향자 기준),BASE:B5. 1) 한국 ④~⑤,프랑스,프랑스,국가/지역,유명 명품 구매 등 럭셔리 쇼핑,465.0,(465),8.18703405267236,%
2025_잠재방한객조사_방한의향자.xlsx,방한의향자,C4,<표C4> 한국 여행 관심 계기(중복) (한국 방문의향자 기준),BASE:B5. 1) 한국 ④~⑤,프랑스,프랑스,국가/지역,출입국 편의성(비자 면제 등),465.0,(465),9.255858061899945,%
2025_잠재방한객조사_방한의향자.xlsx,방한의향자,C4,<표C4> 한국 여행 관심 계기(중복) (한국 방문의향자 기준),BASE:B5. 1) 한국 ④~⑤,프랑스,프랑스,국가/지역,항공권 특가 및 할인 프로모션,465.0,(465),8.036174600681385,%
2025_잠재방한객조사_방한의향자.xlsx,방한의향자,C4,<표C4> 한국 여행 관심 계기(중복) (한국 방문의향자 기준),BASE:B5. 1) 한국 ④~⑤,프랑스,프랑스,국가/지역,"이벤트성 방문(신혼여행, 프로포즈, 생일, 기념일 등)",465.0,(465),8.437871131802813,%
2025_잠재방한객조사_방한의향자.xlsx,방한의향자,C4,<표C4> 한국 여행 관심 계기(중복) (한국 방문의향자 기준),BASE:B5. 1) 한국 ④~⑤,프랑스,프랑스,국가/지역,"의료 관광(검진, 시술, 수술 등)",465.0,(465),4.884417177541431,%
2025_잠재방한객조사_방한의향자.xlsx,방한의향자,C4,<표C4> 한국 여행 관심 계기(중복) (한국 방문의향자 기준),BASE:B5. 1) 한국 ④~⑤,프랑스,프랑스,국가/지역,환율 및 현지 물가,465.0,(465),8.572649555685011,%
2025_잠재방한객조사_방한의향자.xlsx,방한의향자,C4,<표C4> 한국 여행 관심 계기(중복) (한국 방문의향자 기준),BASE:B5. 1) 한국 ④~⑤,프랑스,프랑스,국가/지역,언어소통,465.0,(465),7.284884484381923,%
2025_잠재방한객조사_방한의향자.xlsx,방한의향자,C4,<표C4> 한국 여행 관심 계기(중복) (한국 방문의향자 기준),BASE:B5. 1) 한국 ④~⑤,프랑스,프랑스,국가/지역,어학/직업 연수 및 유학,465.0,(465),8.288474058278327,%
2025_잠재방한객조사_방한의향자.xlsx,방한의향자,C4,<표C4> 한국 여행 관심 계기(중복) (한국 방문의향자 기준),BASE:B5. 1) 한국 ④~⑤,프랑스,프랑스,국가/지역,스포츠 관광(경기 관람 및 참여),465.0,(465),4.997439080445452,%
2025_잠재방한객조사_방한의향자.xlsx,방한의향자,C4,<표C4> 한국 여행 관심 계기(중복) (한국 방문의향자 기준),BASE:B5. 1) 한국 ④~⑤,프랑스,프랑스,국가/지역,종교 환경,465.0,(465),7.402501890182196,%
2025_잠재방한객조사_방한의향자.xlsx,방한의향자,C4,<표C4> 한국 여행 관심 계기(중복) (한국 방문의향자 기준),BASE:B5. 1) 한국 ④~⑤,프랑스,프랑스,국가/지역,출장 및 학회 행사 개최지,465.0,(465),3.7900641194205456,%
2025_잠재방한객조사_방한의향자.xlsx,방한의향자,C4,<표C4> 한국 여행 관심 계기(중복) (한국 방문의향자 기준),BASE:B5. 1) 한국 ④~⑤,프랑스,프랑스,국가/지역,과거 방문 경험,465.0,(465),1.4522192208910667,%
2025_잠재방한객조사_방한의향자.xlsx,방한의향자,C4,<표C4> 한국 여행 관심 계기(중복) (한국 방문의향자 기준),BASE:B5. 1) 한국 ④~⑤,프랑스,프랑스,국가/지역,기타,465.0,(465),1.3486895124987566,%
2025_잠재방한객조사_방한의향자.xlsx,방한의향자,C4,<표C4> 한국 여행 관심 계기(중복) (한국 방문의향자 기준),BASE:B5. 1) 한국 ④~⑤,독일,독일,국가/지역,"개인 및 인플루언서가 제작한 짧은 이미지(틱톡, 인스타그램 릴스, 유튜브 쇼츠 등)",465.0,(465),31.593429471551442,%
2025_잠재방한객조사_방한의향자.xlsx,방한의향자,C4,<표C4> 한국 여행 관심 계기(중복) (한국 방문의향자 기준),BASE:B5. 1) 한국 ④~⑤,독일,독일,국가/지역,음식/식문화,465.0,(465),38.07539552375473,%
2025_잠재방한객조사_방한의향자.xlsx,방한의향자,C4,<표C4> 한국 여행 관심 계기(중복) (한국 방문의향자 기준),BASE:B5. 1) 한국 ④~⑤,독일,독일,국가/지역,"뉴스, 영화, 드라마, 다큐멘터리 등 대중 매체",465.0,(465),26.881694761951263,%
2025_잠재방한객조사_방한의향자.xlsx,방한의향자,C4,<표C4> 한국 여행 관심 계기(중복) (한국 방문의향자 기준),BASE:B5. 1) 한국 ④~⑤,독일,독일,국가/지역,"가족, 친구, 지인 등 주변인 추천",465.0,(465),32.12245887940418,%
2025_잠재방한객조사_방한의향자.xlsx,방한의향자,C4,<표C4> 한국 여행 관심 계기(중복) (한국 방문의향자 기준),BASE:B5. 1) 한국 ④~⑤,독일,독일,국가/지역,관광지/관광 명소,465.0,(465),34.70565314654771,%
2025_잠재방한객조사_방한의향자.xlsx,방한의향자,C4,<표C4> 한국 여행 관심 계기(중복) (한국 방문의향자 기준),BASE:B5. 1) 한국 ④~⑤,독일,독일,국가/지역,"유명 인플루언서, 연예인 등의 여행 후기",465.0,(465),24.592596041985455,%
2025_잠재방한객조사_방한의향자.xlsx,방한의향자,C4,<표C4> 한국 여행 관심 계기(중복) (한국 방문의향자 기준),BASE:B5. 1) 한국 ④~⑤,독일,독일,국가/지역,전통문화/역사,465.0,(465),33.1795317561806,%
2025_잠재방한객조사_방한의향자.xlsx,방한의향자,C4,<표C4> 한국 여행 관심 계기(중복) (한국 방문의향자 기준),BASE:B5. 1) 한국 ④~⑤,독일,독일,국가/지역,자연 경관,465.0,(465),27.49831764486419,%
2025_잠재방한객조사_방한의향자.xlsx,방한의향자,C4,<표C4> 한국 여행 관심 계기(중복) (한국 방문의향자 기준),BASE:B5. 1) 한국 ④~⑤,독일,독일,국가/지역,"음악, 영화, 드라마 등 문화콘텐츠/연예인",465.0,(465),18.511376781260296,%
2025_잠재방한객조사_방한의향자.xlsx,방한의향자,C4,<표C4> 한국 여행 관심 계기(중복) (한국 방문의향자 기준),BASE:B5. 1) 한국 ④~⑤,독일,독일,국가/지역,관광 관련 공공기관이 제작한 국가 브랜드 홍보 영상,465.0,(465),17.222276299201617,%
2025_잠재방한객조사_방한의향자.xlsx,방한의향자,C4,<표C4> 한국 여행 관심 계기(중복) (한국 방문의향자 기준),BASE:B5. 1) 한국 ④~⑤,독일,독일,국가/지역,계절/기후,465.0,(465),17.346816172402644,%
2025_잠재방한객조사_방한의향자.xlsx,방한의향자,C4,<표C4> 한국 여행 관심 계기(중복) (한국 방문의향자 기준),BASE:B5. 1) 한국 ④~⑤,독일,독일,국가/지역,해당 국가에서만 판매하는 상품 쇼핑,465.0,(465),15.316666369837643,%
2025_잠재방한객조사_방한의향자.xlsx,방한의향자,C4,<표C4> 한국 여행 관심 계기(중복) (한국 방문의향자 기준),BASE:B5. 1) 한국 ④~⑤,독일,독일,국가/지역,건축/도시 디자인,465.0,(465),21.9625429836916,%
2025_잠재방한객조사_방한의향자.xlsx,방한의향자,C4,<표C4> 한국 여행 관심 계기(중복) (한국 방문의향자 기준),BASE:B5. 1) 한국 ④~⑤,독일,독일,국가/지역,"웰니스 관광(스파, 디톡스 여행 등)",465.0,(465),15.218355237714567,%
2025_잠재방한객조사_방한의향자.xlsx,방한의향자,C4,<표C4> 한국 여행 관심 계기(중복) (한국 방문의향자 기준),BASE:B5. 1) 한국 ④~⑤,독일,독일,국가/지역,치안/안전,465.0,(465),18.825962070916045,%
2025_잠재방한객조사_방한의향자.xlsx,방한의향자,C4,<표C4> 한국 여행 관심 계기(중복) (한국 방문의향자 기준),BASE:B5. 1) 한국 ④~⑤,독일,독일,국가/지역,이동거리/비행시간,465.0,(465),8.476328476238248,%
2025_잠재방한객조사_방한의향자.xlsx,방한의향자,C4,<표C4> 한국 여행 관심 계기(중복) (한국 방문의향자 기준),BASE:B5. 1) 한국 ④~⑤,독일,독일,국가/지역,항공 노선(직항 및 경유 등),465.0,(465),11.788626787948074,%
2025_잠재방한객조사_방한의향자.xlsx,방한의향자,C4,<표C4> 한국 여행 관심 계기(중복) (한국 방문의향자 기준),BASE:B5. 1) 한국 ④~⑤,독일,독일,국가/지역,"행사/이벤트 체험(공연, 콘서트, 축제, 박람회 등)",465.0,(465),11.561053687404684,%
2025_잠재방한객조사_방한의향자.xlsx,방한의향자,C4,<표C4> 한국 여행 관심 계기(중복) (한국 방문의향자 기준),BASE:B5. 1) 한국 ④~⑤,독일,독일,국가/지역,유명 명품 구매 등 럭셔리 쇼핑,465.0,(465),13.576240892618108,%
2025_잠재방한객조사_방한의향자.xlsx,방한의향자,C4,<표C4> 한국 여행 관심 계기(중복) (한국 방문의향자 기준),BASE:B5. 1) 한국 ④~⑤,독일,독일,국가/지역,출입국 편의성(비자 면제 등),465.0,(465),11.098065837146066,%
2025_잠재방한객조사_방한의향자.xlsx,방한의향자,C4,<표C4> 한국 여행 관심 계기(중복) (한국 방문의향자 기준),BASE:B5. 1) 한국 ④~⑤,독일,독일,국가/지역,항공권 특가 및 할인 프로모션,465.0,(465),10.285014115997024,%
2025_잠재방한객조사_방한의향자.xlsx,방한의향자,C4,<표C4> 한국 여행 관심 계기(중복) (한국 방문의향자 기준),BASE:B5. 1) 한국 ④~⑤,독일,독일,국가/지역,"이벤트성 방문(신혼여행, 프로포즈, 생일, 기념일 등)",465.0,(465),8.55963506446031,%
2025_잠재방한객조사_방한의향자.xlsx,방한의향자,C4,<표C4> 한국 여행 관심 계기(중복) (한국 방문의향자 기준),BASE:B5. 1) 한국 ④~⑤,독일,독일,국가/지역,"의료 관광(검진, 시술, 수술 등)",465.0,(465),7.15862784555221,%
2025_잠재방한객조사_방한의향자.xlsx,방한의향자,C4,<표C4> 한국 여행 관심 계기(중복) (한국 방문의향자 기준),BASE:B5. 1) 한국 ④~⑤,독일,독일,국가/지역,환율 및 현지 물가,465.0,(465),8.071081673792861,%
2025_잠재방한객조사_방한의향자.xlsx,방한의향자,C4,<표C4> 한국 여행 관심 계기(중복) (한국 방문의향자 기준),BASE:B5. 1) 한국 ④~⑤,독일,독일,국가/지역,언어소통,465.0,(465),7.286556233826609,%
2025_잠재방한객조사_방한의향자.xlsx,방한의향자,C4,<표C4> 한국 여행 관심 계기(중복) (한국 방문의향자 기준),BASE:B5. 1) 한국 ④~⑤,독일,독일,국가/지역,어학/직업 연수 및 유학,465.0,(465),7.766547699295458,%
2025_잠재방한객조사_방한의향자.xlsx,방한의향자,C4,<표C4> 한국 여행 관심 계기(중복) (한국 방문의향자 기준),BASE:B5. 1) 한국 ④~⑤,독일,독일,국가/지역,스포츠 관광(경기 관람 및 참여),465.0,(465),6.983207320138068,%
2025_잠재방한객조사_방한의향자.xlsx,방한의향자,C4,<표C4> 한국 여행 관심 계기(중복) (한국 방문의향자 기준),BASE:B5. 1) 한국 ④~⑤,독일,독일,국가/지역,종교 환경,465.0,(465),9.886015808970399,%
2025_잠재방한객조사_방한의향자.xlsx,방한의향자,C4,<표C4> 한국 여행 관심 계기(중복) (한국 방문의향자 기준),BASE:B5. 1) 한국 ④~⑤,독일,독일,국가/지역,출장 및 학회 행사 개최지,465.0,(465),5.427747983990473,%
2025_잠재방한객조사_방한의향자.xlsx,방한의향자,C4,<표C4> 한국 여행 관심 계기(중복) (한국 방문의향자 기준),BASE:B5. 1) 한국 ④~⑤,독일,독일,국가/지역,과거 방문 경험,465.0,(465),4.66709043695448,%
2025_잠재방한객조사_방한의향자.xlsx,방한의향자,C4,<표C4> 한국 여행 관심 계기(중복) (한국 방문의향자 기준),BASE:B5. 1) 한국 ④~⑤,독일,독일,국가/지역,기타,465.0,(465),0.641987313919774,%
2025_잠재방한객조사_방한의향자.xlsx,방한의향자,C4,<표C4> 한국 여행 관심 계기(중복) (한국 방문의향자 기준),BASE:B5. 1) 한국 ④~⑤,영국,영국,국가/지역,"개인 및 인플루언서가 제작한 짧은 이미지(틱톡, 인스타그램 릴스, 유튜브 쇼츠 등)",465.0,(465),34.824681136415705,%
2025_잠재방한객조사_방한의향자.xlsx,방한의향자,C4,<표C4> 한국 여행 관심 계기(중복) (한국 방문의향자 기준),BASE:B5. 1) 한국 ④~⑤,영국,영국,국가/지역,음식/식문화,465.0,(465),40.24214969181872,%
2025_잠재방한객조사_방한의향자.xlsx,방한의향자,C4,<표C4> 한국 여행 관심 계기(중복) (한국 방문의향자 기준),BASE:B5. 1) 한국 ④~⑤,영국,영국,국가/지역,"뉴스, 영화, 드라마, 다큐멘터리 등 대중 매체",465.0,(465),34.180085302952875,%
2025_잠재방한객조사_방한의향자.xlsx,방한의향자,C4,<표C4> 한국 여행 관심 계기(중복) (한국 방문의향자 기준),BASE:B5. 1) 한국 ④~⑤,영국,영국,국가/지역,"가족, 친구, 지인 등 주변인 추천",465.0,(465),34.61540412077653,%
2025_잠재방한객조사_방한의향자.xlsx,방한의향자,C4,<표C4> 한국 여행 관심 계기(중복) (한국 방문의향자 기준),BASE:B5. 1) 한국 ④~⑤,영국,영국,국가/지역,관광지/관광 명소,465.0,(465),31.742362170954557,%
2025_잠재방한객조사_방한의향자.xlsx,방한의향자,C4,<표C4> 한국 여행 관심 계기(중복) (한국 방문의향자 기준),BASE:B5. 1) 한국 ④~⑤,영국,영국,국가/지역,"유명 인플루언서, 연예인 등의 여행 후기",465.0,(465),31.56507255654085,%
2025_잠재방한객조사_방한의향자.xlsx,방한의향자,C4,<표C4> 한국 여행 관심 계기(중복) (한국 방문의향자 기준),BASE:B5. 1) 한국 ④~⑤,영국,영국,국가/지역,전통문화/역사,465.0,(465),35.11248488608394,%
2025_잠재방한객조사_방한의향자.xlsx,방한의향자,C4,<표C4> 한국 여행 관심 계기(중복) (한국 방문의향자 기준),BASE:B5. 1) 한국 ④~⑤,영국,영국,국가/지역,자연 경관,465.0,(465),29.668047919019703,%
2025_잠재방한객조사_방한의향자.xlsx,방한의향자,C4,<표C4> 한국 여행 관심 계기(중복) (한국 방문의향자 기준),BASE:B5. 1) 한국 ④~⑤,영국,영국,국가/지역,"음악, 영화, 드라마 등 문화콘텐츠/연예인",465.0,(465),28.87403230388001,%
2025_잠재방한객조사_방한의향자.xlsx,방한의향자,C4,<표C4> 한국 여행 관심 계기(중복) (한국 방문의향자 기준),BASE:B5. 1) 한국 ④~⑤,영국,영국,국가/지역,관광 관련 공공기관이 제작한 국가 브랜드 홍보 영상,465.0,(465),23.565588691546147,%
2025_잠재방한객조사_방한의향자.xlsx,방한의향자,C4,<표C4> 한국 여행 관심 계기(중복) (한국 방문의향자 기준),BASE:B5. 1) 한국 ④~⑤,영국,영국,국가/지역,계절/기후,465.0,(465),15.893486319002944,%
2025_잠재방한객조사_방한의향자.xlsx,방한의향자,C4,<표C4> 한국 여행 관심 계기(중복) (한국 방문의향자 기준),BASE:B5. 1) 한국 ④~⑤,영국,영국,국가/지역,해당 국가에서만 판매하는 상품 쇼핑,465.0,(465),16.154628050752425,%
2025_잠재방한객조사_방한의향자.xlsx,방한의향자,C4,<표C4> 한국 여행 관심 계기(중복) (한국 방문의향자 기준),BASE:B5. 1) 한국 ④~⑤,영국,영국,국가/지역,건축/도시 디자인,465.0,(465),17.89059717024277,%
2025_잠재방한객조사_방한의향자.xlsx,방한의향자,C4,<표C4> 한국 여행 관심 계기(중복) (한국 방문의향자 기준),BASE:B5. 1) 한국 ④~⑤,영국,영국,국가/지역,"웰니스 관광(스파, 디톡스 여행 등)",465.0,(465),19.207519097603974,%
2025_잠재방한객조사_방한의향자.xlsx,방한의향자,C4,<표C4> 한국 여행 관심 계기(중복) (한국 방문의향자 기준),BASE:B5. 1) 한국 ④~⑤,영국,영국,국가/지역,치안/안전,465.0,(465),16.739630193330797,%
2025_잠재방한객조사_방한의향자.xlsx,방한의향자,C4,<표C4> 한국 여행 관심 계기(중복) (한국 방문의향자 기준),BASE:B5. 1) 한국 ④~⑤,영국,영국,국가/지역,이동거리/비행시간,465.0,(465),11.118615182349671,%
2025_잠재방한객조사_방한의향자.xlsx,방한의향자,C4,<표C4> 한국 여행 관심 계기(중복) (한국 방문의향자 기준),BASE:B5. 1) 한국 ④~⑤,영국,영국,국가/지역,항공 노선(직항 및 경유 등),465.0,(465),12.70643416638378,%
2025_잠재방한객조사_방한의향자.xlsx,방한의향자,C4,<표C4> 한국 여행 관심 계기(중복) (한국 방문의향자 기준),BASE:B5. 1) 한국 ④~⑤,영국,영국,국가/지역,"행사/이벤트 체험(공연, 콘서트, 축제, 박람회 등)",465.0,(465),16.061654207469275,%
2025_잠재방한객조사_방한의향자.xlsx,방한의향자,C4,<표C4> 한국 여행 관심 계기(중복) (한국 방문의향자 기준),BASE:B5. 1) 한국 ④~⑤,영국,영국,국가/지역,유명 명품 구매 등 럭셔리 쇼핑,465.0,(465),17.37955825941618,%
2025_잠재방한객조사_방한의향자.xlsx,방한의향자,C4,<표C4> 한국 여행 관심 계기(중복) (한국 방문의향자 기준),BASE:B5. 1) 한국 ④~⑤,영국,영국,국가/지역,출입국 편의성(비자 면제 등),465.0,(465),14.05807134034375,%
2025_잠재방한객조사_방한의향자.xlsx,방한의향자,C4,<표C4> 한국 여행 관심 계기(중복) (한국 방문의향자 기준),BASE:B5. 1) 한국 ④~⑤,영국,영국,국가/지역,항공권 특가 및 할인 프로모션,465.0,(465),13.64833021427555,%
2025_잠재방한객조사_방한의향자.xlsx,방한의향자,C4,<표C4> 한국 여행 관심 계기(중복) (한국 방문의향자 기준),BASE:B5. 1) 한국 ④~⑤,영국,영국,국가/지역,"이벤트성 방문(신혼여행, 프로포즈, 생일, 기념일 등)",465.0,(465),11.318593375487202,%
2025_잠재방한객조사_방한의향자.xlsx,방한의향자,C4,<표C4> 한국 여행 관심 계기(중복) (한국 방문의향자 기준),BASE:B5. 1) 한국 ④~⑤,영국,영국,국가/지역,"의료 관광(검진, 시술, 수술 등)",465.0,(465),8.135553284569493,%
2025_잠재방한객조사_방한의향자.xlsx,방한의향자,C4,<표C4> 한국 여행 관심 계기(중복) (한국 방문의향자 기준),BASE:B5. 1) 한국 ④~⑤,영국,영국,국가/지역,환율 및 현지 물가,465.0,(465),9.995500845610675,%
2025_잠재방한객조사_방한의향자.xlsx,방한의향자,C4,<표C4> 한국 여행 관심 계기(중복) (한국 방문의향자 기준),BASE:B5. 1) 한국 ④~⑤,영국,영국,국가/지역,언어소통,465.0,(465),12.30705111459441,%
2025_잠재방한객조사_방한의향자.xlsx,방한의향자,C4,<표C4> 한국 여행 관심 계기(중복) (한국 방문의향자 기준),BASE:B5. 1) 한국 ④~⑤,영국,영국,국가/지역,어학/직업 연수 및 유학,465.0,(465),8.715362423654796,%
2025_잠재방한객조사_방한의향자.xlsx,방한의향자,C4,<표C4> 한국 여행 관심 계기(중복) (한국 방문의향자 기준),BASE:B5. 1) 한국 ④~⑤,영국,영국,국가/지역,스포츠 관광(경기 관람 및 참여),465.0,(465),9.29774212562756,%
2025_잠재방한객조사_방한의향자.xlsx,방한의향자,C4,<표C4> 한국 여행 관심 계기(중복) (한국 방문의향자 기준),BASE:B5. 1) 한국 ④~⑤,영국,영국,국가/지역,종교 환경,465.0,(465),8.336563836358545,%
2025_잠재방한객조사_방한의향자.xlsx,방한의향자,C4,<표C4> 한국 여행 관심 계기(중복) (한국 방문의향자 기준),BASE:B5. 1) 한국 ④~⑤,영국,영국,국가/지역,출장 및 학회 행사 개최지,465.0,(465),13.359378130537717,%
2025_잠재방한객조사_방한의향자.xlsx,방한의향자,C4,<표C4> 한국 여행 관심 계기(중복) (한국 방문의향자 기준),BASE:B5. 1) 한국 ④~⑤,영국,영국,국가/지역,과거 방문 경험,465.0,(465),3.621983315701352,%
2025_잠재방한객조사_방한의향자.xlsx,방한의향자,C4,<표C4> 한국 여행 관심 계기(중복) (한국 방문의향자 기준),BASE:B5. 1) 한국 ④~⑤,영국,영국,국가/지역,기타,465.0,(465),1.15609126728881,%
2025_잠재방한객조사_방한의향자.xlsx,방한의향자,C4,<표C4> 한국 여행 관심 계기(중복) (한국 방문의향자 기준),BASE:B5. 1) 한국 ④~⑤,멕시코,멕시코,국가/지역,"개인 및 인플루언서가 제작한 짧은 이미지(틱톡, 인스타그램 릴스, 유튜브 쇼츠 등)",465.0,(465),55.04009858521061,%
2025_잠재방한객조사_방한의향자.xlsx,방한의향자,C4,<표C4> 한국 여행 관심 계기(중복) (한국 방문의향자 기준),BASE:B5. 1) 한국 ④~⑤,멕시코,멕시코,국가/지역,음식/식문화,465.0,(465),43.99813983998595,%
2025_잠재방한객조사_방한의향자.xlsx,방한의향자,C4,<표C4> 한국 여행 관심 계기(중복) (한국 방문의향자 기준),BASE:B5. 1) 한국 ④~⑤,멕시코,멕시코,국가/지역,"뉴스, 영화, 드라마, 다큐멘터리 등 대중 매체",465.0,(465),39.65785366354308,%
2025_잠재방한객조사_방한의향자.xlsx,방한의향자,C4,<표C4> 한국 여행 관심 계기(중복) (한국 방문의향자 기준),BASE:B5. 1) 한국 ④~⑤,멕시코,멕시코,국가/지역,"가족, 친구, 지인 등 주변인 추천",465.0,(465),30.764085827105415,%
2025_잠재방한객조사_방한의향자.xlsx,방한의향자,C4,<표C4> 한국 여행 관심 계기(중복) (한국 방문의향자 기준),BASE:B5. 1) 한국 ④~⑤,멕시코,멕시코,국가/지역,관광지/관광 명소,465.0,(465),31.84398680770472,%
2025_잠재방한객조사_방한의향자.xlsx,방한의향자,C4,<표C4> 한국 여행 관심 계기(중복) (한국 방문의향자 기준),BASE:B5. 1) 한국 ④~⑤,멕시코,멕시코,국가/지역,"유명 인플루언서, 연예인 등의 여행 후기",465.0,(465),35.07500597944544,%
2025_잠재방한객조사_방한의향자.xlsx,방한의향자,C4,<표C4> 한국 여행 관심 계기(중복) (한국 방문의향자 기준),BASE:B5. 1) 한국 ④~⑤,멕시코,멕시코,국가/지역,전통문화/역사,465.0,(465),42.70893131435937,%
2025_잠재방한객조사_방한의향자.xlsx,방한의향자,C4,<표C4> 한국 여행 관심 계기(중복) (한국 방문의향자 기준),BASE:B5. 1) 한국 ④~⑤,멕시코,멕시코,국가/지역,자연 경관,465.0,(465),35.507874225244436,%
2025_잠재방한객조사_방한의향자.xlsx,방한의향자,C4,<표C4> 한국 여행 관심 계기(중복) (한국 방문의향자 기준),BASE:B5. 1) 한국 ④~⑤,멕시코,멕시코,국가/지역,"음악, 영화, 드라마 등 문화콘텐츠/연예인",465.0,(465),29.15804674350096,%
2025_잠재방한객조사_방한의향자.xlsx,방한의향자,C4,<표C4> 한국 여행 관심 계기(중복) (한국 방문의향자 기준),BASE:B5. 1) 한국 ④~⑤,멕시코,멕시코,국가/지역,관광 관련 공공기관이 제작한 국가 브랜드 홍보 영상,465.0,(465),26.91265453233662,%
2025_잠재방한객조사_방한의향자.xlsx,방한의향자,C4,<표C4> 한국 여행 관심 계기(중복) (한국 방문의향자 기준),BASE:B5. 1) 한국 ④~⑤,멕시코,멕시코,국가/지역,계절/기후,465.0,(465),18.773616722791715,%
2025_잠재방한객조사_방한의향자.xlsx,방한의향자,C4,<표C4> 한국 여행 관심 계기(중복) (한국 방문의향자 기준),BASE:B5. 1) 한국 ④~⑤,멕시코,멕시코,국가/지역,해당 국가에서만 판매하는 상품 쇼핑,465.0,(465),25.213282404046666,%
2025_잠재방한객조사_방한의향자.xlsx,방한의향자,C4,<표C4> 한국 여행 관심 계기(중복) (한국 방문의향자 기준),BASE:B5. 1) 한국 ④~⑤,멕시코,멕시코,국가/지역,건축/도시 디자인,465.0,(465),30.175259640690673,%
2025_잠재방한객조사_방한의향자.xlsx,방한의향자,C4,<표C4> 한국 여행 관심 계기(중복) (한국 방문의향자 기준),BASE:B5. 1) 한국 ④~⑤,멕시코,멕시코,국가/지역,"웰니스 관광(스파, 디톡스 여행 등)",465.0,(465),24.710834926942198,%
2025_잠재방한객조사_방한의향자.xlsx,방한의향자,C4,<표C4> 한국 여행 관심 계기(중복) (한국 방문의향자 기준),BASE:B5. 1) 한국 ④~⑤,멕시코,멕시코,국가/지역,치안/안전,465.0,(465),13.879983859363158,%
2025_잠재방한객조사_방한의향자.xlsx,방한의향자,C4,<표C4> 한국 여행 관심 계기(중복) (한국 방문의향자 기준),BASE:B5. 1) 한국 ④~⑤,멕시코,멕시코,국가/지역,이동거리/비행시간,465.0,(465),11.942669354325247,%
2025_잠재방한객조사_방한의향자.xlsx,방한의향자,C4,<표C4> 한국 여행 관심 계기(중복) (한국 방문의향자 기준),BASE:B5. 1) 한국 ④~⑤,멕시코,멕시코,국가/지역,항공 노선(직항 및 경유 등),465.0,(465),17.01057187116972,%
2025_잠재방한객조사_방한의향자.xlsx,방한의향자,C4,<표C4> 한국 여행 관심 계기(중복) (한국 방문의향자 기준),BASE:B5. 1) 한국 ④~⑤,멕시코,멕시코,국가/지역,"행사/이벤트 체험(공연, 콘서트, 축제, 박람회 등)",465.0,(465),19.739532629537056,%
2025_잠재방한객조사_방한의향자.xlsx,방한의향자,C4,<표C4> 한국 여행 관심 계기(중복) (한국 방문의향자 기준),BASE:B5. 1) 한국 ④~⑤,멕시코,멕시코,국가/지역,유명 명품 구매 등 럭셔리 쇼핑,465.0,(465),12.574442274478143,%
2025_잠재방한객조사_방한의향자.xlsx,방한의향자,C4,<표C4> 한국 여행 관심 계기(중복) (한국 방문의향자 기준),BASE:B5. 1) 한국 ④~⑤,멕시코,멕시코,국가/지역,출입국 편의성(비자 면제 등),465.0,(465),15.421848881157645,%
2025_잠재방한객조사_방한의향자.xlsx,방한의향자,C4,<표C4> 한국 여행 관심 계기(중복) (한국 방문의향자 기준),BASE:B5. 1) 한국 ④~⑤,멕시코,멕시코,국가/지역,항공권 특가 및 할인 프로모션,465.0,(465),17.60688297229133,%
2025_잠재방한객조사_방한의향자.xlsx,방한의향자,C4,<표C4> 한국 여행 관심 계기(중복) (한국 방문의향자 기준),BASE:B5. 1) 한국 ④~⑤,멕시코,멕시코,국가/지역,"이벤트성 방문(신혼여행, 프로포즈, 생일, 기념일 등)",465.0,(465),14.31431257100777,%
2025_잠재방한객조사_방한의향자.xlsx,방한의향자,C4,<표C4> 한국 여행 관심 계기(중복) (한국 방문의향자 기준),BASE:B5. 1) 한국 ④~⑤,멕시코,멕시코,국가/지역,"의료 관광(검진, 시술, 수술 등)",465.0,(465),11.275604569164935,%
2025_잠재방한객조사_방한의향자.xlsx,방한의향자,C4,<표C4> 한국 여행 관심 계기(중복) (한국 방문의향자 기준),BASE:B5. 1) 한국 ④~⑤,멕시코,멕시코,국가/지역,환율 및 현지 물가,465.0,(465),7.9662791954668855,%
2025_잠재방한객조사_방한의향자.xlsx,방한의향자,C4,<표C4> 한국 여행 관심 계기(중복) (한국 방문의향자 기준),BASE:B5. 1) 한국 ④~⑤,멕시코,멕시코,국가/지역,언어소통,465.0,(465),8.271748899185512,%
2025_잠재방한객조사_방한의향자.xlsx,방한의향자,C4,<표C4> 한국 여행 관심 계기(중복) (한국 방문의향자 기준),BASE:B5. 1) 한국 ④~⑤,멕시코,멕시코,국가/지역,어학/직업 연수 및 유학,465.0,(465),14.575012857347211,%
2025_잠재방한객조사_방한의향자.xlsx,방한의향자,C4,<표C4> 한국 여행 관심 계기(중복) (한국 방문의향자 기준),BASE:B5. 1) 한국 ④~⑤,멕시코,멕시코,국가/지역,스포츠 관광(경기 관람 및 참여),465.0,(465),8.58394770753867,%
2025_잠재방한객조사_방한의향자.xlsx,방한의향자,C4,<표C4> 한국 여행 관심 계기(중복) (한국 방문의향자 기준),BASE:B5. 1) 한국 ④~⑤,멕시코,멕시코,국가/지역,종교 환경,465.0,(465),5.952454056516722,%
2025_잠재방한객조사_방한의향자.xlsx,방한의향자,C4,<표C4> 한국 여행 관심 계기(중복) (한국 방문의향자 기준),BASE:B5. 1) 한국 ④~⑤,멕시코,멕시코,국가/지역,출장 및 학회 행사 개최지,465.0,(465),9.346362579849961,%
2025_잠재방한객조사_방한의향자.xlsx,방한의향자,C4,<표C4> 한국 여행 관심 계기(중복) (한국 방문의향자 기준),BASE:B5. 1) 한국 ④~⑤,멕시코,멕시코,국가/지역,과거 방문 경험,465.0,(465),3.170506575312463,%
2025_잠재방한객조사_방한의향자.xlsx,방한의향자,C4,<표C4> 한국 여행 관심 계기(중복) (한국 방문의향자 기준),BASE:B5. 1) 한국 ④~⑤,멕시코,멕시코,국가/지역,기타,465.0,(465),0.20111595045741687,%
2025_잠재방한객조사_방한의향자.xlsx,방한의향자,C4,<표C4> 한국 여행 관심 계기(중복) (한국 방문의향자 기준),BASE:B5. 1) 한국 ④~⑤,카자흐스탄,카자흐스탄,국가/지역,"개인 및 인플루언서가 제작한 짧은 이미지(틱톡, 인스타그램 릴스, 유튜브 쇼츠 등)",465.0,(465),41.420292968895744,%
2025_잠재방한객조사_방한의향자.xlsx,방한의향자,C4,<표C4> 한국 여행 관심 계기(중복) (한국 방문의향자 기준),BASE:B5. 1) 한국 ④~⑤,카자흐스탄,카자흐스탄,국가/지역,음식/식문화,465.0,(465),38.30753124950715,%
2025_잠재방한객조사_방한의향자.xlsx,방한의향자,C4,<표C4> 한국 여행 관심 계기(중복) (한국 방문의향자 기준),BASE:B5. 1) 한국 ④~⑤,카자흐스탄,카자흐스탄,국가/지역,"뉴스, 영화, 드라마, 다큐멘터리 등 대중 매체",465.0,(465),34.737567899186,%
2025_잠재방한객조사_방한의향자.xlsx,방한의향자,C4,<표C4> 한국 여행 관심 계기(중복) (한국 방문의향자 기준),BASE:B5. 1) 한국 ④~⑤,카자흐스탄,카자흐스탄,국가/지역,"가족, 친구, 지인 등 주변인 추천",465.0,(465),33.145476698885886,%
2025_잠재방한객조사_방한의향자.xlsx,방한의향자,C4,<표C4> 한국 여행 관심 계기(중복) (한국 방문의향자 기준),BASE:B5. 1) 한국 ④~⑤,카자흐스탄,카자흐스탄,국가/지역,관광지/관광 명소,465.0,(465),31.108011467908536,%
2025_잠재방한객조사_방한의향자.xlsx,방한의향자,C4,<표C4> 한국 여행 관심 계기(중복) (한국 방문의향자 기준),BASE:B5. 1) 한국 ④~⑤,카자흐스탄,카자흐스탄,국가/지역,"유명 인플루언서, 연예인 등의 여행 후기",465.0,(465),25.668685562339643,%
2025_잠재방한객조사_방한의향자.xlsx,방한의향자,C4,<표C4> 한국 여행 관심 계기(중복) (한국 방문의향자 기준),BASE:B5. 1) 한국 ④~⑤,카자흐스탄,카자흐스탄,국가/지역,전통문화/역사,465.0,(465),33.18447178569357,%
2025_잠재방한객조사_방한의향자.xlsx,방한의향자,C4,<표C4> 한국 여행 관심 계기(중복) (한국 방문의향자 기준),BASE:B5. 1) 한국 ④~⑤,카자흐스탄,카자흐스탄,국가/지역,자연 경관,465.0,(465),25.27371118396949,%
2025_잠재방한객조사_방한의향자.xlsx,방한의향자,C4,<표C4> 한국 여행 관심 계기(중복) (한국 방문의향자 기준),BASE:B5. 1) 한국 ④~⑤,카자흐스탄,카자흐스탄,국가/지역,"음악, 영화, 드라마 등 문화콘텐츠/연예인",465.0,(465),26.831474383597836,%
2025_잠재방한객조사_방한의향자.xlsx,방한의향자,C4,<표C4> 한국 여행 관심 계기(중복) (한국 방문의향자 기준),BASE:B5. 1) 한국 ④~⑤,카자흐스탄,카자흐스탄,국가/지역,관광 관련 공공기관이 제작한 국가 브랜드 홍보 영상,465.0,(465),25.23180167824976,%
2025_잠재방한객조사_방한의향자.xlsx,방한의향자,C4,<표C4> 한국 여행 관심 계기(중복) (한국 방문의향자 기준),BASE:B5. 1) 한국 ④~⑤,카자흐스탄,카자흐스탄,국가/지역,계절/기후,465.0,(465),14.286541344801815,%
2025_잠재방한객조사_방한의향자.xlsx,방한의향자,C4,<표C4> 한국 여행 관심 계기(중복) (한국 방문의향자 기준),BASE:B5. 1) 한국 ④~⑤,카자흐스탄,카자흐스탄,국가/지역,해당 국가에서만 판매하는 상품 쇼핑,465.0,(465),19.449799242951986,%
2025_잠재방한객조사_방한의향자.xlsx,방한의향자,C4,<표C4> 한국 여행 관심 계기(중복) (한국 방문의향자 기준),BASE:B5. 1) 한국 ④~⑤,카자흐스탄,카자흐스탄,국가/지역,건축/도시 디자인,465.0,(465),24.543471686402995,%
2025_잠재방한객조사_방한의향자.xlsx,방한의향자,C4,<표C4> 한국 여행 관심 계기(중복) (한국 방문의향자 기준),BASE:B5. 1) 한국 ④~⑤,카자흐스탄,카자흐스탄,국가/지역,"웰니스 관광(스파, 디톡스 여행 등)",465.0,(465),20.8261639090626,%
2025_잠재방한객조사_방한의향자.xlsx,방한의향자,C4,<표C4> 한국 여행 관심 계기(중복) (한국 방문의향자 기준),BASE:B5. 1) 한국 ④~⑤,카자흐스탄,카자흐스탄,국가/지역,치안/안전,465.0,(465),15.773765416015953,%
2025_잠재방한객조사_방한의향자.xlsx,방한의향자,C4,<표C4> 한국 여행 관심 계기(중복) (한국 방문의향자 기준),BASE:B5. 1) 한국 ④~⑤,카자흐스탄,카자흐스탄,국가/지역,이동거리/비행시간,465.0,(465),11.305269681740503,%
2025_잠재방한객조사_방한의향자.xlsx,방한의향자,C4,<표C4> 한국 여행 관심 계기(중복) (한국 방문의향자 기준),BASE:B5. 1) 한국 ④~⑤,카자흐스탄,카자흐스탄,국가/지역,항공 노선(직항 및 경유 등),465.0,(465),20.843218148218227,%
2025_잠재방한객조사_방한의향자.xlsx,방한의향자,C4,<표C4> 한국 여행 관심 계기(중복) (한국 방문의향자 기준),BASE:B5. 1) 한국 ④~⑤,카자흐스탄,카자흐스탄,국가/지역,"행사/이벤트 체험(공연, 콘서트, 축제, 박람회 등)",465.0,(465),11.54790974480469,%
2025_잠재방한객조사_방한의향자.xlsx,방한의향자,C4,<표C4> 한국 여행 관심 계기(중복) (한국 방문의향자 기준),BASE:B5. 1) 한국 ④~⑤,카자흐스탄,카자흐스탄,국가/지역,유명 명품 구매 등 럭셔리 쇼핑,465.0,(465),14.428548196866057,%
2025_잠재방한객조사_방한의향자.xlsx,방한의향자,C4,<표C4> 한국 여행 관심 계기(중복) (한국 방문의향자 기준),BASE:B5. 1) 한국 ④~⑤,카자흐스탄,카자흐스탄,국가/지역,출입국 편의성(비자 면제 등),465.0,(465),17.570250007018622,%
2025_잠재방한객조사_방한의향자.xlsx,방한의향자,C4,<표C4> 한국 여행 관심 계기(중복) (한국 방문의향자 기준),BASE:B5. 1) 한국 ④~⑤,카자흐스탄,카자흐스탄,국가/지역,항공권 특가 및 할인 프로모션,465.0,(465),11.740420513566098,%
2025_잠재방한객조사_방한의향자.xlsx,방한의향자,C4,<표C4> 한국 여행 관심 계기(중복) (한국 방문의향자 기준),BASE:B5. 1) 한국 ④~⑤,카자흐스탄,카자흐스탄,국가/지역,"이벤트성 방문(신혼여행, 프로포즈, 생일, 기념일 등)",465.0,(465),18.25201017202121,%
2025_잠재방한객조사_방한의향자.xlsx,방한의향자,C4,<표C4> 한국 여행 관심 계기(중복) (한국 방문의향자 기준),BASE:B5. 1) 한국 ④~⑤,카자흐스탄,카자흐스탄,국가/지역,"의료 관광(검진, 시술, 수술 등)",465.0,(465),21.34769920840861,%
2025_잠재방한객조사_방한의향자.xlsx,방한의향자,C4,<표C4> 한국 여행 관심 계기(중복) (한국 방문의향자 기준),BASE:B5. 1) 한국 ④~⑤,카자흐스탄,카자흐스탄,국가/지역,환율 및 현지 물가,465.0,(465),10.786630802575967,%
2025_잠재방한객조사_방한의향자.xlsx,방한의향자,C4,<표C4> 한국 여행 관심 계기(중복) (한국 방문의향자 기준),BASE:B5. 1) 한국 ④~⑤,카자흐스탄,카자흐스탄,국가/지역,언어소통,465.0,(465),9.613046380174376,%
2025_잠재방한객조사_방한의향자.xlsx,방한의향자,C4,<표C4> 한국 여행 관심 계기(중복) (한국 방문의향자 기준),BASE:B5. 1) 한국 ④~⑤,카자흐스탄,카자흐스탄,국가/지역,어학/직업 연수 및 유학,465.0,(465),8.550058417871051,%
2025_잠재방한객조사_방한의향자.xlsx,방한의향자,C4,<표C4> 한국 여행 관심 계기(중복) (한국 방문의향자 기준),BASE:B5. 1) 한국 ④~⑤,카자흐스탄,카자흐스탄,국가/지역,스포츠 관광(경기 관람 및 참여),465.0,(465),5.068936472525229,%
2025_잠재방한객조사_방한의향자.xlsx,방한의향자,C4,<표C4> 한국 여행 관심 계기(중복) (한국 방문의향자 기준),BASE:B5. 1) 한국 ④~⑤,카자흐스탄,카자흐스탄,국가/지역,종교 환경,465.0,(465),4.816599951094039,%
2025_잠재방한객조사_방한의향자.xlsx,방한의향자,C4,<표C4> 한국 여행 관심 계기(중복) (한국 방문의향자 기준),BASE:B5. 1) 한국 ④~⑤,카자흐스탄,카자흐스탄,국가/지역,출장 및 학회 행사 개최지,465.0,(465),7.014789183605775,%
2025_잠재방한객조사_방한의향자.xlsx,방한의향자,C4,<표C4> 한국 여행 관심 계기(중복) (한국 방문의향자 기준),BASE:B5. 1) 한국 ④~⑤,카자흐스탄,카자흐스탄,국가/지역,과거 방문 경험,465.0,(465),3.6490358846398867,%
2025_잠재방한객조사_방한의향자.xlsx,방한의향자,C4,<표C4> 한국 여행 관심 계기(중복) (한국 방문의향자 기준),BASE:B5. 1) 한국 ④~⑤,카자흐스탄,카자흐스탄,국가/지역,기타,465.0,(465),0.4003203123138493,%
2025_잠재방한객조사_방한의향자.xlsx,방한의향자,C4,<표C4> 한국 여행 관심 계기(중복) (한국 방문의향자 기준),BASE:B5. 1) 한국 ④~⑤,튀르키예,튀르키예,국가/지역,"개인 및 인플루언서가 제작한 짧은 이미지(틱톡, 인스타그램 릴스, 유튜브 쇼츠 등)",465.0,(465),48.90915836651519,%
2025_잠재방한객조사_방한의향자.xlsx,방한의향자,C4,<표C4> 한국 여행 관심 계기(중복) (한국 방문의향자 기준),BASE:B5. 1) 한국 ④~⑤,튀르키예,튀르키예,국가/지역,음식/식문화,465.0,(465),30.02213846350025,%
2025_잠재방한객조사_방한의향자.xlsx,방한의향자,C4,<표C4> 한국 여행 관심 계기(중복) (한국 방문의향자 기준),BASE:B5. 1) 한국 ④~⑤,튀르키예,튀르키예,국가/지역,"뉴스, 영화, 드라마, 다큐멘터리 등 대중 매체",465.0,(465),40.723547093014005,%
2025_잠재방한객조사_방한의향자.xlsx,방한의향자,C4,<표C4> 한국 여행 관심 계기(중복) (한국 방문의향자 기준),BASE:B5. 1) 한국 ④~⑤,튀르키예,튀르키예,국가/지역,"가족, 친구, 지인 등 주변인 추천",465.0,(465),35.14031199851749,%
2025_잠재방한객조사_방한의향자.xlsx,방한의향자,C4,<표C4> 한국 여행 관심 계기(중복) (한국 방문의향자 기준),BASE:B5. 1) 한국 ④~⑤,튀르키예,튀르키예,국가/지역,관광지/관광 명소,465.0,(465),38.7716943686313,%
2025_잠재방한객조사_방한의향자.xlsx,방한의향자,C4,<표C4> 한국 여행 관심 계기(중복) (한국 방문의향자 기준),BASE:B5. 1) 한국 ④~⑤,튀르키예,튀르키예,국가/지역,"유명 인플루언서, 연예인 등의 여행 후기",465.0,(465),30.952572906842363,%
2025_잠재방한객조사_방한의향자.xlsx,방한의향자,C4,<표C4> 한국 여행 관심 계기(중복) (한국 방문의향자 기준),BASE:B5. 1) 한국 ④~⑤,튀르키예,튀르키예,국가/지역,전통문화/역사,465.0,(465),39.398105611021165,%
2025_잠재방한객조사_방한의향자.xlsx,방한의향자,C4,<표C4> 한국 여행 관심 계기(중복) (한국 방문의향자 기준),BASE:B5. 1) 한국 ④~⑤,튀르키예,튀르키예,국가/지역,자연 경관,465.0,(465),38.2023257862487,%
2025_잠재방한객조사_방한의향자.xlsx,방한의향자,C4,<표C4> 한국 여행 관심 계기(중복) (한국 방문의향자 기준),BASE:B5. 1) 한국 ④~⑤,튀르키예,튀르키예,국가/지역,"음악, 영화, 드라마 등 문화콘텐츠/연예인",465.0,(465),28.84868652654482,%
2025_잠재방한객조사_방한의향자.xlsx,방한의향자,C4,<표C4> 한국 여행 관심 계기(중복) (한국 방문의향자 기준),BASE:B5. 1) 한국 ④~⑤,튀르키예,튀르키예,국가/지역,관광 관련 공공기관이 제작한 국가 브랜드 홍보 영상,465.0,(465),32.311277398064036,%
2025_잠재방한객조사_방한의향자.xlsx,방한의향자,C4,<표C4> 한국 여행 관심 계기(중복) (한국 방문의향자 기준),BASE:B5. 1) 한국 ④~⑤,튀르키예,튀르키예,국가/지역,계절/기후,465.0,(465),20.753575809682072,%
2025_잠재방한객조사_방한의향자.xlsx,방한의향자,C4,<표C4> 한국 여행 관심 계기(중복) (한국 방문의향자 기준),BASE:B5. 1) 한국 ④~⑤,튀르키예,튀르키예,국가/지역,해당 국가에서만 판매하는 상품 쇼핑,465.0,(465),23.65706970086618,%
2025_잠재방한객조사_방한의향자.xlsx,방한의향자,C4,<표C4> 한국 여행 관심 계기(중복) (한국 방문의향자 기준),BASE:B5. 1) 한국 ④~⑤,튀르키예,튀르키예,국가/지역,건축/도시 디자인,465.0,(465),26.166306497365454,%
2025_잠재방한객조사_방한의향자.xlsx,방한의향자,C4,<표C4> 한국 여행 관심 계기(중복) (한국 방문의향자 기준),BASE:B5. 1) 한국 ④~⑤,튀르키예,튀르키예,국가/지역,"웰니스 관광(스파, 디톡스 여행 등)",465.0,(465),26.340249810253997,%
2025_잠재방한객조사_방한의향자.xlsx,방한의향자,C4,<표C4> 한국 여행 관심 계기(중복) (한국 방문의향자 기준),BASE:B5. 1) 한국 ④~⑤,튀르키예,튀르키예,국가/지역,치안/안전,465.0,(465),18.626251622741407,%
2025_잠재방한객조사_방한의향자.xlsx,방한의향자,C4,<표C4> 한국 여행 관심 계기(중복) (한국 방문의향자 기준),BASE:B5. 1) 한국 ④~⑤,튀르키예,튀르키예,국가/지역,이동거리/비행시간,465.0,(465),17.452021185976736,%
2025_잠재방한객조사_방한의향자.xlsx,방한의향자,C4,<표C4> 한국 여행 관심 계기(중복) (한국 방문의향자 기준),BASE:B5. 1) 한국 ④~⑤,튀르키예,튀르키예,국가/지역,항공 노선(직항 및 경유 등),465.0,(465),21.03448155804808,%
2025_잠재방한객조사_방한의향자.xlsx,방한의향자,C4,<표C4> 한국 여행 관심 계기(중복) (한국 방문의향자 기준),BASE:B5. 1) 한국 ④~⑤,튀르키예,튀르키예,국가/지역,"행사/이벤트 체험(공연, 콘서트, 축제, 박람회 등)",465.0,(465),18.787962562992494,%
2025_잠재방한객조사_방한의향자.xlsx,방한의향자,C4,<표C4> 한국 여행 관심 계기(중복) (한국 방문의향자 기준),BASE:B5. 1) 한국 ④~⑤,튀르키예,튀르키예,국가/지역,유명 명품 구매 등 럭셔리 쇼핑,465.0,(465),17.11610189135862,%
2025_잠재방한객조사_방한의향자.xlsx,방한의향자,C4,<표C4> 한국 여행 관심 계기(중복) (한국 방문의향자 기준),BASE:B5. 1) 한국 ④~⑤,튀르키예,튀르키예,국가/지역,출입국 편의성(비자 면제 등),465.0,(465),24.407486253313266,%
2025_잠재방한객조사_방한의향자.xlsx,방한의향자,C4,<표C4> 한국 여행 관심 계기(중복) (한국 방문의향자 기준),BASE:B5. 1) 한국 ④~⑤,튀르키예,튀르키예,국가/지역,항공권 특가 및 할인 프로모션,465.0,(465),19.705712495890122,%
2025_잠재방한객조사_방한의향자.xlsx,방한의향자,C4,<표C4> 한국 여행 관심 계기(중복) (한국 방문의향자 기준),BASE:B5. 1) 한국 ④~⑤,튀르키예,튀르키예,국가/지역,"이벤트성 방문(신혼여행, 프로포즈, 생일, 기념일 등)",465.0,(465),19.03664963971781,%
2025_잠재방한객조사_방한의향자.xlsx,방한의향자,C4,<표C4> 한국 여행 관심 계기(중복) (한국 방문의향자 기준),BASE:B5. 1) 한국 ④~⑤,튀르키예,튀르키예,국가/지역,"의료 관광(검진, 시술, 수술 등)",465.0,(465),16.083533362230135,%
2025_잠재방한객조사_방한의향자.xlsx,방한의향자,C4,<표C4> 한국 여행 관심 계기(중복) (한국 방문의향자 기준),BASE:B5. 1) 한국 ④~⑤,튀르키예,튀르키예,국가/지역,환율 및 현지 물가,465.0,(465),18.004638307740066,%
2025_잠재방한객조사_방한의향자.xlsx,방한의향자,C4,<표C4> 한국 여행 관심 계기(중복) (한국 방문의향자 기준),BASE:B5. 1) 한국 ④~⑤,튀르키예,튀르키예,국가/지역,언어소통,465.0,(465),11.733214024392357,%
2025_잠재방한객조사_방한의향자.xlsx,방한의향자,C4,<표C4> 한국 여행 관심 계기(중복) (한국 방문의향자 기준),BASE:B5. 1) 한국 ④~⑤,튀르키예,튀르키예,국가/지역,어학/직업 연수 및 유학,465.0,(465),14.843612150406365,%
2025_잠재방한객조사_방한의향자.xlsx,방한의향자,C4,<표C4> 한국 여행 관심 계기(중복) (한국 방문의향자 기준),BASE:B5. 1) 한국 ④~⑤,튀르키예,튀르키예,국가/지역,스포츠 관광(경기 관람 및 참여),465.0,(465),11.97951165475816,%
2025_잠재방한객조사_방한의향자.xlsx,방한의향자,C4,<표C4> 한국 여행 관심 계기(중복) (한국 방문의향자 기준),BASE:B5. 1) 한국 ④~⑤,튀르키예,튀르키예,국가/지역,종교 환경,465.0,(465),9.015053860135168,%
2025_잠재방한객조사_방한의향자.xlsx,방한의향자,C4,<표C4> 한국 여행 관심 계기(중복) (한국 방문의향자 기준),BASE:B5. 1) 한국 ④~⑤,튀르키예,튀르키예,국가/지역,출장 및 학회 행사 개최지,465.0,(465),16.35925574191866,%
2025_잠재방한객조사_방한의향자.xlsx,방한의향자,C4,<표C4> 한국 여행 관심 계기(중복) (한국 방문의향자 기준),BASE:B5. 1) 한국 ④~⑤,튀르키예,튀르키예,국가/지역,과거 방문 경험,465.0,(465),5.962642072859165,%
2025_잠재방한객조사_방한의향자.xlsx,방한의향자,C4,<표C4> 한국 여행 관심 계기(중복) (한국 방문의향자 기준),BASE:B5. 1) 한국 ④~⑤,튀르키예,튀르키예,국가/지역,기타,465.0,(465),0.8516824300955146,%
2025_잠재방한객조사_방한의향자.xlsx,방한의향자,C4,<표C4> 한국 여행 관심 계기(중복) (한국 방문의향자 기준),BASE:B5. 1) 한국 ④~⑤,브라질,브라질,국가/지역,"개인 및 인플루언서가 제작한 짧은 이미지(틱톡, 인스타그램 릴스, 유튜브 쇼츠 등)",465.0,(465),50.110382467451274,%
2025_잠재방한객조사_방한의향자.xlsx,방한의향자,C4,<표C4> 한국 여행 관심 계기(중복) (한국 방문의향자 기준),BASE:B5. 1) 한국 ④~⑤,브라질,브라질,국가/지역,음식/식문화,465.0,(465),41.380121284265485,%
2025_잠재방한객조사_방한의향자.xlsx,방한의향자,C4,<표C4> 한국 여행 관심 계기(중복) (한국 방문의향자 기준),BASE:B5. 1) 한국 ④~⑤,브라질,브라질,국가/지역,"뉴스, 영화, 드라마, 다큐멘터리 등 대중 매체",465.0,(465),49.046959090642616,%
2025_잠재방한객조사_방한의향자.xlsx,방한의향자,C4,<표C4> 한국 여행 관심 계기(중복) (한국 방문의향자 기준),BASE:B5. 1) 한국 ④~⑤,브라질,브라질,국가/지역,"가족, 친구, 지인 등 주변인 추천",465.0,(465),23.426925802708475,%
2025_잠재방한객조사_방한의향자.xlsx,방한의향자,C4,<표C4> 한국 여행 관심 계기(중복) (한국 방문의향자 기준),BASE:B5. 1) 한국 ④~⑤,브라질,브라질,국가/지역,관광지/관광 명소,465.0,(465),48.17090672964601,%
2025_잠재방한객조사_방한의향자.xlsx,방한의향자,C4,<표C4> 한국 여행 관심 계기(중복) (한국 방문의향자 기준),BASE:B5. 1) 한국 ④~⑤,브라질,브라질,국가/지역,"유명 인플루언서, 연예인 등의 여행 후기",465.0,(465),31.28485011748362,%
2025_잠재방한객조사_방한의향자.xlsx,방한의향자,C4,<표C4> 한국 여행 관심 계기(중복) (한국 방문의향자 기준),BASE:B5. 1) 한국 ④~⑤,브라질,브라질,국가/지역,전통문화/역사,465.0,(465),46.74991381038321,%
2025_잠재방한객조사_방한의향자.xlsx,방한의향자,C4,<표C4> 한국 여행 관심 계기(중복) (한국 방문의향자 기준),BASE:B5. 1) 한국 ④~⑤,브라질,브라질,국가/지역,자연 경관,465.0,(465),33.549872837961665,%
2025_잠재방한객조사_방한의향자.xlsx,방한의향자,C4,<표C4> 한국 여행 관심 계기(중복) (한국 방문의향자 기준),BASE:B5. 1) 한국 ④~⑤,브라질,브라질,국가/지역,"음악, 영화, 드라마 등 문화콘텐츠/연예인",465.0,(465),33.520984322516625,%
2025_잠재방한객조사_방한의향자.xlsx,방한의향자,C4,<표C4> 한국 여행 관심 계기(중복) (한국 방문의향자 기준),BASE:B5. 1) 한국 ④~⑤,브라질,브라질,국가/지역,관광 관련 공공기관이 제작한 국가 브랜드 홍보 영상,465.0,(465),18.07757906626158,%
2025_잠재방한객조사_방한의향자.xlsx,방한의향자,C4,<표C4> 한국 여행 관심 계기(중복) (한국 방문의향자 기준),BASE:B5. 1) 한국 ④~⑤,브라질,브라질,국가/지역,계절/기후,465.0,(465),18.989354501859815,%
2025_잠재방한객조사_방한의향자.xlsx,방한의향자,C4,<표C4> 한국 여행 관심 계기(중복) (한국 방문의향자 기준),BASE:B5. 1) 한국 ④~⑤,브라질,브라질,국가/지역,해당 국가에서만 판매하는 상품 쇼핑,465.0,(465),27.428998328801242,%
2025_잠재방한객조사_방한의향자.xlsx,방한의향자,C4,<표C4> 한국 여행 관심 계기(중복) (한국 방문의향자 기준),BASE:B5. 1) 한국 ④~⑤,브라질,브라질,국가/지역,건축/도시 디자인,465.0,(465),25.392828444550652,%
2025_잠재방한객조사_방한의향자.xlsx,방한의향자,C4,<표C4> 한국 여행 관심 계기(중복) (한국 방문의향자 기준),BASE:B5. 1) 한국 ④~⑤,브라질,브라질,국가/지역,"웰니스 관광(스파, 디톡스 여행 등)",465.0,(465),23.636577952391285,%
2025_잠재방한객조사_방한의향자.xlsx,방한의향자,C4,<표C4> 한국 여행 관심 계기(중복) (한국 방문의향자 기준),BASE:B5. 1) 한국 ④~⑤,브라질,브라질,국가/지역,치안/안전,465.0,(465),30.241512307276057,%
2025_잠재방한객조사_방한의향자.xlsx,방한의향자,C4,<표C4> 한국 여행 관심 계기(중복) (한국 방문의향자 기준),BASE:B5. 1) 한국 ④~⑤,브라질,브라질,국가/지역,이동거리/비행시간,465.0,(465),6.911726433167748,%
2025_잠재방한객조사_방한의향자.xlsx,방한의향자,C4,<표C4> 한국 여행 관심 계기(중복) (한국 방문의향자 기준),BASE:B5. 1) 한국 ④~⑤,브라질,브라질,국가/지역,항공 노선(직항 및 경유 등),465.0,(465),12.983165356609055,%
2025_잠재방한객조사_방한의향자.xlsx,방한의향자,C4,<표C4> 한국 여행 관심 계기(중복) (한국 방문의향자 기준),BASE:B5. 1) 한국 ④~⑤,브라질,브라질,국가/지역,"행사/이벤트 체험(공연, 콘서트, 축제, 박람회 등)",465.0,(465),21.537718434052046,%
2025_잠재방한객조사_방한의향자.xlsx,방한의향자,C4,<표C4> 한국 여행 관심 계기(중복) (한국 방문의향자 기준),BASE:B5. 1) 한국 ④~⑤,브라질,브라질,국가/지역,유명 명품 구매 등 럭셔리 쇼핑,465.0,(465),8.576387084364107,%
2025_잠재방한객조사_방한의향자.xlsx,방한의향자,C4,<표C4> 한국 여행 관심 계기(중복) (한국 방문의향자 기준),BASE:B5. 1) 한국 ④~⑤,브라질,브라질,국가/지역,출입국 편의성(비자 면제 등),465.0,(465),12.279012998433794,%
2025_잠재방한객조사_방한의향자.xlsx,방한의향자,C4,<표C4> 한국 여행 관심 계기(중복) (한국 방문의향자 기준),BASE:B5. 1) 한국 ④~⑤,브라질,브라질,국가/지역,항공권 특가 및 할인 프로모션,465.0,(465),14.51030451212204,%
2025_잠재방한객조사_방한의향자.xlsx,방한의향자,C4,<표C4> 한국 여행 관심 계기(중복) (한국 방문의향자 기준),BASE:B5. 1) 한국 ④~⑤,브라질,브라질,국가/지역,"이벤트성 방문(신혼여행, 프로포즈, 생일, 기념일 등)",465.0,(465),15.615996355980135,%
2025_잠재방한객조사_방한의향자.xlsx,방한의향자,C4,<표C4> 한국 여행 관심 계기(중복) (한국 방문의향자 기준),BASE:B5. 1) 한국 ④~⑤,브라질,브라질,국가/지역,"의료 관광(검진, 시술, 수술 등)",465.0,(465),8.070882321570693,%
2025_잠재방한객조사_방한의향자.xlsx,방한의향자,C4,<표C4> 한국 여행 관심 계기(중복) (한국 방문의향자 기준),BASE:B5. 1) 한국 ④~⑤,브라질,브라질,국가/지역,환율 및 현지 물가,465.0,(465),12.065399695880052,%
2025_잠재방한객조사_방한의향자.xlsx,방한의향자,C4,<표C4> 한국 여행 관심 계기(중복) (한국 방문의향자 기준),BASE:B5. 1) 한국 ④~⑤,브라질,브라질,국가/지역,언어소통,465.0,(465),10.18693778452748,%
2025_잠재방한객조사_방한의향자.xlsx,방한의향자,C4,<표C4> 한국 여행 관심 계기(중복) (한국 방문의향자 기준),BASE:B5. 1) 한국 ④~⑤,브라질,브라질,국가/지역,어학/직업 연수 및 유학,465.0,(465),10.465180898925977,%
2025_잠재방한객조사_방한의향자.xlsx,방한의향자,C4,<표C4> 한국 여행 관심 계기(중복) (한국 방문의향자 기준),BASE:B5. 1) 한국 ④~⑤,브라질,브라질,국가/지역,스포츠 관광(경기 관람 및 참여),465.0,(465),6.736722909476891,%
2025_잠재방한객조사_방한의향자.xlsx,방한의향자,C4,<표C4> 한국 여행 관심 계기(중복) (한국 방문의향자 기준),BASE:B5. 1) 한국 ④~⑤,브라질,브라질,국가/지역,종교 환경,465.0,(465),9.072069950136399,%
2025_잠재방한객조사_방한의향자.xlsx,방한의향자,C4,<표C4> 한국 여행 관심 계기(중복) (한국 방문의향자 기준),BASE:B5. 1) 한국 ④~⑤,브라질,브라질,국가/지역,출장 및 학회 행사 개최지,465.0,(465),7.208514168222685,%
2025_잠재방한객조사_방한의향자.xlsx,방한의향자,C4,<표C4> 한국 여행 관심 계기(중복) (한국 방문의향자 기준),BASE:B5. 1) 한국 ④~⑤,브라질,브라질,국가/지역,과거 방문 경험,465.0,(465),3.25795274472446,%
2025_잠재방한객조사_방한의향자.xlsx,방한의향자,C4,<표C4> 한국 여행 관심 계기(중복) (한국 방문의향자 기준),BASE:B5. 1) 한국 ④~⑤,브라질,브라질,국가/지역,기타,465.0,(465),0.7642350512747337,%
2025_잠재방한객조사_방한의향자.xlsx,방한의향자,C4,<표C4> 한국 여행 관심 계기(중복) (한국 방문의향자 기준),BASE:B5. 1) 한국 ④~⑤,사우디아라비아,사우디아라비아,국가/지역,"개인 및 인플루언서가 제작한 짧은 이미지(틱톡, 인스타그램 릴스, 유튜브 쇼츠 등)",465.0,(465),51.52958995775623,%
2025_잠재방한객조사_방한의향자.xlsx,방한의향자,C4,<표C4> 한국 여행 관심 계기(중복) (한국 방문의향자 기준),BASE:B5. 1) 한국 ④~⑤,사우디아라비아,사우디아라비아,국가/지역,음식/식문화,465.0,(465),32.023901028888076,%
2025_잠재방한객조사_방한의향자.xlsx,방한의향자,C4,<표C4> 한국 여행 관심 계기(중복) (한국 방문의향자 기준),BASE:B5. 1) 한국 ④~⑤,사우디아라비아,사우디아라비아,국가/지역,"뉴스, 영화, 드라마, 다큐멘터리 등 대중 매체",465.0,(465),40.049460744968854,%
2025_잠재방한객조사_방한의향자.xlsx,방한의향자,C4,<표C4> 한국 여행 관심 계기(중복) (한국 방문의향자 기준),BASE:B5. 1) 한국 ④~⑤,사우디아라비아,사우디아라비아,국가/지역,"가족, 친구, 지인 등 주변인 추천",465.0,(465),36.42743863402205,%
2025_잠재방한객조사_방한의향자.xlsx,방한의향자,C4,<표C4> 한국 여행 관심 계기(중복) (한국 방문의향자 기준),BASE:B5. 1) 한국 ④~⑤,사우디아라비아,사우디아라비아,국가/지역,관광지/관광 명소,465.0,(465),28.315410835963007,%
2025_잠재방한객조사_방한의향자.xlsx,방한의향자,C4,<표C4> 한국 여행 관심 계기(중복) (한국 방문의향자 기준),BASE:B5. 1) 한국 ④~⑤,사우디아라비아,사우디아라비아,국가/지역,"유명 인플루언서, 연예인 등의 여행 후기",465.0,(465),39.125843816453596,%
2025_잠재방한객조사_방한의향자.xlsx,방한의향자,C4,<표C4> 한국 여행 관심 계기(중복) (한국 방문의향자 기준),BASE:B5. 1) 한국 ④~⑤,사우디아라비아,사우디아라비아,국가/지역,전통문화/역사,465.0,(465),23.563056351186543,%
2025_잠재방한객조사_방한의향자.xlsx,방한의향자,C4,<표C4> 한국 여행 관심 계기(중복) (한국 방문의향자 기준),BASE:B5. 1) 한국 ④~⑤,사우디아라비아,사우디아라비아,국가/지역,자연 경관,465.0,(465),31.151933835891853,%
2025_잠재방한객조사_방한의향자.xlsx,방한의향자,C4,<표C4> 한국 여행 관심 계기(중복) (한국 방문의향자 기준),BASE:B5. 1) 한국 ④~⑤,사우디아라비아,사우디아라비아,국가/지역,"음악, 영화, 드라마 등 문화콘텐츠/연예인",465.0,(465),26.648512793945294,%
2025_잠재방한객조사_방한의향자.xlsx,방한의향자,C4,<표C4> 한국 여행 관심 계기(중복) (한국 방문의향자 기준),BASE:B5. 1) 한국 ④~⑤,사우디아라비아,사우디아라비아,국가/지역,관광 관련 공공기관이 제작한 국가 브랜드 홍보 영상,465.0,(465),29.557135864511636,%
2025_잠재방한객조사_방한의향자.xlsx,방한의향자,C4,<표C4> 한국 여행 관심 계기(중복) (한국 방문의향자 기준),BASE:B5. 1) 한국 ④~⑤,사우디아라비아,사우디아라비아,국가/지역,계절/기후,465.0,(465),21.782294704439508,%
2025_잠재방한객조사_방한의향자.xlsx,방한의향자,C4,<표C4> 한국 여행 관심 계기(중복) (한국 방문의향자 기준),BASE:B5. 1) 한국 ④~⑤,사우디아라비아,사우디아라비아,국가/지역,해당 국가에서만 판매하는 상품 쇼핑,465.0,(465),25.526805268539004,%
2025_잠재방한객조사_방한의향자.xlsx,방한의향자,C4,<표C4> 한국 여행 관심 계기(중복) (한국 방문의향자 기준),BASE:B5. 1) 한국 ④~⑤,사우디아라비아,사우디아라비아,국가/지역,건축/도시 디자인,465.0,(465),20.12603444697165,%
2025_잠재방한객조사_방한의향자.xlsx,방한의향자,C4,<표C4> 한국 여행 관심 계기(중복) (한국 방문의향자 기준),BASE:B5. 1) 한국 ④~⑤,사우디아라비아,사우디아라비아,국가/지역,"웰니스 관광(스파, 디톡스 여행 등)",465.0,(465),23.9093024894283,%
2025_잠재방한객조사_방한의향자.xlsx,방한의향자,C4,<표C4> 한국 여행 관심 계기(중복) (한국 방문의향자 기준),BASE:B5. 1) 한국 ④~⑤,사우디아라비아,사우디아라비아,국가/지역,치안/안전,465.0,(465),21.448650705845864,%
2025_잠재방한객조사_방한의향자.xlsx,방한의향자,C4,<표C4> 한국 여행 관심 계기(중복) (한국 방문의향자 기준),BASE:B5. 1) 한국 ④~⑤,사우디아라비아,사우디아라비아,국가/지역,이동거리/비행시간,465.0,(465),13.16316290404998,%
2025_잠재방한객조사_방한의향자.xlsx,방한의향자,C4,<표C4> 한국 여행 관심 계기(중복) (한국 방문의향자 기준),BASE:B5. 1) 한국 ④~⑤,사우디아라비아,사우디아라비아,국가/지역,항공 노선(직항 및 경유 등),465.0,(465),18.85452839750591,%
2025_잠재방한객조사_방한의향자.xlsx,방한의향자,C4,<표C4> 한국 여행 관심 계기(중복) (한국 방문의향자 기준),BASE:B5. 1) 한국 ④~⑤,사우디아라비아,사우디아라비아,국가/지역,"행사/이벤트 체험(공연, 콘서트, 축제, 박람회 등)",465.0,(465),21.282098043864874,%
2025_잠재방한객조사_방한의향자.xlsx,방한의향자,C4,<표C4> 한국 여행 관심 계기(중복) (한국 방문의향자 기준),BASE:B5. 1) 한국 ④~⑤,사우디아라비아,사우디아라비아,국가/지역,유명 명품 구매 등 럭셔리 쇼핑,465.0,(465),21.35101900509174,%
2025_잠재방한객조사_방한의향자.xlsx,방한의향자,C4,<표C4> 한국 여행 관심 계기(중복) (한국 방문의향자 기준),BASE:B5. 1) 한국 ④~⑤,사우디아라비아,사우디아라비아,국가/지역,출입국 편의성(비자 면제 등),465.0,(465),17.130289740149056,%
2025_잠재방한객조사_방한의향자.xlsx,방한의향자,C4,<표C4> 한국 여행 관심 계기(중복) (한국 방문의향자 기준),BASE:B5. 1) 한국 ④~⑤,사우디아라비아,사우디아라비아,국가/지역,항공권 특가 및 할인 프로모션,465.0,(465),15.226251708423256,%
2025_잠재방한객조사_방한의향자.xlsx,방한의향자,C4,<표C4> 한국 여행 관심 계기(중복) (한국 방문의향자 기준),BASE:B5. 1) 한국 ④~⑤,사우디아라비아,사우디아라비아,국가/지역,"이벤트성 방문(신혼여행, 프로포즈, 생일, 기념일 등)",465.0,(465),19.625188703569833,%
2025_잠재방한객조사_방한의향자.xlsx,방한의향자,C4,<표C4> 한국 여행 관심 계기(중복) (한국 방문의향자 기준),BASE:B5. 1) 한국 ④~⑤,사우디아라비아,사우디아라비아,국가/지역,"의료 관광(검진, 시술, 수술 등)",465.0,(465),18.147635523177183,%
2025_잠재방한객조사_방한의향자.xlsx,방한의향자,C4,<표C4> 한국 여행 관심 계기(중복) (한국 방문의향자 기준),BASE:B5. 1) 한국 ④~⑤,사우디아라비아,사우디아라비아,국가/지역,환율 및 현지 물가,465.0,(465),19.8416197578008,%
2025_잠재방한객조사_방한의향자.xlsx,방한의향자,C4,<표C4> 한국 여행 관심 계기(중복) (한국 방문의향자 기준),BASE:B5. 1) 한국 ④~⑤,사우디아라비아,사우디아라비아,국가/지역,언어소통,465.0,(465),10.722101271321208,%
2025_잠재방한객조사_방한의향자.xlsx,방한의향자,C4,<표C4> 한국 여행 관심 계기(중복) (한국 방문의향자 기준),BASE:B5. 1) 한국 ④~⑤,사우디아라비아,사우디아라비아,국가/지역,어학/직업 연수 및 유학,465.0,(465),13.85854693121582,%
2025_잠재방한객조사_방한의향자.xlsx,방한의향자,C4,<표C4> 한국 여행 관심 계기(중복) (한국 방문의향자 기준),BASE:B5. 1) 한국 ④~⑤,사우디아라비아,사우디아라비아,국가/지역,스포츠 관광(경기 관람 및 참여),465.0,(465),14.603064278763132,%
2025_잠재방한객조사_방한의향자.xlsx,방한의향자,C4,<표C4> 한국 여행 관심 계기(중복) (한국 방문의향자 기준),BASE:B5. 1) 한국 ④~⑤,사우디아라비아,사우디아라비아,국가/지역,종교 환경,465.0,(465),10.165333788908004,%
2025_잠재방한객조사_방한의향자.xlsx,방한의향자,C4,<표C4> 한국 여행 관심 계기(중복) (한국 방문의향자 기준),BASE:B5. 1) 한국 ④~⑤,사우디아라비아,사우디아라비아,국가/지역,출장 및 학회 행사 개최지,465.0,(465),9.100012734661881,%
2025_잠재방한객조사_방한의향자.xlsx,방한의향자,C4,<표C4> 한국 여행 관심 계기(중복) (한국 방문의향자 기준),BASE:B5. 1) 한국 ④~⑤,사우디아라비아,사우디아라비아,국가/지역,과거 방문 경험,465.0,(465),5.346543462536417,%
2025_잠재방한객조사_방한의향자.xlsx,방한의향자,C4,<표C4> 한국 여행 관심 계기(중복) (한국 방문의향자 기준),BASE:B5. 1) 한국 ④~⑤,사우디아라비아,사우디아라비아,국가/지역,기타,465.0,(465),0.8920827855747764,%
2025_잠재방한객조사_방한의향자.xlsx,방한의향자,C4,<표C4> 한국 여행 관심 계기(중복) (한국 방문의향자 기준),BASE:B5. 1) 한국 ④~⑤,아랍에미리트,UAE,국가/지역,"개인 및 인플루언서가 제작한 짧은 이미지(틱톡, 인스타그램 릴스, 유튜브 쇼츠 등)",465.0,(465),46.092793954171476,%
2025_잠재방한객조사_방한의향자.xlsx,방한의향자,C4,<표C4> 한국 여행 관심 계기(중복) (한국 방문의향자 기준),BASE:B5. 1) 한국 ④~⑤,아랍에미리트,UAE,국가/지역,음식/식문화,465.0,(465),35.65194205563313,%
2025_잠재방한객조사_방한의향자.xlsx,방한의향자,C4,<표C4> 한국 여행 관심 계기(중복) (한국 방문의향자 기준),BASE:B5. 1) 한국 ④~⑤,아랍에미리트,UAE,국가/지역,"뉴스, 영화, 드라마, 다큐멘터리 등 대중 매체",465.0,(465),38.16585684320417,%
2025_잠재방한객조사_방한의향자.xlsx,방한의향자,C4,<표C4> 한국 여행 관심 계기(중복) (한국 방문의향자 기준),BASE:B5. 1) 한국 ④~⑤,아랍에미리트,UAE,국가/지역,"가족, 친구, 지인 등 주변인 추천",465.0,(465),36.318653678002356,%
2025_잠재방한객조사_방한의향자.xlsx,방한의향자,C4,<표C4> 한국 여행 관심 계기(중복) (한국 방문의향자 기준),BASE:B5. 1) 한국 ④~⑤,아랍에미리트,UAE,국가/지역,관광지/관광 명소,465.0,(465),36.40868060460606,%
2025_잠재방한객조사_방한의향자.xlsx,방한의향자,C4,<표C4> 한국 여행 관심 계기(중복) (한국 방문의향자 기준),BASE:B5. 1) 한국 ④~⑤,아랍에미리트,UAE,국가/지역,"유명 인플루언서, 연예인 등의 여행 후기",465.0,(465),47.30441721775336,%
2025_잠재방한객조사_방한의향자.xlsx,방한의향자,C4,<표C4> 한국 여행 관심 계기(중복) (한국 방문의향자 기준),BASE:B5. 1) 한국 ④~⑤,아랍에미리트,UAE,국가/지역,전통문화/역사,465.0,(465),31.23765644595335,%
2025_잠재방한객조사_방한의향자.xlsx,방한의향자,C4,<표C4> 한국 여행 관심 계기(중복) (한국 방문의향자 기준),BASE:B5. 1) 한국 ④~⑤,아랍에미리트,UAE,국가/지역,자연 경관,465.0,(465),29.531859761389036,%
2025_잠재방한객조사_방한의향자.xlsx,방한의향자,C4,<표C4> 한국 여행 관심 계기(중복) (한국 방문의향자 기준),BASE:B5. 1) 한국 ④~⑤,아랍에미리트,UAE,국가/지역,"음악, 영화, 드라마 등 문화콘텐츠/연예인",465.0,(465),29.139634002969984,%
2025_잠재방한객조사_방한의향자.xlsx,방한의향자,C4,<표C4> 한국 여행 관심 계기(중복) (한국 방문의향자 기준),BASE:B5. 1) 한국 ④~⑤,아랍에미리트,UAE,국가/지역,관광 관련 공공기관이 제작한 국가 브랜드 홍보 영상,465.0,(465),32.988896282969556,%
2025_잠재방한객조사_방한의향자.xlsx,방한의향자,C4,<표C4> 한국 여행 관심 계기(중복) (한국 방문의향자 기준),BASE:B5. 1) 한국 ④~⑤,아랍에미리트,UAE,국가/지역,계절/기후,465.0,(465),26.088052653579563,%
2025_잠재방한객조사_방한의향자.xlsx,방한의향자,C4,<표C4> 한국 여행 관심 계기(중복) (한국 방문의향자 기준),BASE:B5. 1) 한국 ④~⑤,아랍에미리트,UAE,국가/지역,해당 국가에서만 판매하는 상품 쇼핑,465.0,(465),22.423173900307347,%
2025_잠재방한객조사_방한의향자.xlsx,방한의향자,C4,<표C4> 한국 여행 관심 계기(중복) (한국 방문의향자 기준),BASE:B5. 1) 한국 ④~⑤,아랍에미리트,UAE,국가/지역,건축/도시 디자인,465.0,(465),19.603563697137798,%
2025_잠재방한객조사_방한의향자.xlsx,방한의향자,C4,<표C4> 한국 여행 관심 계기(중복) (한국 방문의향자 기준),BASE:B5. 1) 한국 ④~⑤,아랍에미리트,UAE,국가/지역,"웰니스 관광(스파, 디톡스 여행 등)",465.0,(465),25.81053470782948,%
2025_잠재방한객조사_방한의향자.xlsx,방한의향자,C4,<표C4> 한국 여행 관심 계기(중복) (한국 방문의향자 기준),BASE:B5. 1) 한국 ④~⑤,아랍에미리트,UAE,국가/지역,치안/안전,465.0,(465),21.42542424481099,%
2025_잠재방한객조사_방한의향자.xlsx,방한의향자,C4,<표C4> 한국 여행 관심 계기(중복) (한국 방문의향자 기준),BASE:B5. 1) 한국 ④~⑤,아랍에미리트,UAE,국가/지역,이동거리/비행시간,465.0,(465),17.87178215052408,%
2025_잠재방한객조사_방한의향자.xlsx,방한의향자,C4,<표C4> 한국 여행 관심 계기(중복) (한국 방문의향자 기준),BASE:B5. 1) 한국 ④~⑤,아랍에미리트,UAE,국가/지역,항공 노선(직항 및 경유 등),465.0,(465),19.175787534758594,%
2025_잠재방한객조사_방한의향자.xlsx,방한의향자,C4,<표C4> 한국 여행 관심 계기(중복) (한국 방문의향자 기준),BASE:B5. 1) 한국 ④~⑤,아랍에미리트,UAE,국가/지역,"행사/이벤트 체험(공연, 콘서트, 축제, 박람회 등)",465.0,(465),20.817392124199056,%
2025_잠재방한객조사_방한의향자.xlsx,방한의향자,C4,<표C4> 한국 여행 관심 계기(중복) (한국 방문의향자 기준),BASE:B5. 1) 한국 ④~⑤,아랍에미리트,UAE,국가/지역,유명 명품 구매 등 럭셔리 쇼핑,465.0,(465),26.780051919884794,%
2025_잠재방한객조사_방한의향자.xlsx,방한의향자,C4,<표C4> 한국 여행 관심 계기(중복) (한국 방문의향자 기준),BASE:B5. 1) 한국 ④~⑤,아랍에미리트,UAE,국가/지역,출입국 편의성(비자 면제 등),465.0,(465),17.91093838804585,%
2025_잠재방한객조사_방한의향자.xlsx,방한의향자,C4,<표C4> 한국 여행 관심 계기(중복) (한국 방문의향자 기준),BASE:B5. 1) 한국 ④~⑤,아랍에미리트,UAE,국가/지역,항공권 특가 및 할인 프로모션,465.0,(465),20.895761975327897,%
2025_잠재방한객조사_방한의향자.xlsx,방한의향자,C4,<표C4> 한국 여행 관심 계기(중복) (한국 방문의향자 기준),BASE:B5. 1) 한국 ④~⑤,아랍에미리트,UAE,국가/지역,"이벤트성 방문(신혼여행, 프로포즈, 생일, 기념일 등)",465.0,(465),16.33348098424981,%
2025_잠재방한객조사_방한의향자.xlsx,방한의향자,C4,<표C4> 한국 여행 관심 계기(중복) (한국 방문의향자 기준),BASE:B5. 1) 한국 ④~⑤,아랍에미리트,UAE,국가/지역,"의료 관광(검진, 시술, 수술 등)",465.0,(465),17.848989665737587,%
2025_잠재방한객조사_방한의향자.xlsx,방한의향자,C4,<표C4> 한국 여행 관심 계기(중복) (한국 방문의향자 기준),BASE:B5. 1) 한국 ④~⑤,아랍에미리트,UAE,국가/지역,환율 및 현지 물가,465.0,(465),13.529423329234941,%
2025_잠재방한객조사_방한의향자.xlsx,방한의향자,C4,<표C4> 한국 여행 관심 계기(중복) (한국 방문의향자 기준),BASE:B5. 1) 한국 ④~⑤,아랍에미리트,UAE,국가/지역,언어소통,465.0,(465),12.150338066971472,%
2025_잠재방한객조사_방한의향자.xlsx,방한의향자,C4,<표C4> 한국 여행 관심 계기(중복) (한국 방문의향자 기준),BASE:B5. 1) 한국 ④~⑤,아랍에미리트,UAE,국가/지역,어학/직업 연수 및 유학,465.0,(465),13.189874675868468,%
2025_잠재방한객조사_방한의향자.xlsx,방한의향자,C4,<표C4> 한국 여행 관심 계기(중복) (한국 방문의향자 기준),BASE:B5. 1) 한국 ④~⑤,아랍에미리트,UAE,국가/지역,스포츠 관광(경기 관람 및 참여),465.0,(465),15.20933466573258,%
2025_잠재방한객조사_방한의향자.xlsx,방한의향자,C4,<표C4> 한국 여행 관심 계기(중복) (한국 방문의향자 기준),BASE:B5. 1) 한국 ④~⑤,아랍에미리트,UAE,국가/지역,종교 환경,465.0,(465),11.306716772119756,%
2025_잠재방한객조사_방한의향자.xlsx,방한의향자,C4,<표C4> 한국 여행 관심 계기(중복) (한국 방문의향자 기준),BASE:B5. 1) 한국 ④~⑤,아랍에미리트,UAE,국가/지역,출장 및 학회 행사 개최지,465.0,(465),13.611574409524815,%
2025_잠재방한객조사_방한의향자.xlsx,방한의향자,C4,<표C4> 한국 여행 관심 계기(중복) (한국 방문의향자 기준),BASE:B5. 1) 한국 ④~⑤,아랍에미리트,UAE,국가/지역,과거 방문 경험,465.0,(465),5.454244738586122,%
2025_잠재방한객조사_방한의향자.xlsx,방한의향자,C4,<표C4> 한국 여행 관심 계기(중복) (한국 방문의향자 기준),BASE:B5. 1) 한국 ④~⑤,아랍에미리트,UAE,국가/지역,기타,465.0,(465),0,%
2025_잠재방한객조사_방한의향자.xlsx,방한의향자,C5,<표C5> 한국 여행 결정 요인(중복) (한국 방문의향자 기준),BASE:B5. 1) 한국 ④~⑤,전체,전체,전체,"개인 및 인플루언서가 제작한 짧은 이미지(틱톡, 인스타그램 릴스, 유튜브 쇼츠 등)",16360.0,(16360),38.706433668111664,%
2025_잠재방한객조사_방한의향자.xlsx,방한의향자,C5,<표C5> 한국 여행 결정 요인(중복) (한국 방문의향자 기준),BASE:B5. 1) 한국 ④~⑤,전체,전체,전체,음식/식문화,16360.0,(16360),36.692522337075246,%
2025_잠재방한객조사_방한의향자.xlsx,방한의향자,C5,<표C5> 한국 여행 결정 요인(중복) (한국 방문의향자 기준),BASE:B5. 1) 한국 ④~⑤,전체,전체,전체,"가족, 친구, 지인 등 주변인 추천",16360.0,(16360),33.74290038809637,%
2025_잠재방한객조사_방한의향자.xlsx,방한의향자,C5,<표C5> 한국 여행 결정 요인(중복) (한국 방문의향자 기준),BASE:B5. 1) 한국 ④~⑤,전체,전체,전체,"뉴스, 영화, 드라마, 다큐멘터리 등 대중 매체",16360.0,(16360),32.59080540613138,%
2025_잠재방한객조사_방한의향자.xlsx,방한의향자,C5,<표C5> 한국 여행 결정 요인(중복) (한국 방문의향자 기준),BASE:B5. 1) 한국 ④~⑤,전체,전체,전체,관광지/관광 명소,16360.0,(16360),31.177137819659446,%
2025_잠재방한객조사_방한의향자.xlsx,방한의향자,C5,<표C5> 한국 여행 결정 요인(중복) (한국 방문의향자 기준),BASE:B5. 1) 한국 ④~⑤,전체,전체,전체,자연 경관,16360.0,(16360),29.047773472527926,%
2025_잠재방한객조사_방한의향자.xlsx,방한의향자,C5,<표C5> 한국 여행 결정 요인(중복) (한국 방문의향자 기준),BASE:B5. 1) 한국 ④~⑤,전체,전체,전체,"유명 인플루언서, 연예인 등의 여행 후기",16360.0,(16360),28.21719504333318,%
2025_잠재방한객조사_방한의향자.xlsx,방한의향자,C5,<표C5> 한국 여행 결정 요인(중복) (한국 방문의향자 기준),BASE:B5. 1) 한국 ④~⑤,전체,전체,전체,전통문화/역사,16360.0,(16360),27.506514934324812,%
2025_잠재방한객조사_방한의향자.xlsx,방한의향자,C5,<표C5> 한국 여행 결정 요인(중복) (한국 방문의향자 기준),BASE:B5. 1) 한국 ④~⑤,전체,전체,전체,"음악, 영화, 드라마 등 문화콘텐츠/연예인",16360.0,(16360),24.174774004615685,%
2025_잠재방한객조사_방한의향자.xlsx,방한의향자,C5,<표C5> 한국 여행 결정 요인(중복) (한국 방문의향자 기준),BASE:B5. 1) 한국 ④~⑤,전체,전체,전체,관광 관련 공공기관이 제작한 국가 브랜드 홍보 영상,16360.0,(16360),23.15776807282523,%
2025_잠재방한객조사_방한의향자.xlsx,방한의향자,C5,<표C5> 한국 여행 결정 요인(중복) (한국 방문의향자 기준),BASE:B5. 1) 한국 ④~⑤,전체,전체,전체,계절/기후,16360.0,(16360),20.91318015901873,%
2025_잠재방한객조사_방한의향자.xlsx,방한의향자,C5,<표C5> 한국 여행 결정 요인(중복) (한국 방문의향자 기준),BASE:B5. 1) 한국 ④~⑤,전체,전체,전체,건축/도시 디자인,16360.0,(16360),17.33361544939499,%
2025_잠재방한객조사_방한의향자.xlsx,방한의향자,C5,<표C5> 한국 여행 결정 요인(중복) (한국 방문의향자 기준),BASE:B5. 1) 한국 ④~⑤,전체,전체,전체,치안/안전,16360.0,(16360),17.063085764008182,%
2025_잠재방한객조사_방한의향자.xlsx,방한의향자,C5,<표C5> 한국 여행 결정 요인(중복) (한국 방문의향자 기준),BASE:B5. 1) 한국 ④~⑤,전체,전체,전체,해당 국가에서만 판매하는 상품 쇼핑,16360.0,(16360),16.631689509633997,%
2025_잠재방한객조사_방한의향자.xlsx,방한의향자,C5,<표C5> 한국 여행 결정 요인(중복) (한국 방문의향자 기준),BASE:B5. 1) 한국 ④~⑤,전체,전체,전체,"웰니스 관광(스파, 디톡스 여행 등)",16360.0,(16360),16.180851468210395,%
2025_잠재방한객조사_방한의향자.xlsx,방한의향자,C5,<표C5> 한국 여행 결정 요인(중복) (한국 방문의향자 기준),BASE:B5. 1) 한국 ④~⑤,전체,전체,전체,이동거리/비행시간,16360.0,(16360),14.834558603931388,%
2025_잠재방한객조사_방한의향자.xlsx,방한의향자,C5,<표C5> 한국 여행 결정 요인(중복) (한국 방문의향자 기준),BASE:B5. 1) 한국 ④~⑤,전체,전체,전체,"행사/이벤트 체험(공연, 콘서트, 축제, 박람회 등)",16360.0,(16360),14.813004928669871,%
2025_잠재방한객조사_방한의향자.xlsx,방한의향자,C5,<표C5> 한국 여행 결정 요인(중복) (한국 방문의향자 기준),BASE:B5. 1) 한국 ④~⑤,전체,전체,전체,항공 노선(직항 및 경유 등),16360.0,(16360),14.321813567862968,%
2025_잠재방한객조사_방한의향자.xlsx,방한의향자,C5,<표C5> 한국 여행 결정 요인(중복) (한국 방문의향자 기준),BASE:B5. 1) 한국 ④~⑤,전체,전체,전체,출입국 편의성(비자 면제 등),16360.0,(16360),14.090303226685505,%
2025_잠재방한객조사_방한의향자.xlsx,방한의향자,C5,<표C5> 한국 여행 결정 요인(중복) (한국 방문의향자 기준),BASE:B5. 1) 한국 ④~⑤,전체,전체,전체,유명 명품 구매 등 럭셔리 쇼핑,16360.0,(16360),14.070742616170973,%
2025_잠재방한객조사_방한의향자.xlsx,방한의향자,C5,<표C5> 한국 여행 결정 요인(중복) (한국 방문의향자 기준),BASE:B5. 1) 한국 ④~⑤,전체,전체,전체,항공권 특가 및 할인 프로모션,16360.0,(16360),14.05002113524884,%
2025_잠재방한객조사_방한의향자.xlsx,방한의향자,C5,<표C5> 한국 여행 결정 요인(중복) (한국 방문의향자 기준),BASE:B5. 1) 한국 ④~⑤,전체,전체,전체,"이벤트성 방문(신혼여행, 프로포즈, 생일, 기념일 등)",16360.0,(16360),12.373898279633277,%
2025_잠재방한객조사_방한의향자.xlsx,방한의향자,C5,<표C5> 한국 여행 결정 요인(중복) (한국 방문의향자 기준),BASE:B5. 1) 한국 ④~⑤,전체,전체,전체,"의료 관광(검진, 시술, 수술 등)",16360.0,(16360),12.00321157663669,%
2025_잠재방한객조사_방한의향자.xlsx,방한의향자,C5,<표C5> 한국 여행 결정 요인(중복) (한국 방문의향자 기준),BASE:B5. 1) 한국 ④~⑤,전체,전체,전체,환율 및 현지 물가,16360.0,(16360),10.637990314265137,%
2025_잠재방한객조사_방한의향자.xlsx,방한의향자,C5,<표C5> 한국 여행 결정 요인(중복) (한국 방문의향자 기준),BASE:B5. 1) 한국 ④~⑤,전체,전체,전체,언어소통,16360.0,(16360),9.789476453913334,%
2025_잠재방한객조사_방한의향자.xlsx,방한의향자,C5,<표C5> 한국 여행 결정 요인(중복) (한국 방문의향자 기준),BASE:B5. 1) 한국 ④~⑤,전체,전체,전체,어학/직업 연수 및 유학,16360.0,(16360),8.226046403665622,%
2025_잠재방한객조사_방한의향자.xlsx,방한의향자,C5,<표C5> 한국 여행 결정 요인(중복) (한국 방문의향자 기준),BASE:B5. 1) 한국 ④~⑤,전체,전체,전체,출장 및 학회 행사 개최지,16360.0,(16360),7.982247081349872,%
2025_잠재방한객조사_방한의향자.xlsx,방한의향자,C5,<표C5> 한국 여행 결정 요인(중복) (한국 방문의향자 기준),BASE:B5. 1) 한국 ④~⑤,전체,전체,전체,스포츠 관광(경기 관람 및 참여),16360.0,(16360),7.921272691190631,%
2025_잠재방한객조사_방한의향자.xlsx,방한의향자,C5,<표C5> 한국 여행 결정 요인(중복) (한국 방문의향자 기준),BASE:B5. 1) 한국 ④~⑤,전체,전체,전체,종교 환경,16360.0,(16360),7.52862227554614,%
2025_잠재방한객조사_방한의향자.xlsx,방한의향자,C5,<표C5> 한국 여행 결정 요인(중복) (한국 방문의향자 기준),BASE:B5. 1) 한국 ④~⑤,전체,전체,전체,과거 방문 경험,16360.0,(16360),5.503451120160759,%
2025_잠재방한객조사_방한의향자.xlsx,방한의향자,C5,<표C5> 한국 여행 결정 요인(중복) (한국 방문의향자 기준),BASE:B5. 1) 한국 ④~⑤,전체,전체,전체,기타,16360.0,(16360),0.7223764396293816,%
2025_잠재방한객조사_방한의향자.xlsx,방한의향자,C5,<표C5> 한국 여행 결정 요인(중복) (한국 방문의향자 기준),BASE:B5. 1) 한국 ④~⑤,중국,중국,국가/지역,"개인 및 인플루언서가 제작한 짧은 이미지(틱톡, 인스타그램 릴스, 유튜브 쇼츠 등)",2600.0,(2600),33.95528007161757,%
2025_잠재방한객조사_방한의향자.xlsx,방한의향자,C5,<표C5> 한국 여행 결정 요인(중복) (한국 방문의향자 기준),BASE:B5. 1) 한국 ④~⑤,중국,중국,국가/지역,음식/식문화,2600.0,(2600),26.448018079112266,%
2025_잠재방한객조사_방한의향자.xlsx,방한의향자,C5,<표C5> 한국 여행 결정 요인(중복) (한국 방문의향자 기준),BASE:B5. 1) 한국 ④~⑤,중국,중국,국가/지역,"가족, 친구, 지인 등 주변인 추천",2600.0,(2600),30.029163474507765,%
2025_잠재방한객조사_방한의향자.xlsx,방한의향자,C5,<표C5> 한국 여행 결정 요인(중복) (한국 방문의향자 기준),BASE:B5. 1) 한국 ④~⑤,중국,중국,국가/지역,"뉴스, 영화, 드라마, 다큐멘터리 등 대중 매체",2600.0,(2600),25.56025524805477,%
2025_잠재방한객조사_방한의향자.xlsx,방한의향자,C5,<표C5> 한국 여행 결정 요인(중복) (한국 방문의향자 기준),BASE:B5. 1) 한국 ④~⑤,중국,중국,국가/지역,관광지/관광 명소,2600.0,(2600),24.402420324382536,%
2025_잠재방한객조사_방한의향자.xlsx,방한의향자,C5,<표C5> 한국 여행 결정 요인(중복) (한국 방문의향자 기준),BASE:B5. 1) 한국 ④~⑤,중국,중국,국가/지역,자연 경관,2600.0,(2600),23.673032600991732,%
2025_잠재방한객조사_방한의향자.xlsx,방한의향자,C5,<표C5> 한국 여행 결정 요인(중복) (한국 방문의향자 기준),BASE:B5. 1) 한국 ④~⑤,중국,중국,국가/지역,"유명 인플루언서, 연예인 등의 여행 후기",2600.0,(2600),24.871471636457905,%
2025_잠재방한객조사_방한의향자.xlsx,방한의향자,C5,<표C5> 한국 여행 결정 요인(중복) (한국 방문의향자 기준),BASE:B5. 1) 한국 ④~⑤,중국,중국,국가/지역,전통문화/역사,2600.0,(2600),18.067308174293537,%
2025_잠재방한객조사_방한의향자.xlsx,방한의향자,C5,<표C5> 한국 여행 결정 요인(중복) (한국 방문의향자 기준),BASE:B5. 1) 한국 ④~⑤,중국,중국,국가/지역,"음악, 영화, 드라마 등 문화콘텐츠/연예인",2600.0,(2600),19.668786475194974,%
2025_잠재방한객조사_방한의향자.xlsx,방한의향자,C5,<표C5> 한국 여행 결정 요인(중복) (한국 방문의향자 기준),BASE:B5. 1) 한국 ④~⑤,중국,중국,국가/지역,관광 관련 공공기관이 제작한 국가 브랜드 홍보 영상,2600.0,(2600),20.703796725519222,%
2025_잠재방한객조사_방한의향자.xlsx,방한의향자,C5,<표C5> 한국 여행 결정 요인(중복) (한국 방문의향자 기준),BASE:B5. 1) 한국 ④~⑤,중국,중국,국가/지역,계절/기후,2600.0,(2600),17.266428886296282,%
2025_잠재방한객조사_방한의향자.xlsx,방한의향자,C5,<표C5> 한국 여행 결정 요인(중복) (한국 방문의향자 기준),BASE:B5. 1) 한국 ④~⑤,중국,중국,국가/지역,건축/도시 디자인,2600.0,(2600),14.508959341870964,%
2025_잠재방한객조사_방한의향자.xlsx,방한의향자,C5,<표C5> 한국 여행 결정 요인(중복) (한국 방문의향자 기준),BASE:B5. 1) 한국 ④~⑤,중국,중국,국가/지역,치안/안전,2600.0,(2600),12.248441902360243,%
2025_잠재방한객조사_방한의향자.xlsx,방한의향자,C5,<표C5> 한국 여행 결정 요인(중복) (한국 방문의향자 기준),BASE:B5. 1) 한국 ④~⑤,중국,중국,국가/지역,해당 국가에서만 판매하는 상품 쇼핑,2600.0,(2600),6.340612843963736,%
2025_잠재방한객조사_방한의향자.xlsx,방한의향자,C5,<표C5> 한국 여행 결정 요인(중복) (한국 방문의향자 기준),BASE:B5. 1) 한국 ④~⑤,중국,중국,국가/지역,"웰니스 관광(스파, 디톡스 여행 등)",2600.0,(2600),13.636470138829438,%
2025_잠재방한객조사_방한의향자.xlsx,방한의향자,C5,<표C5> 한국 여행 결정 요인(중복) (한국 방문의향자 기준),BASE:B5. 1) 한국 ④~⑤,중국,중국,국가/지역,이동거리/비행시간,2600.0,(2600),8.131764320774233,%
2025_잠재방한객조사_방한의향자.xlsx,방한의향자,C5,<표C5> 한국 여행 결정 요인(중복) (한국 방문의향자 기준),BASE:B5. 1) 한국 ④~⑤,중국,중국,국가/지역,"행사/이벤트 체험(공연, 콘서트, 축제, 박람회 등)",2600.0,(2600),11.133391340234358,%
2025_잠재방한객조사_방한의향자.xlsx,방한의향자,C5,<표C5> 한국 여행 결정 요인(중복) (한국 방문의향자 기준),BASE:B5. 1) 한국 ④~⑤,중국,중국,국가/지역,항공 노선(직항 및 경유 등),2600.0,(2600),6.968465728076326,%
2025_잠재방한객조사_방한의향자.xlsx,방한의향자,C5,<표C5> 한국 여행 결정 요인(중복) (한국 방문의향자 기준),BASE:B5. 1) 한국 ④~⑤,중국,중국,국가/지역,출입국 편의성(비자 면제 등),2600.0,(2600),8.056037402042053,%
2025_잠재방한객조사_방한의향자.xlsx,방한의향자,C5,<표C5> 한국 여행 결정 요인(중복) (한국 방문의향자 기준),BASE:B5. 1) 한국 ④~⑤,중국,중국,국가/지역,유명 명품 구매 등 럭셔리 쇼핑,2600.0,(2600),13.917512401333806,%
2025_잠재방한객조사_방한의향자.xlsx,방한의향자,C5,<표C5> 한국 여행 결정 요인(중복) (한국 방문의향자 기준),BASE:B5. 1) 한국 ④~⑤,중국,중국,국가/지역,항공권 특가 및 할인 프로모션,2600.0,(2600),7.440677245807732,%
2025_잠재방한객조사_방한의향자.xlsx,방한의향자,C5,<표C5> 한국 여행 결정 요인(중복) (한국 방문의향자 기준),BASE:B5. 1) 한국 ④~⑤,중국,중국,국가/지역,"이벤트성 방문(신혼여행, 프로포즈, 생일, 기념일 등)",2600.0,(2600),8.332728817411,%
2025_잠재방한객조사_방한의향자.xlsx,방한의향자,C5,<표C5> 한국 여행 결정 요인(중복) (한국 방문의향자 기준),BASE:B5. 1) 한국 ④~⑤,중국,중국,국가/지역,"의료 관광(검진, 시술, 수술 등)",2600.0,(2600),13.62125021482829,%
2025_잠재방한객조사_방한의향자.xlsx,방한의향자,C5,<표C5> 한국 여행 결정 요인(중복) (한국 방문의향자 기준),BASE:B5. 1) 한국 ④~⑤,중국,중국,국가/지역,환율 및 현지 물가,2600.0,(2600),5.569397577008713,%
2025_잠재방한객조사_방한의향자.xlsx,방한의향자,C5,<표C5> 한국 여행 결정 요인(중복) (한국 방문의향자 기준),BASE:B5. 1) 한국 ④~⑤,중국,중국,국가/지역,언어소통,2600.0,(2600),8.429509591353106,%
2025_잠재방한객조사_방한의향자.xlsx,방한의향자,C5,<표C5> 한국 여행 결정 요인(중복) (한국 방문의향자 기준),BASE:B5. 1) 한국 ④~⑤,중국,중국,국가/지역,어학/직업 연수 및 유학,2600.0,(2600),4.336543284457546,%
2025_잠재방한객조사_방한의향자.xlsx,방한의향자,C5,<표C5> 한국 여행 결정 요인(중복) (한국 방문의향자 기준),BASE:B5. 1) 한국 ④~⑤,중국,중국,국가/지역,출장 및 학회 행사 개최지,2600.0,(2600),4.393550468580612,%
2025_잠재방한객조사_방한의향자.xlsx,방한의향자,C5,<표C5> 한국 여행 결정 요인(중복) (한국 방문의향자 기준),BASE:B5. 1) 한국 ④~⑤,중국,중국,국가/지역,스포츠 관광(경기 관람 및 참여),2600.0,(2600),6.309385651049094,%
2025_잠재방한객조사_방한의향자.xlsx,방한의향자,C5,<표C5> 한국 여행 결정 요인(중복) (한국 방문의향자 기준),BASE:B5. 1) 한국 ④~⑤,중국,중국,국가/지역,종교 환경,2600.0,(2600),7.0776776628371065,%
2025_잠재방한객조사_방한의향자.xlsx,방한의향자,C5,<표C5> 한국 여행 결정 요인(중복) (한국 방문의향자 기준),BASE:B5. 1) 한국 ④~⑤,중국,중국,국가/지역,과거 방문 경험,2600.0,(2600),2.2559287347015613,%
2025_잠재방한객조사_방한의향자.xlsx,방한의향자,C5,<표C5> 한국 여행 결정 요인(중복) (한국 방문의향자 기준),BASE:B5. 1) 한국 ④~⑤,중국,중국,국가/지역,기타,2600.0,(2600),0,%
2025_잠재방한객조사_방한의향자.xlsx,방한의향자,C5,<표C5> 한국 여행 결정 요인(중복) (한국 방문의향자 기준),BASE:B5. 1) 한국 ④~⑤,일본,일본,국가/지역,"개인 및 인플루언서가 제작한 짧은 이미지(틱톡, 인스타그램 릴스, 유튜브 쇼츠 등)",1670.0,(1670),29.771638524479364,%
2025_잠재방한객조사_방한의향자.xlsx,방한의향자,C5,<표C5> 한국 여행 결정 요인(중복) (한국 방문의향자 기준),BASE:B5. 1) 한국 ④~⑤,일본,일본,국가/지역,음식/식문화,1670.0,(1670),39.17016252152365,%
2025_잠재방한객조사_방한의향자.xlsx,방한의향자,C5,<표C5> 한국 여행 결정 요인(중복) (한국 방문의향자 기준),BASE:B5. 1) 한국 ④~⑤,일본,일본,국가/지역,"가족, 친구, 지인 등 주변인 추천",1670.0,(1670),36.298308184948695,%
2025_잠재방한객조사_방한의향자.xlsx,방한의향자,C5,<표C5> 한국 여행 결정 요인(중복) (한국 방문의향자 기준),BASE:B5. 1) 한국 ④~⑤,일본,일본,국가/지역,"뉴스, 영화, 드라마, 다큐멘터리 등 대중 매체",1670.0,(1670),27.386219161662588,%
2025_잠재방한객조사_방한의향자.xlsx,방한의향자,C5,<표C5> 한국 여행 결정 요인(중복) (한국 방문의향자 기준),BASE:B5. 1) 한국 ④~⑤,일본,일본,국가/지역,관광지/관광 명소,1670.0,(1670),21.041823781456706,%
2025_잠재방한객조사_방한의향자.xlsx,방한의향자,C5,<표C5> 한국 여행 결정 요인(중복) (한국 방문의향자 기준),BASE:B5. 1) 한국 ④~⑤,일본,일본,국가/지역,자연 경관,1670.0,(1670),10.526234758681632,%
2025_잠재방한객조사_방한의향자.xlsx,방한의향자,C5,<표C5> 한국 여행 결정 요인(중복) (한국 방문의향자 기준),BASE:B5. 1) 한국 ④~⑤,일본,일본,국가/지역,"유명 인플루언서, 연예인 등의 여행 후기",1670.0,(1670),21.31920103600352,%
2025_잠재방한객조사_방한의향자.xlsx,방한의향자,C5,<표C5> 한국 여행 결정 요인(중복) (한국 방문의향자 기준),BASE:B5. 1) 한국 ④~⑤,일본,일본,국가/지역,전통문화/역사,1670.0,(1670),13.338739471154499,%
2025_잠재방한객조사_방한의향자.xlsx,방한의향자,C5,<표C5> 한국 여행 결정 요인(중복) (한국 방문의향자 기준),BASE:B5. 1) 한국 ④~⑤,일본,일본,국가/지역,"음악, 영화, 드라마 등 문화콘텐츠/연예인",1670.0,(1670),17.367996020191942,%
2025_잠재방한객조사_방한의향자.xlsx,방한의향자,C5,<표C5> 한국 여행 결정 요인(중복) (한국 방문의향자 기준),BASE:B5. 1) 한국 ④~⑤,일본,일본,국가/지역,관광 관련 공공기관이 제작한 국가 브랜드 홍보 영상,1670.0,(1670),12.070451751106212,%
2025_잠재방한객조사_방한의향자.xlsx,방한의향자,C5,<표C5> 한국 여행 결정 요인(중복) (한국 방문의향자 기준),BASE:B5. 1) 한국 ④~⑤,일본,일본,국가/지역,계절/기후,1670.0,(1670),8.739233945738125,%
2025_잠재방한객조사_방한의향자.xlsx,방한의향자,C5,<표C5> 한국 여행 결정 요인(중복) (한국 방문의향자 기준),BASE:B5. 1) 한국 ④~⑤,일본,일본,국가/지역,건축/도시 디자인,1670.0,(1670),6.213524928777779,%
2025_잠재방한객조사_방한의향자.xlsx,방한의향자,C5,<표C5> 한국 여행 결정 요인(중복) (한국 방문의향자 기준),BASE:B5. 1) 한국 ④~⑤,일본,일본,국가/지역,치안/안전,1670.0,(1670),13.56686243716194,%
2025_잠재방한객조사_방한의향자.xlsx,방한의향자,C5,<표C5> 한국 여행 결정 요인(중복) (한국 방문의향자 기준),BASE:B5. 1) 한국 ④~⑤,일본,일본,국가/지역,해당 국가에서만 판매하는 상품 쇼핑,1670.0,(1670),6.554906781291731,%
2025_잠재방한객조사_방한의향자.xlsx,방한의향자,C5,<표C5> 한국 여행 결정 요인(중복) (한국 방문의향자 기준),BASE:B5. 1) 한국 ④~⑤,일본,일본,국가/지역,"웰니스 관광(스파, 디톡스 여행 등)",1670.0,(1670),6.531819120788879,%
2025_잠재방한객조사_방한의향자.xlsx,방한의향자,C5,<표C5> 한국 여행 결정 요인(중복) (한국 방문의향자 기준),BASE:B5. 1) 한국 ④~⑤,일본,일본,국가/지역,이동거리/비행시간,1670.0,(1670),21.825502565776908,%
2025_잠재방한객조사_방한의향자.xlsx,방한의향자,C5,<표C5> 한국 여행 결정 요인(중복) (한국 방문의향자 기준),BASE:B5. 1) 한국 ④~⑤,일본,일본,국가/지역,"행사/이벤트 체험(공연, 콘서트, 축제, 박람회 등)",1670.0,(1670),7.438894569946017,%
2025_잠재방한객조사_방한의향자.xlsx,방한의향자,C5,<표C5> 한국 여행 결정 요인(중복) (한국 방문의향자 기준),BASE:B5. 1) 한국 ④~⑤,일본,일본,국가/지역,항공 노선(직항 및 경유 등),1670.0,(1670),14.326427038333827,%
2025_잠재방한객조사_방한의향자.xlsx,방한의향자,C5,<표C5> 한국 여행 결정 요인(중복) (한국 방문의향자 기준),BASE:B5. 1) 한국 ④~⑤,일본,일본,국가/지역,출입국 편의성(비자 면제 등),1670.0,(1670),9.78316543784769,%
2025_잠재방한객조사_방한의향자.xlsx,방한의향자,C5,<표C5> 한국 여행 결정 요인(중복) (한국 방문의향자 기준),BASE:B5. 1) 한국 ④~⑤,일본,일본,국가/지역,유명 명품 구매 등 럭셔리 쇼핑,1670.0,(1670),7.523606387558429,%
2025_잠재방한객조사_방한의향자.xlsx,방한의향자,C5,<표C5> 한국 여행 결정 요인(중복) (한국 방문의향자 기준),BASE:B5. 1) 한국 ④~⑤,일본,일본,국가/지역,항공권 특가 및 할인 프로모션,1670.0,(1670),8.372765138513452,%
2025_잠재방한객조사_방한의향자.xlsx,방한의향자,C5,<표C5> 한국 여행 결정 요인(중복) (한국 방문의향자 기준),BASE:B5. 1) 한국 ④~⑤,일본,일본,국가/지역,"이벤트성 방문(신혼여행, 프로포즈, 생일, 기념일 등)",1670.0,(1670),4.175206020429014,%
2025_잠재방한객조사_방한의향자.xlsx,방한의향자,C5,<표C5> 한국 여행 결정 요인(중복) (한국 방문의향자 기준),BASE:B5. 1) 한국 ④~⑤,일본,일본,국가/지역,"의료 관광(검진, 시술, 수술 등)",1670.0,(1670),4.426038871703472,%
2025_잠재방한객조사_방한의향자.xlsx,방한의향자,C5,<표C5> 한국 여행 결정 요인(중복) (한국 방문의향자 기준),BASE:B5. 1) 한국 ④~⑤,일본,일본,국가/지역,환율 및 현지 물가,1670.0,(1670),7.144776801802612,%
2025_잠재방한객조사_방한의향자.xlsx,방한의향자,C5,<표C5> 한국 여행 결정 요인(중복) (한국 방문의향자 기준),BASE:B5. 1) 한국 ④~⑤,일본,일본,국가/지역,언어소통,1670.0,(1670),5.967124372213421,%
2025_잠재방한객조사_방한의향자.xlsx,방한의향자,C5,<표C5> 한국 여행 결정 요인(중복) (한국 방문의향자 기준),BASE:B5. 1) 한국 ④~⑤,일본,일본,국가/지역,어학/직업 연수 및 유학,1670.0,(1670),3.96936643139047,%
2025_잠재방한객조사_방한의향자.xlsx,방한의향자,C5,<표C5> 한국 여행 결정 요인(중복) (한국 방문의향자 기준),BASE:B5. 1) 한국 ④~⑤,일본,일본,국가/지역,출장 및 학회 행사 개최지,1670.0,(1670),2.521329813547511,%
2025_잠재방한객조사_방한의향자.xlsx,방한의향자,C5,<표C5> 한국 여행 결정 요인(중복) (한국 방문의향자 기준),BASE:B5. 1) 한국 ④~⑤,일본,일본,국가/지역,스포츠 관광(경기 관람 및 참여),1670.0,(1670),2.9704787560453227,%
2025_잠재방한객조사_방한의향자.xlsx,방한의향자,C5,<표C5> 한국 여행 결정 요인(중복) (한국 방문의향자 기준),BASE:B5. 1) 한국 ④~⑤,일본,일본,국가/지역,종교 환경,1670.0,(1670),2.9664305742939376,%
2025_잠재방한객조사_방한의향자.xlsx,방한의향자,C5,<표C5> 한국 여행 결정 요인(중복) (한국 방문의향자 기준),BASE:B5. 1) 한국 ④~⑤,일본,일본,국가/지역,과거 방문 경험,1670.0,(1670),9.310972605192285,%
2025_잠재방한객조사_방한의향자.xlsx,방한의향자,C5,<표C5> 한국 여행 결정 요인(중복) (한국 방문의향자 기준),BASE:B5. 1) 한국 ④~⑤,일본,일본,국가/지역,기타,1670.0,(1670),1.477829811769592,%
2025_잠재방한객조사_방한의향자.xlsx,방한의향자,C5,<표C5> 한국 여행 결정 요인(중복) (한국 방문의향자 기준),BASE:B5. 1) 한국 ④~⑤,대만,대만,국가/지역,"개인 및 인플루언서가 제작한 짧은 이미지(틱톡, 인스타그램 릴스, 유튜브 쇼츠 등)",465.0,(465),31.063670963939742,%
2025_잠재방한객조사_방한의향자.xlsx,방한의향자,C5,<표C5> 한국 여행 결정 요인(중복) (한국 방문의향자 기준),BASE:B5. 1) 한국 ④~⑤,대만,대만,국가/지역,음식/식문화,465.0,(465),50.967148473724066,%
2025_잠재방한객조사_방한의향자.xlsx,방한의향자,C5,<표C5> 한국 여행 결정 요인(중복) (한국 방문의향자 기준),BASE:B5. 1) 한국 ④~⑤,대만,대만,국가/지역,"가족, 친구, 지인 등 주변인 추천",465.0,(465),37.67754914874931,%
2025_잠재방한객조사_방한의향자.xlsx,방한의향자,C5,<표C5> 한국 여행 결정 요인(중복) (한국 방문의향자 기준),BASE:B5. 1) 한국 ④~⑤,대만,대만,국가/지역,"뉴스, 영화, 드라마, 다큐멘터리 등 대중 매체",465.0,(465),30.01715252814839,%
2025_잠재방한객조사_방한의향자.xlsx,방한의향자,C5,<표C5> 한국 여행 결정 요인(중복) (한국 방문의향자 기준),BASE:B5. 1) 한국 ④~⑤,대만,대만,국가/지역,관광지/관광 명소,465.0,(465),40.92718039930036,%
2025_잠재방한객조사_방한의향자.xlsx,방한의향자,C5,<표C5> 한국 여행 결정 요인(중복) (한국 방문의향자 기준),BASE:B5. 1) 한국 ④~⑤,대만,대만,국가/지역,자연 경관,465.0,(465),25.406601102750415,%
2025_잠재방한객조사_방한의향자.xlsx,방한의향자,C5,<표C5> 한국 여행 결정 요인(중복) (한국 방문의향자 기준),BASE:B5. 1) 한국 ④~⑤,대만,대만,국가/지역,"유명 인플루언서, 연예인 등의 여행 후기",465.0,(465),24.1786668385566,%
2025_잠재방한객조사_방한의향자.xlsx,방한의향자,C5,<표C5> 한국 여행 결정 요인(중복) (한국 방문의향자 기준),BASE:B5. 1) 한국 ④~⑤,대만,대만,국가/지역,전통문화/역사,465.0,(465),24.180229227929097,%
2025_잠재방한객조사_방한의향자.xlsx,방한의향자,C5,<표C5> 한국 여행 결정 요인(중복) (한국 방문의향자 기준),BASE:B5. 1) 한국 ④~⑤,대만,대만,국가/지역,"음악, 영화, 드라마 등 문화콘텐츠/연예인",465.0,(465),22.208007136500402,%
2025_잠재방한객조사_방한의향자.xlsx,방한의향자,C5,<표C5> 한국 여행 결정 요인(중복) (한국 방문의향자 기준),BASE:B5. 1) 한국 ④~⑤,대만,대만,국가/지역,관광 관련 공공기관이 제작한 국가 브랜드 홍보 영상,465.0,(465),18.545760135709976,%
2025_잠재방한객조사_방한의향자.xlsx,방한의향자,C5,<표C5> 한국 여행 결정 요인(중복) (한국 방문의향자 기준),BASE:B5. 1) 한국 ④~⑤,대만,대만,국가/지역,계절/기후,465.0,(465),19.493079668037787,%
2025_잠재방한객조사_방한의향자.xlsx,방한의향자,C5,<표C5> 한국 여행 결정 요인(중복) (한국 방문의향자 기준),BASE:B5. 1) 한국 ④~⑤,대만,대만,국가/지역,건축/도시 디자인,465.0,(465),9.97872763309468,%
2025_잠재방한객조사_방한의향자.xlsx,방한의향자,C5,<표C5> 한국 여행 결정 요인(중복) (한국 방문의향자 기준),BASE:B5. 1) 한국 ④~⑤,대만,대만,국가/지역,치안/안전,465.0,(465),17.385408244397663,%
2025_잠재방한객조사_방한의향자.xlsx,방한의향자,C5,<표C5> 한국 여행 결정 요인(중복) (한국 방문의향자 기준),BASE:B5. 1) 한국 ④~⑤,대만,대만,국가/지역,해당 국가에서만 판매하는 상품 쇼핑,465.0,(465),18.9130019322118,%
2025_잠재방한객조사_방한의향자.xlsx,방한의향자,C5,<표C5> 한국 여행 결정 요인(중복) (한국 방문의향자 기준),BASE:B5. 1) 한국 ④~⑤,대만,대만,국가/지역,"웰니스 관광(스파, 디톡스 여행 등)",465.0,(465),11.487597544076905,%
2025_잠재방한객조사_방한의향자.xlsx,방한의향자,C5,<표C5> 한국 여행 결정 요인(중복) (한국 방문의향자 기준),BASE:B5. 1) 한국 ④~⑤,대만,대만,국가/지역,이동거리/비행시간,465.0,(465),23.219218459787992,%
2025_잠재방한객조사_방한의향자.xlsx,방한의향자,C5,<표C5> 한국 여행 결정 요인(중복) (한국 방문의향자 기준),BASE:B5. 1) 한국 ④~⑤,대만,대만,국가/지역,"행사/이벤트 체험(공연, 콘서트, 축제, 박람회 등)",465.0,(465),16.30045190599762,%
2025_잠재방한객조사_방한의향자.xlsx,방한의향자,C5,<표C5> 한국 여행 결정 요인(중복) (한국 방문의향자 기준),BASE:B5. 1) 한국 ④~⑤,대만,대만,국가/지역,항공 노선(직항 및 경유 등),465.0,(465),20.535922272977057,%
2025_잠재방한객조사_방한의향자.xlsx,방한의향자,C5,<표C5> 한국 여행 결정 요인(중복) (한국 방문의향자 기준),BASE:B5. 1) 한국 ④~⑤,대만,대만,국가/지역,출입국 편의성(비자 면제 등),465.0,(465),20.460067398291248,%
2025_잠재방한객조사_방한의향자.xlsx,방한의향자,C5,<표C5> 한국 여행 결정 요인(중복) (한국 방문의향자 기준),BASE:B5. 1) 한국 ④~⑤,대만,대만,국가/지역,유명 명품 구매 등 럭셔리 쇼핑,465.0,(465),8.620664975480375,%
2025_잠재방한객조사_방한의향자.xlsx,방한의향자,C5,<표C5> 한국 여행 결정 요인(중복) (한국 방문의향자 기준),BASE:B5. 1) 한국 ④~⑤,대만,대만,국가/지역,항공권 특가 및 할인 프로모션,465.0,(465),22.547677390428692,%
2025_잠재방한객조사_방한의향자.xlsx,방한의향자,C5,<표C5> 한국 여행 결정 요인(중복) (한국 방문의향자 기준),BASE:B5. 1) 한국 ④~⑤,대만,대만,국가/지역,"이벤트성 방문(신혼여행, 프로포즈, 생일, 기념일 등)",465.0,(465),9.29058857070284,%
2025_잠재방한객조사_방한의향자.xlsx,방한의향자,C5,<표C5> 한국 여행 결정 요인(중복) (한국 방문의향자 기준),BASE:B5. 1) 한국 ④~⑤,대만,대만,국가/지역,"의료 관광(검진, 시술, 수술 등)",465.0,(465),7.710550948226813,%
2025_잠재방한객조사_방한의향자.xlsx,방한의향자,C5,<표C5> 한국 여행 결정 요인(중복) (한국 방문의향자 기준),BASE:B5. 1) 한국 ④~⑤,대만,대만,국가/지역,환율 및 현지 물가,465.0,(465),17.782234432148325,%
2025_잠재방한객조사_방한의향자.xlsx,방한의향자,C5,<표C5> 한국 여행 결정 요인(중복) (한국 방문의향자 기준),BASE:B5. 1) 한국 ④~⑤,대만,대만,국가/지역,언어소통,465.0,(465),7.320966727256774,%
2025_잠재방한객조사_방한의향자.xlsx,방한의향자,C5,<표C5> 한국 여행 결정 요인(중복) (한국 방문의향자 기준),BASE:B5. 1) 한국 ④~⑤,대만,대만,국가/지역,어학/직업 연수 및 유학,465.0,(465),3.0791604452483843,%
2025_잠재방한객조사_방한의향자.xlsx,방한의향자,C5,<표C5> 한국 여행 결정 요인(중복) (한국 방문의향자 기준),BASE:B5. 1) 한국 ④~⑤,대만,대만,국가/지역,출장 및 학회 행사 개최지,465.0,(465),3.8503495382837425,%
2025_잠재방한객조사_방한의향자.xlsx,방한의향자,C5,<표C5> 한국 여행 결정 요인(중복) (한국 방문의향자 기준),BASE:B5. 1) 한국 ④~⑤,대만,대만,국가/지역,스포츠 관광(경기 관람 및 참여),465.0,(465),4.700554616894262,%
2025_잠재방한객조사_방한의향자.xlsx,방한의향자,C5,<표C5> 한국 여행 결정 요인(중복) (한국 방문의향자 기준),BASE:B5. 1) 한국 ④~⑤,대만,대만,국가/지역,종교 환경,465.0,(465),3.938961299617019,%
2025_잠재방한객조사_방한의향자.xlsx,방한의향자,C5,<표C5> 한국 여행 결정 요인(중복) (한국 방문의향자 기준),BASE:B5. 1) 한국 ④~⑤,대만,대만,국가/지역,과거 방문 경험,465.0,(465),10.833039082917347,%
2025_잠재방한객조사_방한의향자.xlsx,방한의향자,C5,<표C5> 한국 여행 결정 요인(중복) (한국 방문의향자 기준),BASE:B5. 1) 한국 ④~⑤,대만,대만,국가/지역,기타,465.0,(465),0,%
2025_잠재방한객조사_방한의향자.xlsx,방한의향자,C5,<표C5> 한국 여행 결정 요인(중복) (한국 방문의향자 기준),BASE:B5. 1) 한국 ④~⑤,미국,미국,국가/지역,"개인 및 인플루언서가 제작한 짧은 이미지(틱톡, 인스타그램 릴스, 유튜브 쇼츠 등)",930.0,(930),34.473149116551625,%
2025_잠재방한객조사_방한의향자.xlsx,방한의향자,C5,<표C5> 한국 여행 결정 요인(중복) (한국 방문의향자 기준),BASE:B5. 1) 한국 ④~⑤,미국,미국,국가/지역,음식/식문화,930.0,(930),34.638718994231496,%
2025_잠재방한객조사_방한의향자.xlsx,방한의향자,C5,<표C5> 한국 여행 결정 요인(중복) (한국 방문의향자 기준),BASE:B5. 1) 한국 ④~⑤,미국,미국,국가/지역,"가족, 친구, 지인 등 주변인 추천",930.0,(930),28.98482983013388,%
2025_잠재방한객조사_방한의향자.xlsx,방한의향자,C5,<표C5> 한국 여행 결정 요인(중복) (한국 방문의향자 기준),BASE:B5. 1) 한국 ④~⑤,미국,미국,국가/지역,"뉴스, 영화, 드라마, 다큐멘터리 등 대중 매체",930.0,(930),28.27158132055649,%
2025_잠재방한객조사_방한의향자.xlsx,방한의향자,C5,<표C5> 한국 여행 결정 요인(중복) (한국 방문의향자 기준),BASE:B5. 1) 한국 ④~⑤,미국,미국,국가/지역,관광지/관광 명소,930.0,(930),28.56474263126318,%
2025_잠재방한객조사_방한의향자.xlsx,방한의향자,C5,<표C5> 한국 여행 결정 요인(중복) (한국 방문의향자 기준),BASE:B5. 1) 한국 ④~⑤,미국,미국,국가/지역,자연 경관,930.0,(930),28.04481348282702,%
2025_잠재방한객조사_방한의향자.xlsx,방한의향자,C5,<표C5> 한국 여행 결정 요인(중복) (한국 방문의향자 기준),BASE:B5. 1) 한국 ④~⑤,미국,미국,국가/지역,"유명 인플루언서, 연예인 등의 여행 후기",930.0,(930),25.2127499365495,%
2025_잠재방한객조사_방한의향자.xlsx,방한의향자,C5,<표C5> 한국 여행 결정 요인(중복) (한국 방문의향자 기준),BASE:B5. 1) 한국 ④~⑤,미국,미국,국가/지역,전통문화/역사,930.0,(930),30.824978595355528,%
2025_잠재방한객조사_방한의향자.xlsx,방한의향자,C5,<표C5> 한국 여행 결정 요인(중복) (한국 방문의향자 기준),BASE:B5. 1) 한국 ④~⑤,미국,미국,국가/지역,"음악, 영화, 드라마 등 문화콘텐츠/연예인",930.0,(930),23.850293667809343,%
2025_잠재방한객조사_방한의향자.xlsx,방한의향자,C5,<표C5> 한국 여행 결정 요인(중복) (한국 방문의향자 기준),BASE:B5. 1) 한국 ④~⑤,미국,미국,국가/지역,관광 관련 공공기관이 제작한 국가 브랜드 홍보 영상,930.0,(930),24.582583432016374,%
2025_잠재방한객조사_방한의향자.xlsx,방한의향자,C5,<표C5> 한국 여행 결정 요인(중복) (한국 방문의향자 기준),BASE:B5. 1) 한국 ④~⑤,미국,미국,국가/지역,계절/기후,930.0,(930),16.977013334130604,%
2025_잠재방한객조사_방한의향자.xlsx,방한의향자,C5,<표C5> 한국 여행 결정 요인(중복) (한국 방문의향자 기준),BASE:B5. 1) 한국 ④~⑤,미국,미국,국가/지역,건축/도시 디자인,930.0,(930),17.62574911652064,%
2025_잠재방한객조사_방한의향자.xlsx,방한의향자,C5,<표C5> 한국 여행 결정 요인(중복) (한국 방문의향자 기준),BASE:B5. 1) 한국 ④~⑤,미국,미국,국가/지역,치안/안전,930.0,(930),17.144850365672895,%
2025_잠재방한객조사_방한의향자.xlsx,방한의향자,C5,<표C5> 한국 여행 결정 요인(중복) (한국 방문의향자 기준),BASE:B5. 1) 한국 ④~⑤,미국,미국,국가/지역,해당 국가에서만 판매하는 상품 쇼핑,930.0,(930),15.469032017950987,%
2025_잠재방한객조사_방한의향자.xlsx,방한의향자,C5,<표C5> 한국 여행 결정 요인(중복) (한국 방문의향자 기준),BASE:B5. 1) 한국 ④~⑤,미국,미국,국가/지역,"웰니스 관광(스파, 디톡스 여행 등)",930.0,(930),18.1014447235914,%
2025_잠재방한객조사_방한의향자.xlsx,방한의향자,C5,<표C5> 한국 여행 결정 요인(중복) (한국 방문의향자 기준),BASE:B5. 1) 한국 ④~⑤,미국,미국,국가/지역,이동거리/비행시간,930.0,(930),10.014624246455952,%
2025_잠재방한객조사_방한의향자.xlsx,방한의향자,C5,<표C5> 한국 여행 결정 요인(중복) (한국 방문의향자 기준),BASE:B5. 1) 한국 ④~⑤,미국,미국,국가/지역,"행사/이벤트 체험(공연, 콘서트, 축제, 박람회 등)",930.0,(930),14.128052969039887,%
2025_잠재방한객조사_방한의향자.xlsx,방한의향자,C5,<표C5> 한국 여행 결정 요인(중복) (한국 방문의향자 기준),BASE:B5. 1) 한국 ④~⑤,미국,미국,국가/지역,항공 노선(직항 및 경유 등),930.0,(930),12.267894497366283,%
2025_잠재방한객조사_방한의향자.xlsx,방한의향자,C5,<표C5> 한국 여행 결정 요인(중복) (한국 방문의향자 기준),BASE:B5. 1) 한국 ④~⑤,미국,미국,국가/지역,출입국 편의성(비자 면제 등),930.0,(930),11.302008154338894,%
2025_잠재방한객조사_방한의향자.xlsx,방한의향자,C5,<표C5> 한국 여행 결정 요인(중복) (한국 방문의향자 기준),BASE:B5. 1) 한국 ④~⑤,미국,미국,국가/지역,유명 명품 구매 등 럭셔리 쇼핑,930.0,(930),16.05187758469287,%
2025_잠재방한객조사_방한의향자.xlsx,방한의향자,C5,<표C5> 한국 여행 결정 요인(중복) (한국 방문의향자 기준),BASE:B5. 1) 한국 ④~⑤,미국,미국,국가/지역,항공권 특가 및 할인 프로모션,930.0,(930),10.612628772376073,%
2025_잠재방한객조사_방한의향자.xlsx,방한의향자,C5,<표C5> 한국 여행 결정 요인(중복) (한국 방문의향자 기준),BASE:B5. 1) 한국 ④~⑤,미국,미국,국가/지역,"이벤트성 방문(신혼여행, 프로포즈, 생일, 기념일 등)",930.0,(930),11.601644014957964,%
2025_잠재방한객조사_방한의향자.xlsx,방한의향자,C5,<표C5> 한국 여행 결정 요인(중복) (한국 방문의향자 기준),BASE:B5. 1) 한국 ④~⑤,미국,미국,국가/지역,"의료 관광(검진, 시술, 수술 등)",930.0,(930),9.90386563252368,%
2025_잠재방한객조사_방한의향자.xlsx,방한의향자,C5,<표C5> 한국 여행 결정 요인(중복) (한국 방문의향자 기준),BASE:B5. 1) 한국 ④~⑤,미국,미국,국가/지역,환율 및 현지 물가,930.0,(930),11.830864623825272,%
2025_잠재방한객조사_방한의향자.xlsx,방한의향자,C5,<표C5> 한국 여행 결정 요인(중복) (한국 방문의향자 기준),BASE:B5. 1) 한국 ④~⑤,미국,미국,국가/지역,언어소통,930.0,(930),9.824804177970762,%
2025_잠재방한객조사_방한의향자.xlsx,방한의향자,C5,<표C5> 한국 여행 결정 요인(중복) (한국 방문의향자 기준),BASE:B5. 1) 한국 ④~⑤,미국,미국,국가/지역,어학/직업 연수 및 유학,930.0,(930),9.046207464173186,%
2025_잠재방한객조사_방한의향자.xlsx,방한의향자,C5,<표C5> 한국 여행 결정 요인(중복) (한국 방문의향자 기준),BASE:B5. 1) 한국 ④~⑤,미국,미국,국가/지역,출장 및 학회 행사 개최지,930.0,(930),8.928740717102794,%
2025_잠재방한객조사_방한의향자.xlsx,방한의향자,C5,<표C5> 한국 여행 결정 요인(중복) (한국 방문의향자 기준),BASE:B5. 1) 한국 ④~⑤,미국,미국,국가/지역,스포츠 관광(경기 관람 및 참여),930.0,(930),7.112505783506938,%
2025_잠재방한객조사_방한의향자.xlsx,방한의향자,C5,<표C5> 한국 여행 결정 요인(중복) (한국 방문의향자 기준),BASE:B5. 1) 한국 ④~⑤,미국,미국,국가/지역,종교 환경,930.0,(930),8.426574892030176,%
2025_잠재방한객조사_방한의향자.xlsx,방한의향자,C5,<표C5> 한국 여행 결정 요인(중복) (한국 방문의향자 기준),BASE:B5. 1) 한국 ④~⑤,미국,미국,국가/지역,과거 방문 경험,930.0,(930),5.539792701464165,%
2025_잠재방한객조사_방한의향자.xlsx,방한의향자,C5,<표C5> 한국 여행 결정 요인(중복) (한국 방문의향자 기준),BASE:B5. 1) 한국 ④~⑤,미국,미국,국가/지역,기타,930.0,(930),2.0916521432456174,%
2025_잠재방한객조사_방한의향자.xlsx,방한의향자,C5,<표C5> 한국 여행 결정 요인(중복) (한국 방문의향자 기준),BASE:B5. 1) 한국 ④~⑤,필리핀,필리핀,국가/지역,"개인 및 인플루언서가 제작한 짧은 이미지(틱톡, 인스타그램 릴스, 유튜브 쇼츠 등)",465.0,(465),42.927075891733494,%
2025_잠재방한객조사_방한의향자.xlsx,방한의향자,C5,<표C5> 한국 여행 결정 요인(중복) (한국 방문의향자 기준),BASE:B5. 1) 한국 ④~⑤,필리핀,필리핀,국가/지역,음식/식문화,465.0,(465),57.184629808651465,%
2025_잠재방한객조사_방한의향자.xlsx,방한의향자,C5,<표C5> 한국 여행 결정 요인(중복) (한국 방문의향자 기준),BASE:B5. 1) 한국 ④~⑤,필리핀,필리핀,국가/지역,"가족, 친구, 지인 등 주변인 추천",465.0,(465),47.78161562918107,%
2025_잠재방한객조사_방한의향자.xlsx,방한의향자,C5,<표C5> 한국 여행 결정 요인(중복) (한국 방문의향자 기준),BASE:B5. 1) 한국 ④~⑤,필리핀,필리핀,국가/지역,"뉴스, 영화, 드라마, 다큐멘터리 등 대중 매체",465.0,(465),45.696180151939686,%
2025_잠재방한객조사_방한의향자.xlsx,방한의향자,C5,<표C5> 한국 여행 결정 요인(중복) (한국 방문의향자 기준),BASE:B5. 1) 한국 ④~⑤,필리핀,필리핀,국가/지역,관광지/관광 명소,465.0,(465),50.47013883040684,%
2025_잠재방한객조사_방한의향자.xlsx,방한의향자,C5,<표C5> 한국 여행 결정 요인(중복) (한국 방문의향자 기준),BASE:B5. 1) 한국 ④~⑤,필리핀,필리핀,국가/지역,자연 경관,465.0,(465),47.25042772809584,%
2025_잠재방한객조사_방한의향자.xlsx,방한의향자,C5,<표C5> 한국 여행 결정 요인(중복) (한국 방문의향자 기준),BASE:B5. 1) 한국 ④~⑤,필리핀,필리핀,국가/지역,"유명 인플루언서, 연예인 등의 여행 후기",465.0,(465),44.13475646000818,%
2025_잠재방한객조사_방한의향자.xlsx,방한의향자,C5,<표C5> 한국 여행 결정 요인(중복) (한국 방문의향자 기준),BASE:B5. 1) 한국 ④~⑤,필리핀,필리핀,국가/지역,전통문화/역사,465.0,(465),42.455264858745664,%
2025_잠재방한객조사_방한의향자.xlsx,방한의향자,C5,<표C5> 한국 여행 결정 요인(중복) (한국 방문의향자 기준),BASE:B5. 1) 한국 ④~⑤,필리핀,필리핀,국가/지역,"음악, 영화, 드라마 등 문화콘텐츠/연예인",465.0,(465),38.95060456434194,%
2025_잠재방한객조사_방한의향자.xlsx,방한의향자,C5,<표C5> 한국 여행 결정 요인(중복) (한국 방문의향자 기준),BASE:B5. 1) 한국 ④~⑤,필리핀,필리핀,국가/지역,관광 관련 공공기관이 제작한 국가 브랜드 홍보 영상,465.0,(465),24.267599802889876,%
2025_잠재방한객조사_방한의향자.xlsx,방한의향자,C5,<표C5> 한국 여행 결정 요인(중복) (한국 방문의향자 기준),BASE:B5. 1) 한국 ④~⑤,필리핀,필리핀,국가/지역,계절/기후,465.0,(465),42.459916594763314,%
2025_잠재방한객조사_방한의향자.xlsx,방한의향자,C5,<표C5> 한국 여행 결정 요인(중복) (한국 방문의향자 기준),BASE:B5. 1) 한국 ④~⑤,필리핀,필리핀,국가/지역,건축/도시 디자인,465.0,(465),23.65972947788997,%
2025_잠재방한객조사_방한의향자.xlsx,방한의향자,C5,<표C5> 한국 여행 결정 요인(중복) (한국 방문의향자 기준),BASE:B5. 1) 한국 ④~⑤,필리핀,필리핀,국가/지역,치안/안전,465.0,(465),25.582894633990445,%
2025_잠재방한객조사_방한의향자.xlsx,방한의향자,C5,<표C5> 한국 여행 결정 요인(중복) (한국 방문의향자 기준),BASE:B5. 1) 한국 ④~⑤,필리핀,필리핀,국가/지역,해당 국가에서만 판매하는 상품 쇼핑,465.0,(465),27.843623679983715,%
2025_잠재방한객조사_방한의향자.xlsx,방한의향자,C5,<표C5> 한국 여행 결정 요인(중복) (한국 방문의향자 기준),BASE:B5. 1) 한국 ④~⑤,필리핀,필리핀,국가/지역,"웰니스 관광(스파, 디톡스 여행 등)",465.0,(465),21.08689341496201,%
2025_잠재방한객조사_방한의향자.xlsx,방한의향자,C5,<표C5> 한국 여행 결정 요인(중복) (한국 방문의향자 기준),BASE:B5. 1) 한국 ④~⑤,필리핀,필리핀,국가/지역,이동거리/비행시간,465.0,(465),24.476012968145934,%
2025_잠재방한객조사_방한의향자.xlsx,방한의향자,C5,<표C5> 한국 여행 결정 요인(중복) (한국 방문의향자 기준),BASE:B5. 1) 한국 ④~⑤,필리핀,필리핀,국가/지역,"행사/이벤트 체험(공연, 콘서트, 축제, 박람회 등)",465.0,(465),26.243466599562833,%
2025_잠재방한객조사_방한의향자.xlsx,방한의향자,C5,<표C5> 한국 여행 결정 요인(중복) (한국 방문의향자 기준),BASE:B5. 1) 한국 ④~⑤,필리핀,필리핀,국가/지역,항공 노선(직항 및 경유 등),465.0,(465),19.084221873299263,%
2025_잠재방한객조사_방한의향자.xlsx,방한의향자,C5,<표C5> 한국 여행 결정 요인(중복) (한국 방문의향자 기준),BASE:B5. 1) 한국 ④~⑤,필리핀,필리핀,국가/지역,출입국 편의성(비자 면제 등),465.0,(465),20.330857094840542,%
2025_잠재방한객조사_방한의향자.xlsx,방한의향자,C5,<표C5> 한국 여행 결정 요인(중복) (한국 방문의향자 기준),BASE:B5. 1) 한국 ④~⑤,필리핀,필리핀,국가/지역,유명 명품 구매 등 럭셔리 쇼핑,465.0,(465),18.629963430708436,%
2025_잠재방한객조사_방한의향자.xlsx,방한의향자,C5,<표C5> 한국 여행 결정 요인(중복) (한국 방문의향자 기준),BASE:B5. 1) 한국 ④~⑤,필리핀,필리핀,국가/지역,항공권 특가 및 할인 프로모션,465.0,(465),20.018160457162004,%
2025_잠재방한객조사_방한의향자.xlsx,방한의향자,C5,<표C5> 한국 여행 결정 요인(중복) (한국 방문의향자 기준),BASE:B5. 1) 한국 ④~⑤,필리핀,필리핀,국가/지역,"이벤트성 방문(신혼여행, 프로포즈, 생일, 기념일 등)",465.0,(465),20.36437220795727,%
2025_잠재방한객조사_방한의향자.xlsx,방한의향자,C5,<표C5> 한국 여행 결정 요인(중복) (한국 방문의향자 기준),BASE:B5. 1) 한국 ④~⑤,필리핀,필리핀,국가/지역,"의료 관광(검진, 시술, 수술 등)",465.0,(465),15.285846580004602,%
2025_잠재방한객조사_방한의향자.xlsx,방한의향자,C5,<표C5> 한국 여행 결정 요인(중복) (한국 방문의향자 기준),BASE:B5. 1) 한국 ④~⑤,필리핀,필리핀,국가/지역,환율 및 현지 물가,465.0,(465),11.839470256673255,%
2025_잠재방한객조사_방한의향자.xlsx,방한의향자,C5,<표C5> 한국 여행 결정 요인(중복) (한국 방문의향자 기준),BASE:B5. 1) 한국 ④~⑤,필리핀,필리핀,국가/지역,언어소통,465.0,(465),13.39716859460765,%
2025_잠재방한객조사_방한의향자.xlsx,방한의향자,C5,<표C5> 한국 여행 결정 요인(중복) (한국 방문의향자 기준),BASE:B5. 1) 한국 ④~⑤,필리핀,필리핀,국가/지역,어학/직업 연수 및 유학,465.0,(465),10.45039803529452,%
2025_잠재방한객조사_방한의향자.xlsx,방한의향자,C5,<표C5> 한국 여행 결정 요인(중복) (한국 방문의향자 기준),BASE:B5. 1) 한국 ④~⑤,필리핀,필리핀,국가/지역,출장 및 학회 행사 개최지,465.0,(465),11.305691662522117,%
2025_잠재방한객조사_방한의향자.xlsx,방한의향자,C5,<표C5> 한국 여행 결정 요인(중복) (한국 방문의향자 기준),BASE:B5. 1) 한국 ④~⑤,필리핀,필리핀,국가/지역,스포츠 관광(경기 관람 및 참여),465.0,(465),9.137537436992002,%
2025_잠재방한객조사_방한의향자.xlsx,방한의향자,C5,<표C5> 한국 여행 결정 요인(중복) (한국 방문의향자 기준),BASE:B5. 1) 한국 ④~⑤,필리핀,필리핀,국가/지역,종교 환경,465.0,(465),8.458142406333872,%
2025_잠재방한객조사_방한의향자.xlsx,방한의향자,C5,<표C5> 한국 여행 결정 요인(중복) (한국 방문의향자 기준),BASE:B5. 1) 한국 ④~⑤,필리핀,필리핀,국가/지역,과거 방문 경험,465.0,(465),4.720208454367304,%
2025_잠재방한객조사_방한의향자.xlsx,방한의향자,C5,<표C5> 한국 여행 결정 요인(중복) (한국 방문의향자 기준),BASE:B5. 1) 한국 ④~⑤,필리핀,필리핀,국가/지역,기타,465.0,(465),0.4575153602263218,%
2025_잠재방한객조사_방한의향자.xlsx,방한의향자,C5,<표C5> 한국 여행 결정 요인(중복) (한국 방문의향자 기준),BASE:B5. 1) 한국 ④~⑤,베트남,베트남,국가/지역,"개인 및 인플루언서가 제작한 짧은 이미지(틱톡, 인스타그램 릴스, 유튜브 쇼츠 등)",465.0,(465),54.61775773357406,%
2025_잠재방한객조사_방한의향자.xlsx,방한의향자,C5,<표C5> 한국 여행 결정 요인(중복) (한국 방문의향자 기준),BASE:B5. 1) 한국 ④~⑤,베트남,베트남,국가/지역,음식/식문화,465.0,(465),50.98936236990935,%
2025_잠재방한객조사_방한의향자.xlsx,방한의향자,C5,<표C5> 한국 여행 결정 요인(중복) (한국 방문의향자 기준),BASE:B5. 1) 한국 ④~⑤,베트남,베트남,국가/지역,"가족, 친구, 지인 등 주변인 추천",465.0,(465),37.86776383682203,%
2025_잠재방한객조사_방한의향자.xlsx,방한의향자,C5,<표C5> 한국 여행 결정 요인(중복) (한국 방문의향자 기준),BASE:B5. 1) 한국 ④~⑤,베트남,베트남,국가/지역,"뉴스, 영화, 드라마, 다큐멘터리 등 대중 매체",465.0,(465),48.67447464126807,%
2025_잠재방한객조사_방한의향자.xlsx,방한의향자,C5,<표C5> 한국 여행 결정 요인(중복) (한국 방문의향자 기준),BASE:B5. 1) 한국 ④~⑤,베트남,베트남,국가/지역,관광지/관광 명소,465.0,(465),39.037280077241284,%
2025_잠재방한객조사_방한의향자.xlsx,방한의향자,C5,<표C5> 한국 여행 결정 요인(중복) (한국 방문의향자 기준),BASE:B5. 1) 한국 ④~⑤,베트남,베트남,국가/지역,자연 경관,465.0,(465),43.165895594834744,%
2025_잠재방한객조사_방한의향자.xlsx,방한의향자,C5,<표C5> 한국 여행 결정 요인(중복) (한국 방문의향자 기준),BASE:B5. 1) 한국 ④~⑤,베트남,베트남,국가/지역,"유명 인플루언서, 연예인 등의 여행 후기",465.0,(465),43.19683246576613,%
2025_잠재방한객조사_방한의향자.xlsx,방한의향자,C5,<표C5> 한국 여행 결정 요인(중복) (한국 방문의향자 기준),BASE:B5. 1) 한국 ④~⑤,베트남,베트남,국가/지역,전통문화/역사,465.0,(465),39.036974130994686,%
2025_잠재방한객조사_방한의향자.xlsx,방한의향자,C5,<표C5> 한국 여행 결정 요인(중복) (한국 방문의향자 기준),BASE:B5. 1) 한국 ④~⑤,베트남,베트남,국가/지역,"음악, 영화, 드라마 등 문화콘텐츠/연예인",465.0,(465),36.625241585152516,%
2025_잠재방한객조사_방한의향자.xlsx,방한의향자,C5,<표C5> 한국 여행 결정 요인(중복) (한국 방문의향자 기준),BASE:B5. 1) 한국 ④~⑤,베트남,베트남,국가/지역,관광 관련 공공기관이 제작한 국가 브랜드 홍보 영상,465.0,(465),36.40436550357825,%
2025_잠재방한객조사_방한의향자.xlsx,방한의향자,C5,<표C5> 한국 여행 결정 요인(중복) (한국 방문의향자 기준),BASE:B5. 1) 한국 ④~⑤,베트남,베트남,국가/지역,계절/기후,465.0,(465),33.611613311091716,%
2025_잠재방한객조사_방한의향자.xlsx,방한의향자,C5,<표C5> 한국 여행 결정 요인(중복) (한국 방문의향자 기준),BASE:B5. 1) 한국 ④~⑤,베트남,베트남,국가/지역,건축/도시 디자인,465.0,(465),25.376364399022343,%
2025_잠재방한객조사_방한의향자.xlsx,방한의향자,C5,<표C5> 한국 여행 결정 요인(중복) (한국 방문의향자 기준),BASE:B5. 1) 한국 ④~⑤,베트남,베트남,국가/지역,치안/안전,465.0,(465),21.94701508792335,%
2025_잠재방한객조사_방한의향자.xlsx,방한의향자,C5,<표C5> 한국 여행 결정 요인(중복) (한국 방문의향자 기준),BASE:B5. 1) 한국 ④~⑤,베트남,베트남,국가/지역,해당 국가에서만 판매하는 상품 쇼핑,465.0,(465),30.362300433647306,%
2025_잠재방한객조사_방한의향자.xlsx,방한의향자,C5,<표C5> 한국 여행 결정 요인(중복) (한국 방문의향자 기준),BASE:B5. 1) 한국 ④~⑤,베트남,베트남,국가/지역,"웰니스 관광(스파, 디톡스 여행 등)",465.0,(465),26.62946357840997,%
2025_잠재방한객조사_방한의향자.xlsx,방한의향자,C5,<표C5> 한국 여행 결정 요인(중복) (한국 방문의향자 기준),BASE:B5. 1) 한국 ④~⑤,베트남,베트남,국가/지역,이동거리/비행시간,465.0,(465),22.245315673332513,%
2025_잠재방한객조사_방한의향자.xlsx,방한의향자,C5,<표C5> 한국 여행 결정 요인(중복) (한국 방문의향자 기준),BASE:B5. 1) 한국 ④~⑤,베트남,베트남,국가/지역,"행사/이벤트 체험(공연, 콘서트, 축제, 박람회 등)",465.0,(465),29.30375672828866,%
2025_잠재방한객조사_방한의향자.xlsx,방한의향자,C5,<표C5> 한국 여행 결정 요인(중복) (한국 방문의향자 기준),BASE:B5. 1) 한국 ④~⑤,베트남,베트남,국가/지역,항공 노선(직항 및 경유 등),465.0,(465),20.828142430439655,%
2025_잠재방한객조사_방한의향자.xlsx,방한의향자,C5,<표C5> 한국 여행 결정 요인(중복) (한국 방문의향자 기준),BASE:B5. 1) 한국 ④~⑤,베트남,베트남,국가/지역,출입국 편의성(비자 면제 등),465.0,(465),25.475522806290485,%
2025_잠재방한객조사_방한의향자.xlsx,방한의향자,C5,<표C5> 한국 여행 결정 요인(중복) (한국 방문의향자 기준),BASE:B5. 1) 한국 ④~⑤,베트남,베트남,국가/지역,유명 명품 구매 등 럭셔리 쇼핑,465.0,(465),19.282464485008134,%
2025_잠재방한객조사_방한의향자.xlsx,방한의향자,C5,<표C5> 한국 여행 결정 요인(중복) (한국 방문의향자 기준),BASE:B5. 1) 한국 ④~⑤,베트남,베트남,국가/지역,항공권 특가 및 할인 프로모션,465.0,(465),21.812458368715905,%
2025_잠재방한객조사_방한의향자.xlsx,방한의향자,C5,<표C5> 한국 여행 결정 요인(중복) (한국 방문의향자 기준),BASE:B5. 1) 한국 ④~⑤,베트남,베트남,국가/지역,"이벤트성 방문(신혼여행, 프로포즈, 생일, 기념일 등)",465.0,(465),23.898293037434918,%
2025_잠재방한객조사_방한의향자.xlsx,방한의향자,C5,<표C5> 한국 여행 결정 요인(중복) (한국 방문의향자 기준),BASE:B5. 1) 한국 ④~⑤,베트남,베트남,국가/지역,"의료 관광(검진, 시술, 수술 등)",465.0,(465),19.64443887406006,%
2025_잠재방한객조사_방한의향자.xlsx,방한의향자,C5,<표C5> 한국 여행 결정 요인(중복) (한국 방문의향자 기준),BASE:B5. 1) 한국 ④~⑤,베트남,베트남,국가/지역,환율 및 현지 물가,465.0,(465),14.163583725907067,%
2025_잠재방한객조사_방한의향자.xlsx,방한의향자,C5,<표C5> 한국 여행 결정 요인(중복) (한국 방문의향자 기준),BASE:B5. 1) 한국 ④~⑤,베트남,베트남,국가/지역,언어소통,465.0,(465),12.046657719279057,%
2025_잠재방한객조사_방한의향자.xlsx,방한의향자,C5,<표C5> 한국 여행 결정 요인(중복) (한국 방문의향자 기준),BASE:B5. 1) 한국 ④~⑤,베트남,베트남,국가/지역,어학/직업 연수 및 유학,465.0,(465),13.529467676863968,%
2025_잠재방한객조사_방한의향자.xlsx,방한의향자,C5,<표C5> 한국 여행 결정 요인(중복) (한국 방문의향자 기준),BASE:B5. 1) 한국 ④~⑤,베트남,베트남,국가/지역,출장 및 학회 행사 개최지,465.0,(465),16.68986189645416,%
2025_잠재방한객조사_방한의향자.xlsx,방한의향자,C5,<표C5> 한국 여행 결정 요인(중복) (한국 방문의향자 기준),BASE:B5. 1) 한국 ④~⑤,베트남,베트남,국가/지역,스포츠 관광(경기 관람 및 참여),465.0,(465),15.932553329037699,%
2025_잠재방한객조사_방한의향자.xlsx,방한의향자,C5,<표C5> 한국 여행 결정 요인(중복) (한국 방문의향자 기준),BASE:B5. 1) 한국 ④~⑤,베트남,베트남,국가/지역,종교 환경,465.0,(465),13.331186391156786,%
2025_잠재방한객조사_방한의향자.xlsx,방한의향자,C5,<표C5> 한국 여행 결정 요인(중복) (한국 방문의향자 기준),BASE:B5. 1) 한국 ④~⑤,베트남,베트남,국가/지역,과거 방문 경험,465.0,(465),12.282576889752834,%
2025_잠재방한객조사_방한의향자.xlsx,방한의향자,C5,<표C5> 한국 여행 결정 요인(중복) (한국 방문의향자 기준),BASE:B5. 1) 한국 ④~⑤,베트남,베트남,국가/지역,기타,465.0,(465),0.22249307978732769,%
2025_잠재방한객조사_방한의향자.xlsx,방한의향자,C5,<표C5> 한국 여행 결정 요인(중복) (한국 방문의향자 기준),BASE:B5. 1) 한국 ④~⑤,싱가포르,싱가포르,국가/지역,"개인 및 인플루언서가 제작한 짧은 이미지(틱톡, 인스타그램 릴스, 유튜브 쇼츠 등)",465.0,(465),30.125397963986412,%
2025_잠재방한객조사_방한의향자.xlsx,방한의향자,C5,<표C5> 한국 여행 결정 요인(중복) (한국 방문의향자 기준),BASE:B5. 1) 한국 ④~⑤,싱가포르,싱가포르,국가/지역,음식/식문화,465.0,(465),41.99986072300113,%
2025_잠재방한객조사_방한의향자.xlsx,방한의향자,C5,<표C5> 한국 여행 결정 요인(중복) (한국 방문의향자 기준),BASE:B5. 1) 한국 ④~⑤,싱가포르,싱가포르,국가/지역,"가족, 친구, 지인 등 주변인 추천",465.0,(465),33.35407832159646,%
2025_잠재방한객조사_방한의향자.xlsx,방한의향자,C5,<표C5> 한국 여행 결정 요인(중복) (한국 방문의향자 기준),BASE:B5. 1) 한국 ④~⑤,싱가포르,싱가포르,국가/지역,"뉴스, 영화, 드라마, 다큐멘터리 등 대중 매체",465.0,(465),30.688481994105636,%
2025_잠재방한객조사_방한의향자.xlsx,방한의향자,C5,<표C5> 한국 여행 결정 요인(중복) (한국 방문의향자 기준),BASE:B5. 1) 한국 ④~⑤,싱가포르,싱가포르,국가/지역,관광지/관광 명소,465.0,(465),32.35307115139497,%
2025_잠재방한객조사_방한의향자.xlsx,방한의향자,C5,<표C5> 한국 여행 결정 요인(중복) (한국 방문의향자 기준),BASE:B5. 1) 한국 ④~⑤,싱가포르,싱가포르,국가/지역,자연 경관,465.0,(465),32.958890871495974,%
2025_잠재방한객조사_방한의향자.xlsx,방한의향자,C5,<표C5> 한국 여행 결정 요인(중복) (한국 방문의향자 기준),BASE:B5. 1) 한국 ④~⑤,싱가포르,싱가포르,국가/지역,"유명 인플루언서, 연예인 등의 여행 후기",465.0,(465),27.523311663835333,%
2025_잠재방한객조사_방한의향자.xlsx,방한의향자,C5,<표C5> 한국 여행 결정 요인(중복) (한국 방문의향자 기준),BASE:B5. 1) 한국 ④~⑤,싱가포르,싱가포르,국가/지역,전통문화/역사,465.0,(465),21.38996881271812,%
2025_잠재방한객조사_방한의향자.xlsx,방한의향자,C5,<표C5> 한국 여행 결정 요인(중복) (한국 방문의향자 기준),BASE:B5. 1) 한국 ④~⑤,싱가포르,싱가포르,국가/지역,"음악, 영화, 드라마 등 문화콘텐츠/연예인",465.0,(465),21.20099679191436,%
2025_잠재방한객조사_방한의향자.xlsx,방한의향자,C5,<표C5> 한국 여행 결정 요인(중복) (한국 방문의향자 기준),BASE:B5. 1) 한국 ④~⑤,싱가포르,싱가포르,국가/지역,관광 관련 공공기관이 제작한 국가 브랜드 홍보 영상,465.0,(465),17.6796082369627,%
2025_잠재방한객조사_방한의향자.xlsx,방한의향자,C5,<표C5> 한국 여행 결정 요인(중복) (한국 방문의향자 기준),BASE:B5. 1) 한국 ④~⑤,싱가포르,싱가포르,국가/지역,계절/기후,465.0,(465),28.97099647979633,%
2025_잠재방한객조사_방한의향자.xlsx,방한의향자,C5,<표C5> 한국 여행 결정 요인(중복) (한국 방문의향자 기준),BASE:B5. 1) 한국 ④~⑤,싱가포르,싱가포르,국가/지역,건축/도시 디자인,465.0,(465),12.684769590743047,%
2025_잠재방한객조사_방한의향자.xlsx,방한의향자,C5,<표C5> 한국 여행 결정 요인(중복) (한국 방문의향자 기준),BASE:B5. 1) 한국 ④~⑤,싱가포르,싱가포르,국가/지역,치안/안전,465.0,(465),18.270478765370743,%
2025_잠재방한객조사_방한의향자.xlsx,방한의향자,C5,<표C5> 한국 여행 결정 요인(중복) (한국 방문의향자 기준),BASE:B5. 1) 한국 ④~⑤,싱가포르,싱가포르,국가/지역,해당 국가에서만 판매하는 상품 쇼핑,465.0,(465),19.534535305688234,%
2025_잠재방한객조사_방한의향자.xlsx,방한의향자,C5,<표C5> 한국 여행 결정 요인(중복) (한국 방문의향자 기준),BASE:B5. 1) 한국 ④~⑤,싱가포르,싱가포르,국가/지역,"웰니스 관광(스파, 디톡스 여행 등)",465.0,(465),13.59718818328173,%
2025_잠재방한객조사_방한의향자.xlsx,방한의향자,C5,<표C5> 한국 여행 결정 요인(중복) (한국 방문의향자 기준),BASE:B5. 1) 한국 ④~⑤,싱가포르,싱가포르,국가/지역,이동거리/비행시간,465.0,(465),14.573332058816227,%
2025_잠재방한객조사_방한의향자.xlsx,방한의향자,C5,<표C5> 한국 여행 결정 요인(중복) (한국 방문의향자 기준),BASE:B5. 1) 한국 ④~⑤,싱가포르,싱가포르,국가/지역,"행사/이벤트 체험(공연, 콘서트, 축제, 박람회 등)",465.0,(465),11.062414309200735,%
2025_잠재방한객조사_방한의향자.xlsx,방한의향자,C5,<표C5> 한국 여행 결정 요인(중복) (한국 방문의향자 기준),BASE:B5. 1) 한국 ④~⑤,싱가포르,싱가포르,국가/지역,항공 노선(직항 및 경유 등),465.0,(465),12.770166150801881,%
2025_잠재방한객조사_방한의향자.xlsx,방한의향자,C5,<표C5> 한국 여행 결정 요인(중복) (한국 방문의향자 기준),BASE:B5. 1) 한국 ④~⑤,싱가포르,싱가포르,국가/지역,출입국 편의성(비자 면제 등),465.0,(465),16.052975667386292,%
2025_잠재방한객조사_방한의향자.xlsx,방한의향자,C5,<표C5> 한국 여행 결정 요인(중복) (한국 방문의향자 기준),BASE:B5. 1) 한국 ④~⑤,싱가포르,싱가포르,국가/지역,유명 명품 구매 등 럭셔리 쇼핑,465.0,(465),13.914022640148533,%
2025_잠재방한객조사_방한의향자.xlsx,방한의향자,C5,<표C5> 한국 여행 결정 요인(중복) (한국 방문의향자 기준),BASE:B5. 1) 한국 ④~⑤,싱가포르,싱가포르,국가/지역,항공권 특가 및 할인 프로모션,465.0,(465),12.721413626037577,%
2025_잠재방한객조사_방한의향자.xlsx,방한의향자,C5,<표C5> 한국 여행 결정 요인(중복) (한국 방문의향자 기준),BASE:B5. 1) 한국 ④~⑤,싱가포르,싱가포르,국가/지역,"이벤트성 방문(신혼여행, 프로포즈, 생일, 기념일 등)",465.0,(465),7.2516249229936,%
2025_잠재방한객조사_방한의향자.xlsx,방한의향자,C5,<표C5> 한국 여행 결정 요인(중복) (한국 방문의향자 기준),BASE:B5. 1) 한국 ④~⑤,싱가포르,싱가포르,국가/지역,"의료 관광(검진, 시술, 수술 등)",465.0,(465),8.00317184271978,%
2025_잠재방한객조사_방한의향자.xlsx,방한의향자,C5,<표C5> 한국 여행 결정 요인(중복) (한국 방문의향자 기준),BASE:B5. 1) 한국 ④~⑤,싱가포르,싱가포르,국가/지역,환율 및 현지 물가,465.0,(465),13.276842175668978,%
2025_잠재방한객조사_방한의향자.xlsx,방한의향자,C5,<표C5> 한국 여행 결정 요인(중복) (한국 방문의향자 기준),BASE:B5. 1) 한국 ④~⑤,싱가포르,싱가포르,국가/지역,언어소통,465.0,(465),8.337570400356075,%
2025_잠재방한객조사_방한의향자.xlsx,방한의향자,C5,<표C5> 한국 여행 결정 요인(중복) (한국 방문의향자 기준),BASE:B5. 1) 한국 ④~⑤,싱가포르,싱가포르,국가/지역,어학/직업 연수 및 유학,465.0,(465),5.571957125467489,%
2025_잠재방한객조사_방한의향자.xlsx,방한의향자,C5,<표C5> 한국 여행 결정 요인(중복) (한국 방문의향자 기준),BASE:B5. 1) 한국 ④~⑤,싱가포르,싱가포르,국가/지역,출장 및 학회 행사 개최지,465.0,(465),5.943389057610146,%
2025_잠재방한객조사_방한의향자.xlsx,방한의향자,C5,<표C5> 한국 여행 결정 요인(중복) (한국 방문의향자 기준),BASE:B5. 1) 한국 ④~⑤,싱가포르,싱가포르,국가/지역,스포츠 관광(경기 관람 및 참여),465.0,(465),6.250054753758606,%
2025_잠재방한객조사_방한의향자.xlsx,방한의향자,C5,<표C5> 한국 여행 결정 요인(중복) (한국 방문의향자 기준),BASE:B5. 1) 한국 ④~⑤,싱가포르,싱가포르,국가/지역,종교 환경,465.0,(465),6.18137233587244,%
2025_잠재방한객조사_방한의향자.xlsx,방한의향자,C5,<표C5> 한국 여행 결정 요인(중복) (한국 방문의향자 기준),BASE:B5. 1) 한국 ④~⑤,싱가포르,싱가포르,국가/지역,과거 방문 경험,465.0,(465),9.26638818757422,%
2025_잠재방한객조사_방한의향자.xlsx,방한의향자,C5,<표C5> 한국 여행 결정 요인(중복) (한국 방문의향자 기준),BASE:B5. 1) 한국 ④~⑤,싱가포르,싱가포르,국가/지역,기타,465.0,(465),0.22543693918683408,%
2025_잠재방한객조사_방한의향자.xlsx,방한의향자,C5,<표C5> 한국 여행 결정 요인(중복) (한국 방문의향자 기준),BASE:B5. 1) 한국 ④~⑤,인도네시아,인도네시아,국가/지역,"개인 및 인플루언서가 제작한 짧은 이미지(틱톡, 인스타그램 릴스, 유튜브 쇼츠 등)",465.0,(465),64.98218060166742,%
2025_잠재방한객조사_방한의향자.xlsx,방한의향자,C5,<표C5> 한국 여행 결정 요인(중복) (한국 방문의향자 기준),BASE:B5. 1) 한국 ④~⑤,인도네시아,인도네시아,국가/지역,음식/식문화,465.0,(465),53.72568540624901,%
2025_잠재방한객조사_방한의향자.xlsx,방한의향자,C5,<표C5> 한국 여행 결정 요인(중복) (한국 방문의향자 기준),BASE:B5. 1) 한국 ④~⑤,인도네시아,인도네시아,국가/지역,"가족, 친구, 지인 등 주변인 추천",465.0,(465),40.19998380617291,%
2025_잠재방한객조사_방한의향자.xlsx,방한의향자,C5,<표C5> 한국 여행 결정 요인(중복) (한국 방문의향자 기준),BASE:B5. 1) 한국 ④~⑤,인도네시아,인도네시아,국가/지역,"뉴스, 영화, 드라마, 다큐멘터리 등 대중 매체",465.0,(465),47.83250250466773,%
2025_잠재방한객조사_방한의향자.xlsx,방한의향자,C5,<표C5> 한국 여행 결정 요인(중복) (한국 방문의향자 기준),BASE:B5. 1) 한국 ④~⑤,인도네시아,인도네시아,국가/지역,관광지/관광 명소,465.0,(465),45.30914366704353,%
2025_잠재방한객조사_방한의향자.xlsx,방한의향자,C5,<표C5> 한국 여행 결정 요인(중복) (한국 방문의향자 기준),BASE:B5. 1) 한국 ④~⑤,인도네시아,인도네시아,국가/지역,자연 경관,465.0,(465),45.82020222882267,%
2025_잠재방한객조사_방한의향자.xlsx,방한의향자,C5,<표C5> 한국 여행 결정 요인(중복) (한국 방문의향자 기준),BASE:B5. 1) 한국 ④~⑤,인도네시아,인도네시아,국가/지역,"유명 인플루언서, 연예인 등의 여행 후기",465.0,(465),50.14043202006341,%
2025_잠재방한객조사_방한의향자.xlsx,방한의향자,C5,<표C5> 한국 여행 결정 요인(중복) (한국 방문의향자 기준),BASE:B5. 1) 한국 ④~⑤,인도네시아,인도네시아,국가/지역,전통문화/역사,465.0,(465),40.40711257801913,%
2025_잠재방한객조사_방한의향자.xlsx,방한의향자,C5,<표C5> 한국 여행 결정 요인(중복) (한국 방문의향자 기준),BASE:B5. 1) 한국 ④~⑤,인도네시아,인도네시아,국가/지역,"음악, 영화, 드라마 등 문화콘텐츠/연예인",465.0,(465),41.367097977596,%
2025_잠재방한객조사_방한의향자.xlsx,방한의향자,C5,<표C5> 한국 여행 결정 요인(중복) (한국 방문의향자 기준),BASE:B5. 1) 한국 ④~⑤,인도네시아,인도네시아,국가/지역,관광 관련 공공기관이 제작한 국가 브랜드 홍보 영상,465.0,(465),40.040371924050845,%
2025_잠재방한객조사_방한의향자.xlsx,방한의향자,C5,<표C5> 한국 여행 결정 요인(중복) (한국 방문의향자 기준),BASE:B5. 1) 한국 ④~⑤,인도네시아,인도네시아,국가/지역,계절/기후,465.0,(465),38.34809764621475,%
2025_잠재방한객조사_방한의향자.xlsx,방한의향자,C5,<표C5> 한국 여행 결정 요인(중복) (한국 방문의향자 기준),BASE:B5. 1) 한국 ④~⑤,인도네시아,인도네시아,국가/지역,건축/도시 디자인,465.0,(465),27.172614867117655,%
2025_잠재방한객조사_방한의향자.xlsx,방한의향자,C5,<표C5> 한국 여행 결정 요인(중복) (한국 방문의향자 기준),BASE:B5. 1) 한국 ④~⑤,인도네시아,인도네시아,국가/지역,치안/안전,465.0,(465),25.08155731312621,%
2025_잠재방한객조사_방한의향자.xlsx,방한의향자,C5,<표C5> 한국 여행 결정 요인(중복) (한국 방문의향자 기준),BASE:B5. 1) 한국 ④~⑤,인도네시아,인도네시아,국가/지역,해당 국가에서만 판매하는 상품 쇼핑,465.0,(465),34.928627731258665,%
2025_잠재방한객조사_방한의향자.xlsx,방한의향자,C5,<표C5> 한국 여행 결정 요인(중복) (한국 방문의향자 기준),BASE:B5. 1) 한국 ④~⑤,인도네시아,인도네시아,국가/지역,"웰니스 관광(스파, 디톡스 여행 등)",465.0,(465),26.471044036792296,%
2025_잠재방한객조사_방한의향자.xlsx,방한의향자,C5,<표C5> 한국 여행 결정 요인(중복) (한국 방문의향자 기준),BASE:B5. 1) 한국 ④~⑤,인도네시아,인도네시아,국가/지역,이동거리/비행시간,465.0,(465),28.10242829272893,%
2025_잠재방한객조사_방한의향자.xlsx,방한의향자,C5,<표C5> 한국 여행 결정 요인(중복) (한국 방문의향자 기준),BASE:B5. 1) 한국 ④~⑤,인도네시아,인도네시아,국가/지역,"행사/이벤트 체험(공연, 콘서트, 축제, 박람회 등)",465.0,(465),25.66967014636971,%
2025_잠재방한객조사_방한의향자.xlsx,방한의향자,C5,<표C5> 한국 여행 결정 요인(중복) (한국 방문의향자 기준),BASE:B5. 1) 한국 ④~⑤,인도네시아,인도네시아,국가/지역,항공 노선(직항 및 경유 등),465.0,(465),26.24511791899615,%
2025_잠재방한객조사_방한의향자.xlsx,방한의향자,C5,<표C5> 한국 여행 결정 요인(중복) (한국 방문의향자 기준),BASE:B5. 1) 한국 ④~⑤,인도네시아,인도네시아,국가/지역,출입국 편의성(비자 면제 등),465.0,(465),24.929091999182283,%
2025_잠재방한객조사_방한의향자.xlsx,방한의향자,C5,<표C5> 한국 여행 결정 요인(중복) (한국 방문의향자 기준),BASE:B5. 1) 한국 ④~⑤,인도네시아,인도네시아,국가/지역,유명 명품 구매 등 럭셔리 쇼핑,465.0,(465),19.782963358419543,%
2025_잠재방한객조사_방한의향자.xlsx,방한의향자,C5,<표C5> 한국 여행 결정 요인(중복) (한국 방문의향자 기준),BASE:B5. 1) 한국 ④~⑤,인도네시아,인도네시아,국가/지역,항공권 특가 및 할인 프로모션,465.0,(465),29.060312544503482,%
2025_잠재방한객조사_방한의향자.xlsx,방한의향자,C5,<표C5> 한국 여행 결정 요인(중복) (한국 방문의향자 기준),BASE:B5. 1) 한국 ④~⑤,인도네시아,인도네시아,국가/지역,"이벤트성 방문(신혼여행, 프로포즈, 생일, 기념일 등)",465.0,(465),24.980207857288057,%
2025_잠재방한객조사_방한의향자.xlsx,방한의향자,C5,<표C5> 한국 여행 결정 요인(중복) (한국 방문의향자 기준),BASE:B5. 1) 한국 ④~⑤,인도네시아,인도네시아,국가/지역,"의료 관광(검진, 시술, 수술 등)",465.0,(465),21.49929533135846,%
2025_잠재방한객조사_방한의향자.xlsx,방한의향자,C5,<표C5> 한국 여행 결정 요인(중복) (한국 방문의향자 기준),BASE:B5. 1) 한국 ④~⑤,인도네시아,인도네시아,국가/지역,환율 및 현지 물가,465.0,(465),19.502562987840427,%
2025_잠재방한객조사_방한의향자.xlsx,방한의향자,C5,<표C5> 한국 여행 결정 요인(중복) (한국 방문의향자 기준),BASE:B5. 1) 한국 ④~⑤,인도네시아,인도네시아,국가/지역,언어소통,465.0,(465),20.52507278653763,%
2025_잠재방한객조사_방한의향자.xlsx,방한의향자,C5,<표C5> 한국 여행 결정 요인(중복) (한국 방문의향자 기준),BASE:B5. 1) 한국 ④~⑤,인도네시아,인도네시아,국가/지역,어학/직업 연수 및 유학,465.0,(465),18.440056546577924,%
2025_잠재방한객조사_방한의향자.xlsx,방한의향자,C5,<표C5> 한국 여행 결정 요인(중복) (한국 방문의향자 기준),BASE:B5. 1) 한국 ④~⑤,인도네시아,인도네시아,국가/지역,출장 및 학회 행사 개최지,465.0,(465),19.310591053510045,%
2025_잠재방한객조사_방한의향자.xlsx,방한의향자,C5,<표C5> 한국 여행 결정 요인(중복) (한국 방문의향자 기준),BASE:B5. 1) 한국 ④~⑤,인도네시아,인도네시아,국가/지역,스포츠 관광(경기 관람 및 참여),465.0,(465),17.494549465478073,%
2025_잠재방한객조사_방한의향자.xlsx,방한의향자,C5,<표C5> 한국 여행 결정 요인(중복) (한국 방문의향자 기준),BASE:B5. 1) 한국 ④~⑤,인도네시아,인도네시아,국가/지역,종교 환경,465.0,(465),15.62531290218617,%
2025_잠재방한객조사_방한의향자.xlsx,방한의향자,C5,<표C5> 한국 여행 결정 요인(중복) (한국 방문의향자 기준),BASE:B5. 1) 한국 ④~⑤,인도네시아,인도네시아,국가/지역,과거 방문 경험,465.0,(465),6.0941031531300505,%
2025_잠재방한객조사_방한의향자.xlsx,방한의향자,C5,<표C5> 한국 여행 결정 요인(중복) (한국 방문의향자 기준),BASE:B5. 1) 한국 ④~⑤,인도네시아,인도네시아,국가/지역,기타,465.0,(465),0.5987803670970075,%
2025_잠재방한객조사_방한의향자.xlsx,방한의향자,C5,<표C5> 한국 여행 결정 요인(중복) (한국 방문의향자 기준),BASE:B5. 1) 한국 ④~⑤,태국,태국,국가/지역,"개인 및 인플루언서가 제작한 짧은 이미지(틱톡, 인스타그램 릴스, 유튜브 쇼츠 등)",465.0,(465),65.44509503527306,%
2025_잠재방한객조사_방한의향자.xlsx,방한의향자,C5,<표C5> 한국 여행 결정 요인(중복) (한국 방문의향자 기준),BASE:B5. 1) 한국 ④~⑤,태국,태국,국가/지역,음식/식문화,465.0,(465),47.66119277325599,%
2025_잠재방한객조사_방한의향자.xlsx,방한의향자,C5,<표C5> 한국 여행 결정 요인(중복) (한국 방문의향자 기준),BASE:B5. 1) 한국 ④~⑤,태국,태국,국가/지역,"가족, 친구, 지인 등 주변인 추천",465.0,(465),33.97865897099739,%
2025_잠재방한객조사_방한의향자.xlsx,방한의향자,C5,<표C5> 한국 여행 결정 요인(중복) (한국 방문의향자 기준),BASE:B5. 1) 한국 ④~⑤,태국,태국,국가/지역,"뉴스, 영화, 드라마, 다큐멘터리 등 대중 매체",465.0,(465),46.9661435588742,%
2025_잠재방한객조사_방한의향자.xlsx,방한의향자,C5,<표C5> 한국 여행 결정 요인(중복) (한국 방문의향자 기준),BASE:B5. 1) 한국 ④~⑤,태국,태국,국가/지역,관광지/관광 명소,465.0,(465),42.342152374342945,%
2025_잠재방한객조사_방한의향자.xlsx,방한의향자,C5,<표C5> 한국 여행 결정 요인(중복) (한국 방문의향자 기준),BASE:B5. 1) 한국 ④~⑤,태국,태국,국가/지역,자연 경관,465.0,(465),37.53427226912811,%
2025_잠재방한객조사_방한의향자.xlsx,방한의향자,C5,<표C5> 한국 여행 결정 요인(중복) (한국 방문의향자 기준),BASE:B5. 1) 한국 ④~⑤,태국,태국,국가/지역,"유명 인플루언서, 연예인 등의 여행 후기",465.0,(465),43.23581861610597,%
2025_잠재방한객조사_방한의향자.xlsx,방한의향자,C5,<표C5> 한국 여행 결정 요인(중복) (한국 방문의향자 기준),BASE:B5. 1) 한국 ④~⑤,태국,태국,국가/지역,전통문화/역사,465.0,(465),31.447283628116885,%
2025_잠재방한객조사_방한의향자.xlsx,방한의향자,C5,<표C5> 한국 여행 결정 요인(중복) (한국 방문의향자 기준),BASE:B5. 1) 한국 ④~⑤,태국,태국,국가/지역,"음악, 영화, 드라마 등 문화콘텐츠/연예인",465.0,(465),38.61335973771582,%
2025_잠재방한객조사_방한의향자.xlsx,방한의향자,C5,<표C5> 한국 여행 결정 요인(중복) (한국 방문의향자 기준),BASE:B5. 1) 한국 ④~⑤,태국,태국,국가/지역,관광 관련 공공기관이 제작한 국가 브랜드 홍보 영상,465.0,(465),36.10392072759864,%
2025_잠재방한객조사_방한의향자.xlsx,방한의향자,C5,<표C5> 한국 여행 결정 요인(중복) (한국 방문의향자 기준),BASE:B5. 1) 한국 ④~⑤,태국,태국,국가/지역,계절/기후,465.0,(465),38.0812936341614,%
2025_잠재방한객조사_방한의향자.xlsx,방한의향자,C5,<표C5> 한국 여행 결정 요인(중복) (한국 방문의향자 기준),BASE:B5. 1) 한국 ④~⑤,태국,태국,국가/지역,건축/도시 디자인,465.0,(465),20.62008199455502,%
2025_잠재방한객조사_방한의향자.xlsx,방한의향자,C5,<표C5> 한국 여행 결정 요인(중복) (한국 방문의향자 기준),BASE:B5. 1) 한국 ④~⑤,태국,태국,국가/지역,치안/안전,465.0,(465),24.24712382859591,%
2025_잠재방한객조사_방한의향자.xlsx,방한의향자,C5,<표C5> 한국 여행 결정 요인(중복) (한국 방문의향자 기준),BASE:B5. 1) 한국 ④~⑤,태국,태국,국가/지역,해당 국가에서만 판매하는 상품 쇼핑,465.0,(465),33.02501339080005,%
2025_잠재방한객조사_방한의향자.xlsx,방한의향자,C5,<표C5> 한국 여행 결정 요인(중복) (한국 방문의향자 기준),BASE:B5. 1) 한국 ④~⑤,태국,태국,국가/지역,"웰니스 관광(스파, 디톡스 여행 등)",465.0,(465),24.872510487187476,%
2025_잠재방한객조사_방한의향자.xlsx,방한의향자,C5,<표C5> 한국 여행 결정 요인(중복) (한국 방문의향자 기준),BASE:B5. 1) 한국 ④~⑤,태국,태국,국가/지역,이동거리/비행시간,465.0,(465),27.27631351144555,%
2025_잠재방한객조사_방한의향자.xlsx,방한의향자,C5,<표C5> 한국 여행 결정 요인(중복) (한국 방문의향자 기준),BASE:B5. 1) 한국 ④~⑤,태국,태국,국가/지역,"행사/이벤트 체험(공연, 콘서트, 축제, 박람회 등)",465.0,(465),21.348941568340894,%
2025_잠재방한객조사_방한의향자.xlsx,방한의향자,C5,<표C5> 한국 여행 결정 요인(중복) (한국 방문의향자 기준),BASE:B5. 1) 한국 ④~⑤,태국,태국,국가/지역,항공 노선(직항 및 경유 등),465.0,(465),25.602396342713085,%
2025_잠재방한객조사_방한의향자.xlsx,방한의향자,C5,<표C5> 한국 여행 결정 요인(중복) (한국 방문의향자 기준),BASE:B5. 1) 한국 ④~⑤,태국,태국,국가/지역,출입국 편의성(비자 면제 등),465.0,(465),25.4315603363367,%
2025_잠재방한객조사_방한의향자.xlsx,방한의향자,C5,<표C5> 한국 여행 결정 요인(중복) (한국 방문의향자 기준),BASE:B5. 1) 한국 ④~⑤,태국,태국,국가/지역,유명 명품 구매 등 럭셔리 쇼핑,465.0,(465),21.464007372452777,%
2025_잠재방한객조사_방한의향자.xlsx,방한의향자,C5,<표C5> 한국 여행 결정 요인(중복) (한국 방문의향자 기준),BASE:B5. 1) 한국 ④~⑤,태국,태국,국가/지역,항공권 특가 및 할인 프로모션,465.0,(465),28.266948338945458,%
2025_잠재방한객조사_방한의향자.xlsx,방한의향자,C5,<표C5> 한국 여행 결정 요인(중복) (한국 방문의향자 기준),BASE:B5. 1) 한국 ④~⑤,태국,태국,국가/지역,"이벤트성 방문(신혼여행, 프로포즈, 생일, 기념일 등)",465.0,(465),22.9923190605023,%
2025_잠재방한객조사_방한의향자.xlsx,방한의향자,C5,<표C5> 한국 여행 결정 요인(중복) (한국 방문의향자 기준),BASE:B5. 1) 한국 ④~⑤,태국,태국,국가/지역,"의료 관광(검진, 시술, 수술 등)",465.0,(465),15.924094179972862,%
2025_잠재방한객조사_방한의향자.xlsx,방한의향자,C5,<표C5> 한국 여행 결정 요인(중복) (한국 방문의향자 기준),BASE:B5. 1) 한국 ④~⑤,태국,태국,국가/지역,환율 및 현지 물가,465.0,(465),19.61367108971529,%
2025_잠재방한객조사_방한의향자.xlsx,방한의향자,C5,<표C5> 한국 여행 결정 요인(중복) (한국 방문의향자 기준),BASE:B5. 1) 한국 ④~⑤,태국,태국,국가/지역,언어소통,465.0,(465),15.990015078137636,%
2025_잠재방한객조사_방한의향자.xlsx,방한의향자,C5,<표C5> 한국 여행 결정 요인(중복) (한국 방문의향자 기준),BASE:B5. 1) 한국 ④~⑤,태국,태국,국가/지역,어학/직업 연수 및 유학,465.0,(465),13.152205586553336,%
2025_잠재방한객조사_방한의향자.xlsx,방한의향자,C5,<표C5> 한국 여행 결정 요인(중복) (한국 방문의향자 기준),BASE:B5. 1) 한국 ④~⑤,태국,태국,국가/지역,출장 및 학회 행사 개최지,465.0,(465),13.636657666273738,%
2025_잠재방한객조사_방한의향자.xlsx,방한의향자,C5,<표C5> 한국 여행 결정 요인(중복) (한국 방문의향자 기준),BASE:B5. 1) 한국 ④~⑤,태국,태국,국가/지역,스포츠 관광(경기 관람 및 참여),465.0,(465),11.009057327121004,%
2025_잠재방한객조사_방한의향자.xlsx,방한의향자,C5,<표C5> 한국 여행 결정 요인(중복) (한국 방문의향자 기준),BASE:B5. 1) 한국 ④~⑤,태국,태국,국가/지역,종교 환경,465.0,(465),13.40574363324233,%
2025_잠재방한객조사_방한의향자.xlsx,방한의향자,C5,<표C5> 한국 여행 결정 요인(중복) (한국 방문의향자 기준),BASE:B5. 1) 한국 ④~⑤,태국,태국,국가/지역,과거 방문 경험,465.0,(465),8.212895945741636,%
2025_잠재방한객조사_방한의향자.xlsx,방한의향자,C5,<표C5> 한국 여행 결정 요인(중복) (한국 방문의향자 기준),BASE:B5. 1) 한국 ④~⑤,태국,태국,국가/지역,기타,465.0,(465),0.3789371846848544,%
2025_잠재방한객조사_방한의향자.xlsx,방한의향자,C5,<표C5> 한국 여행 결정 요인(중복) (한국 방문의향자 기준),BASE:B5. 1) 한국 ④~⑤,말레이시아,말레이시아,국가/지역,"개인 및 인플루언서가 제작한 짧은 이미지(틱톡, 인스타그램 릴스, 유튜브 쇼츠 등)",465.0,(465),50.02048475043848,%
2025_잠재방한객조사_방한의향자.xlsx,방한의향자,C5,<표C5> 한국 여행 결정 요인(중복) (한국 방문의향자 기준),BASE:B5. 1) 한국 ④~⑤,말레이시아,말레이시아,국가/지역,음식/식문화,465.0,(465),51.21873544905926,%
2025_잠재방한객조사_방한의향자.xlsx,방한의향자,C5,<표C5> 한국 여행 결정 요인(중복) (한국 방문의향자 기준),BASE:B5. 1) 한국 ④~⑤,말레이시아,말레이시아,국가/지역,"가족, 친구, 지인 등 주변인 추천",465.0,(465),39.052463196345954,%
2025_잠재방한객조사_방한의향자.xlsx,방한의향자,C5,<표C5> 한국 여행 결정 요인(중복) (한국 방문의향자 기준),BASE:B5. 1) 한국 ④~⑤,말레이시아,말레이시아,국가/지역,"뉴스, 영화, 드라마, 다큐멘터리 등 대중 매체",465.0,(465),37.56294230118507,%
2025_잠재방한객조사_방한의향자.xlsx,방한의향자,C5,<표C5> 한국 여행 결정 요인(중복) (한국 방문의향자 기준),BASE:B5. 1) 한국 ④~⑤,말레이시아,말레이시아,국가/지역,관광지/관광 명소,465.0,(465),49.11278036648691,%
2025_잠재방한객조사_방한의향자.xlsx,방한의향자,C5,<표C5> 한국 여행 결정 요인(중복) (한국 방문의향자 기준),BASE:B5. 1) 한국 ④~⑤,말레이시아,말레이시아,국가/지역,자연 경관,465.0,(465),49.15775396223951,%
2025_잠재방한객조사_방한의향자.xlsx,방한의향자,C5,<표C5> 한국 여행 결정 요인(중복) (한국 방문의향자 기준),BASE:B5. 1) 한국 ④~⑤,말레이시아,말레이시아,국가/지역,"유명 인플루언서, 연예인 등의 여행 후기",465.0,(465),42.200484721053584,%
2025_잠재방한객조사_방한의향자.xlsx,방한의향자,C5,<표C5> 한국 여행 결정 요인(중복) (한국 방문의향자 기준),BASE:B5. 1) 한국 ④~⑤,말레이시아,말레이시아,국가/지역,전통문화/역사,465.0,(465),35.11503499465577,%
2025_잠재방한객조사_방한의향자.xlsx,방한의향자,C5,<표C5> 한국 여행 결정 요인(중복) (한국 방문의향자 기준),BASE:B5. 1) 한국 ④~⑤,말레이시아,말레이시아,국가/지역,"음악, 영화, 드라마 등 문화콘텐츠/연예인",465.0,(465),35.28855289437766,%
2025_잠재방한객조사_방한의향자.xlsx,방한의향자,C5,<표C5> 한국 여행 결정 요인(중복) (한국 방문의향자 기준),BASE:B5. 1) 한국 ④~⑤,말레이시아,말레이시아,국가/지역,관광 관련 공공기관이 제작한 국가 브랜드 홍보 영상,465.0,(465),27.89903743878887,%
2025_잠재방한객조사_방한의향자.xlsx,방한의향자,C5,<표C5> 한국 여행 결정 요인(중복) (한국 방문의향자 기준),BASE:B5. 1) 한국 ④~⑤,말레이시아,말레이시아,국가/지역,계절/기후,465.0,(465),47.552579371641016,%
2025_잠재방한객조사_방한의향자.xlsx,방한의향자,C5,<표C5> 한국 여행 결정 요인(중복) (한국 방문의향자 기준),BASE:B5. 1) 한국 ④~⑤,말레이시아,말레이시아,국가/지역,건축/도시 디자인,465.0,(465),22.73078729163711,%
2025_잠재방한객조사_방한의향자.xlsx,방한의향자,C5,<표C5> 한국 여행 결정 요인(중복) (한국 방문의향자 기준),BASE:B5. 1) 한국 ④~⑤,말레이시아,말레이시아,국가/지역,치안/안전,465.0,(465),22.47073629494111,%
2025_잠재방한객조사_방한의향자.xlsx,방한의향자,C5,<표C5> 한국 여행 결정 요인(중복) (한국 방문의향자 기준),BASE:B5. 1) 한국 ④~⑤,말레이시아,말레이시아,국가/지역,해당 국가에서만 판매하는 상품 쇼핑,465.0,(465),30.641701980219256,%
2025_잠재방한객조사_방한의향자.xlsx,방한의향자,C5,<표C5> 한국 여행 결정 요인(중복) (한국 방문의향자 기준),BASE:B5. 1) 한국 ④~⑤,말레이시아,말레이시아,국가/지역,"웰니스 관광(스파, 디톡스 여행 등)",465.0,(465),20.29534687923178,%
2025_잠재방한객조사_방한의향자.xlsx,방한의향자,C5,<표C5> 한국 여행 결정 요인(중복) (한국 방문의향자 기준),BASE:B5. 1) 한국 ④~⑤,말레이시아,말레이시아,국가/지역,이동거리/비행시간,465.0,(465),27.70963001221462,%
2025_잠재방한객조사_방한의향자.xlsx,방한의향자,C5,<표C5> 한국 여행 결정 요인(중복) (한국 방문의향자 기준),BASE:B5. 1) 한국 ④~⑤,말레이시아,말레이시아,국가/지역,"행사/이벤트 체험(공연, 콘서트, 축제, 박람회 등)",465.0,(465),22.58621222252294,%
2025_잠재방한객조사_방한의향자.xlsx,방한의향자,C5,<표C5> 한국 여행 결정 요인(중복) (한국 방문의향자 기준),BASE:B5. 1) 한국 ④~⑤,말레이시아,말레이시아,국가/지역,항공 노선(직항 및 경유 등),465.0,(465),23.763331476412095,%
2025_잠재방한객조사_방한의향자.xlsx,방한의향자,C5,<표C5> 한국 여행 결정 요인(중복) (한국 방문의향자 기준),BASE:B5. 1) 한국 ④~⑤,말레이시아,말레이시아,국가/지역,출입국 편의성(비자 면제 등),465.0,(465),20.683737442292454,%
2025_잠재방한객조사_방한의향자.xlsx,방한의향자,C5,<표C5> 한국 여행 결정 요인(중복) (한국 방문의향자 기준),BASE:B5. 1) 한국 ④~⑤,말레이시아,말레이시아,국가/지역,유명 명품 구매 등 럭셔리 쇼핑,465.0,(465),24.898762004776316,%
2025_잠재방한객조사_방한의향자.xlsx,방한의향자,C5,<표C5> 한국 여행 결정 요인(중복) (한국 방문의향자 기준),BASE:B5. 1) 한국 ④~⑤,말레이시아,말레이시아,국가/지역,항공권 특가 및 할인 프로모션,465.0,(465),33.59703977082835,%
2025_잠재방한객조사_방한의향자.xlsx,방한의향자,C5,<표C5> 한국 여행 결정 요인(중복) (한국 방문의향자 기준),BASE:B5. 1) 한국 ④~⑤,말레이시아,말레이시아,국가/지역,"이벤트성 방문(신혼여행, 프로포즈, 생일, 기념일 등)",465.0,(465),24.871098089455682,%
2025_잠재방한객조사_방한의향자.xlsx,방한의향자,C5,<표C5> 한국 여행 결정 요인(중복) (한국 방문의향자 기준),BASE:B5. 1) 한국 ④~⑤,말레이시아,말레이시아,국가/지역,"의료 관광(검진, 시술, 수술 등)",465.0,(465),12.712091341213878,%
2025_잠재방한객조사_방한의향자.xlsx,방한의향자,C5,<표C5> 한국 여행 결정 요인(중복) (한국 방문의향자 기준),BASE:B5. 1) 한국 ④~⑤,말레이시아,말레이시아,국가/지역,환율 및 현지 물가,465.0,(465),20.471246444110534,%
2025_잠재방한객조사_방한의향자.xlsx,방한의향자,C5,<표C5> 한국 여행 결정 요인(중복) (한국 방문의향자 기준),BASE:B5. 1) 한국 ④~⑤,말레이시아,말레이시아,국가/지역,언어소통,465.0,(465),13.349166428693657,%
2025_잠재방한객조사_방한의향자.xlsx,방한의향자,C5,<표C5> 한국 여행 결정 요인(중복) (한국 방문의향자 기준),BASE:B5. 1) 한국 ④~⑤,말레이시아,말레이시아,국가/지역,어학/직업 연수 및 유학,465.0,(465),9.299348403756365,%
2025_잠재방한객조사_방한의향자.xlsx,방한의향자,C5,<표C5> 한국 여행 결정 요인(중복) (한국 방문의향자 기준),BASE:B5. 1) 한국 ④~⑤,말레이시아,말레이시아,국가/지역,출장 및 학회 행사 개최지,465.0,(465),10.530267540854368,%
2025_잠재방한객조사_방한의향자.xlsx,방한의향자,C5,<표C5> 한국 여행 결정 요인(중복) (한국 방문의향자 기준),BASE:B5. 1) 한국 ④~⑤,말레이시아,말레이시아,국가/지역,스포츠 관광(경기 관람 및 참여),465.0,(465),8.559505019520476,%
2025_잠재방한객조사_방한의향자.xlsx,방한의향자,C5,<표C5> 한국 여행 결정 요인(중복) (한국 방문의향자 기준),BASE:B5. 1) 한국 ④~⑤,말레이시아,말레이시아,국가/지역,종교 환경,465.0,(465),9.57634409418542,%
2025_잠재방한객조사_방한의향자.xlsx,방한의향자,C5,<표C5> 한국 여행 결정 요인(중복) (한국 방문의향자 기준),BASE:B5. 1) 한국 ④~⑤,말레이시아,말레이시아,국가/지역,과거 방문 경험,465.0,(465),12.277709871813263,%
2025_잠재방한객조사_방한의향자.xlsx,방한의향자,C5,<표C5> 한국 여행 결정 요인(중복) (한국 방문의향자 기준),BASE:B5. 1) 한국 ④~⑤,말레이시아,말레이시아,국가/지역,기타,465.0,(465),0.880342895117448,%
2025_잠재방한객조사_방한의향자.xlsx,방한의향자,C5,<표C5> 한국 여행 결정 요인(중복) (한국 방문의향자 기준),BASE:B5. 1) 한국 ④~⑤,캐나다,캐나다,국가/지역,"개인 및 인플루언서가 제작한 짧은 이미지(틱톡, 인스타그램 릴스, 유튜브 쇼츠 등)",465.0,(465),32.64609339670945,%
2025_잠재방한객조사_방한의향자.xlsx,방한의향자,C5,<표C5> 한국 여행 결정 요인(중복) (한국 방문의향자 기준),BASE:B5. 1) 한국 ④~⑤,캐나다,캐나다,국가/지역,음식/식문화,465.0,(465),36.63260763334873,%
2025_잠재방한객조사_방한의향자.xlsx,방한의향자,C5,<표C5> 한국 여행 결정 요인(중복) (한국 방문의향자 기준),BASE:B5. 1) 한국 ④~⑤,캐나다,캐나다,국가/지역,"가족, 친구, 지인 등 주변인 추천",465.0,(465),32.11911094439403,%
2025_잠재방한객조사_방한의향자.xlsx,방한의향자,C5,<표C5> 한국 여행 결정 요인(중복) (한국 방문의향자 기준),BASE:B5. 1) 한국 ④~⑤,캐나다,캐나다,국가/지역,"뉴스, 영화, 드라마, 다큐멘터리 등 대중 매체",465.0,(465),29.864073635484946,%
2025_잠재방한객조사_방한의향자.xlsx,방한의향자,C5,<표C5> 한국 여행 결정 요인(중복) (한국 방문의향자 기준),BASE:B5. 1) 한국 ④~⑤,캐나다,캐나다,국가/지역,관광지/관광 명소,465.0,(465),27.442335202519676,%
2025_잠재방한객조사_방한의향자.xlsx,방한의향자,C5,<표C5> 한국 여행 결정 요인(중복) (한국 방문의향자 기준),BASE:B5. 1) 한국 ④~⑤,캐나다,캐나다,국가/지역,자연 경관,465.0,(465),23.73509071012825,%
2025_잠재방한객조사_방한의향자.xlsx,방한의향자,C5,<표C5> 한국 여행 결정 요인(중복) (한국 방문의향자 기준),BASE:B5. 1) 한국 ④~⑤,캐나다,캐나다,국가/지역,"유명 인플루언서, 연예인 등의 여행 후기",465.0,(465),21.50310715744194,%
2025_잠재방한객조사_방한의향자.xlsx,방한의향자,C5,<표C5> 한국 여행 결정 요인(중복) (한국 방문의향자 기준),BASE:B5. 1) 한국 ④~⑤,캐나다,캐나다,국가/지역,전통문화/역사,465.0,(465),31.492473634722053,%
2025_잠재방한객조사_방한의향자.xlsx,방한의향자,C5,<표C5> 한국 여행 결정 요인(중복) (한국 방문의향자 기준),BASE:B5. 1) 한국 ④~⑤,캐나다,캐나다,국가/지역,"음악, 영화, 드라마 등 문화콘텐츠/연예인",465.0,(465),17.802217038710662,%
2025_잠재방한객조사_방한의향자.xlsx,방한의향자,C5,<표C5> 한국 여행 결정 요인(중복) (한국 방문의향자 기준),BASE:B5. 1) 한국 ④~⑤,캐나다,캐나다,국가/지역,관광 관련 공공기관이 제작한 국가 브랜드 홍보 영상,465.0,(465),21.43399960130852,%
2025_잠재방한객조사_방한의향자.xlsx,방한의향자,C5,<표C5> 한국 여행 결정 요인(중복) (한국 방문의향자 기준),BASE:B5. 1) 한국 ④~⑤,캐나다,캐나다,국가/지역,계절/기후,465.0,(465),16.145125281483615,%
2025_잠재방한객조사_방한의향자.xlsx,방한의향자,C5,<표C5> 한국 여행 결정 요인(중복) (한국 방문의향자 기준),BASE:B5. 1) 한국 ④~⑤,캐나다,캐나다,국가/지역,건축/도시 디자인,465.0,(465),13.427401640760381,%
2025_잠재방한객조사_방한의향자.xlsx,방한의향자,C5,<표C5> 한국 여행 결정 요인(중복) (한국 방문의향자 기준),BASE:B5. 1) 한국 ④~⑤,캐나다,캐나다,국가/지역,치안/안전,465.0,(465),16.80056712936789,%
2025_잠재방한객조사_방한의향자.xlsx,방한의향자,C5,<표C5> 한국 여행 결정 요인(중복) (한국 방문의향자 기준),BASE:B5. 1) 한국 ④~⑤,캐나다,캐나다,국가/지역,해당 국가에서만 판매하는 상품 쇼핑,465.0,(465),12.54936472533809,%
2025_잠재방한객조사_방한의향자.xlsx,방한의향자,C5,<표C5> 한국 여행 결정 요인(중복) (한국 방문의향자 기준),BASE:B5. 1) 한국 ④~⑤,캐나다,캐나다,국가/지역,"웰니스 관광(스파, 디톡스 여행 등)",465.0,(465),11.355330008344481,%
2025_잠재방한객조사_방한의향자.xlsx,방한의향자,C5,<표C5> 한국 여행 결정 요인(중복) (한국 방문의향자 기준),BASE:B5. 1) 한국 ④~⑤,캐나다,캐나다,국가/지역,이동거리/비행시간,465.0,(465),7.765870782824974,%
2025_잠재방한객조사_방한의향자.xlsx,방한의향자,C5,<표C5> 한국 여행 결정 요인(중복) (한국 방문의향자 기준),BASE:B5. 1) 한국 ④~⑤,캐나다,캐나다,국가/지역,"행사/이벤트 체험(공연, 콘서트, 축제, 박람회 등)",465.0,(465),8.83030680473478,%
2025_잠재방한객조사_방한의향자.xlsx,방한의향자,C5,<표C5> 한국 여행 결정 요인(중복) (한국 방문의향자 기준),BASE:B5. 1) 한국 ④~⑤,캐나다,캐나다,국가/지역,항공 노선(직항 및 경유 등),465.0,(465),9.185920587249036,%
2025_잠재방한객조사_방한의향자.xlsx,방한의향자,C5,<표C5> 한국 여행 결정 요인(중복) (한국 방문의향자 기준),BASE:B5. 1) 한국 ④~⑤,캐나다,캐나다,국가/지역,출입국 편의성(비자 면제 등),465.0,(465),8.641792217359587,%
2025_잠재방한객조사_방한의향자.xlsx,방한의향자,C5,<표C5> 한국 여행 결정 요인(중복) (한국 방문의향자 기준),BASE:B5. 1) 한국 ④~⑤,캐나다,캐나다,국가/지역,유명 명품 구매 등 럭셔리 쇼핑,465.0,(465),11.758117777068113,%
2025_잠재방한객조사_방한의향자.xlsx,방한의향자,C5,<표C5> 한국 여행 결정 요인(중복) (한국 방문의향자 기준),BASE:B5. 1) 한국 ④~⑤,캐나다,캐나다,국가/지역,항공권 특가 및 할인 프로모션,465.0,(465),10.31415718662035,%
2025_잠재방한객조사_방한의향자.xlsx,방한의향자,C5,<표C5> 한국 여행 결정 요인(중복) (한국 방문의향자 기준),BASE:B5. 1) 한국 ④~⑤,캐나다,캐나다,국가/지역,"이벤트성 방문(신혼여행, 프로포즈, 생일, 기념일 등)",465.0,(465),7.301877094972818,%
2025_잠재방한객조사_방한의향자.xlsx,방한의향자,C5,<표C5> 한국 여행 결정 요인(중복) (한국 방문의향자 기준),BASE:B5. 1) 한국 ④~⑤,캐나다,캐나다,국가/지역,"의료 관광(검진, 시술, 수술 등)",465.0,(465),7.519134668726185,%
2025_잠재방한객조사_방한의향자.xlsx,방한의향자,C5,<표C5> 한국 여행 결정 요인(중복) (한국 방문의향자 기준),BASE:B5. 1) 한국 ④~⑤,캐나다,캐나다,국가/지역,환율 및 현지 물가,465.0,(465),8.2202196734804,%
2025_잠재방한객조사_방한의향자.xlsx,방한의향자,C5,<표C5> 한국 여행 결정 요인(중복) (한국 방문의향자 기준),BASE:B5. 1) 한국 ④~⑤,캐나다,캐나다,국가/지역,언어소통,465.0,(465),5.3206804059528245,%
2025_잠재방한객조사_방한의향자.xlsx,방한의향자,C5,<표C5> 한국 여행 결정 요인(중복) (한국 방문의향자 기준),BASE:B5. 1) 한국 ④~⑤,캐나다,캐나다,국가/지역,어학/직업 연수 및 유학,465.0,(465),7.353574041984929,%
2025_잠재방한객조사_방한의향자.xlsx,방한의향자,C5,<표C5> 한국 여행 결정 요인(중복) (한국 방문의향자 기준),BASE:B5. 1) 한국 ④~⑤,캐나다,캐나다,국가/지역,출장 및 학회 행사 개최지,465.0,(465),3.797117515531324,%
2025_잠재방한객조사_방한의향자.xlsx,방한의향자,C5,<표C5> 한국 여행 결정 요인(중복) (한국 방문의향자 기준),BASE:B5. 1) 한국 ④~⑤,캐나다,캐나다,국가/지역,스포츠 관광(경기 관람 및 참여),465.0,(465),5.848192155634202,%
2025_잠재방한객조사_방한의향자.xlsx,방한의향자,C5,<표C5> 한국 여행 결정 요인(중복) (한국 방문의향자 기준),BASE:B5. 1) 한국 ④~⑤,캐나다,캐나다,국가/지역,종교 환경,465.0,(465),6.019431942250899,%
2025_잠재방한객조사_방한의향자.xlsx,방한의향자,C5,<표C5> 한국 여행 결정 요인(중복) (한국 방문의향자 기준),BASE:B5. 1) 한국 ④~⑤,캐나다,캐나다,국가/지역,과거 방문 경험,465.0,(465),2.9100576675524086,%
2025_잠재방한객조사_방한의향자.xlsx,방한의향자,C5,<표C5> 한국 여행 결정 요인(중복) (한국 방문의향자 기준),BASE:B5. 1) 한국 ④~⑤,캐나다,캐나다,국가/지역,기타,465.0,(465),1.38320970281048,%
2025_잠재방한객조사_방한의향자.xlsx,방한의향자,C5,<표C5> 한국 여행 결정 요인(중복) (한국 방문의향자 기준),BASE:B5. 1) 한국 ④~⑤,호주,호주,국가/지역,"개인 및 인플루언서가 제작한 짧은 이미지(틱톡, 인스타그램 릴스, 유튜브 쇼츠 등)",465.0,(465),31.736137760776906,%
2025_잠재방한객조사_방한의향자.xlsx,방한의향자,C5,<표C5> 한국 여행 결정 요인(중복) (한국 방문의향자 기준),BASE:B5. 1) 한국 ④~⑤,호주,호주,국가/지역,음식/식문화,465.0,(465),35.703841274230165,%
2025_잠재방한객조사_방한의향자.xlsx,방한의향자,C5,<표C5> 한국 여행 결정 요인(중복) (한국 방문의향자 기준),BASE:B5. 1) 한국 ④~⑤,호주,호주,국가/지역,"가족, 친구, 지인 등 주변인 추천",465.0,(465),32.46134532749002,%
2025_잠재방한객조사_방한의향자.xlsx,방한의향자,C5,<표C5> 한국 여행 결정 요인(중복) (한국 방문의향자 기준),BASE:B5. 1) 한국 ④~⑤,호주,호주,국가/지역,"뉴스, 영화, 드라마, 다큐멘터리 등 대중 매체",465.0,(465),25.072547168788113,%
2025_잠재방한객조사_방한의향자.xlsx,방한의향자,C5,<표C5> 한국 여행 결정 요인(중복) (한국 방문의향자 기준),BASE:B5. 1) 한국 ④~⑤,호주,호주,국가/지역,관광지/관광 명소,465.0,(465),25.661762288592353,%
2025_잠재방한객조사_방한의향자.xlsx,방한의향자,C5,<표C5> 한국 여행 결정 요인(중복) (한국 방문의향자 기준),BASE:B5. 1) 한국 ④~⑤,호주,호주,국가/지역,자연 경관,465.0,(465),28.33537627920356,%
2025_잠재방한객조사_방한의향자.xlsx,방한의향자,C5,<표C5> 한국 여행 결정 요인(중복) (한국 방문의향자 기준),BASE:B5. 1) 한국 ④~⑤,호주,호주,국가/지역,"유명 인플루언서, 연예인 등의 여행 후기",465.0,(465),20.585920578132278,%
2025_잠재방한객조사_방한의향자.xlsx,방한의향자,C5,<표C5> 한국 여행 결정 요인(중복) (한국 방문의향자 기준),BASE:B5. 1) 한국 ④~⑤,호주,호주,국가/지역,전통문화/역사,465.0,(465),26.529381320806174,%
2025_잠재방한객조사_방한의향자.xlsx,방한의향자,C5,<표C5> 한국 여행 결정 요인(중복) (한국 방문의향자 기준),BASE:B5. 1) 한국 ④~⑤,호주,호주,국가/지역,"음악, 영화, 드라마 등 문화콘텐츠/연예인",465.0,(465),21.24038587096364,%
2025_잠재방한객조사_방한의향자.xlsx,방한의향자,C5,<표C5> 한국 여행 결정 요인(중복) (한국 방문의향자 기준),BASE:B5. 1) 한국 ④~⑤,호주,호주,국가/지역,관광 관련 공공기관이 제작한 국가 브랜드 홍보 영상,465.0,(465),22.747520478113632,%
2025_잠재방한객조사_방한의향자.xlsx,방한의향자,C5,<표C5> 한국 여행 결정 요인(중복) (한국 방문의향자 기준),BASE:B5. 1) 한국 ④~⑤,호주,호주,국가/지역,계절/기후,465.0,(465),17.006723375862133,%
2025_잠재방한객조사_방한의향자.xlsx,방한의향자,C5,<표C5> 한국 여행 결정 요인(중복) (한국 방문의향자 기준),BASE:B5. 1) 한국 ④~⑤,호주,호주,국가/지역,건축/도시 디자인,465.0,(465),15.467992669607753,%
2025_잠재방한객조사_방한의향자.xlsx,방한의향자,C5,<표C5> 한국 여행 결정 요인(중복) (한국 방문의향자 기준),BASE:B5. 1) 한국 ④~⑤,호주,호주,국가/지역,치안/안전,465.0,(465),17.1558306510248,%
2025_잠재방한객조사_방한의향자.xlsx,방한의향자,C5,<표C5> 한국 여행 결정 요인(중복) (한국 방문의향자 기준),BASE:B5. 1) 한국 ④~⑤,호주,호주,국가/지역,해당 국가에서만 판매하는 상품 쇼핑,465.0,(465),12.072651714024566,%
2025_잠재방한객조사_방한의향자.xlsx,방한의향자,C5,<표C5> 한국 여행 결정 요인(중복) (한국 방문의향자 기준),BASE:B5. 1) 한국 ④~⑤,호주,호주,국가/지역,"웰니스 관광(스파, 디톡스 여행 등)",465.0,(465),11.802574512870748,%
2025_잠재방한객조사_방한의향자.xlsx,방한의향자,C5,<표C5> 한국 여행 결정 요인(중복) (한국 방문의향자 기준),BASE:B5. 1) 한국 ④~⑤,호주,호주,국가/지역,이동거리/비행시간,465.0,(465),12.782558619249256,%
2025_잠재방한객조사_방한의향자.xlsx,방한의향자,C5,<표C5> 한국 여행 결정 요인(중복) (한국 방문의향자 기준),BASE:B5. 1) 한국 ④~⑤,호주,호주,국가/지역,"행사/이벤트 체험(공연, 콘서트, 축제, 박람회 등)",465.0,(465),8.499242848781549,%
2025_잠재방한객조사_방한의향자.xlsx,방한의향자,C5,<표C5> 한국 여행 결정 요인(중복) (한국 방문의향자 기준),BASE:B5. 1) 한국 ④~⑤,호주,호주,국가/지역,항공 노선(직항 및 경유 등),465.0,(465),11.158611436914706,%
2025_잠재방한객조사_방한의향자.xlsx,방한의향자,C5,<표C5> 한국 여행 결정 요인(중복) (한국 방문의향자 기준),BASE:B5. 1) 한국 ④~⑤,호주,호주,국가/지역,출입국 편의성(비자 면제 등),465.0,(465),12.066477946959672,%
2025_잠재방한객조사_방한의향자.xlsx,방한의향자,C5,<표C5> 한국 여행 결정 요인(중복) (한국 방문의향자 기준),BASE:B5. 1) 한국 ④~⑤,호주,호주,국가/지역,유명 명품 구매 등 럭셔리 쇼핑,465.0,(465),8.433187322499107,%
2025_잠재방한객조사_방한의향자.xlsx,방한의향자,C5,<표C5> 한국 여행 결정 요인(중복) (한국 방문의향자 기준),BASE:B5. 1) 한국 ④~⑤,호주,호주,국가/지역,항공권 특가 및 할인 프로모션,465.0,(465),10.905187213922702,%
2025_잠재방한객조사_방한의향자.xlsx,방한의향자,C5,<표C5> 한국 여행 결정 요인(중복) (한국 방문의향자 기준),BASE:B5. 1) 한국 ④~⑤,호주,호주,국가/지역,"이벤트성 방문(신혼여행, 프로포즈, 생일, 기념일 등)",465.0,(465),9.092355303351871,%
2025_잠재방한객조사_방한의향자.xlsx,방한의향자,C5,<표C5> 한국 여행 결정 요인(중복) (한국 방문의향자 기준),BASE:B5. 1) 한국 ④~⑤,호주,호주,국가/지역,"의료 관광(검진, 시술, 수술 등)",465.0,(465),6.673434058669975,%
2025_잠재방한객조사_방한의향자.xlsx,방한의향자,C5,<표C5> 한국 여행 결정 요인(중복) (한국 방문의향자 기준),BASE:B5. 1) 한국 ④~⑤,호주,호주,국가/지역,환율 및 현지 물가,465.0,(465),7.716493715692925,%
2025_잠재방한객조사_방한의향자.xlsx,방한의향자,C5,<표C5> 한국 여행 결정 요인(중복) (한국 방문의향자 기준),BASE:B5. 1) 한국 ④~⑤,호주,호주,국가/지역,언어소통,465.0,(465),11.245215499826699,%
2025_잠재방한객조사_방한의향자.xlsx,방한의향자,C5,<표C5> 한국 여행 결정 요인(중복) (한국 방문의향자 기준),BASE:B5. 1) 한국 ④~⑤,호주,호주,국가/지역,어학/직업 연수 및 유학,465.0,(465),5.640006126731727,%
2025_잠재방한객조사_방한의향자.xlsx,방한의향자,C5,<표C5> 한국 여행 결정 요인(중복) (한국 방문의향자 기준),BASE:B5. 1) 한국 ④~⑤,호주,호주,국가/지역,출장 및 학회 행사 개최지,465.0,(465),5.949136831081587,%
2025_잠재방한객조사_방한의향자.xlsx,방한의향자,C5,<표C5> 한국 여행 결정 요인(중복) (한국 방문의향자 기준),BASE:B5. 1) 한국 ④~⑤,호주,호주,국가/지역,스포츠 관광(경기 관람 및 참여),465.0,(465),7.001050418746872,%
2025_잠재방한객조사_방한의향자.xlsx,방한의향자,C5,<표C5> 한국 여행 결정 요인(중복) (한국 방문의향자 기준),BASE:B5. 1) 한국 ④~⑤,호주,호주,국가/지역,종교 환경,465.0,(465),8.115613422093718,%
2025_잠재방한객조사_방한의향자.xlsx,방한의향자,C5,<표C5> 한국 여행 결정 요인(중복) (한국 방문의향자 기준),BASE:B5. 1) 한국 ④~⑤,호주,호주,국가/지역,과거 방문 경험,465.0,(465),1.3344551254619763,%
2025_잠재방한객조사_방한의향자.xlsx,방한의향자,C5,<표C5> 한국 여행 결정 요인(중복) (한국 방문의향자 기준),BASE:B5. 1) 한국 ④~⑤,호주,호주,국가/지역,기타,465.0,(465),0.6911350376661086,%
2025_잠재방한객조사_방한의향자.xlsx,방한의향자,C5,<표C5> 한국 여행 결정 요인(중복) (한국 방문의향자 기준),BASE:B5. 1) 한국 ④~⑤,러시아,러시아,국가/지역,"개인 및 인플루언서가 제작한 짧은 이미지(틱톡, 인스타그램 릴스, 유튜브 쇼츠 등)",930.0,(930),38.554517999899616,%
2025_잠재방한객조사_방한의향자.xlsx,방한의향자,C5,<표C5> 한국 여행 결정 요인(중복) (한국 방문의향자 기준),BASE:B5. 1) 한국 ④~⑤,러시아,러시아,국가/지역,음식/식문화,930.0,(930),34.46975976925709,%
2025_잠재방한객조사_방한의향자.xlsx,방한의향자,C5,<표C5> 한국 여행 결정 요인(중복) (한국 방문의향자 기준),BASE:B5. 1) 한국 ④~⑤,러시아,러시아,국가/지역,"가족, 친구, 지인 등 주변인 추천",930.0,(930),30.51911959226061,%
2025_잠재방한객조사_방한의향자.xlsx,방한의향자,C5,<표C5> 한국 여행 결정 요인(중복) (한국 방문의향자 기준),BASE:B5. 1) 한국 ④~⑤,러시아,러시아,국가/지역,"뉴스, 영화, 드라마, 다큐멘터리 등 대중 매체",930.0,(930),31.91322490540818,%
2025_잠재방한객조사_방한의향자.xlsx,방한의향자,C5,<표C5> 한국 여행 결정 요인(중복) (한국 방문의향자 기준),BASE:B5. 1) 한국 ④~⑤,러시아,러시아,국가/지역,관광지/관광 명소,930.0,(930),30.904709949424987,%
2025_잠재방한객조사_방한의향자.xlsx,방한의향자,C5,<표C5> 한국 여행 결정 요인(중복) (한국 방문의향자 기준),BASE:B5. 1) 한국 ④~⑤,러시아,러시아,국가/지역,자연 경관,930.0,(930),33.10607622380958,%
2025_잠재방한객조사_방한의향자.xlsx,방한의향자,C5,<표C5> 한국 여행 결정 요인(중복) (한국 방문의향자 기준),BASE:B5. 1) 한국 ④~⑤,러시아,러시아,국가/지역,"유명 인플루언서, 연예인 등의 여행 후기",930.0,(930),22.740937077955405,%
2025_잠재방한객조사_방한의향자.xlsx,방한의향자,C5,<표C5> 한국 여행 결정 요인(중복) (한국 방문의향자 기준),BASE:B5. 1) 한국 ④~⑤,러시아,러시아,국가/지역,전통문화/역사,930.0,(930),31.09305593472978,%
2025_잠재방한객조사_방한의향자.xlsx,방한의향자,C5,<표C5> 한국 여행 결정 요인(중복) (한국 방문의향자 기준),BASE:B5. 1) 한국 ④~⑤,러시아,러시아,국가/지역,"음악, 영화, 드라마 등 문화콘텐츠/연예인",930.0,(930),22.387366446272143,%
2025_잠재방한객조사_방한의향자.xlsx,방한의향자,C5,<표C5> 한국 여행 결정 요인(중복) (한국 방문의향자 기준),BASE:B5. 1) 한국 ④~⑤,러시아,러시아,국가/지역,관광 관련 공공기관이 제작한 국가 브랜드 홍보 영상,930.0,(930),21.40294252168176,%
2025_잠재방한객조사_방한의향자.xlsx,방한의향자,C5,<표C5> 한국 여행 결정 요인(중복) (한국 방문의향자 기준),BASE:B5. 1) 한국 ④~⑤,러시아,러시아,국가/지역,계절/기후,930.0,(930),20.500160725310828,%
2025_잠재방한객조사_방한의향자.xlsx,방한의향자,C5,<표C5> 한국 여행 결정 요인(중복) (한국 방문의향자 기준),BASE:B5. 1) 한국 ④~⑤,러시아,러시아,국가/지역,건축/도시 디자인,930.0,(930),21.89965383553573,%
2025_잠재방한객조사_방한의향자.xlsx,방한의향자,C5,<표C5> 한국 여행 결정 요인(중복) (한국 방문의향자 기준),BASE:B5. 1) 한국 ④~⑤,러시아,러시아,국가/지역,치안/안전,930.0,(930),14.709329108698526,%
2025_잠재방한객조사_방한의향자.xlsx,방한의향자,C5,<표C5> 한국 여행 결정 요인(중복) (한국 방문의향자 기준),BASE:B5. 1) 한국 ④~⑤,러시아,러시아,국가/지역,해당 국가에서만 판매하는 상품 쇼핑,930.0,(930),19.958000092602195,%
2025_잠재방한객조사_방한의향자.xlsx,방한의향자,C5,<표C5> 한국 여행 결정 요인(중복) (한국 방문의향자 기준),BASE:B5. 1) 한국 ④~⑤,러시아,러시아,국가/지역,"웰니스 관광(스파, 디톡스 여행 등)",930.0,(930),19.65281331013884,%
2025_잠재방한객조사_방한의향자.xlsx,방한의향자,C5,<표C5> 한국 여행 결정 요인(중복) (한국 방문의향자 기준),BASE:B5. 1) 한국 ④~⑤,러시아,러시아,국가/지역,이동거리/비행시간,930.0,(930),11.228466650117987,%
2025_잠재방한객조사_방한의향자.xlsx,방한의향자,C5,<표C5> 한국 여행 결정 요인(중복) (한국 방문의향자 기준),BASE:B5. 1) 한국 ④~⑤,러시아,러시아,국가/지역,"행사/이벤트 체험(공연, 콘서트, 축제, 박람회 등)",930.0,(930),12.296564956201388,%
2025_잠재방한객조사_방한의향자.xlsx,방한의향자,C5,<표C5> 한국 여행 결정 요인(중복) (한국 방문의향자 기준),BASE:B5. 1) 한국 ④~⑤,러시아,러시아,국가/지역,항공 노선(직항 및 경유 등),930.0,(930),14.866581768985524,%
2025_잠재방한객조사_방한의향자.xlsx,방한의향자,C5,<표C5> 한국 여행 결정 요인(중복) (한국 방문의향자 기준),BASE:B5. 1) 한국 ④~⑤,러시아,러시아,국가/지역,출입국 편의성(비자 면제 등),930.0,(930),12.555662919391022,%
2025_잠재방한객조사_방한의향자.xlsx,방한의향자,C5,<표C5> 한국 여행 결정 요인(중복) (한국 방문의향자 기준),BASE:B5. 1) 한국 ④~⑤,러시아,러시아,국가/지역,유명 명품 구매 등 럭셔리 쇼핑,930.0,(930),14.866549190991076,%
2025_잠재방한객조사_방한의향자.xlsx,방한의향자,C5,<표C5> 한국 여행 결정 요인(중복) (한국 방문의향자 기준),BASE:B5. 1) 한국 ④~⑤,러시아,러시아,국가/지역,항공권 특가 및 할인 프로모션,930.0,(930),13.37774693484336,%
2025_잠재방한객조사_방한의향자.xlsx,방한의향자,C5,<표C5> 한국 여행 결정 요인(중복) (한국 방문의향자 기준),BASE:B5. 1) 한국 ④~⑤,러시아,러시아,국가/지역,"이벤트성 방문(신혼여행, 프로포즈, 생일, 기념일 등)",930.0,(930),11.550117033825625,%
2025_잠재방한객조사_방한의향자.xlsx,방한의향자,C5,<표C5> 한국 여행 결정 요인(중복) (한국 방문의향자 기준),BASE:B5. 1) 한국 ④~⑤,러시아,러시아,국가/지역,"의료 관광(검진, 시술, 수술 등)",930.0,(930),15.129217760613734,%
2025_잠재방한객조사_방한의향자.xlsx,방한의향자,C5,<표C5> 한국 여행 결정 요인(중복) (한국 방문의향자 기준),BASE:B5. 1) 한국 ④~⑤,러시아,러시아,국가/지역,환율 및 현지 물가,930.0,(930),7.652255755603179,%
2025_잠재방한객조사_방한의향자.xlsx,방한의향자,C5,<표C5> 한국 여행 결정 요인(중복) (한국 방문의향자 기준),BASE:B5. 1) 한국 ④~⑤,러시아,러시아,국가/지역,언어소통,930.0,(930),5.957750698553245,%
2025_잠재방한객조사_방한의향자.xlsx,방한의향자,C5,<표C5> 한국 여행 결정 요인(중복) (한국 방문의향자 기준),BASE:B5. 1) 한국 ④~⑤,러시아,러시아,국가/지역,어학/직업 연수 및 유학,930.0,(930),6.271457060904846,%
2025_잠재방한객조사_방한의향자.xlsx,방한의향자,C5,<표C5> 한국 여행 결정 요인(중복) (한국 방문의향자 기준),BASE:B5. 1) 한국 ④~⑤,러시아,러시아,국가/지역,출장 및 학회 행사 개최지,930.0,(930),6.986042235747765,%
2025_잠재방한객조사_방한의향자.xlsx,방한의향자,C5,<표C5> 한국 여행 결정 요인(중복) (한국 방문의향자 기준),BASE:B5. 1) 한국 ④~⑤,러시아,러시아,국가/지역,스포츠 관광(경기 관람 및 참여),930.0,(930),5.118977226009498,%
2025_잠재방한객조사_방한의향자.xlsx,방한의향자,C5,<표C5> 한국 여행 결정 요인(중복) (한국 방문의향자 기준),BASE:B5. 1) 한국 ④~⑤,러시아,러시아,국가/지역,종교 환경,930.0,(930),6.053457230296197,%
2025_잠재방한객조사_방한의향자.xlsx,방한의향자,C5,<표C5> 한국 여행 결정 요인(중복) (한국 방문의향자 기준),BASE:B5. 1) 한국 ④~⑤,러시아,러시아,국가/지역,과거 방문 경험,930.0,(930),4.3543758408948685,%
2025_잠재방한객조사_방한의향자.xlsx,방한의향자,C5,<표C5> 한국 여행 결정 요인(중복) (한국 방문의향자 기준),BASE:B5. 1) 한국 ④~⑤,러시아,러시아,국가/지역,기타,930.0,(930),0.500080755714513,%
2025_잠재방한객조사_방한의향자.xlsx,방한의향자,C5,<표C5> 한국 여행 결정 요인(중복) (한국 방문의향자 기준),BASE:B5. 1) 한국 ④~⑤,인도,인도,국가/지역,"개인 및 인플루언서가 제작한 짧은 이미지(틱톡, 인스타그램 릴스, 유튜브 쇼츠 등)",465.0,(465),52.06033887298638,%
2025_잠재방한객조사_방한의향자.xlsx,방한의향자,C5,<표C5> 한국 여행 결정 요인(중복) (한국 방문의향자 기준),BASE:B5. 1) 한국 ④~⑤,인도,인도,국가/지역,음식/식문화,465.0,(465),35.947476355579354,%
2025_잠재방한객조사_방한의향자.xlsx,방한의향자,C5,<표C5> 한국 여행 결정 요인(중복) (한국 방문의향자 기준),BASE:B5. 1) 한국 ④~⑤,인도,인도,국가/지역,"가족, 친구, 지인 등 주변인 추천",465.0,(465),38.36088841514887,%
2025_잠재방한객조사_방한의향자.xlsx,방한의향자,C5,<표C5> 한국 여행 결정 요인(중복) (한국 방문의향자 기준),BASE:B5. 1) 한국 ④~⑤,인도,인도,국가/지역,"뉴스, 영화, 드라마, 다큐멘터리 등 대중 매체",465.0,(465),42.10898337304417,%
2025_잠재방한객조사_방한의향자.xlsx,방한의향자,C5,<표C5> 한국 여행 결정 요인(중복) (한국 방문의향자 기준),BASE:B5. 1) 한국 ④~⑤,인도,인도,국가/지역,관광지/관광 명소,465.0,(465),39.75963248168765,%
2025_잠재방한객조사_방한의향자.xlsx,방한의향자,C5,<표C5> 한국 여행 결정 요인(중복) (한국 방문의향자 기준),BASE:B5. 1) 한국 ④~⑤,인도,인도,국가/지역,자연 경관,465.0,(465),38.87080676596062,%
2025_잠재방한객조사_방한의향자.xlsx,방한의향자,C5,<표C5> 한국 여행 결정 요인(중복) (한국 방문의향자 기준),BASE:B5. 1) 한국 ④~⑤,인도,인도,국가/지역,"유명 인플루언서, 연예인 등의 여행 후기",465.0,(465),42.919449137815484,%
2025_잠재방한객조사_방한의향자.xlsx,방한의향자,C5,<표C5> 한국 여행 결정 요인(중복) (한국 방문의향자 기준),BASE:B5. 1) 한국 ④~⑤,인도,인도,국가/지역,전통문화/역사,465.0,(465),35.56988589841165,%
2025_잠재방한객조사_방한의향자.xlsx,방한의향자,C5,<표C5> 한국 여행 결정 요인(중복) (한국 방문의향자 기준),BASE:B5. 1) 한국 ④~⑤,인도,인도,국가/지역,"음악, 영화, 드라마 등 문화콘텐츠/연예인",465.0,(465),35.0389866297651,%
2025_잠재방한객조사_방한의향자.xlsx,방한의향자,C5,<표C5> 한국 여행 결정 요인(중복) (한국 방문의향자 기준),BASE:B5. 1) 한국 ④~⑤,인도,인도,국가/지역,관광 관련 공공기관이 제작한 국가 브랜드 홍보 영상,465.0,(465),35.63823110306594,%
2025_잠재방한객조사_방한의향자.xlsx,방한의향자,C5,<표C5> 한국 여행 결정 요인(중복) (한국 방문의향자 기준),BASE:B5. 1) 한국 ④~⑤,인도,인도,국가/지역,계절/기후,465.0,(465),28.372698695141146,%
2025_잠재방한객조사_방한의향자.xlsx,방한의향자,C5,<표C5> 한국 여행 결정 요인(중복) (한국 방문의향자 기준),BASE:B5. 1) 한국 ④~⑤,인도,인도,국가/지역,건축/도시 디자인,465.0,(465),24.1056260443486,%
2025_잠재방한객조사_방한의향자.xlsx,방한의향자,C5,<표C5> 한국 여행 결정 요인(중복) (한국 방문의향자 기준),BASE:B5. 1) 한국 ④~⑤,인도,인도,국가/지역,치안/안전,465.0,(465),32.10152441781485,%
2025_잠재방한객조사_방한의향자.xlsx,방한의향자,C5,<표C5> 한국 여행 결정 요인(중복) (한국 방문의향자 기준),BASE:B5. 1) 한국 ④~⑤,인도,인도,국가/지역,해당 국가에서만 판매하는 상품 쇼핑,465.0,(465),27.547312241013973,%
2025_잠재방한객조사_방한의향자.xlsx,방한의향자,C5,<표C5> 한국 여행 결정 요인(중복) (한국 방문의향자 기준),BASE:B5. 1) 한국 ④~⑤,인도,인도,국가/지역,"웰니스 관광(스파, 디톡스 여행 등)",465.0,(465),28.330712336669112,%
2025_잠재방한객조사_방한의향자.xlsx,방한의향자,C5,<표C5> 한국 여행 결정 요인(중복) (한국 방문의향자 기준),BASE:B5. 1) 한국 ④~⑤,인도,인도,국가/지역,이동거리/비행시간,465.0,(465),29.160801033989003,%
2025_잠재방한객조사_방한의향자.xlsx,방한의향자,C5,<표C5> 한국 여행 결정 요인(중복) (한국 방문의향자 기준),BASE:B5. 1) 한국 ④~⑤,인도,인도,국가/지역,"행사/이벤트 체험(공연, 콘서트, 축제, 박람회 등)",465.0,(465),28.846618125998724,%
2025_잠재방한객조사_방한의향자.xlsx,방한의향자,C5,<표C5> 한국 여행 결정 요인(중복) (한국 방문의향자 기준),BASE:B5. 1) 한국 ④~⑤,인도,인도,국가/지역,항공 노선(직항 및 경유 등),465.0,(465),25.567764969311252,%
2025_잠재방한객조사_방한의향자.xlsx,방한의향자,C5,<표C5> 한국 여행 결정 요인(중복) (한국 방문의향자 기준),BASE:B5. 1) 한국 ④~⑤,인도,인도,국가/지역,출입국 편의성(비자 면제 등),465.0,(465),28.27164968703976,%
2025_잠재방한객조사_방한의향자.xlsx,방한의향자,C5,<표C5> 한국 여행 결정 요인(중복) (한국 방문의향자 기준),BASE:B5. 1) 한국 ④~⑤,인도,인도,국가/지역,유명 명품 구매 등 럭셔리 쇼핑,465.0,(465),31.585889702513835,%
2025_잠재방한객조사_방한의향자.xlsx,방한의향자,C5,<표C5> 한국 여행 결정 요인(중복) (한국 방문의향자 기준),BASE:B5. 1) 한국 ④~⑤,인도,인도,국가/지역,항공권 특가 및 할인 프로모션,465.0,(465),24.628721104540634,%
2025_잠재방한객조사_방한의향자.xlsx,방한의향자,C5,<표C5> 한국 여행 결정 요인(중복) (한국 방문의향자 기준),BASE:B5. 1) 한국 ④~⑤,인도,인도,국가/지역,"이벤트성 방문(신혼여행, 프로포즈, 생일, 기념일 등)",465.0,(465),29.483422375662265,%
2025_잠재방한객조사_방한의향자.xlsx,방한의향자,C5,<표C5> 한국 여행 결정 요인(중복) (한국 방문의향자 기준),BASE:B5. 1) 한국 ④~⑤,인도,인도,국가/지역,"의료 관광(검진, 시술, 수술 등)",465.0,(465),19.463530496011533,%
2025_잠재방한객조사_방한의향자.xlsx,방한의향자,C5,<표C5> 한국 여행 결정 요인(중복) (한국 방문의향자 기준),BASE:B5. 1) 한국 ④~⑤,인도,인도,국가/지역,환율 및 현지 물가,465.0,(465),19.650027662387078,%
2025_잠재방한객조사_방한의향자.xlsx,방한의향자,C5,<표C5> 한국 여행 결정 요인(중복) (한국 방문의향자 기준),BASE:B5. 1) 한국 ④~⑤,인도,인도,국가/지역,언어소통,465.0,(465),16.399303598719367,%
2025_잠재방한객조사_방한의향자.xlsx,방한의향자,C5,<표C5> 한국 여행 결정 요인(중복) (한국 방문의향자 기준),BASE:B5. 1) 한국 ④~⑤,인도,인도,국가/지역,어학/직업 연수 및 유학,465.0,(465),19.835298169013296,%
2025_잠재방한객조사_방한의향자.xlsx,방한의향자,C5,<표C5> 한국 여행 결정 요인(중복) (한국 방문의향자 기준),BASE:B5. 1) 한국 ④~⑤,인도,인도,국가/지역,출장 및 학회 행사 개최지,465.0,(465),20.353493466370665,%
2025_잠재방한객조사_방한의향자.xlsx,방한의향자,C5,<표C5> 한국 여행 결정 요인(중복) (한국 방문의향자 기준),BASE:B5. 1) 한국 ④~⑤,인도,인도,국가/지역,스포츠 관광(경기 관람 및 참여),465.0,(465),20.97286315089745,%
2025_잠재방한객조사_방한의향자.xlsx,방한의향자,C5,<표C5> 한국 여행 결정 요인(중복) (한국 방문의향자 기준),BASE:B5. 1) 한국 ④~⑤,인도,인도,국가/지역,종교 환경,465.0,(465),17.817713076139928,%
2025_잠재방한객조사_방한의향자.xlsx,방한의향자,C5,<표C5> 한국 여행 결정 요인(중복) (한국 방문의향자 기준),BASE:B5. 1) 한국 ④~⑤,인도,인도,국가/지역,과거 방문 경험,465.0,(465),5.25982030225248,%
2025_잠재방한객조사_방한의향자.xlsx,방한의향자,C5,<표C5> 한국 여행 결정 요인(중복) (한국 방문의향자 기준),BASE:B5. 1) 한국 ④~⑤,인도,인도,국가/지역,기타,465.0,(465),0.22054699594886523,%
2025_잠재방한객조사_방한의향자.xlsx,방한의향자,C5,<표C5> 한국 여행 결정 요인(중복) (한국 방문의향자 기준),BASE:B5. 1) 한국 ④~⑤,프랑스,프랑스,국가/지역,"개인 및 인플루언서가 제작한 짧은 이미지(틱톡, 인스타그램 릴스, 유튜브 쇼츠 등)",465.0,(465),36.591027928087975,%
2025_잠재방한객조사_방한의향자.xlsx,방한의향자,C5,<표C5> 한국 여행 결정 요인(중복) (한국 방문의향자 기준),BASE:B5. 1) 한국 ④~⑤,프랑스,프랑스,국가/지역,음식/식문화,465.0,(465),32.53035994987184,%
2025_잠재방한객조사_방한의향자.xlsx,방한의향자,C5,<표C5> 한국 여행 결정 요인(중복) (한국 방문의향자 기준),BASE:B5. 1) 한국 ④~⑤,프랑스,프랑스,국가/지역,"가족, 친구, 지인 등 주변인 추천",465.0,(465),31.204901548825543,%
2025_잠재방한객조사_방한의향자.xlsx,방한의향자,C5,<표C5> 한국 여행 결정 요인(중복) (한국 방문의향자 기준),BASE:B5. 1) 한국 ④~⑤,프랑스,프랑스,국가/지역,"뉴스, 영화, 드라마, 다큐멘터리 등 대중 매체",465.0,(465),27.279139440265077,%
2025_잠재방한객조사_방한의향자.xlsx,방한의향자,C5,<표C5> 한국 여행 결정 요인(중복) (한국 방문의향자 기준),BASE:B5. 1) 한국 ④~⑤,프랑스,프랑스,국가/지역,관광지/관광 명소,465.0,(465),28.78328058635176,%
2025_잠재방한객조사_방한의향자.xlsx,방한의향자,C5,<표C5> 한국 여행 결정 요인(중복) (한국 방문의향자 기준),BASE:B5. 1) 한국 ④~⑤,프랑스,프랑스,국가/지역,자연 경관,465.0,(465),29.780003944941587,%
2025_잠재방한객조사_방한의향자.xlsx,방한의향자,C5,<표C5> 한국 여행 결정 요인(중복) (한국 방문의향자 기준),BASE:B5. 1) 한국 ④~⑤,프랑스,프랑스,국가/지역,"유명 인플루언서, 연예인 등의 여행 후기",465.0,(465),18.306926652100515,%
2025_잠재방한객조사_방한의향자.xlsx,방한의향자,C5,<표C5> 한국 여행 결정 요인(중복) (한국 방문의향자 기준),BASE:B5. 1) 한국 ④~⑤,프랑스,프랑스,국가/지역,전통문화/역사,465.0,(465),35.19788349938538,%
2025_잠재방한객조사_방한의향자.xlsx,방한의향자,C5,<표C5> 한국 여행 결정 요인(중복) (한국 방문의향자 기준),BASE:B5. 1) 한국 ④~⑤,프랑스,프랑스,국가/지역,"음악, 영화, 드라마 등 문화콘텐츠/연예인",465.0,(465),15.974783400657946,%
2025_잠재방한객조사_방한의향자.xlsx,방한의향자,C5,<표C5> 한국 여행 결정 요인(중복) (한국 방문의향자 기준),BASE:B5. 1) 한국 ④~⑤,프랑스,프랑스,국가/지역,관광 관련 공공기관이 제작한 국가 브랜드 홍보 영상,465.0,(465),23.90298459926959,%
2025_잠재방한객조사_방한의향자.xlsx,방한의향자,C5,<표C5> 한국 여행 결정 요인(중복) (한국 방문의향자 기준),BASE:B5. 1) 한국 ④~⑤,프랑스,프랑스,국가/지역,계절/기후,465.0,(465),15.879928349900494,%
2025_잠재방한객조사_방한의향자.xlsx,방한의향자,C5,<표C5> 한국 여행 결정 요인(중복) (한국 방문의향자 기준),BASE:B5. 1) 한국 ④~⑤,프랑스,프랑스,국가/지역,건축/도시 디자인,465.0,(465),19.99406714561487,%
2025_잠재방한객조사_방한의향자.xlsx,방한의향자,C5,<표C5> 한국 여행 결정 요인(중복) (한국 방문의향자 기준),BASE:B5. 1) 한국 ④~⑤,프랑스,프랑스,국가/지역,치안/안전,465.0,(465),13.1690402186412,%
2025_잠재방한객조사_방한의향자.xlsx,방한의향자,C5,<표C5> 한국 여행 결정 요인(중복) (한국 방문의향자 기준),BASE:B5. 1) 한국 ④~⑤,프랑스,프랑스,국가/지역,해당 국가에서만 판매하는 상품 쇼핑,465.0,(465),13.925849466018606,%
2025_잠재방한객조사_방한의향자.xlsx,방한의향자,C5,<표C5> 한국 여행 결정 요인(중복) (한국 방문의향자 기준),BASE:B5. 1) 한국 ④~⑤,프랑스,프랑스,국가/지역,"웰니스 관광(스파, 디톡스 여행 등)",465.0,(465),15.153375892806032,%
2025_잠재방한객조사_방한의향자.xlsx,방한의향자,C5,<표C5> 한국 여행 결정 요인(중복) (한국 방문의향자 기준),BASE:B5. 1) 한국 ④~⑤,프랑스,프랑스,국가/지역,이동거리/비행시간,465.0,(465),7.844636752339215,%
2025_잠재방한객조사_방한의향자.xlsx,방한의향자,C5,<표C5> 한국 여행 결정 요인(중복) (한국 방문의향자 기준),BASE:B5. 1) 한국 ④~⑤,프랑스,프랑스,국가/지역,"행사/이벤트 체험(공연, 콘서트, 축제, 박람회 등)",465.0,(465),10.794778065607522,%
2025_잠재방한객조사_방한의향자.xlsx,방한의향자,C5,<표C5> 한국 여행 결정 요인(중복) (한국 방문의향자 기준),BASE:B5. 1) 한국 ④~⑤,프랑스,프랑스,국가/지역,항공 노선(직항 및 경유 등),465.0,(465),8.339591962161066,%
2025_잠재방한객조사_방한의향자.xlsx,방한의향자,C5,<표C5> 한국 여행 결정 요인(중복) (한국 방문의향자 기준),BASE:B5. 1) 한국 ④~⑤,프랑스,프랑스,국가/지역,출입국 편의성(비자 면제 등),465.0,(465),8.695430774473566,%
2025_잠재방한객조사_방한의향자.xlsx,방한의향자,C5,<표C5> 한국 여행 결정 요인(중복) (한국 방문의향자 기준),BASE:B5. 1) 한국 ④~⑤,프랑스,프랑스,국가/지역,유명 명품 구매 등 럭셔리 쇼핑,465.0,(465),6.367685727965777,%
2025_잠재방한객조사_방한의향자.xlsx,방한의향자,C5,<표C5> 한국 여행 결정 요인(중복) (한국 방문의향자 기준),BASE:B5. 1) 한국 ④~⑤,프랑스,프랑스,국가/지역,항공권 특가 및 할인 프로모션,465.0,(465),10.329385662001501,%
2025_잠재방한객조사_방한의향자.xlsx,방한의향자,C5,<표C5> 한국 여행 결정 요인(중복) (한국 방문의향자 기준),BASE:B5. 1) 한국 ④~⑤,프랑스,프랑스,국가/지역,"이벤트성 방문(신혼여행, 프로포즈, 생일, 기념일 등)",465.0,(465),7.93475776748985,%
2025_잠재방한객조사_방한의향자.xlsx,방한의향자,C5,<표C5> 한국 여행 결정 요인(중복) (한국 방문의향자 기준),BASE:B5. 1) 한국 ④~⑤,프랑스,프랑스,국가/지역,"의료 관광(검진, 시술, 수술 등)",465.0,(465),4.913420097869448,%
2025_잠재방한객조사_방한의향자.xlsx,방한의향자,C5,<표C5> 한국 여행 결정 요인(중복) (한국 방문의향자 기준),BASE:B5. 1) 한국 ④~⑤,프랑스,프랑스,국가/지역,환율 및 현지 물가,465.0,(465),7.773134045392091,%
2025_잠재방한객조사_방한의향자.xlsx,방한의향자,C5,<표C5> 한국 여행 결정 요인(중복) (한국 방문의향자 기준),BASE:B5. 1) 한국 ④~⑤,프랑스,프랑스,국가/지역,언어소통,465.0,(465),6.970785414628429,%
2025_잠재방한객조사_방한의향자.xlsx,방한의향자,C5,<표C5> 한국 여행 결정 요인(중복) (한국 방문의향자 기준),BASE:B5. 1) 한국 ④~⑤,프랑스,프랑스,국가/지역,어학/직업 연수 및 유학,465.0,(465),5.714087549654561,%
2025_잠재방한객조사_방한의향자.xlsx,방한의향자,C5,<표C5> 한국 여행 결정 요인(중복) (한국 방문의향자 기준),BASE:B5. 1) 한국 ④~⑤,프랑스,프랑스,국가/지역,출장 및 학회 행사 개최지,465.0,(465),4.951442751611096,%
2025_잠재방한객조사_방한의향자.xlsx,방한의향자,C5,<표C5> 한국 여행 결정 요인(중복) (한국 방문의향자 기준),BASE:B5. 1) 한국 ④~⑤,프랑스,프랑스,국가/지역,스포츠 관광(경기 관람 및 참여),465.0,(465),5.296413783019187,%
2025_잠재방한객조사_방한의향자.xlsx,방한의향자,C5,<표C5> 한국 여행 결정 요인(중복) (한국 방문의향자 기준),BASE:B5. 1) 한국 ④~⑤,프랑스,프랑스,국가/지역,종교 환경,465.0,(465),4.9822094964134065,%
2025_잠재방한객조사_방한의향자.xlsx,방한의향자,C5,<표C5> 한국 여행 결정 요인(중복) (한국 방문의향자 기준),BASE:B5. 1) 한국 ④~⑤,프랑스,프랑스,국가/지역,과거 방문 경험,465.0,(465),1.8246582138286789,%
2025_잠재방한객조사_방한의향자.xlsx,방한의향자,C5,<표C5> 한국 여행 결정 요인(중복) (한국 방문의향자 기준),BASE:B5. 1) 한국 ④~⑤,프랑스,프랑스,국가/지역,기타,465.0,(465),2.037400117044756,%
2025_잠재방한객조사_방한의향자.xlsx,방한의향자,C5,<표C5> 한국 여행 결정 요인(중복) (한국 방문의향자 기준),BASE:B5. 1) 한국 ④~⑤,독일,독일,국가/지역,"개인 및 인플루언서가 제작한 짧은 이미지(틱톡, 인스타그램 릴스, 유튜브 쇼츠 등)",465.0,(465),30.19853002923408,%
2025_잠재방한객조사_방한의향자.xlsx,방한의향자,C5,<표C5> 한국 여행 결정 요인(중복) (한국 방문의향자 기준),BASE:B5. 1) 한국 ④~⑤,독일,독일,국가/지역,음식/식문화,465.0,(465),32.092526993419455,%
2025_잠재방한객조사_방한의향자.xlsx,방한의향자,C5,<표C5> 한국 여행 결정 요인(중복) (한국 방문의향자 기준),BASE:B5. 1) 한국 ④~⑤,독일,독일,국가/지역,"가족, 친구, 지인 등 주변인 추천",465.0,(465),30.41909445173518,%
2025_잠재방한객조사_방한의향자.xlsx,방한의향자,C5,<표C5> 한국 여행 결정 요인(중복) (한국 방문의향자 기준),BASE:B5. 1) 한국 ④~⑤,독일,독일,국가/지역,"뉴스, 영화, 드라마, 다큐멘터리 등 대중 매체",465.0,(465),27.19826417451076,%
2025_잠재방한객조사_방한의향자.xlsx,방한의향자,C5,<표C5> 한국 여행 결정 요인(중복) (한국 방문의향자 기준),BASE:B5. 1) 한국 ④~⑤,독일,독일,국가/지역,관광지/관광 명소,465.0,(465),29.971352558280344,%
2025_잠재방한객조사_방한의향자.xlsx,방한의향자,C5,<표C5> 한국 여행 결정 요인(중복) (한국 방문의향자 기준),BASE:B5. 1) 한국 ④~⑤,독일,독일,국가/지역,자연 경관,465.0,(465),24.050104774887295,%
2025_잠재방한객조사_방한의향자.xlsx,방한의향자,C5,<표C5> 한국 여행 결정 요인(중복) (한국 방문의향자 기준),BASE:B5. 1) 한국 ④~⑤,독일,독일,국가/지역,"유명 인플루언서, 연예인 등의 여행 후기",465.0,(465),21.201258917225466,%
2025_잠재방한객조사_방한의향자.xlsx,방한의향자,C5,<표C5> 한국 여행 결정 요인(중복) (한국 방문의향자 기준),BASE:B5. 1) 한국 ④~⑤,독일,독일,국가/지역,전통문화/역사,465.0,(465),34.4594657864957,%
2025_잠재방한객조사_방한의향자.xlsx,방한의향자,C5,<표C5> 한국 여행 결정 요인(중복) (한국 방문의향자 기준),BASE:B5. 1) 한국 ④~⑤,독일,독일,국가/지역,"음악, 영화, 드라마 등 문화콘텐츠/연예인",465.0,(465),19.720042077650465,%
2025_잠재방한객조사_방한의향자.xlsx,방한의향자,C5,<표C5> 한국 여행 결정 요인(중복) (한국 방문의향자 기준),BASE:B5. 1) 한국 ④~⑤,독일,독일,국가/지역,관광 관련 공공기관이 제작한 국가 브랜드 홍보 영상,465.0,(465),19.61402282252732,%
2025_잠재방한객조사_방한의향자.xlsx,방한의향자,C5,<표C5> 한국 여행 결정 요인(중복) (한국 방문의향자 기준),BASE:B5. 1) 한국 ④~⑤,독일,독일,국가/지역,계절/기후,465.0,(465),15.735635838568529,%
2025_잠재방한객조사_방한의향자.xlsx,방한의향자,C5,<표C5> 한국 여행 결정 요인(중복) (한국 방문의향자 기준),BASE:B5. 1) 한국 ④~⑤,독일,독일,국가/지역,건축/도시 디자인,465.0,(465),18.926806142605265,%
2025_잠재방한객조사_방한의향자.xlsx,방한의향자,C5,<표C5> 한국 여행 결정 요인(중복) (한국 방문의향자 기준),BASE:B5. 1) 한국 ④~⑤,독일,독일,국가/지역,치안/안전,465.0,(465),15.706079773737528,%
2025_잠재방한객조사_방한의향자.xlsx,방한의향자,C5,<표C5> 한국 여행 결정 요인(중복) (한국 방문의향자 기준),BASE:B5. 1) 한국 ④~⑤,독일,독일,국가/지역,해당 국가에서만 판매하는 상품 쇼핑,465.0,(465),12.657085343634833,%
2025_잠재방한객조사_방한의향자.xlsx,방한의향자,C5,<표C5> 한국 여행 결정 요인(중복) (한국 방문의향자 기준),BASE:B5. 1) 한국 ④~⑤,독일,독일,국가/지역,"웰니스 관광(스파, 디톡스 여행 등)",465.0,(465),11.05440830174224,%
2025_잠재방한객조사_방한의향자.xlsx,방한의향자,C5,<표C5> 한국 여행 결정 요인(중복) (한국 방문의향자 기준),BASE:B5. 1) 한국 ④~⑤,독일,독일,국가/지역,이동거리/비행시간,465.0,(465),5.93338111435902,%
2025_잠재방한객조사_방한의향자.xlsx,방한의향자,C5,<표C5> 한국 여행 결정 요인(중복) (한국 방문의향자 기준),BASE:B5. 1) 한국 ④~⑤,독일,독일,국가/지역,"행사/이벤트 체험(공연, 콘서트, 축제, 박람회 등)",465.0,(465),10.870240020637185,%
2025_잠재방한객조사_방한의향자.xlsx,방한의향자,C5,<표C5> 한국 여행 결정 요인(중복) (한국 방문의향자 기준),BASE:B5. 1) 한국 ④~⑤,독일,독일,국가/지역,항공 노선(직항 및 경유 등),465.0,(465),8.242656529781222,%
2025_잠재방한객조사_방한의향자.xlsx,방한의향자,C5,<표C5> 한국 여행 결정 요인(중복) (한국 방문의향자 기준),BASE:B5. 1) 한국 ④~⑤,독일,독일,국가/지역,출입국 편의성(비자 면제 등),465.0,(465),9.085227740400821,%
2025_잠재방한객조사_방한의향자.xlsx,방한의향자,C5,<표C5> 한국 여행 결정 요인(중복) (한국 방문의향자 기준),BASE:B5. 1) 한국 ④~⑤,독일,독일,국가/지역,유명 명품 구매 등 럭셔리 쇼핑,465.0,(465),9.896464757318501,%
2025_잠재방한객조사_방한의향자.xlsx,방한의향자,C5,<표C5> 한국 여행 결정 요인(중복) (한국 방문의향자 기준),BASE:B5. 1) 한국 ④~⑤,독일,독일,국가/지역,항공권 특가 및 할인 프로모션,465.0,(465),8.530303409215753,%
2025_잠재방한객조사_방한의향자.xlsx,방한의향자,C5,<표C5> 한국 여행 결정 요인(중복) (한국 방문의향자 기준),BASE:B5. 1) 한국 ④~⑤,독일,독일,국가/지역,"이벤트성 방문(신혼여행, 프로포즈, 생일, 기념일 등)",465.0,(465),7.336711689053045,%
2025_잠재방한객조사_방한의향자.xlsx,방한의향자,C5,<표C5> 한국 여행 결정 요인(중복) (한국 방문의향자 기준),BASE:B5. 1) 한국 ④~⑤,독일,독일,국가/지역,"의료 관광(검진, 시술, 수술 등)",465.0,(465),9.363697172878496,%
2025_잠재방한객조사_방한의향자.xlsx,방한의향자,C5,<표C5> 한국 여행 결정 요인(중복) (한국 방문의향자 기준),BASE:B5. 1) 한국 ④~⑤,독일,독일,국가/지역,환율 및 현지 물가,465.0,(465),6.319604547529443,%
2025_잠재방한객조사_방한의향자.xlsx,방한의향자,C5,<표C5> 한국 여행 결정 요인(중복) (한국 방문의향자 기준),BASE:B5. 1) 한국 ④~⑤,독일,독일,국가/지역,언어소통,465.0,(465),9.591072709527912,%
2025_잠재방한객조사_방한의향자.xlsx,방한의향자,C5,<표C5> 한국 여행 결정 요인(중복) (한국 방문의향자 기준),BASE:B5. 1) 한국 ④~⑤,독일,독일,국가/지역,어학/직업 연수 및 유학,465.0,(465),7.853161770558257,%
2025_잠재방한객조사_방한의향자.xlsx,방한의향자,C5,<표C5> 한국 여행 결정 요인(중복) (한국 방문의향자 기준),BASE:B5. 1) 한국 ④~⑤,독일,독일,국가/지역,출장 및 학회 행사 개최지,465.0,(465),4.004408576115263,%
2025_잠재방한객조사_방한의향자.xlsx,방한의향자,C5,<표C5> 한국 여행 결정 요인(중복) (한국 방문의향자 기준),BASE:B5. 1) 한국 ④~⑤,독일,독일,국가/지역,스포츠 관광(경기 관람 및 참여),465.0,(465),7.772662546998325,%
2025_잠재방한객조사_방한의향자.xlsx,방한의향자,C5,<표C5> 한국 여행 결정 요인(중복) (한국 방문의향자 기준),BASE:B5. 1) 한국 ④~⑤,독일,독일,국가/지역,종교 환경,465.0,(465),6.182827677646148,%
2025_잠재방한객조사_방한의향자.xlsx,방한의향자,C5,<표C5> 한국 여행 결정 요인(중복) (한국 방문의향자 기준),BASE:B5. 1) 한국 ④~⑤,독일,독일,국가/지역,과거 방문 경험,465.0,(465),3.8950807435483745,%
2025_잠재방한객조사_방한의향자.xlsx,방한의향자,C5,<표C5> 한국 여행 결정 요인(중복) (한국 방문의향자 기준),BASE:B5. 1) 한국 ④~⑤,독일,독일,국가/지역,기타,465.0,(465),0.641987313919774,%
2025_잠재방한객조사_방한의향자.xlsx,방한의향자,C5,<표C5> 한국 여행 결정 요인(중복) (한국 방문의향자 기준),BASE:B5. 1) 한국 ④~⑤,영국,영국,국가/지역,"개인 및 인플루언서가 제작한 짧은 이미지(틱톡, 인스타그램 릴스, 유튜브 쇼츠 등)",465.0,(465),32.83806365422507,%
2025_잠재방한객조사_방한의향자.xlsx,방한의향자,C5,<표C5> 한국 여행 결정 요인(중복) (한국 방문의향자 기준),BASE:B5. 1) 한국 ④~⑤,영국,영국,국가/지역,음식/식문화,465.0,(465),32.4448904538941,%
2025_잠재방한객조사_방한의향자.xlsx,방한의향자,C5,<표C5> 한국 여행 결정 요인(중복) (한국 방문의향자 기준),BASE:B5. 1) 한국 ④~⑤,영국,영국,국가/지역,"가족, 친구, 지인 등 주변인 추천",465.0,(465),38.9609189589221,%
2025_잠재방한객조사_방한의향자.xlsx,방한의향자,C5,<표C5> 한국 여행 결정 요인(중복) (한국 방문의향자 기준),BASE:B5. 1) 한국 ④~⑤,영국,영국,국가/지역,"뉴스, 영화, 드라마, 다큐멘터리 등 대중 매체",465.0,(465),33.06902820735825,%
2025_잠재방한객조사_방한의향자.xlsx,방한의향자,C5,<표C5> 한국 여행 결정 요인(중복) (한국 방문의향자 기준),BASE:B5. 1) 한국 ④~⑤,영국,영국,국가/지역,관광지/관광 명소,465.0,(465),31.212492525153124,%
2025_잠재방한객조사_방한의향자.xlsx,방한의향자,C5,<표C5> 한국 여행 결정 요인(중복) (한국 방문의향자 기준),BASE:B5. 1) 한국 ④~⑤,영국,영국,국가/지역,자연 경관,465.0,(465),26.551682054306262,%
2025_잠재방한객조사_방한의향자.xlsx,방한의향자,C5,<표C5> 한국 여행 결정 요인(중복) (한국 방문의향자 기준),BASE:B5. 1) 한국 ④~⑤,영국,영국,국가/지역,"유명 인플루언서, 연예인 등의 여행 후기",465.0,(465),24.585769220688345,%
2025_잠재방한객조사_방한의향자.xlsx,방한의향자,C5,<표C5> 한국 여행 결정 요인(중복) (한국 방문의향자 기준),BASE:B5. 1) 한국 ④~⑤,영국,영국,국가/지역,전통문화/역사,465.0,(465),29.80733674567326,%
2025_잠재방한객조사_방한의향자.xlsx,방한의향자,C5,<표C5> 한국 여행 결정 요인(중복) (한국 방문의향자 기준),BASE:B5. 1) 한국 ④~⑤,영국,영국,국가/지역,"음악, 영화, 드라마 등 문화콘텐츠/연예인",465.0,(465),25.62990408496174,%
2025_잠재방한객조사_방한의향자.xlsx,방한의향자,C5,<표C5> 한국 여행 결정 요인(중복) (한국 방문의향자 기준),BASE:B5. 1) 한국 ④~⑤,영국,영국,국가/지역,관광 관련 공공기관이 제작한 국가 브랜드 홍보 영상,465.0,(465),23.695742380820704,%
2025_잠재방한객조사_방한의향자.xlsx,방한의향자,C5,<표C5> 한국 여행 결정 요인(중복) (한국 방문의향자 기준),BASE:B5. 1) 한국 ④~⑤,영국,영국,국가/지역,계절/기후,465.0,(465),16.055987023475172,%
2025_잠재방한객조사_방한의향자.xlsx,방한의향자,C5,<표C5> 한국 여행 결정 요인(중복) (한국 방문의향자 기준),BASE:B5. 1) 한국 ④~⑤,영국,영국,국가/지역,건축/도시 디자인,465.0,(465),13.954193642896753,%
2025_잠재방한객조사_방한의향자.xlsx,방한의향자,C5,<표C5> 한국 여행 결정 요인(중복) (한국 방문의향자 기준),BASE:B5. 1) 한국 ④~⑤,영국,영국,국가/지역,치안/안전,465.0,(465),13.852196429504668,%
2025_잠재방한객조사_방한의향자.xlsx,방한의향자,C5,<표C5> 한국 여행 결정 요인(중복) (한국 방문의향자 기준),BASE:B5. 1) 한국 ④~⑤,영국,영국,국가/지역,해당 국가에서만 판매하는 상품 쇼핑,465.0,(465),13.442669752457947,%
2025_잠재방한객조사_방한의향자.xlsx,방한의향자,C5,<표C5> 한국 여행 결정 요인(중복) (한국 방문의향자 기준),BASE:B5. 1) 한국 ④~⑤,영국,영국,국가/지역,"웰니스 관광(스파, 디톡스 여행 등)",465.0,(465),15.453709119430636,%
2025_잠재방한객조사_방한의향자.xlsx,방한의향자,C5,<표C5> 한국 여행 결정 요인(중복) (한국 방문의향자 기준),BASE:B5. 1) 한국 ④~⑤,영국,영국,국가/지역,이동거리/비행시간,465.0,(465),10.00166181233052,%
2025_잠재방한객조사_방한의향자.xlsx,방한의향자,C5,<표C5> 한국 여행 결정 요인(중복) (한국 방문의향자 기준),BASE:B5. 1) 한국 ④~⑤,영국,영국,국가/지역,"행사/이벤트 체험(공연, 콘서트, 축제, 박람회 등)",465.0,(465),15.415945559051188,%
2025_잠재방한객조사_방한의향자.xlsx,방한의향자,C5,<표C5> 한국 여행 결정 요인(중복) (한국 방문의향자 기준),BASE:B5. 1) 한국 ④~⑤,영국,영국,국가/지역,항공 노선(직항 및 경유 등),465.0,(465),10.42147954092894,%
2025_잠재방한객조사_방한의향자.xlsx,방한의향자,C5,<표C5> 한국 여행 결정 요인(중복) (한국 방문의향자 기준),BASE:B5. 1) 한국 ④~⑤,영국,영국,국가/지역,출입국 편의성(비자 면제 등),465.0,(465),10.723676452952487,%
2025_잠재방한객조사_방한의향자.xlsx,방한의향자,C5,<표C5> 한국 여행 결정 요인(중복) (한국 방문의향자 기준),BASE:B5. 1) 한국 ④~⑤,영국,영국,국가/지역,유명 명품 구매 등 럭셔리 쇼핑,465.0,(465),14.76705338324864,%
2025_잠재방한객조사_방한의향자.xlsx,방한의향자,C5,<표C5> 한국 여행 결정 요인(중복) (한국 방문의향자 기준),BASE:B5. 1) 한국 ④~⑤,영국,영국,국가/지역,항공권 특가 및 할인 프로모션,465.0,(465),10.052604609983502,%
2025_잠재방한객조사_방한의향자.xlsx,방한의향자,C5,<표C5> 한국 여행 결정 요인(중복) (한국 방문의향자 기준),BASE:B5. 1) 한국 ④~⑤,영국,영국,국가/지역,"이벤트성 방문(신혼여행, 프로포즈, 생일, 기념일 등)",465.0,(465),8.925420654472248,%
2025_잠재방한객조사_방한의향자.xlsx,방한의향자,C5,<표C5> 한국 여행 결정 요인(중복) (한국 방문의향자 기준),BASE:B5. 1) 한국 ④~⑤,영국,영국,국가/지역,"의료 관광(검진, 시술, 수술 등)",465.0,(465),7.840485921776326,%
2025_잠재방한객조사_방한의향자.xlsx,방한의향자,C5,<표C5> 한국 여행 결정 요인(중복) (한국 방문의향자 기준),BASE:B5. 1) 한국 ④~⑤,영국,영국,국가/지역,환율 및 현지 물가,465.0,(465),7.485150889836474,%
2025_잠재방한객조사_방한의향자.xlsx,방한의향자,C5,<표C5> 한국 여행 결정 요인(중복) (한국 방문의향자 기준),BASE:B5. 1) 한국 ④~⑤,영국,영국,국가/지역,언어소통,465.0,(465),10.007086566269258,%
2025_잠재방한객조사_방한의향자.xlsx,방한의향자,C5,<표C5> 한국 여행 결정 요인(중복) (한국 방문의향자 기준),BASE:B5. 1) 한국 ④~⑤,영국,영국,국가/지역,어학/직업 연수 및 유학,465.0,(465),8.316811322551592,%
2025_잠재방한객조사_방한의향자.xlsx,방한의향자,C5,<표C5> 한국 여행 결정 요인(중복) (한국 방문의향자 기준),BASE:B5. 1) 한국 ④~⑤,영국,영국,국가/지역,출장 및 학회 행사 개최지,465.0,(465),11.06791532603715,%
2025_잠재방한객조사_방한의향자.xlsx,방한의향자,C5,<표C5> 한국 여행 결정 요인(중복) (한국 방문의향자 기준),BASE:B5. 1) 한국 ④~⑤,영국,영국,국가/지역,스포츠 관광(경기 관람 및 참여),465.0,(465),8.3211066189506,%
2025_잠재방한객조사_방한의향자.xlsx,방한의향자,C5,<표C5> 한국 여행 결정 요인(중복) (한국 방문의향자 기준),BASE:B5. 1) 한국 ④~⑤,영국,영국,국가/지역,종교 환경,465.0,(465),6.268752179101492,%
2025_잠재방한객조사_방한의향자.xlsx,방한의향자,C5,<표C5> 한국 여행 결정 요인(중복) (한국 방문의향자 기준),BASE:B5. 1) 한국 ④~⑤,영국,영국,국가/지역,과거 방문 경험,465.0,(465),4.093064226953741,%
2025_잠재방한객조사_방한의향자.xlsx,방한의향자,C5,<표C5> 한국 여행 결정 요인(중복) (한국 방문의향자 기준),BASE:B5. 1) 한국 ④~⑤,영국,영국,국가/지역,기타,465.0,(465),0.9862997313939263,%
2025_잠재방한객조사_방한의향자.xlsx,방한의향자,C5,<표C5> 한국 여행 결정 요인(중복) (한국 방문의향자 기준),BASE:B5. 1) 한국 ④~⑤,멕시코,멕시코,국가/지역,"개인 및 인플루언서가 제작한 짧은 이미지(틱톡, 인스타그램 릴스, 유튜브 쇼츠 등)",465.0,(465),52.082031451564625,%
2025_잠재방한객조사_방한의향자.xlsx,방한의향자,C5,<표C5> 한국 여행 결정 요인(중복) (한국 방문의향자 기준),BASE:B5. 1) 한국 ④~⑤,멕시코,멕시코,국가/지역,음식/식문화,465.0,(465),41.2639828023974,%
2025_잠재방한객조사_방한의향자.xlsx,방한의향자,C5,<표C5> 한국 여행 결정 요인(중복) (한국 방문의향자 기준),BASE:B5. 1) 한국 ④~⑤,멕시코,멕시코,국가/지역,"가족, 친구, 지인 등 주변인 추천",465.0,(465),30.206779979622283,%
2025_잠재방한객조사_방한의향자.xlsx,방한의향자,C5,<표C5> 한국 여행 결정 요인(중복) (한국 방문의향자 기준),BASE:B5. 1) 한국 ④~⑤,멕시코,멕시코,국가/지역,"뉴스, 영화, 드라마, 다큐멘터리 등 대중 매체",465.0,(465),37.66740375059799,%
2025_잠재방한객조사_방한의향자.xlsx,방한의향자,C5,<표C5> 한국 여행 결정 요인(중복) (한국 방문의향자 기준),BASE:B5. 1) 한국 ④~⑤,멕시코,멕시코,국가/지역,관광지/관광 명소,465.0,(465),34.16962212324286,%
2025_잠재방한객조사_방한의향자.xlsx,방한의향자,C5,<표C5> 한국 여행 결정 요인(중복) (한국 방문의향자 기준),BASE:B5. 1) 한국 ④~⑤,멕시코,멕시코,국가/지역,자연 경관,465.0,(465),35.08266023170587,%
2025_잠재방한객조사_방한의향자.xlsx,방한의향자,C5,<표C5> 한국 여행 결정 요인(중복) (한국 방문의향자 기준),BASE:B5. 1) 한국 ④~⑤,멕시코,멕시코,국가/지역,"유명 인플루언서, 연예인 등의 여행 후기",465.0,(465),30.592704507784312,%
2025_잠재방한객조사_방한의향자.xlsx,방한의향자,C5,<표C5> 한국 여행 결정 요인(중복) (한국 방문의향자 기준),BASE:B5. 1) 한국 ④~⑤,멕시코,멕시코,국가/지역,전통문화/역사,465.0,(465),38.40849763065254,%
2025_잠재방한객조사_방한의향자.xlsx,방한의향자,C5,<표C5> 한국 여행 결정 요인(중복) (한국 방문의향자 기준),BASE:B5. 1) 한국 ④~⑤,멕시코,멕시코,국가/지역,"음악, 영화, 드라마 등 문화콘텐츠/연예인",465.0,(465),30.554106760310578,%
2025_잠재방한객조사_방한의향자.xlsx,방한의향자,C5,<표C5> 한국 여행 결정 요인(중복) (한국 방문의향자 기준),BASE:B5. 1) 한국 ④~⑤,멕시코,멕시코,국가/지역,관광 관련 공공기관이 제작한 국가 브랜드 홍보 영상,465.0,(465),23.898964786716224,%
2025_잠재방한객조사_방한의향자.xlsx,방한의향자,C5,<표C5> 한국 여행 결정 요인(중복) (한국 방문의향자 기준),BASE:B5. 1) 한국 ④~⑤,멕시코,멕시코,국가/지역,계절/기후,465.0,(465),20.743296198414942,%
2025_잠재방한객조사_방한의향자.xlsx,방한의향자,C5,<표C5> 한국 여행 결정 요인(중복) (한국 방문의향자 기준),BASE:B5. 1) 한국 ④~⑤,멕시코,멕시코,국가/지역,건축/도시 디자인,465.0,(465),28.187006815206235,%
2025_잠재방한객조사_방한의향자.xlsx,방한의향자,C5,<표C5> 한국 여행 결정 요인(중복) (한국 방문의향자 기준),BASE:B5. 1) 한국 ④~⑤,멕시코,멕시코,국가/지역,치안/안전,465.0,(465),14.486443395227283,%
2025_잠재방한객조사_방한의향자.xlsx,방한의향자,C5,<표C5> 한국 여행 결정 요인(중복) (한국 방문의향자 기준),BASE:B5. 1) 한국 ④~⑤,멕시코,멕시코,국가/지역,해당 국가에서만 판매하는 상품 쇼핑,465.0,(465),22.889544347225723,%
2025_잠재방한객조사_방한의향자.xlsx,방한의향자,C5,<표C5> 한국 여행 결정 요인(중복) (한국 방문의향자 기준),BASE:B5. 1) 한국 ④~⑤,멕시코,멕시코,국가/지역,"웰니스 관광(스파, 디톡스 여행 등)",465.0,(465),23.36289790090763,%
2025_잠재방한객조사_방한의향자.xlsx,방한의향자,C5,<표C5> 한국 여행 결정 요인(중복) (한국 방문의향자 기준),BASE:B5. 1) 한국 ④~⑤,멕시코,멕시코,국가/지역,이동거리/비행시간,465.0,(465),12.951896476513165,%
2025_잠재방한객조사_방한의향자.xlsx,방한의향자,C5,<표C5> 한국 여행 결정 요인(중복) (한국 방문의향자 기준),BASE:B5. 1) 한국 ④~⑤,멕시코,멕시코,국가/지역,"행사/이벤트 체험(공연, 콘서트, 축제, 박람회 등)",465.0,(465),18.398155614769767,%
2025_잠재방한객조사_방한의향자.xlsx,방한의향자,C5,<표C5> 한국 여행 결정 요인(중복) (한국 방문의향자 기준),BASE:B5. 1) 한국 ④~⑤,멕시코,멕시코,국가/지역,항공 노선(직항 및 경유 등),465.0,(465),14.749774113449874,%
2025_잠재방한객조사_방한의향자.xlsx,방한의향자,C5,<표C5> 한국 여행 결정 요인(중복) (한국 방문의향자 기준),BASE:B5. 1) 한국 ④~⑤,멕시코,멕시코,국가/지역,출입국 편의성(비자 면제 등),465.0,(465),17.958549367002874,%
2025_잠재방한객조사_방한의향자.xlsx,방한의향자,C5,<표C5> 한국 여행 결정 요인(중복) (한국 방문의향자 기준),BASE:B5. 1) 한국 ④~⑤,멕시코,멕시코,국가/지역,유명 명품 구매 등 럭셔리 쇼핑,465.0,(465),11.92223450466416,%
2025_잠재방한객조사_방한의향자.xlsx,방한의향자,C5,<표C5> 한국 여행 결정 요인(중복) (한국 방문의향자 기준),BASE:B5. 1) 한국 ④~⑤,멕시코,멕시코,국가/지역,항공권 특가 및 할인 프로모션,465.0,(465),12.861945013864412,%
2025_잠재방한객조사_방한의향자.xlsx,방한의향자,C5,<표C5> 한국 여행 결정 요인(중복) (한국 방문의향자 기준),BASE:B5. 1) 한국 ④~⑤,멕시코,멕시코,국가/지역,"이벤트성 방문(신혼여행, 프로포즈, 생일, 기념일 등)",465.0,(465),15.027570084501482,%
2025_잠재방한객조사_방한의향자.xlsx,방한의향자,C5,<표C5> 한국 여행 결정 요인(중복) (한국 방문의향자 기준),BASE:B5. 1) 한국 ④~⑤,멕시코,멕시코,국가/지역,"의료 관광(검진, 시술, 수술 등)",465.0,(465),9.84651233053316,%
2025_잠재방한객조사_방한의향자.xlsx,방한의향자,C5,<표C5> 한국 여행 결정 요인(중복) (한국 방문의향자 기준),BASE:B5. 1) 한국 ④~⑤,멕시코,멕시코,국가/지역,환율 및 현지 물가,465.0,(465),9.12420342797527,%
2025_잠재방한객조사_방한의향자.xlsx,방한의향자,C5,<표C5> 한국 여행 결정 요인(중복) (한국 방문의향자 기준),BASE:B5. 1) 한국 ④~⑤,멕시코,멕시코,국가/지역,언어소통,465.0,(465),6.414243126041838,%
2025_잠재방한객조사_방한의향자.xlsx,방한의향자,C5,<표C5> 한국 여행 결정 요인(중복) (한국 방문의향자 기준),BASE:B5. 1) 한국 ④~⑤,멕시코,멕시코,국가/지역,어학/직업 연수 및 유학,465.0,(465),13.03665373461443,%
2025_잠재방한객조사_방한의향자.xlsx,방한의향자,C5,<표C5> 한국 여행 결정 요인(중복) (한국 방문의향자 기준),BASE:B5. 1) 한국 ④~⑤,멕시코,멕시코,국가/지역,출장 및 학회 행사 개최지,465.0,(465),8.47436255080497,%
2025_잠재방한객조사_방한의향자.xlsx,방한의향자,C5,<표C5> 한국 여행 결정 요인(중복) (한국 방문의향자 기준),BASE:B5. 1) 한국 ④~⑤,멕시코,멕시코,국가/지역,스포츠 관광(경기 관람 및 참여),465.0,(465),8.341089847246915,%
2025_잠재방한객조사_방한의향자.xlsx,방한의향자,C5,<표C5> 한국 여행 결정 요인(중복) (한국 방문의향자 기준),BASE:B5. 1) 한국 ④~⑤,멕시코,멕시코,국가/지역,종교 환경,465.0,(465),5.793953646398237,%
2025_잠재방한객조사_방한의향자.xlsx,방한의향자,C5,<표C5> 한국 여행 결정 요인(중복) (한국 방문의향자 기준),BASE:B5. 1) 한국 ④~⑤,멕시코,멕시코,국가/지역,과거 방문 경험,465.0,(465),2.195196341507242,%
2025_잠재방한객조사_방한의향자.xlsx,방한의향자,C5,<표C5> 한국 여행 결정 요인(중복) (한국 방문의향자 기준),BASE:B5. 1) 한국 ④~⑤,멕시코,멕시코,국가/지역,기타,465.0,(465),0.40596150992063046,%
2025_잠재방한객조사_방한의향자.xlsx,방한의향자,C5,<표C5> 한국 여행 결정 요인(중복) (한국 방문의향자 기준),BASE:B5. 1) 한국 ④~⑤,카자흐스탄,카자흐스탄,국가/지역,"개인 및 인플루언서가 제작한 짧은 이미지(틱톡, 인스타그램 릴스, 유튜브 쇼츠 등)",465.0,(465),36.40643725693128,%
2025_잠재방한객조사_방한의향자.xlsx,방한의향자,C5,<표C5> 한국 여행 결정 요인(중복) (한국 방문의향자 기준),BASE:B5. 1) 한국 ④~⑤,카자흐스탄,카자흐스탄,국가/지역,음식/식문화,465.0,(465),32.94940088746344,%
2025_잠재방한객조사_방한의향자.xlsx,방한의향자,C5,<표C5> 한국 여행 결정 요인(중복) (한국 방문의향자 기준),BASE:B5. 1) 한국 ④~⑤,카자흐스탄,카자흐스탄,국가/지역,"가족, 친구, 지인 등 주변인 추천",465.0,(465),33.28875052470311,%
2025_잠재방한객조사_방한의향자.xlsx,방한의향자,C5,<표C5> 한국 여행 결정 요인(중복) (한국 방문의향자 기준),BASE:B5. 1) 한국 ④~⑤,카자흐스탄,카자흐스탄,국가/지역,"뉴스, 영화, 드라마, 다큐멘터리 등 대중 매체",465.0,(465),34.29155389294912,%
2025_잠재방한객조사_방한의향자.xlsx,방한의향자,C5,<표C5> 한국 여행 결정 요인(중복) (한국 방문의향자 기준),BASE:B5. 1) 한국 ④~⑤,카자흐스탄,카자흐스탄,국가/지역,관광지/관광 명소,465.0,(465),27.019034945474452,%
2025_잠재방한객조사_방한의향자.xlsx,방한의향자,C5,<표C5> 한국 여행 결정 요인(중복) (한국 방문의향자 기준),BASE:B5. 1) 한국 ④~⑤,카자흐스탄,카자흐스탄,국가/지역,자연 경관,465.0,(465),26.535341625931437,%
2025_잠재방한객조사_방한의향자.xlsx,방한의향자,C5,<표C5> 한국 여행 결정 요인(중복) (한국 방문의향자 기준),BASE:B5. 1) 한국 ④~⑤,카자흐스탄,카자흐스탄,국가/지역,"유명 인플루언서, 연예인 등의 여행 후기",465.0,(465),23.316213651821258,%
2025_잠재방한객조사_방한의향자.xlsx,방한의향자,C5,<표C5> 한국 여행 결정 요인(중복) (한국 방문의향자 기준),BASE:B5. 1) 한국 ④~⑤,카자흐스탄,카자흐스탄,국가/지역,전통문화/역사,465.0,(465),25.867001918197424,%
2025_잠재방한객조사_방한의향자.xlsx,방한의향자,C5,<표C5> 한국 여행 결정 요인(중복) (한국 방문의향자 기준),BASE:B5. 1) 한국 ④~⑤,카자흐스탄,카자흐스탄,국가/지역,"음악, 영화, 드라마 등 문화콘텐츠/연예인",465.0,(465),20.15025426140466,%
2025_잠재방한객조사_방한의향자.xlsx,방한의향자,C5,<표C5> 한국 여행 결정 요인(중복) (한국 방문의향자 기준),BASE:B5. 1) 한국 ④~⑤,카자흐스탄,카자흐스탄,국가/지역,관광 관련 공공기관이 제작한 국가 브랜드 홍보 영상,465.0,(465),21.626904165645445,%
2025_잠재방한객조사_방한의향자.xlsx,방한의향자,C5,<표C5> 한국 여행 결정 요인(중복) (한국 방문의향자 기준),BASE:B5. 1) 한국 ④~⑤,카자흐스탄,카자흐스탄,국가/지역,계절/기후,465.0,(465),11.199068734614643,%
2025_잠재방한객조사_방한의향자.xlsx,방한의향자,C5,<표C5> 한국 여행 결정 요인(중복) (한국 방문의향자 기준),BASE:B5. 1) 한국 ④~⑤,카자흐스탄,카자흐스탄,국가/지역,건축/도시 디자인,465.0,(465),21.706415567344255,%
2025_잠재방한객조사_방한의향자.xlsx,방한의향자,C5,<표C5> 한국 여행 결정 요인(중복) (한국 방문의향자 기준),BASE:B5. 1) 한국 ④~⑤,카자흐스탄,카자흐스탄,국가/지역,치안/안전,465.0,(465),13.980755873889292,%
2025_잠재방한객조사_방한의향자.xlsx,방한의향자,C5,<표C5> 한국 여행 결정 요인(중복) (한국 방문의향자 기준),BASE:B5. 1) 한국 ④~⑤,카자흐스탄,카자흐스탄,국가/지역,해당 국가에서만 판매하는 상품 쇼핑,465.0,(465),14.264469183288861,%
2025_잠재방한객조사_방한의향자.xlsx,방한의향자,C5,<표C5> 한국 여행 결정 요인(중복) (한국 방문의향자 기준),BASE:B5. 1) 한국 ④~⑤,카자흐스탄,카자흐스탄,국가/지역,"웰니스 관광(스파, 디톡스 여행 등)",465.0,(465),18.579165431306727,%
2025_잠재방한객조사_방한의향자.xlsx,방한의향자,C5,<표C5> 한국 여행 결정 요인(중복) (한국 방문의향자 기준),BASE:B5. 1) 한국 ④~⑤,카자흐스탄,카자흐스탄,국가/지역,이동거리/비행시간,465.0,(465),11.724128386515167,%
2025_잠재방한객조사_방한의향자.xlsx,방한의향자,C5,<표C5> 한국 여행 결정 요인(중복) (한국 방문의향자 기준),BASE:B5. 1) 한국 ④~⑤,카자흐스탄,카자흐스탄,국가/지역,"행사/이벤트 체험(공연, 콘서트, 축제, 박람회 등)",465.0,(465),10.458251109825541,%
2025_잠재방한객조사_방한의향자.xlsx,방한의향자,C5,<표C5> 한국 여행 결정 요인(중복) (한국 방문의향자 기준),BASE:B5. 1) 한국 ④~⑤,카자흐스탄,카자흐스탄,국가/지역,항공 노선(직항 및 경유 등),465.0,(465),14.774484868484016,%
2025_잠재방한객조사_방한의향자.xlsx,방한의향자,C5,<표C5> 한국 여행 결정 요인(중복) (한국 방문의향자 기준),BASE:B5. 1) 한국 ④~⑤,카자흐스탄,카자흐스탄,국가/지역,출입국 편의성(비자 면제 등),465.0,(465),15.172680390257359,%
2025_잠재방한객조사_방한의향자.xlsx,방한의향자,C5,<표C5> 한국 여행 결정 요인(중복) (한국 방문의향자 기준),BASE:B5. 1) 한국 ④~⑤,카자흐스탄,카자흐스탄,국가/지역,유명 명품 구매 등 럭셔리 쇼핑,465.0,(465),12.381016273180489,%
2025_잠재방한객조사_방한의향자.xlsx,방한의향자,C5,<표C5> 한국 여행 결정 요인(중복) (한국 방문의향자 기준),BASE:B5. 1) 한국 ④~⑤,카자흐스탄,카자흐스탄,국가/지역,항공권 특가 및 할인 프로모션,465.0,(465),11.243049608474315,%
2025_잠재방한객조사_방한의향자.xlsx,방한의향자,C5,<표C5> 한국 여행 결정 요인(중복) (한국 방문의향자 기준),BASE:B5. 1) 한국 ④~⑤,카자흐스탄,카자흐스탄,국가/지역,"이벤트성 방문(신혼여행, 프로포즈, 생일, 기념일 등)",465.0,(465),16.004102092083976,%
2025_잠재방한객조사_방한의향자.xlsx,방한의향자,C5,<표C5> 한국 여행 결정 요인(중복) (한국 방문의향자 기준),BASE:B5. 1) 한국 ④~⑤,카자흐스탄,카자흐스탄,국가/지역,"의료 관광(검진, 시술, 수술 등)",465.0,(465),19.41891389050046,%
2025_잠재방한객조사_방한의향자.xlsx,방한의향자,C5,<표C5> 한국 여행 결정 요인(중복) (한국 방문의향자 기준),BASE:B5. 1) 한국 ④~⑤,카자흐스탄,카자흐스탄,국가/지역,환율 및 현지 물가,465.0,(465),6.657197290623213,%
2025_잠재방한객조사_방한의향자.xlsx,방한의향자,C5,<표C5> 한국 여행 결정 요인(중복) (한국 방문의향자 기준),BASE:B5. 1) 한국 ④~⑤,카자흐스탄,카자흐스탄,국가/지역,언어소통,465.0,(465),7.4147021301224605,%
2025_잠재방한객조사_방한의향자.xlsx,방한의향자,C5,<표C5> 한국 여행 결정 요인(중복) (한국 방문의향자 기준),BASE:B5. 1) 한국 ④~⑤,카자흐스탄,카자흐스탄,국가/지역,어학/직업 연수 및 유학,465.0,(465),8.634639111341809,%
2025_잠재방한객조사_방한의향자.xlsx,방한의향자,C5,<표C5> 한국 여행 결정 요인(중복) (한국 방문의향자 기준),BASE:B5. 1) 한국 ④~⑤,카자흐스탄,카자흐스탄,국가/지역,출장 및 학회 행사 개최지,465.0,(465),6.766342630634045,%
2025_잠재방한객조사_방한의향자.xlsx,방한의향자,C5,<표C5> 한국 여행 결정 요인(중복) (한국 방문의향자 기준),BASE:B5. 1) 한국 ④~⑤,카자흐스탄,카자흐스탄,국가/지역,스포츠 관광(경기 관람 및 참여),465.0,(465),5.433764308379769,%
2025_잠재방한객조사_방한의향자.xlsx,방한의향자,C5,<표C5> 한국 여행 결정 요인(중복) (한국 방문의향자 기준),BASE:B5. 1) 한국 ④~⑤,카자흐스탄,카자흐스탄,국가/지역,종교 환경,465.0,(465),6.530592198257526,%
2025_잠재방한객조사_방한의향자.xlsx,방한의향자,C5,<표C5> 한국 여행 결정 요인(중복) (한국 방문의향자 기준),BASE:B5. 1) 한국 ④~⑤,카자흐스탄,카자흐스탄,국가/지역,과거 방문 경험,465.0,(465),3.9416711810875644,%
2025_잠재방한객조사_방한의향자.xlsx,방한의향자,C5,<표C5> 한국 여행 결정 요인(중복) (한국 방문의향자 기준),BASE:B5. 1) 한국 ④~⑤,카자흐스탄,카자흐스탄,국가/지역,기타,465.0,(465),0.6269735630732172,%
2025_잠재방한객조사_방한의향자.xlsx,방한의향자,C5,<표C5> 한국 여행 결정 요인(중복) (한국 방문의향자 기준),BASE:B5. 1) 한국 ④~⑤,튀르키예,튀르키예,국가/지역,"개인 및 인플루언서가 제작한 짧은 이미지(틱톡, 인스타그램 릴스, 유튜브 쇼츠 등)",465.0,(465),47.44868404953832,%
2025_잠재방한객조사_방한의향자.xlsx,방한의향자,C5,<표C5> 한국 여행 결정 요인(중복) (한국 방문의향자 기준),BASE:B5. 1) 한국 ④~⑤,튀르키예,튀르키예,국가/지역,음식/식문화,465.0,(465),31.431980072580366,%
2025_잠재방한객조사_방한의향자.xlsx,방한의향자,C5,<표C5> 한국 여행 결정 요인(중복) (한국 방문의향자 기준),BASE:B5. 1) 한국 ④~⑤,튀르키예,튀르키예,국가/지역,"가족, 친구, 지인 등 주변인 추천",465.0,(465),32.98022635300401,%
2025_잠재방한객조사_방한의향자.xlsx,방한의향자,C5,<표C5> 한국 여행 결정 요인(중복) (한국 방문의향자 기준),BASE:B5. 1) 한국 ④~⑤,튀르키예,튀르키예,국가/지역,"뉴스, 영화, 드라마, 다큐멘터리 등 대중 매체",465.0,(465),38.915250884165395,%
2025_잠재방한객조사_방한의향자.xlsx,방한의향자,C5,<표C5> 한국 여행 결정 요인(중복) (한국 방문의향자 기준),BASE:B5. 1) 한국 ④~⑤,튀르키예,튀르키예,국가/지역,관광지/관광 명소,465.0,(465),34.34578244298711,%
2025_잠재방한객조사_방한의향자.xlsx,방한의향자,C5,<표C5> 한국 여행 결정 요인(중복) (한국 방문의향자 기준),BASE:B5. 1) 한국 ④~⑤,튀르키예,튀르키예,국가/지역,자연 경관,465.0,(465),42.21207133033965,%
2025_잠재방한객조사_방한의향자.xlsx,방한의향자,C5,<표C5> 한국 여행 결정 요인(중복) (한국 방문의향자 기준),BASE:B5. 1) 한국 ④~⑤,튀르키예,튀르키예,국가/지역,"유명 인플루언서, 연예인 등의 여행 후기",465.0,(465),31.086250102392555,%
2025_잠재방한객조사_방한의향자.xlsx,방한의향자,C5,<표C5> 한국 여행 결정 요인(중복) (한국 방문의향자 기준),BASE:B5. 1) 한국 ④~⑤,튀르키예,튀르키예,국가/지역,전통문화/역사,465.0,(465),37.532415262083106,%
2025_잠재방한객조사_방한의향자.xlsx,방한의향자,C5,<표C5> 한국 여행 결정 요인(중복) (한국 방문의향자 기준),BASE:B5. 1) 한국 ④~⑤,튀르키예,튀르키예,국가/지역,"음악, 영화, 드라마 등 문화콘텐츠/연예인",465.0,(465),25.95545094770853,%
2025_잠재방한객조사_방한의향자.xlsx,방한의향자,C5,<표C5> 한국 여행 결정 요인(중복) (한국 방문의향자 기준),BASE:B5. 1) 한국 ④~⑤,튀르키예,튀르키예,국가/지역,관광 관련 공공기관이 제작한 국가 브랜드 홍보 영상,465.0,(465),31.18135640410179,%
2025_잠재방한객조사_방한의향자.xlsx,방한의향자,C5,<표C5> 한국 여행 결정 요인(중복) (한국 방문의향자 기준),BASE:B5. 1) 한국 ④~⑤,튀르키예,튀르키예,국가/지역,계절/기후,465.0,(465),18.924427140462477,%
2025_잠재방한객조사_방한의향자.xlsx,방한의향자,C5,<표C5> 한국 여행 결정 요인(중복) (한국 방문의향자 기준),BASE:B5. 1) 한국 ④~⑤,튀르키예,튀르키예,국가/지역,건축/도시 디자인,465.0,(465),27.81562604978277,%
2025_잠재방한객조사_방한의향자.xlsx,방한의향자,C5,<표C5> 한국 여행 결정 요인(중복) (한국 방문의향자 기준),BASE:B5. 1) 한국 ④~⑤,튀르키예,튀르키예,국가/지역,치안/안전,465.0,(465),15.69545855910083,%
2025_잠재방한객조사_방한의향자.xlsx,방한의향자,C5,<표C5> 한국 여행 결정 요인(중복) (한국 방문의향자 기준),BASE:B5. 1) 한국 ④~⑤,튀르키예,튀르키예,국가/지역,해당 국가에서만 판매하는 상품 쇼핑,465.0,(465),17.82123431119267,%
2025_잠재방한객조사_방한의향자.xlsx,방한의향자,C5,<표C5> 한국 여행 결정 요인(중복) (한국 방문의향자 기준),BASE:B5. 1) 한국 ④~⑤,튀르키예,튀르키예,국가/지역,"웰니스 관광(스파, 디톡스 여행 등)",465.0,(465),24.421174153463614,%
2025_잠재방한객조사_방한의향자.xlsx,방한의향자,C5,<표C5> 한국 여행 결정 요인(중복) (한국 방문의향자 기준),BASE:B5. 1) 한국 ④~⑤,튀르키예,튀르키예,국가/지역,이동거리/비행시간,465.0,(465),14.921049405745105,%
2025_잠재방한객조사_방한의향자.xlsx,방한의향자,C5,<표C5> 한국 여행 결정 요인(중복) (한국 방문의향자 기준),BASE:B5. 1) 한국 ④~⑤,튀르키예,튀르키예,국가/지역,"행사/이벤트 체험(공연, 콘서트, 축제, 박람회 등)",465.0,(465),19.800754358447485,%
2025_잠재방한객조사_방한의향자.xlsx,방한의향자,C5,<표C5> 한국 여행 결정 요인(중복) (한국 방문의향자 기준),BASE:B5. 1) 한국 ④~⑤,튀르키예,튀르키예,국가/지역,항공 노선(직항 및 경유 등),465.0,(465),19.74360947103689,%
2025_잠재방한객조사_방한의향자.xlsx,방한의향자,C5,<표C5> 한국 여행 결정 요인(중복) (한국 방문의향자 기준),BASE:B5. 1) 한국 ④~⑤,튀르키예,튀르키예,국가/지역,출입국 편의성(비자 면제 등),465.0,(465),21.458926867792346,%
2025_잠재방한객조사_방한의향자.xlsx,방한의향자,C5,<표C5> 한국 여행 결정 요인(중복) (한국 방문의향자 기준),BASE:B5. 1) 한국 ④~⑤,튀르키예,튀르키예,국가/지역,유명 명품 구매 등 럭셔리 쇼핑,465.0,(465),17.337317911073217,%
2025_잠재방한객조사_방한의향자.xlsx,방한의향자,C5,<표C5> 한국 여행 결정 요인(중복) (한국 방문의향자 기준),BASE:B5. 1) 한국 ④~⑤,튀르키예,튀르키예,국가/지역,항공권 특가 및 할인 프로모션,465.0,(465),17.868127349567715,%
2025_잠재방한객조사_방한의향자.xlsx,방한의향자,C5,<표C5> 한국 여행 결정 요인(중복) (한국 방문의향자 기준),BASE:B5. 1) 한국 ④~⑤,튀르키예,튀르키예,국가/지역,"이벤트성 방문(신혼여행, 프로포즈, 생일, 기념일 등)",465.0,(465),18.121744883823627,%
2025_잠재방한객조사_방한의향자.xlsx,방한의향자,C5,<표C5> 한국 여행 결정 요인(중복) (한국 방문의향자 기준),BASE:B5. 1) 한국 ④~⑤,튀르키예,튀르키예,국가/지역,"의료 관광(검진, 시술, 수술 등)",465.0,(465),15.116070764814951,%
2025_잠재방한객조사_방한의향자.xlsx,방한의향자,C5,<표C5> 한국 여행 결정 요인(중복) (한국 방문의향자 기준),BASE:B5. 1) 한국 ④~⑤,튀르키예,튀르키예,국가/지역,환율 및 현지 물가,465.0,(465),15.90913629167042,%
2025_잠재방한객조사_방한의향자.xlsx,방한의향자,C5,<표C5> 한국 여행 결정 요인(중복) (한국 방문의향자 기준),BASE:B5. 1) 한국 ④~⑤,튀르키예,튀르키예,국가/지역,언어소통,465.0,(465),14.093334767504054,%
2025_잠재방한객조사_방한의향자.xlsx,방한의향자,C5,<표C5> 한국 여행 결정 요인(중복) (한국 방문의향자 기준),BASE:B5. 1) 한국 ④~⑤,튀르키예,튀르키예,국가/지역,어학/직업 연수 및 유학,465.0,(465),13.702750278700252,%
2025_잠재방한객조사_방한의향자.xlsx,방한의향자,C5,<표C5> 한국 여행 결정 요인(중복) (한국 방문의향자 기준),BASE:B5. 1) 한국 ④~⑤,튀르키예,튀르키예,국가/지역,출장 및 학회 행사 개최지,465.0,(465),14.840076644131035,%
2025_잠재방한객조사_방한의향자.xlsx,방한의향자,C5,<표C5> 한국 여행 결정 요인(중복) (한국 방문의향자 기준),BASE:B5. 1) 한국 ④~⑤,튀르키예,튀르키예,국가/지역,스포츠 관광(경기 관람 및 참여),465.0,(465),11.240104339637567,%
2025_잠재방한객조사_방한의향자.xlsx,방한의향자,C5,<표C5> 한국 여행 결정 요인(중복) (한국 방문의향자 기준),BASE:B5. 1) 한국 ④~⑤,튀르키예,튀르키예,국가/지역,종교 환경,465.0,(465),10.515286153135794,%
2025_잠재방한객조사_방한의향자.xlsx,방한의향자,C5,<표C5> 한국 여행 결정 요인(중복) (한국 방문의향자 기준),BASE:B5. 1) 한국 ④~⑤,튀르키예,튀르키예,국가/지역,과거 방문 경험,465.0,(465),5.063063903251001,%
2025_잠재방한객조사_방한의향자.xlsx,방한의향자,C5,<표C5> 한국 여행 결정 요인(중복) (한국 방문의향자 기준),BASE:B5. 1) 한국 ④~⑤,튀르키예,튀르키예,국가/지역,기타,465.0,(465),0.1958012965475656,%
2025_잠재방한객조사_방한의향자.xlsx,방한의향자,C5,<표C5> 한국 여행 결정 요인(중복) (한국 방문의향자 기준),BASE:B5. 1) 한국 ④~⑤,브라질,브라질,국가/지역,"개인 및 인플루언서가 제작한 짧은 이미지(틱톡, 인스타그램 릴스, 유튜브 쇼츠 등)",465.0,(465),45.52631371289615,%
2025_잠재방한객조사_방한의향자.xlsx,방한의향자,C5,<표C5> 한국 여행 결정 요인(중복) (한국 방문의향자 기준),BASE:B5. 1) 한국 ④~⑤,브라질,브라질,국가/지역,음식/식문화,465.0,(465),34.28389002633298,%
2025_잠재방한객조사_방한의향자.xlsx,방한의향자,C5,<표C5> 한국 여행 결정 요인(중복) (한국 방문의향자 기준),BASE:B5. 1) 한국 ④~⑤,브라질,브라질,국가/지역,"가족, 친구, 지인 등 주변인 추천",465.0,(465),21.962237327193417,%
2025_잠재방한객조사_방한의향자.xlsx,방한의향자,C5,<표C5> 한국 여행 결정 요인(중복) (한국 방문의향자 기준),BASE:B5. 1) 한국 ④~⑤,브라질,브라질,국가/지역,"뉴스, 영화, 드라마, 다큐멘터리 등 대중 매체",465.0,(465),46.07495435737456,%
2025_잠재방한객조사_방한의향자.xlsx,방한의향자,C5,<표C5> 한국 여행 결정 요인(중복) (한국 방문의향자 기준),BASE:B5. 1) 한국 ④~⑤,브라질,브라질,국가/지역,관광지/관광 명소,465.0,(465),43.387030415386704,%
2025_잠재방한객조사_방한의향자.xlsx,방한의향자,C5,<표C5> 한국 여행 결정 요인(중복) (한국 방문의향자 기준),BASE:B5. 1) 한국 ④~⑤,브라질,브라질,국가/지역,자연 경관,465.0,(465),32.472746841833604,%
2025_잠재방한객조사_방한의향자.xlsx,방한의향자,C5,<표C5> 한국 여행 결정 요인(중복) (한국 방문의향자 기준),BASE:B5. 1) 한국 ④~⑤,브라질,브라질,국가/지역,"유명 인플루언서, 연예인 등의 여행 후기",465.0,(465),33.69787376524502,%
2025_잠재방한객조사_방한의향자.xlsx,방한의향자,C5,<표C5> 한국 여행 결정 요인(중복) (한국 방문의향자 기준),BASE:B5. 1) 한국 ④~⑤,브라질,브라질,국가/지역,전통문화/역사,465.0,(465),41.510591275582954,%
2025_잠재방한객조사_방한의향자.xlsx,방한의향자,C5,<표C5> 한국 여행 결정 요인(중복) (한국 방문의향자 기준),BASE:B5. 1) 한국 ④~⑤,브라질,브라질,국가/지역,"음악, 영화, 드라마 등 문화콘텐츠/연예인",465.0,(465),32.85780407582852,%
2025_잠재방한객조사_방한의향자.xlsx,방한의향자,C5,<표C5> 한국 여행 결정 요인(중복) (한국 방문의향자 기준),BASE:B5. 1) 한국 ④~⑤,브라질,브라질,국가/지역,관광 관련 공공기관이 제작한 국가 브랜드 홍보 영상,465.0,(465),20.077622216058312,%
2025_잠재방한객조사_방한의향자.xlsx,방한의향자,C5,<표C5> 한국 여행 결정 요인(중복) (한국 방문의향자 기준),BASE:B5. 1) 한국 ④~⑤,브라질,브라질,국가/지역,계절/기후,465.0,(465),17.922280555498574,%
2025_잠재방한객조사_방한의향자.xlsx,방한의향자,C5,<표C5> 한국 여행 결정 요인(중복) (한국 방문의향자 기준),BASE:B5. 1) 한국 ④~⑤,브라질,브라질,국가/지역,건축/도시 디자인,465.0,(465),21.904859651313043,%
2025_잠재방한객조사_방한의향자.xlsx,방한의향자,C5,<표C5> 한국 여행 결정 요인(중복) (한국 방문의향자 기준),BASE:B5. 1) 한국 ④~⑤,브라질,브라질,국가/지역,치안/안전,465.0,(465),29.48196336436063,%
2025_잠재방한객조사_방한의향자.xlsx,방한의향자,C5,<표C5> 한국 여행 결정 요인(중복) (한국 방문의향자 기준),BASE:B5. 1) 한국 ④~⑤,브라질,브라질,국가/지역,해당 국가에서만 판매하는 상품 쇼핑,465.0,(465),22.108019275797595,%
2025_잠재방한객조사_방한의향자.xlsx,방한의향자,C5,<표C5> 한국 여행 결정 요인(중복) (한국 방문의향자 기준),BASE:B5. 1) 한국 ④~⑤,브라질,브라질,국가/지역,"웰니스 관광(스파, 디톡스 여행 등)",465.0,(465),17.186465629264656,%
2025_잠재방한객조사_방한의향자.xlsx,방한의향자,C5,<표C5> 한국 여행 결정 요인(중복) (한국 방문의향자 기준),BASE:B5. 1) 한국 ④~⑤,브라질,브라질,국가/지역,이동거리/비행시간,465.0,(465),6.444150076242481,%
2025_잠재방한객조사_방한의향자.xlsx,방한의향자,C5,<표C5> 한국 여행 결정 요인(중복) (한국 방문의향자 기준),BASE:B5. 1) 한국 ④~⑤,브라질,브라질,국가/지역,"행사/이벤트 체험(공연, 콘서트, 축제, 박람회 등)",465.0,(465),19.430530391593592,%
2025_잠재방한객조사_방한의향자.xlsx,방한의향자,C5,<표C5> 한국 여행 결정 요인(중복) (한국 방문의향자 기준),BASE:B5. 1) 한국 ④~⑤,브라질,브라질,국가/지역,항공 노선(직항 및 경유 등),465.0,(465),11.331097442835695,%
2025_잠재방한객조사_방한의향자.xlsx,방한의향자,C5,<표C5> 한국 여행 결정 요인(중복) (한국 방문의향자 기준),BASE:B5. 1) 한국 ④~⑤,브라질,브라질,국가/지역,출입국 편의성(비자 면제 등),465.0,(465),12.318057739993888,%
2025_잠재방한객조사_방한의향자.xlsx,방한의향자,C5,<표C5> 한국 여행 결정 요인(중복) (한국 방문의향자 기준),BASE:B5. 1) 한국 ④~⑤,브라질,브라질,국가/지역,유명 명품 구매 등 럭셔리 쇼핑,465.0,(465),7.8639809371007825,%
2025_잠재방한객조사_방한의향자.xlsx,방한의향자,C5,<표C5> 한국 여행 결정 요인(중복) (한국 방문의향자 기준),BASE:B5. 1) 한국 ④~⑤,브라질,브라질,국가/지역,항공권 특가 및 할인 프로모션,465.0,(465),10.86971639554157,%
2025_잠재방한객조사_방한의향자.xlsx,방한의향자,C5,<표C5> 한국 여행 결정 요인(중복) (한국 방문의향자 기준),BASE:B5. 1) 한국 ④~⑤,브라질,브라질,국가/지역,"이벤트성 방문(신혼여행, 프로포즈, 생일, 기념일 등)",465.0,(465),14.102006603734923,%
2025_잠재방한객조사_방한의향자.xlsx,방한의향자,C5,<표C5> 한국 여행 결정 요인(중복) (한국 방문의향자 기준),BASE:B5. 1) 한국 ④~⑤,브라질,브라질,국가/지역,"의료 관광(검진, 시술, 수술 등)",465.0,(465),5.104786713595499,%
2025_잠재방한객조사_방한의향자.xlsx,방한의향자,C5,<표C5> 한국 여행 결정 요인(중복) (한국 방문의향자 기준),BASE:B5. 1) 한국 ④~⑤,브라질,브라질,국가/지역,환율 및 현지 물가,465.0,(465),10.463507905095405,%
2025_잠재방한객조사_방한의향자.xlsx,방한의향자,C5,<표C5> 한국 여행 결정 요인(중복) (한국 방문의향자 기준),BASE:B5. 1) 한국 ④~⑤,브라질,브라질,국가/지역,언어소통,465.0,(465),8.97243672342316,%
2025_잠재방한객조사_방한의향자.xlsx,방한의향자,C5,<표C5> 한국 여행 결정 요인(중복) (한국 방문의향자 기준),BASE:B5. 1) 한국 ④~⑤,브라질,브라질,국가/지역,어학/직업 연수 및 유학,465.0,(465),7.5903888772517165,%
2025_잠재방한객조사_방한의향자.xlsx,방한의향자,C5,<표C5> 한국 여행 결정 요인(중복) (한국 방문의향자 기준),BASE:B5. 1) 한국 ④~⑤,브라질,브라질,국가/지역,출장 및 학회 행사 개최지,465.0,(465),7.596206479646203,%
2025_잠재방한객조사_방한의향자.xlsx,방한의향자,C5,<표C5> 한국 여행 결정 요인(중복) (한국 방문의향자 기준),BASE:B5. 1) 한국 ④~⑤,브라질,브라질,국가/지역,스포츠 관광(경기 관람 및 참여),465.0,(465),5.807760845012268,%
2025_잠재방한객조사_방한의향자.xlsx,방한의향자,C5,<표C5> 한국 여행 결정 요인(중복) (한국 방문의향자 기준),BASE:B5. 1) 한국 ④~⑤,브라질,브라질,국가/지역,종교 환경,465.0,(465),7.347699461722137,%
2025_잠재방한객조사_방한의향자.xlsx,방한의향자,C5,<표C5> 한국 여행 결정 요인(중복) (한국 방문의향자 기준),BASE:B5. 1) 한국 ④~⑤,브라질,브라질,국가/지역,과거 방문 경험,465.0,(465),3.036519621767988,%
2025_잠재방한객조사_방한의향자.xlsx,방한의향자,C5,<표C5> 한국 여행 결정 요인(중복) (한국 방문의향자 기준),BASE:B5. 1) 한국 ④~⑤,브라질,브라질,국가/지역,기타,465.0,(465),0.6125728981138646,%
2025_잠재방한객조사_방한의향자.xlsx,방한의향자,C5,<표C5> 한국 여행 결정 요인(중복) (한국 방문의향자 기준),BASE:B5. 1) 한국 ④~⑤,사우디아라비아,사우디아라비아,국가/지역,"개인 및 인플루언서가 제작한 짧은 이미지(틱톡, 인스타그램 릴스, 유튜브 쇼츠 등)",465.0,(465),49.01758875312623,%
2025_잠재방한객조사_방한의향자.xlsx,방한의향자,C5,<표C5> 한국 여행 결정 요인(중복) (한국 방문의향자 기준),BASE:B5. 1) 한국 ④~⑤,사우디아라비아,사우디아라비아,국가/지역,음식/식문화,465.0,(465),23.92507169975067,%
2025_잠재방한객조사_방한의향자.xlsx,방한의향자,C5,<표C5> 한국 여행 결정 요인(중복) (한국 방문의향자 기준),BASE:B5. 1) 한국 ④~⑤,사우디아라비아,사우디아라비아,국가/지역,"가족, 친구, 지인 등 주변인 추천",465.0,(465),32.030478287879575,%
2025_잠재방한객조사_방한의향자.xlsx,방한의향자,C5,<표C5> 한국 여행 결정 요인(중복) (한국 방문의향자 기준),BASE:B5. 1) 한국 ④~⑤,사우디아라비아,사우디아라비아,국가/지역,"뉴스, 영화, 드라마, 다큐멘터리 등 대중 매체",465.0,(465),38.11869462803272,%
2025_잠재방한객조사_방한의향자.xlsx,방한의향자,C5,<표C5> 한국 여행 결정 요인(중복) (한국 방문의향자 기준),BASE:B5. 1) 한국 ④~⑤,사우디아라비아,사우디아라비아,국가/지역,관광지/관광 명소,465.0,(465),29.106005738381572,%
2025_잠재방한객조사_방한의향자.xlsx,방한의향자,C5,<표C5> 한국 여행 결정 요인(중복) (한국 방문의향자 기준),BASE:B5. 1) 한국 ④~⑤,사우디아라비아,사우디아라비아,국가/지역,자연 경관,465.0,(465),29.616875493543944,%
2025_잠재방한객조사_방한의향자.xlsx,방한의향자,C5,<표C5> 한국 여행 결정 요인(중복) (한국 방문의향자 기준),BASE:B5. 1) 한국 ④~⑤,사우디아라비아,사우디아라비아,국가/지역,"유명 인플루언서, 연예인 등의 여행 후기",465.0,(465),36.853837807492305,%
2025_잠재방한객조사_방한의향자.xlsx,방한의향자,C5,<표C5> 한국 여행 결정 요인(중복) (한국 방문의향자 기준),BASE:B5. 1) 한국 ④~⑤,사우디아라비아,사우디아라비아,국가/지역,전통문화/역사,465.0,(465),19.20146452540818,%
2025_잠재방한객조사_방한의향자.xlsx,방한의향자,C5,<표C5> 한국 여행 결정 요인(중복) (한국 방문의향자 기준),BASE:B5. 1) 한국 ④~⑤,사우디아라비아,사우디아라비아,국가/지역,"음악, 영화, 드라마 등 문화콘텐츠/연예인",465.0,(465),22.579346504536755,%
2025_잠재방한객조사_방한의향자.xlsx,방한의향자,C5,<표C5> 한국 여행 결정 요인(중복) (한국 방문의향자 기준),BASE:B5. 1) 한국 ④~⑤,사우디아라비아,사우디아라비아,국가/지역,관광 관련 공공기관이 제작한 국가 브랜드 홍보 영상,465.0,(465),32.992422936108746,%
2025_잠재방한객조사_방한의향자.xlsx,방한의향자,C5,<표C5> 한국 여행 결정 요인(중복) (한국 방문의향자 기준),BASE:B5. 1) 한국 ④~⑤,사우디아라비아,사우디아라비아,국가/지역,계절/기후,465.0,(465),23.4736279938877,%
2025_잠재방한객조사_방한의향자.xlsx,방한의향자,C5,<표C5> 한국 여행 결정 요인(중복) (한국 방문의향자 기준),BASE:B5. 1) 한국 ④~⑤,사우디아라비아,사우디아라비아,국가/지역,건축/도시 디자인,465.0,(465),17.13327517469299,%
2025_잠재방한객조사_방한의향자.xlsx,방한의향자,C5,<표C5> 한국 여행 결정 요인(중복) (한국 방문의향자 기준),BASE:B5. 1) 한국 ④~⑤,사우디아라비아,사우디아라비아,국가/지역,치안/안전,465.0,(465),16.44312340720515,%
2025_잠재방한객조사_방한의향자.xlsx,방한의향자,C5,<표C5> 한국 여행 결정 요인(중복) (한국 방문의향자 기준),BASE:B5. 1) 한국 ④~⑤,사우디아라비아,사우디아라비아,국가/지역,해당 국가에서만 판매하는 상품 쇼핑,465.0,(465),24.585622016924642,%
2025_잠재방한객조사_방한의향자.xlsx,방한의향자,C5,<표C5> 한국 여행 결정 요인(중복) (한국 방문의향자 기준),BASE:B5. 1) 한국 ④~⑤,사우디아라비아,사우디아라비아,국가/지역,"웰니스 관광(스파, 디톡스 여행 등)",465.0,(465),19.045746744873444,%
2025_잠재방한객조사_방한의향자.xlsx,방한의향자,C5,<표C5> 한국 여행 결정 요인(중복) (한국 방문의향자 기준),BASE:B5. 1) 한국 ④~⑤,사우디아라비아,사우디아라비아,국가/지역,이동거리/비행시간,465.0,(465),11.161679763477194,%
2025_잠재방한객조사_방한의향자.xlsx,방한의향자,C5,<표C5> 한국 여행 결정 요인(중복) (한국 방문의향자 기준),BASE:B5. 1) 한국 ④~⑤,사우디아라비아,사우디아라비아,국가/지역,"행사/이벤트 체험(공연, 콘서트, 축제, 박람회 등)",465.0,(465),20.00939051437389,%
2025_잠재방한객조사_방한의향자.xlsx,방한의향자,C5,<표C5> 한국 여행 결정 요인(중복) (한국 방문의향자 기준),BASE:B5. 1) 한국 ④~⑤,사우디아라비아,사우디아라비아,국가/지역,항공 노선(직항 및 경유 등),465.0,(465),16.820776448093557,%
2025_잠재방한객조사_방한의향자.xlsx,방한의향자,C5,<표C5> 한국 여행 결정 요인(중복) (한국 방문의향자 기준),BASE:B5. 1) 한국 ④~⑤,사우디아라비아,사우디아라비아,국가/지역,출입국 편의성(비자 면제 등),465.0,(465),15.450393988750013,%
2025_잠재방한객조사_방한의향자.xlsx,방한의향자,C5,<표C5> 한국 여행 결정 요인(중복) (한국 방문의향자 기준),BASE:B5. 1) 한국 ④~⑤,사우디아라비아,사우디아라비아,국가/지역,유명 명품 구매 등 럭셔리 쇼핑,465.0,(465),21.674514145539657,%
2025_잠재방한객조사_방한의향자.xlsx,방한의향자,C5,<표C5> 한국 여행 결정 요인(중복) (한국 방문의향자 기준),BASE:B5. 1) 한국 ④~⑤,사우디아라비아,사우디아라비아,국가/지역,항공권 특가 및 할인 프로모션,465.0,(465),15.548293905339369,%
2025_잠재방한객조사_방한의향자.xlsx,방한의향자,C5,<표C5> 한국 여행 결정 요인(중복) (한국 방문의향자 기준),BASE:B5. 1) 한국 ④~⑤,사우디아라비아,사우디아라비아,국가/지역,"이벤트성 방문(신혼여행, 프로포즈, 생일, 기념일 등)",465.0,(465),17.321327894316422,%
2025_잠재방한객조사_방한의향자.xlsx,방한의향자,C5,<표C5> 한국 여행 결정 요인(중복) (한국 방문의향자 기준),BASE:B5. 1) 한국 ④~⑤,사우디아라비아,사우디아라비아,국가/지역,"의료 관광(검진, 시술, 수술 등)",465.0,(465),13.969280184761562,%
2025_잠재방한객조사_방한의향자.xlsx,방한의향자,C5,<표C5> 한국 여행 결정 요인(중복) (한국 방문의향자 기준),BASE:B5. 1) 한국 ④~⑤,사우디아라비아,사우디아라비아,국가/지역,환율 및 현지 물가,465.0,(465),15.913236262780137,%
2025_잠재방한객조사_방한의향자.xlsx,방한의향자,C5,<표C5> 한국 여행 결정 요인(중복) (한국 방문의향자 기준),BASE:B5. 1) 한국 ④~⑤,사우디아라비아,사우디아라비아,국가/지역,언어소통,465.0,(465),12.693293512722015,%
2025_잠재방한객조사_방한의향자.xlsx,방한의향자,C5,<표C5> 한국 여행 결정 요인(중복) (한국 방문의향자 기준),BASE:B5. 1) 한국 ④~⑤,사우디아라비아,사우디아라비아,국가/지역,어학/직업 연수 및 유학,465.0,(465),11.698694951590223,%
2025_잠재방한객조사_방한의향자.xlsx,방한의향자,C5,<표C5> 한국 여행 결정 요인(중복) (한국 방문의향자 기준),BASE:B5. 1) 한국 ④~⑤,사우디아라비아,사우디아라비아,국가/지역,출장 및 학회 행사 개최지,465.0,(465),10.102544400691935,%
2025_잠재방한객조사_방한의향자.xlsx,방한의향자,C5,<표C5> 한국 여행 결정 요인(중복) (한국 방문의향자 기준),BASE:B5. 1) 한국 ④~⑤,사우디아라비아,사우디아라비아,국가/지역,스포츠 관광(경기 관람 및 참여),465.0,(465),12.608931656328389,%
2025_잠재방한객조사_방한의향자.xlsx,방한의향자,C5,<표C5> 한국 여행 결정 요인(중복) (한국 방문의향자 기준),BASE:B5. 1) 한국 ④~⑤,사우디아라비아,사우디아라비아,국가/지역,종교 환경,465.0,(465),7.402391725298505,%
2025_잠재방한객조사_방한의향자.xlsx,방한의향자,C5,<표C5> 한국 여행 결정 요인(중복) (한국 방문의향자 기준),BASE:B5. 1) 한국 ④~⑤,사우디아라비아,사우디아라비아,국가/지역,과거 방문 경험,465.0,(465),4.047263081666789,%
2025_잠재방한객조사_방한의향자.xlsx,방한의향자,C5,<표C5> 한국 여행 결정 요인(중복) (한국 방문의향자 기준),BASE:B5. 1) 한국 ④~⑤,사우디아라비아,사우디아라비아,국가/지역,기타,465.0,(465),0.9069483681168626,%
2025_잠재방한객조사_방한의향자.xlsx,방한의향자,C5,<표C5> 한국 여행 결정 요인(중복) (한국 방문의향자 기준),BASE:B5. 1) 한국 ④~⑤,아랍에미리트,UAE,국가/지역,"개인 및 인플루언서가 제작한 짧은 이미지(틱톡, 인스타그램 릴스, 유튜브 쇼츠 등)",465.0,(465),47.36191037803874,%
2025_잠재방한객조사_방한의향자.xlsx,방한의향자,C5,<표C5> 한국 여행 결정 요인(중복) (한국 방문의향자 기준),BASE:B5. 1) 한국 ④~⑤,아랍에미리트,UAE,국가/지역,음식/식문화,465.0,(465),31.63804880300729,%
2025_잠재방한객조사_방한의향자.xlsx,방한의향자,C5,<표C5> 한국 여행 결정 요인(중복) (한국 방문의향자 기준),BASE:B5. 1) 한국 ④~⑤,아랍에미리트,UAE,국가/지역,"가족, 친구, 지인 등 주변인 추천",465.0,(465),37.58656291966046,%
2025_잠재방한객조사_방한의향자.xlsx,방한의향자,C5,<표C5> 한국 여행 결정 요인(중복) (한국 방문의향자 기준),BASE:B5. 1) 한국 ④~⑤,아랍에미리트,UAE,국가/지역,"뉴스, 영화, 드라마, 다큐멘터리 등 대중 매체",465.0,(465),37.31910237071716,%
2025_잠재방한객조사_방한의향자.xlsx,방한의향자,C5,<표C5> 한국 여행 결정 요인(중복) (한국 방문의향자 기준),BASE:B5. 1) 한국 ④~⑤,아랍에미리트,UAE,국가/지역,관광지/관광 명소,465.0,(465),33.69101339005757,%
2025_잠재방한객조사_방한의향자.xlsx,방한의향자,C5,<표C5> 한국 여행 결정 요인(중복) (한국 방문의향자 기준),BASE:B5. 1) 한국 ④~⑤,아랍에미리트,UAE,국가/지역,자연 경관,465.0,(465),31.141757369793748,%
2025_잠재방한객조사_방한의향자.xlsx,방한의향자,C5,<표C5> 한국 여행 결정 요인(중복) (한국 방문의향자 기준),BASE:B5. 1) 한국 ④~⑤,아랍에미리트,UAE,국가/지역,"유명 인플루언서, 연예인 등의 여행 후기",465.0,(465),39.98908019851554,%
2025_잠재방한객조사_방한의향자.xlsx,방한의향자,C5,<표C5> 한국 여행 결정 요인(중복) (한국 방문의향자 기준),BASE:B5. 1) 한국 ④~⑤,아랍에미리트,UAE,국가/지역,전통문화/역사,465.0,(465),28.61728449814722,%
2025_잠재방한객조사_방한의향자.xlsx,방한의향자,C5,<표C5> 한국 여행 결정 요인(중복) (한국 방문의향자 기준),BASE:B5. 1) 한국 ④~⑤,아랍에미리트,UAE,국가/지역,"음악, 영화, 드라마 등 문화콘텐츠/연예인",465.0,(465),27.6290014397317,%
2025_잠재방한객조사_방한의향자.xlsx,방한의향자,C5,<표C5> 한국 여행 결정 요인(중복) (한국 방문의향자 기준),BASE:B5. 1) 한국 ④~⑤,아랍에미리트,UAE,국가/지역,관광 관련 공공기관이 제작한 국가 브랜드 홍보 영상,465.0,(465),32.96081221931331,%
2025_잠재방한객조사_방한의향자.xlsx,방한의향자,C5,<표C5> 한국 여행 결정 요인(중복) (한국 방문의향자 기준),BASE:B5. 1) 한국 ④~⑤,아랍에미리트,UAE,국가/지역,계절/기후,465.0,(465),24.845496278766298,%
2025_잠재방한객조사_방한의향자.xlsx,방한의향자,C5,<표C5> 한국 여행 결정 요인(중복) (한국 방문의향자 기준),BASE:B5. 1) 한국 ④~⑤,아랍에미리트,UAE,국가/지역,건축/도시 디자인,465.0,(465),16.84291926405607,%
2025_잠재방한객조사_방한의향자.xlsx,방한의향자,C5,<표C5> 한국 여행 결정 요인(중복) (한국 방문의향자 기준),BASE:B5. 1) 한국 ④~⑤,아랍에미리트,UAE,국가/지역,치안/안전,465.0,(465),21.053408824443352,%
2025_잠재방한객조사_방한의향자.xlsx,방한의향자,C5,<표C5> 한국 여행 결정 요인(중복) (한국 방문의향자 기준),BASE:B5. 1) 한국 ④~⑤,아랍에미리트,UAE,국가/지역,해당 국가에서만 판매하는 상품 쇼핑,465.0,(465),22.812561102792845,%
2025_잠재방한객조사_방한의향자.xlsx,방한의향자,C5,<표C5> 한국 여행 결정 요인(중복) (한국 방문의향자 기준),BASE:B5. 1) 한국 ④~⑤,아랍에미리트,UAE,국가/지역,"웰니스 관광(스파, 디톡스 여행 등)",465.0,(465),26.399616241697117,%
2025_잠재방한객조사_방한의향자.xlsx,방한의향자,C5,<표C5> 한국 여행 결정 요인(중복) (한국 방문의향자 기준),BASE:B5. 1) 한국 ④~⑤,아랍에미리트,UAE,국가/지역,이동거리/비행시간,465.0,(465),13.895136855615695,%
2025_잠재방한객조사_방한의향자.xlsx,방한의향자,C5,<표C5> 한국 여행 결정 요인(중복) (한국 방문의향자 기준),BASE:B5. 1) 한국 ④~⑤,아랍에미리트,UAE,국가/지역,"행사/이벤트 체험(공연, 콘서트, 축제, 박람회 등)",465.0,(465),19.346088589866266,%
2025_잠재방한객조사_방한의향자.xlsx,방한의향자,C5,<표C5> 한국 여행 결정 요인(중복) (한국 방문의향자 기준),BASE:B5. 1) 한국 ④~⑤,아랍에미리트,UAE,국가/지역,항공 노선(직항 및 경유 등),465.0,(465),16.30280994960286,%
2025_잠재방한객조사_방한의향자.xlsx,방한의향자,C5,<표C5> 한국 여행 결정 요인(중복) (한국 방문의향자 기준),BASE:B5. 1) 한국 ④~⑤,아랍에미리트,UAE,국가/지역,출입국 편의성(비자 면제 등),465.0,(465),17.097328128437724,%
2025_잠재방한객조사_방한의향자.xlsx,방한의향자,C5,<표C5> 한국 여행 결정 요인(중복) (한국 방문의향자 기준),BASE:B5. 1) 한국 ④~⑤,아랍에미리트,UAE,국가/지역,유명 명품 구매 등 럭셔리 쇼핑,465.0,(465),20.65884217664512,%
2025_잠재방한객조사_방한의향자.xlsx,방한의향자,C5,<표C5> 한국 여행 결정 요인(중복) (한국 방문의향자 기준),BASE:B5. 1) 한국 ④~⑤,아랍에미리트,UAE,국가/지역,항공권 특가 및 할인 프로모션,465.0,(465),16.621482021197785,%
2025_잠재방한객조사_방한의향자.xlsx,방한의향자,C5,<표C5> 한국 여행 결정 요인(중복) (한국 방문의향자 기준),BASE:B5. 1) 한국 ④~⑤,아랍에미리트,UAE,국가/지역,"이벤트성 방문(신혼여행, 프로포즈, 생일, 기념일 등)",465.0,(465),17.078183181661043,%
2025_잠재방한객조사_방한의향자.xlsx,방한의향자,C5,<표C5> 한국 여행 결정 요인(중복) (한국 방문의향자 기준),BASE:B5. 1) 한국 ④~⑤,아랍에미리트,UAE,국가/지역,"의료 관광(검진, 시술, 수술 등)",465.0,(465),16.823649642341127,%
2025_잠재방한객조사_방한의향자.xlsx,방한의향자,C5,<표C5> 한국 여행 결정 요인(중복) (한국 방문의향자 기준),BASE:B5. 1) 한국 ④~⑤,아랍에미리트,UAE,국가/지역,환율 및 현지 물가,465.0,(465),12.453176453078573,%
2025_잠재방한객조사_방한의향자.xlsx,방한의향자,C5,<표C5> 한국 여행 결정 요인(중복) (한국 방문의향자 기준),BASE:B5. 1) 한국 ④~⑤,아랍에미리트,UAE,국가/지역,언어소통,465.0,(465),13.182138680650976,%
2025_잠재방한객조사_방한의향자.xlsx,방한의향자,C5,<표C5> 한국 여행 결정 요인(중복) (한국 방문의향자 기준),BASE:B5. 1) 한국 ④~⑤,아랍에미리트,UAE,국가/지역,어학/직업 연수 및 유학,465.0,(465),10.06379449903005,%
2025_잠재방한객조사_방한의향자.xlsx,방한의향자,C5,<표C5> 한국 여행 결정 요인(중복) (한국 방문의향자 기준),BASE:B5. 1) 한국 ④~⑤,아랍에미리트,UAE,국가/지역,출장 및 학회 행사 개최지,465.0,(465),14.895295985866008,%
2025_잠재방한객조사_방한의향자.xlsx,방한의향자,C5,<표C5> 한국 여행 결정 요인(중복) (한국 방문의향자 기준),BASE:B5. 1) 한국 ④~⑤,아랍에미리트,UAE,국가/지역,스포츠 관광(경기 관람 및 참여),465.0,(465),14.686687838069423,%
2025_잠재방한객조사_방한의향자.xlsx,방한의향자,C5,<표C5> 한국 여행 결정 요인(중복) (한국 방문의향자 기준),BASE:B5. 1) 한국 ④~⑤,아랍에미리트,UAE,국가/지역,종교 환경,465.0,(465),8.344462686041558,%
2025_잠재방한객조사_방한의향자.xlsx,방한의향자,C5,<표C5> 한국 여행 결정 요인(중복) (한국 방문의향자 기준),BASE:B5. 1) 한국 ④~⑤,아랍에미리트,UAE,국가/지역,과거 방문 경험,465.0,(465),5.068715888688137,%
2025_잠재방한객조사_방한의향자.xlsx,방한의향자,C5,<표C5> 한국 여행 결정 요인(중복) (한국 방문의향자 기준),BASE:B5. 1) 한국 ④~⑤,아랍에미리트,UAE,국가/지역,기타,465.0,(465),0,%
