table_id,content_category,raw_item,canonical_item,count
1-17,게임,캐릭터의 성격역할이 개성 있어서,캐릭터의 성계역할이 개성 있어서,16
1-17,게임,사용자 환경이 편리해세단축키  메뉴 회면 구성 등,사용자 환경이 편리해세단축키 메뉴 회면 구성 등,13
1-17,게임,스토리가 짜임새 있고 단단해서,스토리가 짜임새 잇고 탄단해서,13
1-17,게임,좋아하는 스리머가 한국 게임올 자주 소개해서,좋아하는 스트리머가 한국 게임올 자주 소개해서,13
1-17,게임,스토리가 짜임새 잇고 단단해서,스토리가 짜임새 잇고 탄단해서,12
1-17,게임,캐릭터의 성계억할이 개성 있어서,캐릭터의 성계역할이 개성 있어서,10
1-17,게임,흙 한국 프로게이머가 좋아서,한국 프로게이머가 좋아서,9
1-17,게임,흙 한국 게임 동영상 스트리머가 좋아서,한국 게임 동영상 스트리머가 좋아서,8
1-17,게임,복 한국 프로게이머가 좋아서,한국 프로게이머가 좋아서,6
1-17,게임,수 사용자 환경이 편리해세단축키  메뉴 회면 구성 등,사용자 환경이 편리해세단축키 메뉴 회면 구성 등,6
1-17,게임,복 좋아하는 스리어가 한국 게임올 자주 소개해서,좋아하는 스트리머가 한국 게임올 자주 소개해서,6
1-17,게임,좋아하는 스리어가 한국 게임올 자주 소개해서,좋아하는 스트리머가 한국 게임올 자주 소개해서,5
1-17,게임,스토리가 찌임새 있고 탄단해서,스토리가 짜임새 잇고 탄단해서,5
1-17,게임,복 사용자 환경이 편리해세단축키 메뉴 화면 구성 등,사용자 환경이 편리해세단축키 메뉴 회면 구성 등,4
1-17,게임,흙 디른 게p머들과 네트위크름 형성하고 햄 질수 앞,디른 게p머들과 네트위크름 형성하고 햄 질수 앞,4
1-17,게임,다양한  소재 또는 장르름 다리서,다양한 소재 또는 장르름 다리서,4
1-17,게임,수 한국 게임 동영상 스트리머가 좋아서,한국 게임 동영상 스트리머가 좋아서,4
1-17,게임,사용자 환경이 편리해세단축키 메뉴 화면 구성 등,사용자 환경이 편리해세단축키 메뉴 회면 구성 등,4
1-17,게임,복 한국 게임 동영상 스트리머가 좋아서,한국 게임 동영상 스트리머가 좋아서,4
1-17,게임,그래페그림이 좋아서,그래픽그림이 좋아서,4
1-17,게임,그래관그림이 좋아서,그래픽그림이 좋아서,4
1-17,게임,스토리가 짜임새 있고 탄단해서,스토리가 짜임새 잇고 탄단해서,3
1-17,게임,디른 게p미들과 네트위스릎 형성히고 햄 월수 있,디른 게p미들과 네트위스릎 형성하고 햄 월수 있,3
1-17,게임,순 한류스타가 광괴홍보하기 때문에,한류스타가 광괴홍보하기 때문에,2
1-17,게임,위 캐릭터의 성계역할이 개성 있어서,캐릭터의 성계역할이 개성 있어서,2
1-17,게임,위 사용자 환경이 편리해세단축키 메뉴 회면 구성 등,사용자 환경이 편리해세단축키 메뉴 회면 구성 등,2
1-17,게임,흙 좋아하는 스트리머가 한국 게임올 자주 소개해서,좋아하는 스트리머가 한국 게임올 자주 소개해서,2
1-17,게임,디른 게p들과 네트위f릎 형성하고 햄 월수 있서,디른 게p미들과 네트위스릎 형성하고 햄 월수 있,2
1-17,게임,둘 좋이하는 스트리머가 한국 게임올 자주 소개해서,좋아하는 스트리머가 한국 게임올 자주 소개해서,2
1-17,게임,흙 다양한 소재 또는 장르름 다리서,다양한 소재 또는 장르름 다리서,2
1-17,게임,흙 스토리가 짜임새 잇고 탄단해서,스토리가 짜임새 잇고 탄단해서,2
1-17,게임,복 사용자 환경이  편리하세다축키 메뉴 회면 구성 등,사용자 환경이 편리해세단축키 메뉴 회면 구성 등,2
1-17,게임,디른 게p들과 네트위름 형성히고 햄게 월수 앞서,디른 게p들과 네트위f름 형성하고 햄게 월수 앞서,2
1-17,게임,위 한국 프로제이머가 좋아서,한국 프로게이머가 좋아서,2
1-17,게임,좋이하는 스트리머가 한국 게임올 자주 소개해서,좋아하는 스트리머가 한국 게임올 자주 소개해서,2
1-17,게임,사용자 환경이 편리해세단축키  메뉴 화면 구성 등,사용자 환경이 편리해세단축키 메뉴 회면 구성 등,2
1-17,게임,캐릭터의 성격 역할이 개성 있어서,캐릭터의 성계역할이 개성 있어서,2
1-17,게임,둘 한국 프로게이머가 좋아서,한국 프로게이머가 좋아서,2
1-17,게임,한국 게임 동영상 스트리어가 좋아서,한국 게임 동영상 스트리머가 좋아서,2
1-17,게임,스토리가 찌임새 잇고 단탄단해서,스토리가 짜임새 잇고 탄단해서,2
1-17,게임,수 캐릭터의 성계역할이 개성 있어서,캐릭터의 성계역할이 개성 있어서,2
1-17,게임,그래M그림이 좋아서,그래픽그림이 좋아서,2
1-17,게임,사용자 환경이 편리해세단축키 메뉴 회면 구성,사용자 환경이 편리해세단축키 메뉴 회면 구성 등,2
1-17,게임,디른 게p머들과 네트위f름 형성히고 햄 월수 앞,디른 게p머들과 네트위크름 형성하고 햄 질수 앞,2
1-17,게임,둘 한류스타가 광괴홍보하기 때문에,한류스타가 광괴홍보하기 때문에,2
1-17,게임,수 게임 플레이 방식구성이 잘 되어 있어서,게임 플레이 방식구성이 잘 되어 있어서,2
1-17,게임,둘 사용자 환경이 편리해세단축키 메뉴 화면 구성 등,사용자 환경이 편리해세단축키 메뉴 회면 구성 등,2
1-17,게임,한스타가 광고홍보하기 때문에,한류스타가 광괴홍보하기 때문에,2
1-17,게임,디른 게p미들과 네트위f틀 형성하고 햄 월수 있,디른 게p미들과 네트위스릎 형성하고 햄 월수 있,2
1-17,게임,스토리가 짜임새 잎고 단단해서,스토리가 짜임새 잇고 탄단해서,2
1-17,게임,디른 게p들과 네트위크름 형성하고 햄 질수 있서,디른 게p머들과 네트위크름 형성하고 햄 질수 앞,2
1-17,게임,캐릭터의 성계없할이 개성 있어서,캐릭터의 성계역할이 개성 있어서,2
1-17,게임,복 좋아하는 스리머가 한국 게임올 자주 소개해서,좋아하는 스트리머가 한국 게임올 자주 소개해서,2
1-17,게임,순 다양한 소재 또는 장르름 다리서,다양한 소재 또는 장르름 다리서,2
1-17,게임,복 한류스타가 광괴홍보하기 따문에,한류스타가 광괴홍보하기 때문에,2
1-17,게임,힘 좋아하는 스리머가 한국 게임올 자주 소개해서,좋아하는 스트리머가 한국 게임올 자주 소개해서,2
1-17,게임,수 캐릭터의 성격 역할이 개성 있어서,캐릭터의 성계역할이 개성 있어서,2
1-17,게임,한류스타가 광고홍보하기 때문에,한류스타가 광괴홍보하기 때문에,2
1-17,게임,사용자 환경이 편리해세단축키 메뉴 화면 구성,사용자 환경이 편리해세단축키 메뉴 회면 구성 등,2
1-17,게임,힘 스토리가 짜임새 있고 단단해서,순 스토리가 짜임새 잎고 단단해서,2
1-17,게임,디른 게p들과 네트위름 형성하고햄 월수 앞어서,디른 게p들과 네트위f름 형성하고 햄게 월수 앞서,1
1-17,게임,흙 한류스타가 광괴홍보하기 때문에,한류스타가 광괴홍보하기 때문에,1
1-17,게임,디른 게p들과 네트위크름 형성하고햄 월수 앞어서,디른 게p들과 네트위f름 형성하고 햄게 월수 앞서,1
1-17,게임,기타,힘 기타,1
1-17,게임,디른 게p들과 네트위크름 형성하고햄 질수 앞어서,디른 게p머들과 네트위크름 형성하고 햄 질수 앞,1
1-17,게임,흙 좋아하는 스리어가 한국 게임올 자주 소개해서,좋아하는 스트리머가 한국 게임올 자주 소개해서,1
1-17,게임,순,표,1
1-17,게임,수 한스타가 광고홍보하기 때문에,수 한룻스타가 광고하보하기 때문에,1
1-17,게임,복 한류스타가 광괴홍보하기 때문에,한류스타가 광괴홍보하기 때문에,1
1-17,게임,위 숲 사용자 환경이 편리해세단축기  메뉴 회면 구성 등,사용자 환경이 편리해세단축키 메뉴 회면 구성 등,1
1-17,게임,좋아하는 스트리머가 한국 게임을 자주 소개해서,좋아하는 스트리머가 한국 게임올 자주 소개해서,1
1-17,게임,순 사용자 환경이 편리해세단축키_메뉴 회면 구성 등,사용자 환경이 편리해세단축키 메뉴 회면 구성 등,1
1-17,게임,복 중@하늘 스톱리머가 한국 게임올 자주 소개해서,좋아하는 스트리머가 한국 게임올 자주 소개해서,1
1-17,게임,디른 게b들과 네트위f름 형성하고 햄게 질수 있서,디른 게p들과 네트위f름 형성하고 햄게 월수 앞서,1
1-17,게임,디른 게p들과 네트위크름 형성하고 햄 질수 잇서,디른 게p머들과 네트위크름 형성하고 햄 질수 앞,1
1-17,게임,흙 캐릭터의 성계역할이 개성 있어서,캐릭터의 성계역할이 개성 있어서,1
1-17,게임,수 스토리가 찌임새 있고 탄단해서,흙 스토리가 찌임새 있고 탄단해서,1
1-17,게임,다양한 소재 또는 장르틀 디팅서,수 다양한 소재 또는 장르틀 디팅서,1
1-17,게임,디른 게p들과 네트위럴름 형하고햄 질수 왜,디른 게p들과 네트위치름 형하고햄 질수 왜,1
1-17,게임,디른 게p머들과 네트위f름 형성히고 햄게 월수 앞서,디른 게p들과 네트위f름 형성하고 햄게 월수 앞서,1
1-17,게임,복 다양한 소재 또는 장르록 다리서,다양한 소재 또는 장르름 다리서,1
1-17,드라마,영상매연출력 등 작품성이 좋아서,영상미 연출력 등 작품성이 좋아서,21
1-17,드라마,표현 방식이 과감 독특생생해서,표현 방식이 과감독특생생해서,20
1-17,드라마,드 한국어에 대한 관심 및 학습 수요가 증가해서,한국어에 대한 관심 및 학습 수요가 증가해서,18
1-17,드라마,스토리가 짜임새 있고 단단해서,스토리가 짜임새 잇고 단단해서,14
1-17,드라마,불평등양극화 등 사회 문제름 현실적으로 표현해서,불평등양국화 등 사회 문제름 현실적으로 표현해서,12
1-17,드라마,라 기타,기타,10
1-17,드라마,f 기타,기타,10
1-17,드라마,한국 생활문회름 간접 경험하거나 이해할 수 있어서,한국 생활문회틀 간접 경험하거나 이해할 수 있어서,8
1-17,드라마,다양한  소재 또는 장르름 다리서,다양한 소재 또는 장르름 다리서,8
1-17,드라마,스토리가 짜임새 잇고 탄단해서,스토리가 짜임새 잇고 단단해서,7
1-17,드라마,마 연애 스토리가 순수해서,연애 스토리가 순수해서,6
1-17,드라마,류 한국어에 대한 관심 및 학습 수요가 증가해서,한국어에 대한 관심 및 학습 수요가 증가해서,6
1-17,드라마,흙 배우의 외모가 매력적이어서,배우의 외모가 매력적이어서,6
1-17,드라마,흙 표현 방식이 과감독특생생해서,표현 방식이 과감독특생생해서,5
1-17,드라마,패션부티 등 한국 최신 트럭드록 볼 수 있어서,패센부티 등 한국 최신 트렌드록 볼 수 있어서,5
1-17,드라마,한국 생활문회지 간접 경험하거나 이해할 수 있어서,한국 생활문회틀 간접 경험하거나 이해할 수 있어서,5
1-17,드라마,한국어에 대한  관심 및 학습 수요가 증가해서,한국어에 대한 관심 및 학습 수요가 증가해서,4
1-17,드라마,마 스토리가 짜임새 있고 단단해서,스토리가 짜임새 잇고 단단해서,4
1-17,드라마,패션부티 등 한국 최신 트렌드록 볼 수 있어서,패센부티 등 한국 최신 트렌드록 볼 수 있어서,4
1-17,드라마,패센부티 등 한국 최신 트랜드록 볼 수 있어서,패센부티 등 한국 최신 트렌드록 볼 수 있어서,4
1-17,드라마,흙 선호하는 배우가 출연해서,선호하는 배우가 출연해서,4
1-17,드라마,흙 온라인모바일 플렉품올 통해 접할 수 있어서,온라인모바일 플렉품올 통해 접할 수 있어서,4
1-17,드라마,복 선호하는 배우가 출연해서,선호하는 배우가 출연해서,4
1-17,드라마,불평등양극화 등 사회 문제록 현실적으로 표현해서,불평등양국화 등 사회 문제름 현실적으로 표현해서,4
1-17,드라마,영상미연출력 등 작품성이 좋아서,영상미 연출력 등 작품성이 좋아서,4
1-17,드라마,흙 배우의 연기력이 뛰어나서,배우의 연기력이 뛰어나서,3
1-17,드라마,라 스토리가 짜임새 잇고 탄단해서,스토리가 짜임새 잇고 단단해서,2
1-17,드라마,복 불평등양국화 등 시회 문제틀 현실적으로 표현해서,불평등양국화 등 사회 문제름 현실적으로 표현해서,2
1-17,드라마,드 온라인모바일 플렉품올 통해 접할 수 있어서,온라인모바일 플렉품올 통해 접할 수 있어서,2
1-17,드라마,마 스토리가 짜임새 잇고 탄단해서,스토리가 짜임새 잇고 단단해서,2
1-17,드라마,패센분티 등 한국 최신 트럭드록 볼 수 있어서,패센부티 등 한국 최신 트렌드록 볼 수 있어서,2
1-17,드라마,온라인모바일 플라품올 통해 접할 수 있어서,온라인모바일 플렉품올 통해 접할 수 있어서,2
1-17,드라마,라 배우의 외모가 매력적이어서,배우의 외모가 매력적이어서,2
1-17,드라마,순 한국 생활문회틀 간접 경험하거나 이해할 수 있어서,한국 생활문회틀 간접 경험하거나 이해할 수 있어서,2
1-17,드라마,출 표현 방식이 과감 독특생생해서,표현 방식이 과감독특생생해서,2
1-17,드라마,복 패센볶티 등 한국 최신 트럭드록 볼 수 있어서 불평등양극화 등 사회 문제름 현실적으로 표현해서,불평등양국화 등 사회 문제름 현실적으로 표현해서,2
1-17,드라마,온라인모바일 플쨌품올 통해 접할 수 있어서,온라인모바일 플렉품올 통해 접할 수 있어서,2
1-17,드라마,흙 다양한  소재 또는 장르름 다퀴서,다양한 소재 또는 장르름 다리서,2
1-17,드라마,드 영상미연출력 등 작품성이 좋아서,영상미 연출력 등 작품성이 좋아서,2
1-17,드라마,올 온라인묘바일 플렉몸올 통해 접할 수 있어서,온라인모바일 플렉품올 통해 접할 수 있어서,2
1-17,드라마,순 한국 생활문회지 간접 경험하거나 이해할 수 있어서,한국 생활문회틀 간접 경험하거나 이해할 수 있어서,2
1-17,드라마,위 표현 방식이 과감독특생생해서,표현 방식이 과감독특생생해서,2
1-17,드라마,복 불평등양국화 등 사회 문제틀 현실적-로 표현해서,불평등양국화 등 사회 문제름 현실적으로 표현해서,2
1-17,드라마,드 패센부티 등 한국 최신 트렌드록 볼 수 있어서,패센부티 등 한국 최신 트렌드록 볼 수 있어서,2
1-17,드라마,라 한국어에 대한 관심 및 학습 수요가 증가해서,한국어에 대한 관심 및 학습 수요가 증가해서,2
1-17,드라마,슈 표현 방식이 과감 독특생생해서,표현 방식이 과감독특생생해서,2
1-17,드라마,복 패센부티 등 한국 최신 트럭드록 볼 수 있어서,패센부티 등 한국 최신 트렌드록 볼 수 있어서,2
1-17,드라마,흙 영상미연출력 등 작품성이 좋아서,영상미 연출력 등 작품성이 좋아서,2
1-17,드라마,드 온라인모바일 플랍품올 통해 접할 수 있어서,온라인모바일 플렉품올 통해 접할 수 있어서,2
1-17,드라마,복= 영상미 연출력 등 작품성이 좋아서,영상미 연출력 등 작품성이 좋아서,2
1-17,드라마,스토리가 짜임새 잎고 단단해서,스토리가 짜임새 잇고 단단해서,2
1-17,드라마,드 불평등양극화 등 사회 문제틀 현실적으로 표현해서,불평등양국화 등 사회 문제름 현실적으로 표현해서,2
1-17,드라마,유 한국어예 대한 관심 및 학습 수요가 증가해서,한국어에 대한 관심 및 학습 수요가 증가해서,2
1-17,드라마,다양한  소재 또는 장르름 다뒤서,다양한 소재 또는 장르름 다리서,2
1-17,드라마,흙 영상매연출력 등 작품성이 좋아서,영상미 연출력 등 작품성이 좋아서,2
1-17,드라마,온라인모바일 플품올 통해 접할 수 있어서,온라인모바일 플렉품올 통해 접할 수 있어서,2
1-17,드라마,류 기타,기타,2
1-17,드라마,슈 패센부티 등 한국 최신 트렌드록 볼 수 있어서,패센부티 등 한국 최신 트렌드록 볼 수 있어서,2
1-17,드라마,온라인모바일 플햇품올 통해 접할 수 있어서,온라인모바일 플렉품올 통해 접할 수 있어서,2
1-17,드라마,한국어에 대한 관심 및 학습 수요가 증기해서,한국어에 대한 관심 및 학습 수요가 증가해서,2
1-17,드라마,드 불평등양국화 등 사회 문제름 현실적으로 표현해서,불평등양국화 등 사회 문제름 현실적으로 표현해서,2
1-17,드라마,슈 배우의 연기력이 뛰어나서,배우의 연기력이 뛰어나서,2
1-17,드라마,라 연애 스토리가 순수해서,연애 스토리가 순수해서,2
1-17,드라마,수 패센부티 등 한국 최신 트렌드록 볼 수 있어서,패센부티 등 한국 최신 트렌드록 볼 수 있어서,2
1-17,드라마,흙 온라인모바일 플품올 통해 접할 수 있어서,온라인모바일 플렉품올 통해 접할 수 있어서,2
1-17,드라마,한국 생활문화름 간접 경험하거나 이해활 수 있어서,한국 생활문회틀 간접 경험하거나 이해할 수 있어서,2
1-17,드라마,온라인모바일 플렉품을 통해 접할 수 있어서,온라인모바일 플렉품올 통해 접할 수 있어서,2
1-17,드라마,영상매 연출력 등 작품성이 좋아서,영상미 연출력 등 작품성이 좋아서,2
1-17,드라마,슈 한국 생활문회틀 간접 경험하거나 이해할 수 있어서 한국어에 대한 관심 및 학습 수요가 증가해서,한국어에 대한 관심 및 학습 수요가 증가해서,2
1-17,드라마,복 온라입모바일 플렉품올 통해 접할 수 있어서,온라인모바일 플렉품올 통해 접할 수 있어서,2
1-17,드라마,복 패센부티 등 한국 최신 트렌드록 볼 수 있어서,패센부티 등 한국 최신 트렌드록 볼 수 있어서,2
1-17,드라마,흙 연애 스토리가 순수해서,연애 스토리가 순수해서,2
1-17,드라마,복 배우의 연기력이 뛰어나서,배우의 연기력이 뛰어나서,2
1-17,드라마,스토리가 짜임새 있고 탄단해서,스토리가 짜임새 잇고 단단해서,2
1-17,드라마,패센분티 등 한국 최신 트렌드록 볼 수 있어서,패센부티 등 한국 최신 트렌드록 볼 수 있어서,2
1-17,드라마,류 불평등양국화 등 사회 문제름 현실적으로 표현해서,불평등양국화 등 사회 문제름 현실적으로 표현해서,2
1-17,드라마,라 한국 생활문회틀 간접 경험하거나 이해할 수 있어서,한국 생활문회틀 간접 경험하거나 이해할 수 있어서,2
1-17,드라마,수 배우의 연기력이 뛰어나서,배우의 연기력이 뛰어나서,2
1-17,드라마,복 불평등양국화 등 사회 문제름 현실적으로 표현해서,불평등양국화 등 사회 문제름 현실적으로 표현해서,2
1-17,드라마,표현 방식이 과감독안생생해서,표현 방식이 과감독특생생해서,2
1-17,드라마,스토리가 짜임새 잇고 단탄단해서,스토리가 짜임새 잇고 단단해서,2
1-17,드라마,복 불평등양극화 등 사회 문제름 현실적으로 표현해서,불평등양국화 등 사회 문제름 현실적으로 표현해서,2
1-17,드라마,다양한 소재 또는 장르틀 다리서,다양한 소재 또는 장르름 다리서,2
1-17,드라마,패션볶티 등 한국 최신 트렌드록 볼 수 있어서,패센부티 등 한국 최신 트렌드록 볼 수 있어서,2
1-17,드라마,륙 기타,기타,2
1-17,드라마,마 배우의 연기력이 뛰어나서,배우의 연기력이 뛰어나서,2
1-17,드라마,복 한국어에 대한 관심 및 학습 수요가 증기해서,한국어에 대한 관심 및 학습 수요가 증가해서,2
1-17,드라마,드 패센분티 등 한국 최신 트럭드록 볼 수 있어서,패센부티 등 한국 최신 트렌드록 볼 수 있어서,2
1-17,드라마,라 온라인모바일 플품올 통해 접할 수 있어서,온라인모바일 플렉품올 통해 접할 수 있어서,2
1-17,드라마,슈 불명하등교부-도 실:밤 불평등양극화 등 사회 문제름 현실적으로 표현해서,불평등양국화 등 사회 문제름 현실적으로 표현해서,2
1-17,드라마,패센볶티 등 한국 최신 트렌드록 볼 수 있어서,패센부티 등 한국 최신 트렌드록 볼 수 있어서,2
1-17,드라마,한국어에 대한 관심 및 학습 수요가 증기해서 한국 생활문회틀 간접 경험하거나 이해할 수 있어서,한국 생활문회틀 간접 경험하거나 이해할 수 있어서,2
1-17,드라마,류 온라인모바일 플렉품올 통해 접할 수 있어서,온라인모바일 플렉품올 통해 접할 수 있어서,2
1-17,드라마,다양한  소재 또는 장르름 다퀴서,다양한 소재 또는 장르름 다리서,2
1-17,드라마,온라인모바일 플랍품올 통해 접할 수 있어서,온라인모바일 플렉품올 통해 접할 수 있어서,2
1-17,드라마,복 한국어에 대한 관심 및 학습 수요가 증가해서,한국어에 대한 관심 및 학습 수요가 증가해서,2
1-17,드라마,드 패센분티 등 한국 최신 트렌드록 볼 수 있어서,패센부티 등 한국 최신 트렌드록 볼 수 있어서,2
1-17,드라마,수 불평등양극화 등 사회 문제름 현실적으로 표현해서,불평등양국화 등 사회 문제름 현실적으로 표현해서,2
1-17,드라마,흙 패센분티 등 한국 최신 트럭드록 볼 수 있어서,패센부티 등 한국 최신 트렌드록 볼 수 있어서,1
1-17,드라마,패센뷰티 등 한국 최신 트렌드록 볼 수 있어서,패센부티 등 한국 최신 트렌드록 볼 수 있어서,1
1-17,드라마,흙 불평등양극화 등 사회 문제름 현실적으로 표현해서,불평등양국화 등 사회 문제름 현실적으로 표현해서,1
1-17,드라마,운 온라인모바일 플랫품올 통해 접할 수 있어서,온라인모바일 플렉품올 통해 접할 수 있어서,1
1-17,드라마,한국 생활문화지 간접 경험하거나 이해할 수 있어서,한국 생활문회틀 간접 경험하거나 이해할 수 있어서,1
1-17,드라마,패센볶티 등 한국 최신 트럭드록 볼 수 있어서,패센부티 등 한국 최신 트렌드록 볼 수 있어서,1
1-17,드라마,온라엔모바일 플스올 통해 접할 수 있어서,온라인모바일 플렉품올 통해 접할 수 있어서,1
1-17,드라마,흙 패센부티 등 한국 최신 트렌드록 볼 수 있어서,패센부티 등 한국 최신 트렌드록 볼 수 있어서,1
1-17,드라마,패센뷰티 등 한국 최신 트랜드록 볼 수 있어서,패센부티 등 한국 최신 트렌드록 볼 수 있어서,1
1-17,뷰티,제품 때키지의 디자인이 좋아서,제품 패키지의 디자인이 좋아서,19
1-17,뷰티,자연 친화적 성분 및 재료지 사용해서,자연 친화적 성분 및 재료틀 사용해서,18
1-17,뷰티,신제품이 자주 나와서,신제품이 자주 나외서,14
1-17,뷰티,좋아하는 한류스타가 직접 사용 홍보해서,좋아하는 한류스타가 직접 사용홍보해서,13
1-17,뷰티,흙 좋아하는 인플루언서가 직접 사용홍보해서,좋아하는 인플루언서가 직접 사용홍보해서,10
1-17,뷰티,복 신제품이 자주 나외서,신제품이 자주 나외서,8
1-17,뷰티,기타,붐 기타,7
1-17,뷰티,복 브랜드 이미지가 좋아서,브랜드 이미지가 좋아서,4
1-17,뷰티,복 제품 때키지의 디자인이 좋아서,제품 패키지의 디자인이 좋아서,4
1-17,뷰티,슈 브랜드 이미지가 좋아서,브랜드 이미지가 좋아서,4
1-17,뷰티,복 제품 패키지의 디자인이 좋아서,제품 패키지의 디자인이 좋아서,4
1-17,뷰티,흙 브랜드 이미지가 좋아서,브랜드 이미지가 좋아서,4
1-17,뷰티,흙 신제품이 자주 나외서,신제품이 자주 나외서,4
1-17,뷰티,복 좋아하는 인플루언서가 직접 사용홍보해서,좋아하는 인플루언서가 직접 사용홍보해서,4
1-17,뷰티,출 제품 때키지의 디자인이 좋아서,제품 패키지의 디자인이 좋아서,4
1-17,뷰티,자연 친화적 성분 및 재료름 사용해서,자연 친화적 성분 및 재료틀 사용해서,3
1-17,뷰티,슈 자연 친화적 성분 및 재료틀 사용해서,자연 친화적 성분 및 재료틀 사용해서,2
1-17,뷰티,수 좋아하논 한류스타가 직접 사용웅보해서,좋아하는 한류스타가 직접 사용홍보해서,2
1-17,뷰티,복 자연 친화적 성분 및 재료틀 사용해서,자연 친화적 성분 및 재료틀 사용해서,2
1-17,뷰티,둘 접근성이 좋아서,접근성이 좋아서,2
1-17,뷰티,수 브랜드 이미지가 좋아서,브랜드 이미지가 좋아서,2
1-17,뷰티,수 제품 때키지의 디자인이 좋아서,제품 패키지의 디자인이 좋아서,2
1-17,뷰티,흙 품질 대비 가격이 저럼해서,품질 대비 가격이 저럼해서,2
1-17,뷰티,위 제품 종류가 다양해서,제품 종류가 다양해서,2
1-17,뷰티,(중복) 제품 때키지의 디자인이 좋아서,제품 패키지의 디자인이 좋아서,2
1-17,뷰티,수 신제품이 자주 나라서,신제품이 자주 나외서,2
1-17,뷰티,둘 좋아하는 인플루언서가 직접 사용홍보해서,좋아하는 인플루언서가 직접 사용홍보해서,2
1-17,뷰티,수 물질 다비 가격이 저럼해서,품질 대비 가격이 저럼해서,2
1-17,뷰티,소 좋이하는 한류스타가 직접 사용홍보해서,좋아하는 한류스타가 직접 사용홍보해서,2
1-17,뷰티,수 자연 친화적 성분 및 재료틀 사용해서,자연 친화적 성분 및 재료틀 사용해서,2
1-17,뷰티,흙 주변 사람들 사이에 평판이 좋아서,주변 사람들 사이에 평판이 좋아서,2
1-17,뷰티,슈 품질 대비 가격이 저럼해서,품질 대비 가격이 저럼해서,2
1-17,뷰티,(중복) 브랜드 이미지가 좋아서,브랜드 이미지가 좋아서,2
1-17,뷰티,흙 좋아하는 한류스타가 직접 사용홍보해서,좋아하는 한류스타가 직접 사용홍보해서,2
1-17,뷰티,수 중 하당 인플루언서가 직접 사용홍보해서,좋아하는 인플루언서가 직접 사용홍보해서,2
1-17,뷰티,복 접근성이 좋아서,접근성이 좋아서,2
1-17,뷰티,숲 좋아하는 한류스타가 직접 사용홍보해서,좋아하는 한류스타가 직접 사용홍보해서,2
1-17,뷰티,복 주변 사람들 사이에 평판이 좋아서,주변 사람들 사이에 평판이 좋아서,2
1-17,뷰티,붐 좋아하는 인플루언서가 직접 사용홍보해서,좋아하는 인플루언서가 직접 사용홍보해서,2
1-17,뷰티,수 제품 종류가 다양해서,제품 종류가 다양해서,2
1-17,뷰티,슈 접근성이 좋아서,접근성이 좋아서,2
1-17,뷰티,부 기타,붐 기타,2
1-17,뷰티,출 자연 친화적 성분 및 재료지 사용해서,자연 친화적 성분 및 재료틀 사용해서,2
1-17,뷰티,붐 자연 친화적 성분 및 재료지 사용해서,자연 친화적 성분 및 재료틀 사용해서,2
1-17,뷰티,둘 제품 패키지의 디자인이 좋아서,제품 패키지의 디자인이 좋아서,2
1-17,뷰티,슈 좋아하는 인플루언서가 직접 사용홍보해서,좋아하는 인플루언서가 직접 사용홍보해서,2
1-17,뷰티,유 좋아하h 인플루언서가 직접 사용홍보해서,좋아하는 인플루언서가 직접 사용홍보해서,2
1-17,뷰티,흙 제품 때키지의 디자인이 좋아서,제품 패키지의 디자인이 좋아서,1
1-17,뷰티,복 자연 친회적 성분 및 재료틀 사용해서,자연 친화적 성분 및 재료틀 사용해서,1
1-17,뷰티,(중복) 신제품이 자주 나와서,(복 신제품이 자주 나와서,1
1-17,애니메이션,캐릭터의 성계역할이 마음에 들어서,캐릭터의 성격역할이 마음에 들어서,16
1-17,애니메이션,자료나의 문화 코드와 잘 맞아서,자국나의 문화 코드와 잘 맞아서,12
1-17,애니메이션,스토리가 짜임새 잇고 단단해서,스토리가 짜임새 있고 단단해서,10
1-17,애니메이션,# 기타,기타,10
1-17,애니메이션,캐릭터의 성격 역할이 마음에 들어서,캐릭터의 성격역할이 마음에 들어서,10
1-17,애니메이션,둘 온라인모바일 플렉품올 통해 접할 수 있어서,온라인모바일 플렉품올 통해 접할 수 있어서,10
1-17,애니메이션,교육용으로 활용할 수 잇는 내용이 풍부해서,교육용으로 활용할 수 있는 내용이 풍부해서,9
1-17,애니메이션,교육용의로 활용할 수 있는 내용이 풍부해서,교육용으로 활용할 수 있는 내용이 풍부해서,9
1-17,애니메이션,영상매그림체  색채 그픽 등가 좋아서,영상매그림체  색채 그래픽 등가 좋아서,8
1-17,애니메이션,한국 생활문회름 간접 경험하거나 이해할 수 있어서,한국 생활문회틀 간접 경험하거나 이해할 수 있어서,7
1-17,애니메이션,영상매그림체 색채 그래픽 등가 좋아서,영상매그림체  색채 그래픽 등가 좋아서,6
1-17,애니메이션,다양한  소재 또는 장르름 다리서,다양한 소재 또는 장르름 다리서,6
1-17,애니메이션,수 한국 생활문회틀 간접 경험하거나 이해할 수 있어서,한국 생활문회틀 간접 경험하거나 이해할 수 있어서,6
1-17,애니메이션,복 폭력적이거나 선정적인 내용이 적어서,폭력적이거나 선정적인 내용이 적어서,6
1-17,애니메이션,위 온라인모바일 플렉품올 통해 접할 수 있어서,온라인모바일 플렉품올 통해 접할 수 있어서,6
1-17,애니메이션,(중복) 온라인모바일 플렉품올 통해 접할 수 있어서,온라인모바일 플렉품올 통해 접할 수 있어서,6
1-17,애니메이션,스토리가 짜임새 있고 탄단해서,스토리가 짜임새 있고 단단해서,6
1-17,애니메이션,캐릭터 생김세디자인이 마음에 들어서,캐릭터 생김새디자인이 마음에 들어서,6
1-17,애니메이션,영상매그림체 색채 그픽 등가 좋아서,영상매그림체  색채 그래픽 등가 좋아서,4
1-17,애니메이션,복 교육용으로 활용할 수 있는 내용이 풍부해서,교육용으로 활용할 수 있는 내용이 풍부해서,4
1-17,애니메이션,한국 생활문회지 간접 경험하거나 이해할 수 있어서,한국 생활문회틀 간접 경험하거나 이해할 수 있어서,4
1-17,애니메이션,스토리가 짜임새 잇고 단탄단해서,스토리가 짜임새 있고 단단해서,4
1-17,애니메이션,위 다양한 소재 또는 장르름 다퀴서,다양한 소재 또는 장르름 다리서,4
1-17,애니메이션,흙 한국 생활문회지 간접 경험하거나 이해할 수 있어서,한국 생활문회틀 간접 경험하거나 이해할 수 있어서,3
1-17,애니메이션,순 다양한 소재 또는 장르름 다퀴서,다양한 소재 또는 장르름 다리서,3
1-17,애니메이션,순위 한국 생활문회름 간접 경험하거나 이해할 수 있어서,한국 생활문회틀 간접 경험하거나 이해할 수 있어서,3
1-17,애니메이션,캐릭터 생감새디지인이 마음에 들어서,캐릭터 생김새디자인이 마음에 들어서,3
1-17,애니메이션,온라인모바일 플품올 통해 접할 수 있어서,온라인모바일 플렉품올 통해 접할 수 있어서,3
1-17,애니메이션,캐릭터의 성계억할이 마음에 들어서,캐릭터의 성격역할이 마음에 들어서,2
1-17,애니메이션,수 다양한 소재 또는 장르름 다리서,다양한 소재 또는 장르름 다리서,2
1-17,애니메이션,흙 온라인모바일 플렉품올 통해 접할 수 있어서,온라인모바일 플렉품올 통해 접할 수 있어서,2
1-17,애니메이션,복 자국나의 문화 코드와 잘 맞아서,자국나의 문화 코드와 잘 맞아서,2
1-17,애니메이션,위 자국나의 문화 코드와 잘 맞아서,자국나의 문화 코드와 잘 맞아서,2
1-17,애니메이션,온라인모바일 플라품올 통해 접할 수 있어서,온라인모바일 플렉품올 통해 접할 수 있어서,2
1-17,애니메이션,흙 교육용으로 활용할 수 잇는 내용이 풍부해서,교육용으로 활용할 수 있는 내용이 풍부해서,2
1-17,애니메이션,스토리가 짜임새 있고 단단해서 자국나의 문화 코드와 잘 맞아서,자국나의 문화 코드와 잘 맞아서,2
1-17,애니메이션,순 스토리가 짜임새 있고 단단해서,스토리가 짜임새 있고 단단해서,2
1-17,애니메이션,다양한  소재 또는 장르름 다퀴서,다양한 소재 또는 장르름 다리서,2
1-17,애니메이션,출 한국 생활문회름 간접 경험하거나 이해할 수 있어서,한국 생활문회틀 간접 경험하거나 이해할 수 있어서,2
1-17,애니메이션,둘 교육용으로 활용할 수 있는 내용이 풍부해서,교육용으로 활용할 수 있는 내용이 풍부해서,2
1-17,애니메이션,스토리가 찌임새 있고 탄단해서,스토리가 짜임새 있고 단단해서,2
1-17,애니메이션,흙 온라인모바일 플품올 통해 접할 수 있어서,온라인모바일 플렉품올 통해 접할 수 있어서,2
1-17,애니메이션,자고료나의 문화 코드와 잘 맞아서,자국나의 문화 코드와 잘 맞아서,2
1-17,애니메이션,자고나의 문화 코드와 잘 맞아서,자국나의 문화 코드와 잘 맞아서,2
1-17,애니메이션,자취나의 문화 코드와 잘 맞아서,자국나의 문화 코드와 잘 맞아서,2
1-17,애니메이션,캐릭터의 성계없할이 마음에 들어서,캐릭터의 성격역할이 마음에 들어서,2
1-17,애니메이션,슈 현국인 물렉h-경언하U}아 버다쉬 한국 생활문회틀 간접 경험하거나 이해할 수 있어서,한국 생활문회틀 간접 경험하거나 이해할 수 있어서,2
1-17,애니메이션,온라인모바일 플햇품올 통해 접할 수 있어서,온라인모바일 플렉품올 통해 접할 수 있어서,2
1-17,애니메이션,캐릭터의 성격없할이 마음에 들어서,캐릭터의 성격역할이 마음에 들어서,2
1-17,애니메이션,둘 폭력적이거나 선정적인 내용이 적어서,폭력적이거나 선정적인 내용이 적어서,2
1-17,애니메이션,순 온라인모바일 플햇품올 통해 접할 수 있어서,온라인모바일 플렉품올 통해 접할 수 있어서,2
1-17,애니메이션,영상그림체  색채 그픽 등가 좋아서,영상매그림체  색채 그래픽 등가 좋아서,2
1-17,애니메이션,수 캐릭터 생김새디자인이 마음에 들어서,캐릭터 생김새디자인이 마음에 들어서,2
1-17,애니메이션,흙 폭력적이거나 선정적인 내용이 적어서,폭력적이거나 선정적인 내용이 적어서,2
1-17,애니메이션,복 교육용으로 활용할 수 윗는 내용이 풍부해서,교육용으로 활용할 수 있는 내용이 풍부해서,2
1-17,애니메이션,위 교육용으로 활용할 수 있는 내용이 풍부해서,교육용으로 활용할 수 있는 내용이 풍부해서,2
1-17,애니메이션,다양한 소재 또는 장르름 다팅서,다양한 소재 또는 장르름 다리서,2
1-17,애니메이션,캐릭터 생감세디지인이 마음에 들어서,캐릭터 생김새디자인이 마음에 들어서,2
1-17,애니메이션,흙 스토리가 짜임새 있고 단단해서 한국 생활문회틀 간접 경험하거나 이해할 수 있어서,한국 생활문회틀 간접 경험하거나 이해할 수 있어서,2
1-17,애니메이션,# 온라인모바일 플품올 통해 접할 수 있어서,온라인모바일 플렉품올 통해 접할 수 있어서,2
1-17,애니메이션,순 교육용으로 활용할 수 있는 내용이 풍부해서,교육용으로 활용할 수 있는 내용이 풍부해서,2
1-17,애니메이션,순 폭력적이거나 선정적인 내용이 적어서,폭력적이거나 선정적인 내용이 적어서,2
1-17,애니메이션,교육용으로 활용할 수 잎는 내용이 풍부해서,교육용으로 활용할 수 있는 내용이 풍부해서,2
1-17,애니메이션,캐릭터 생김새 디자인이 마음에 들어서,캐릭터 생김새디자인이 마음에 들어서,1
1-17,애니메이션,다양한 소재 또는 장르름 다퀴서,다양한 소재 또는 장르름 다리서,1
1-17,애니메이션,온라인모바일 플쨌품올 통해 접할 수 있어서,온라인모바일 플렉품올 통해 접할 수 있어서,1
1-17,애니메이션,출 교육용으로 활용할 수 잇는 내용이 풍부해서,교육용으로 활용할 수 있는 내용이 풍부해서,1
1-17,애니메이션,교육용으로 활용할 수 잇는 내용이 풍부해서 한국 생활문회틀 간접 경험하거나 이해할 수 있어서,한국 생활문회틀 간접 경험하거나 이해할 수 있어서,1
1-17,애니메이션,둘 한국 생활문회름 간접 경험하거나 이해활 수 있어서,한국 생활문회틀 간접 경험하거나 이해할 수 있어서,1
1-17,애니메이션,캐릭터 생김새디지인이 마음에 들어서,캐릭터 생김새디자인이 마음에 들어서,1
1-17,애니메이션,한국 생활문회지 간접 경험하거나 이해할 있어서,한국 생활문회틀 간접 경험하거나 이해할 수 있어서,1
1-17,애니메이션,한국 생활문화름 간접 경험하거나 이해활 수 있어서,한국 생활문회틀 간접 경험하거나 이해할 수 있어서,1
1-17,애니메이션,슈 교육용으로 활용할 수 있는 내용이 풍부해서,교육용으로 활용할 수 있는 내용이 풍부해서,1
1-17,애니메이션,위 스토리가 짜임새 있고 단단해서,스토리가 짜임새 있고 단단해서,1
1-17,영화,영상매연출력 등 작품성이 좋아서,영상미 연출력 등 작품성이 좋아서,17
1-17,영화,기타,화 기타,14
1-17,영화,불평등양극화 등 사회 문제름 현실적으로 표현해서,불평등양국화 등 사회 문제름 현실적으로 표현해서,14
1-17,영화,스토리가 짜임새 잇고 탄단해서,스토리가 짜임새 있고 단단해서,12
1-17,영화,위 국제 영화제 수상으로 관심이 생겨서,국제 영화제 수상으로 관심이 생겨서,8
1-17,영화,관심있는  감독작가의 작품이라서,관심있는 감독작가의 작품이라서,8
1-17,영화,한국 생활문회지 간접 경험하거나 이해할 수 있어서,한국 생활문회틀 간접 경험하거나 이해할 수 있어서,8
1-17,영화,온라인모바일 플햇품올 통해 접할 수 있어서,온라인모바일 플렉품올 통해 접할 수 있어서,8
1-17,영화,순 표현 방식이 사실적이어서,표현 방식이 사실적이어서,7
1-17,영화,복 국제 영화제 수상으로 관심이 생겨서,국제 영화제 수상으로 관심이 생겨서,6
1-17,영화,화 스토리가 짜임새 있고 단단해서,스토리가 짜임새 있고 단단해서,6
1-17,영화,영상미연출력 등 작품성이 좋아서,영상미 연출력 등 작품성이 좋아서,6
1-17,영화,다양한  소재 또는 장르름 다리서,다양한 소재 또는 장르름 다리서,6
1-17,영화,한국어에 대한 관심 및 학습 수요가 증기해서,한국어에 대한 관심 및 학습 수요가 증가해서,6
1-17,영화,스토리가 짜임새 잇고 단단해서,스토리가 짜임새 있고 단단해서,5
1-17,영화,스토리가 찌임새 있고 탄단해서,스토리가 짜임새 있고 단단해서,5
1-17,영화,순 배우의 외모가 매력적이어서,배우의 외모가 매력적이어서,5
1-17,영화,온라인모바일 플렉패올 통해 접할 수 있어서,온라인모바일 플렉품올 통해 접할 수 있어서,4
1-17,영화,패션분티 등 한국 최신 트렌드록 볼 수 있어서,패센부티 등 한국 최신 트렌드록 볼 수 있어서,4
1-17,영화,흙 관심있는  감독작가의 작품이라서,관심있는 감독작가의 작품이라서,4
1-17,영화,흙 패센부티 등 한국 최신 트렌드록 볼 수 있어서,패센부티 등 한국 최신 트렌드록 볼 수 있어서,4
1-17,영화,복 온라인모바일 플렉품올 통해 접할 수 있어서,온라인모바일 플렉품올 통해 접할 수 있어서,4
1-17,영화,흙 불평등양극화 등 사회 문제름 현실적으로 표현해서,불평등양국화 등 사회 문제름 현실적으로 표현해서,4
1-17,영화,순 패센부티 등 한국 최신 트럭드록 볼 수 있어서,패센부티 등 한국 최신 트렌드록 볼 수 있어서,4
1-17,영화,복 온리인모바일 플렉품올 통해 접할 수 있어서,온라인모바일 플렉품올 통해 접할 수 있어서,4
1-17,영화,패센볶티 등 한국 최신 트렌드록 볼 수 있어서,패센부티 등 한국 최신 트렌드록 볼 수 있어서,4
1-17,영화,순 선호하는 배우가 출연해서,선호하는 배우가 출연해서,4
1-17,영화,흙 국제 영화제 수상으로 관심이 생겨서,국제 영화제 수상으로 관심이 생겨서,4
1-17,영화,복 선호하는 배우가 출연해서,선호하는 배우가 출연해서,4
1-17,영화,패센분티 등 한국 최신 트렌드록 볼 수 있어서,패센부티 등 한국 최신 트렌드록 볼 수 있어서,3
1-17,영화,출 불평등양극화 등 사회 문제름 현실적으로 표현해서,불평등양국화 등 사회 문제름 현실적으로 표현해서,3
1-17,영화,흙 온라인모바일 플랍품올 통해 접할 수 있어서,온라인모바일 플렉품올 통해 접할 수 있어서,3
1-17,영화,한국 생활문화지 간접 경험하거나 이해할 수 있어서,한국 생활문회틀 간접 경험하거나 이해할 수 있어서,3
1-17,영화,위 배우의 연기력이 뛰어나서,배우의 연기력이 뛰어나서,3
1-17,영화,수 선호하는 배우가 출연해서,선호하는 배우가 출연해서,2
1-17,영화,영 관심되는 감독작가의 작품이라서,관심있는 감독작가의 작품이라서,2
1-17,영화,순 다양한 소재 또는 장르름 다리서,다양한 소재 또는 장르름 다리서,2
1-17,영화,흙 관심되는 감독작가의 작품이라서,관심있는 감독작가의 작품이라서,2
1-17,영화,복 불평등양국화 등 사회 문제들 현실적으로 표현해서,불평등양국화 등 사회 문제름 현실적으로 표현해서,2
1-17,영화,패센분티 등 한국 최신 트럭드록 볼 수 있어서,패센부티 등 한국 최신 트렌드록 볼 수 있어서,2
1-17,영화,영 기타,화 기타,2
1-17,영화,한국 생활문회름 간접 경험하거나 이해활 수 있어서,한국 생활문회틀 간접 경험하거나 이해할 수 있어서,2
1-17,영화,복 패션뷰티 등 한국 최신 트렌드록 볼 수 있어서,패센부티 등 한국 최신 트렌드록 볼 수 있어서,2
1-17,영화,영 관심있는 감독작가의 작품이라서,관심있는 감독작가의 작품이라서,2
1-17,영화,온라인모바일 플랍품올 통해 접할 수 있어서,온라인모바일 플렉품올 통해 접할 수 있어서,2
1-17,영화,영 관심있는  감독작가의 작품이라서,관심있는 감독작가의 작품이라서,2
1-17,영화,위 패센뷰티 등 한국 최신 트렌드록 볼 수 있어서,패센부티 등 한국 최신 트렌드록 볼 수 있어서,2
1-17,영화,복 표현 방식이 사실적이어서,표현 방식이 사실적이어서,2
1-17,영화,화 다양한 소재 또는 장르름 다리서,다양한 소재 또는 장르름 다리서,2
1-17,영화,수 표현 방식이 사실적이어서,표현 방식이 사실적이어서,2
1-17,영화,흙 선호하는 배우가 출연해서,선호하는 배우가 출연해서,2
1-17,영화,슈 표현 방식이 사실적이어서,표현 방식이 사실적이어서,2
1-17,영화,패션부티 등 한국 최신 트렌드록 볼 수 있어서,패센부티 등 한국 최신 트렌드록 볼 수 있어서,2
1-17,영화,영 한국어에 대한 관심 및 학습 수요가 증가해서,한국어에 대한 관심 및 학습 수요가 증가해서,2
1-17,영화,불평등양극화 등 사회 문제틀 현실적으로 표현해서,불평등양국화 등 사회 문제름 현실적으로 표현해서,2
1-17,영화,순위 온라인모바일 플렉품올 통해 접할 수 있어서,온라인모바일 플렉품올 통해 접할 수 있어서,2
1-17,영화,패션뷰티 등 한국 최신 트럭드록 볼 수 있어서,패센부티 등 한국 최신 트렌드록 볼 수 있어서,2
1-17,영화,순 국제 영화제 수상으로 관심이 생겨서,국제 영화제 수상으로 관심이 생겨서,2
1-17,영화,위 표현 방식이 사실적이어서,표현 방식이 사실적이어서,2
1-17,영화,복 관심있는 감독 작가의 '작품이라서,관심있는 감독작가의 작품이라서,2
1-17,영화,다양한 소재 또는 장르틀 다팅서,다양한 소재 또는 장르름 다리서,2
1-17,영화,위 배우의 외모가 매력적이어서,배우의 외모가 매력적이어서,2
1-17,영화,위 선호하는 배우가 출연해서,선호하는 배우가 출연해서,2
1-17,영화,복 패센볶티 등 한국 최신 트렌드틀 볼 수 있어서,패센부티 등 한국 최신 트렌드록 볼 수 있어서,2
1-17,영화,순 패센분티 등 한국 최신 트럭드록 볼 수 있어서,패센부티 등 한국 최신 트렌드록 볼 수 있어서,2
1-17,영화,불평등양극화 등 사회 문제록 현실적으로 표현해서,불평등양국화 등 사회 문제름 현실적으로 표현해서,2
1-17,영화,한국 생활문화름 간접 경험하거나 이해활 수 있어서,한국 생활문회틀 간접 경험하거나 이해할 수 있어서,2
1-17,영화,위 불평등양국화 등 사회 문제름 현실적으로 표현해서,불평등양국화 등 사회 문제름 현실적으로 표현해서,2
1-17,영화,복 한국어에 대한 관심 및 학습 수요가 증가해서,한국어에 대한 관심 및 학습 수요가 증가해서,2
1-17,영화,위 한국 생활문회지 간접 경험하거나 이해할 수 있어서,한국 생활문회틀 간접 경험하거나 이해할 수 있어서,2
1-17,영화,영 화 기타,화 기타,2
1-17,영화,순 영상매연출력 등 작품성이 좋아서,영상미 연출력 등 작품성이 좋아서,2
1-17,영화,위 한국어에 대한 관심 및 학습 수요가 증가해서,한국어에 대한 관심 및 학습 수요가 증가해서,2
1-17,영화,복 관심있는 감독작가의 작품이라서,관심있는 감독작가의 작품이라서,2
1-17,영화,복 패션볶티 등 한국 최신 트렌드록 볼 수 있어서,패센부티 등 한국 최신 트렌드록 볼 수 있어서,2
1-17,영화,위 불평등양국화 등 사회 문제름 현실적오로 표현해서,불평등양국화 등 사회 문제름 현실적으로 표현해서,2
1-17,영화,불평등양극화 등 사회 문제들 현실적으로 표현해서,불평등양국화 등 사회 문제름 현실적으로 표현해서,2
1-17,영화,순위 |표현 방식이 사실적이어서,표현 방식이 사실적이어서,2
1-17,영화,(중복) 배우의 연기력이 뛰어나서,배우의 연기력이 뛰어나서,2
1-17,영화,스토리가 찌임새 잇고 탄단해서,화 스토리가 짜임새 잇고 탄단해서,2
1-17,영화,다양하 소재 또는 장르름 다리서,다양한 소재 또는 장르름 다리서,2
1-17,영화,흙 영상매연출력 등 작품성이 좋아서,영상미 연출력 등 작품성이 좋아서,2
1-17,영화,영 국제 영화제 수상으로 관심이 생겨서,국제 영화제 수상으로 관심이 생겨서,2
1-17,영화,흙 배우의 외모가 매력적이어서,배우의 외모가 매력적이어서,2
1-17,영화,수 스토리가 짜임새 있고 탄단해서,스토리가 짜임새 있고 단단해서,2
1-17,영화,복 온라인모바일 플품올 통해 접할 수 있어서,온라인모바일 플렉품올 통해 접할 수 있어서,2
1-17,영화,영 화 관심있는 감독작가의 작품이라서,관심있는 감독작가의 작품이라서,2
1-17,영화,흙 한국어에 대한 관심 및 학습 수요가 증가해서,한국어에 대한 관심 및 학습 수요가 증가해서,2
1-17,영화,위 다양한 소재 또는 장르름 다리서,다양한 소재 또는 장르름 다리서,2
1-17,영화,선호하는 배우가 출연해서 끼,선호하는 배우가 출연해서,2
1-17,영화,복 온라인모바일 플렉품흘 통해 접할 수 있어서,온라인모바일 플렉품올 통해 접할 수 있어서,2
1-17,영화,위 패센분티 등 한국 최신 트럭드록 볼 수 있어서,패센부티 등 한국 최신 트렌드록 볼 수 있어서,2
1-17,영화,영 패센볶티 등 한국 최신 트랜드록 볼 수 있어서,패센부티 등 한국 최신 트렌드록 볼 수 있어서,1
1-17,영화,복 패션뉴티 등 한국 최신 트렌드록 볼 수 있어서,패센부티 등 한국 최신 트렌드록 볼 수 있어서,1
1-17,영화,(중복) 한국어에 대한 관심 및 학습 수요가 증가해서,한국어에 대한 관심 및 학습 수요가 증가해서,1
1-17,영화,순 불평등양극화 등 사회 문제름 현실적으로 표현해서,불평등양국화 등 사회 문제름 현실적으로 표현해서,1
1-17,영화,순 배우의 연기력이 뛰어나서,배우의 연기력이 뛰어나서,1
1-17,영화,흙 표현 방식이 사실적이어서,표현 방식이 사실적이어서,1
1-17,영화,온라인모바일 플품올 통해 접할 수 있어서,온라인모바일 플렉품올 통해 접할 수 있어서,1
1-17,영화,둘 온라인모바일 플렉품올 통해 접할 수 있어서,온라인모바일 플렉품올 통해 접할 수 있어서,1
1-17,영화,수,영,1
1-17,영화,패센부티 등 한국 최신 트럭드록 볼 수 있어서,패센부티 등 한국 최신 트렌드록 볼 수 있어서,1
1-17,영화,한국 생활문회름 간접 경험하거나 이해할 수 있어서,한국 생활문회틀 간접 경험하거나 이해할 수 있어서,1
1-17,예능,출연진들 간의 팀위크가 동보여서,출연진들 간의 팀위크가 몸보여서,16
1-17,예능,출연진들 간의 팀위크가 돌보여서,출연진들 간의 팀위크가 몸보여서,14
1-17,예능,예 기타,기타,12
1-17,예능,한국 생활문회지 간접 경험하거나 이해할 수 있어서,한국 생활문회틀 간접 경험하거나 이해할 수 있어서,8
1-17,예능,프로그램 큰심트 및 포맺이 좋아서,프로그램 큰센트 및 포패이 좋아서,8
1-17,예능,재미있는 게임 및 소재틀 사용해서,재미있는 게임 및 소재름 사용해서,8
1-17,예능,재미있는 게임 및 소재록 사용해서,재미있는 게임 및 소재름 사용해서,8
1-17,예능,자막 그래픽 합성 회면구성 등 편집이 재미있어서,자막 그래픽 합성  회면구성 등 편집이 재미있어서,7
1-17,예능,프로그램 큰섭트 및 포맺이 좋아서,프로그램 큰센트 및 포패이 좋아서,7
1-17,예능,패센분티 등 한국 최신 트럭드록 볼 수 있어서,패센부티 등 한국 최신 트렌드록 볼 수 있어서,7
1-17,예능,프로그램 큰센트 및 포매이 좋아서,프로그램 큰센트 및 포패이 좋아서,6
1-17,예능,감동적이거나 헬림되는 스토리가 있어서,감동적이거나 힘림되는 스토리가 있어서,6
1-17,예능,능 재미있는 게임 및 소재록 사용해서,재미있는 게임 및 소재름 사용해서,6
1-17,예능,총 자막 그래픽 합성 회면구성 등 편집이 재미있어서,자막 그래픽 합성  회면구성 등 편집이 재미있어서,6
1-17,예능,온라인모바일 플라품올 통해 접할 수 있어서,온라인모바일 플렉품올 통해 접할 수 있어서,6
1-17,예능,재미있는  게임 및 소재록 사용해서,재미있는 게임 및 소재름 사용해서,6
1-17,예능,한국 생활문회름 간접 경험하거나 이해할 수 있어서,한국 생활문회틀 간접 경험하거나 이해할 수 있어서,6
1-17,예능,감동적이거나 힘립되는 스토리가 있어서,감동적이거나 힘림되는 스토리가 있어서,6
1-17,예능,온라인모바일 플품올 통해 접할 수 있어서,온라인모바일 플렉품올 통해 접할 수 있어서,5
1-17,예능,패센분티 등 한국 최신 트렌드록 볼 수 있어서,패센부티 등 한국 최신 트렌드록 볼 수 있어서,5
1-17,예능,패션부티 등 한국 최신 트럭드록 볼 수 있어서,패센부티 등 한국 최신 트렌드록 볼 수 있어서,4
1-17,예능,흙 선호하는 스타가 MC 및 출연진으로 등장해서,선호하는 스타가 MC 및 출연진으로 등장해서,4
1-17,예능,능 한국 생활문회틀 간접 경험하거나 이해할 수 있어서,한국 생활문회틀 간접 경험하거나 이해할 수 있어서,4
1-17,예능,자막 그픽 합성 회면구성 등 편집이 재미있어서,자막 그래픽 합성  회면구성 등 편집이 재미있어서,4
1-17,예능,감동적이거나  헬림되는 스토리가 있어서,감동적이거나 힘림되는 스토리가 있어서,4
1-17,예능,복 온리인모바일 플렉품올 통해 접할 수 있어서,온라인모바일 플렉품올 통해 접할 수 있어서,4
1-17,예능,한국 생활문화지 간접 경험하거나 이해할 수 있어서,한국 생활문회틀 간접 경험하거나 이해할 수 있어서,4
1-17,예능,감동적이거나 헬립되는 스토리가 있어서,감동적이거나 힘림되는 스토리가 있어서,4
1-17,예능,패션볶티 등 한국 최신 트랜드록 볼 수 있어서,패센부티 등 한국 최신 트렌드록 볼 수 있어서,2
1-17,예능,재미있는 게임 및 소재률 사용해서,재미있는 게임 및 소재름 사용해서,2
1-17,예능,복 감동적이거나 힘림되는 스토리가 있어서,감동적이거나 힘림되는 스토리가 있어서,2
1-17,예능,수 온라인모바일 플렉품올 통해 접할 수 있어서,온라인모바일 플렉품올 통해 접할 수 있어서,2
1-17,예능,예 감동적이거나 힘림되는 스토리가 있어서,감동적이거나 힘림되는 스토리가 있어서,2
1-17,예능,총 자막 그픽 합성 회면구성 등 편집이 재미있어서,자막 그래픽 합성  회면구성 등 편집이 재미있어서,2
1-17,예능,예 패션볶티 등 한국 최신 트렌드록 볼 수 있어서,패센부티 등 한국 최신 트렌드록 볼 수 있어서,2
1-17,예능,패센분티 등 한국 최신 트렌드틀 볼 수 있어서,패센부티 등 한국 최신 트렌드록 볼 수 있어서,2
1-17,예능,둘 재미있는 게임 및 소재록 사용해서,재미있는 게임 및 소재름 사용해서,2
1-17,예능,복 감동적이거나 혈림되는 스토리가 있어서,감동적이거나 힘림되는 스토리가 있어서,2
1-17,예능,예 패센뷰티 등 한국 최신 트럭드록 볼 수 있어서,패센부티 등 한국 최신 트렌드록 볼 수 있어서,2
1-17,예능,재미있는  게임 및 소재클 사용해서,재미있는 게임 및 소재름 사용해서,2
1-17,예능,유 선호하는 스타가 MC 및 출연진으로 등장해서,선호하는 스타가 MC 및 출연진으로 등장해서,2
1-17,예능,프로그램 큰센트 및 포맺이 좋아서,프로그램 큰센트 및 포패이 좋아서,2
1-17,예능,숲 선호하는 스타가 MC 및 출연진으로 등장해서,선호하는 스타가 MC 및 출연진으로 등장해서,2
1-17,예능,복 패션부티 등 한국 최신 트렌드록 볼 수 있어서,패센부티 등 한국 최신 트렌드록 볼 수 있어서,2
1-17,예능,자막   그래픽 합성   화면구성 등 편집이 재미있어서,자막 그래픽 합성  회면구성 등 편집이 재미있어서,2
1-17,예능,흙 감동적이거나 헬림되는 스토리가 있어서,감동적이거나 힘림되는 스토리가 있어서,2
1-17,예능,슈 관동적일 스타가 MC 및 출연진으로 등장해서,선호하는 스타가 MC 및 출연진으로 등장해서,2
1-17,예능,예 기타 온라인모바일 플렉품올 통해 접할 수 있어서,온라인모바일 플렉품올 통해 접할 수 있어서,2
1-17,예능,숲 온라인모바일 플렉품올 통해 접할 수 있어서,온라인모바일 플렉품올 통해 접할 수 있어서,2
1-17,예능,둘 자막 그래픽 합성 회면구성 등 편집이 재미있어서,자막 그래픽 합성  회면구성 등 편집이 재미있어서,2
1-17,예능,예 패센부티 등 한국 최신 트렌드록 볼 수 있어서,패센부티 등 한국 최신 트렌드록 볼 수 있어서,2
1-17,예능,패센볶티 등 한국 최신 트렌드록 볼 수 있어서,패센부티 등 한국 최신 트렌드록 볼 수 있어서,2
1-17,예능,자막 그래픽 합성  화면구성 등 편집이 재미있어서,자막 그래픽 합성  회면구성 등 편집이 재미있어서,2
1-17,예능,복 감동적이거나 '힘림되는 스토리가 있어서,감동적이거나 힘림되는 스토리가 있어서,2
1-17,예능,둘 선호하는 스타가 MC 및 출연진으로 등장해서,선호하는 스타가 MC 및 출연진으로 등장해서,2
1-17,예능,예 출연진의 캐릭터 및 역할 등이 개성 있어서,출연진의 캐릭터 및 역할 등이 개성 있어서,2
1-17,예능,흙 출연진들 간의 팀위크가 동보여서,출연진들 간의 팀위크가 몸보여서,2
1-17,예능,패센분티 등 한국 최신 트랜드록 볼 수 있어서,패센부티 등 한국 최신 트렌드록 볼 수 있어서,2
1-17,예능,프로그램 큰썹트 및 포패이 좋아서,프로그램 큰센트 및 포패이 좋아서,2
1-17,예능,둘 감동적이거나 힘립되는 스토리가 있어서,감동적이거나 힘림되는 스토리가 있어서,2
1-17,예능,감동적이거나  힘림되는 스토리가 있어서,감동적이거나 힘림되는 스토리가 있어서,2
1-17,예능,예 패센분티 등 한국 최신 트럭드록 볼 수 있어서,패센부티 등 한국 최신 트렌드록 볼 수 있어서,2
1-17,예능,온라인모바일 플쨌품올 통해 접할 수 있어서,온라인모바일 플렉품올 통해 접할 수 있어서,2
1-17,예능,수 프로그램 큰센트 및 포패이 좋아서,프로그램 큰센트 및 포패이 좋아서,2
1-17,예능,패센볶티 등 한국 최신 트랜드록 볼 수 있어서,패센부티 등 한국 최신 트렌드록 볼 수 있어서,2
1-17,예능,재미있는 게임 및 소재클 사용해서,재미있는 게임 및 소재름 사용해서,2
1-17,예능,예 출연진들 간의 팀위크가 몸보여서,출연진들 간의 팀위크가 몸보여서,2
1-17,예능,출 프로그램 큰센트 및 포패이 좋아서,프로그램 큰센트 및 포패이 좋아서,2
1-17,예능,감동적이거나 힘립되논 스토리가 있어서,감동적이거나 힘림되는 스토리가 있어서,2
1-17,예능,예 선호하는 스타가 MC 및 출연진으로 등장해서,선호하는 스타가 MC 및 출연진으로 등장해서,2
1-17,예능,흙 온라인모바일 플품올 통해 접할 수 있어서,온라인모바일 플렉품올 통해 접할 수 있어서,2
1-17,예능,복 출연진들 간의 팀위크가 동보여서,출연진들 간의 팀위크가 몸보여서,2
1-17,예능,숲 한국 생활문회지 간접 경험하거나 이해할 수 있어서,한국 생활문회틀 간접 경험하거나 이해할 수 있어서,2
1-17,예능,흙 재미있는 게임 및 소재록 사용해서,재미있는 게임 및 소재름 사용해서,2
1-17,예능,순 온라인모바일 플렉품올 통해 접할 수 있어서,온라인모바일 플렉품올 통해 접할 수 있어서,2
1-17,예능,위 자막 그래픽 합성  화면구성 등 편집이 재미있어서,자막 그래픽 합성  회면구성 등 편집이 재미있어서,2
1-17,예능,복 선호하는 스타가 MC 및 출연진으로 등장해서,선호하는 스타가 MC 및 출연진으로 등장해서,2
1-17,예능,옛 기타,기타,2
1-17,예능,예 능 기타 출연진들 간의 팀위크가 돌보여서 자막 그래픽 합성  회면구성 등 편집이 재미있어서,자막 그래픽 합성  회면구성 등 편집이 재미있어서,1
1-17,예능,온라인모바일 플랍품올 통해 접할 수 있어서,온라인모바일 플렉품올 통해 접할 수 있어서,1
1-17,예능,복 자막; ' 그픽 합성 화면구성 등 편집이 재미있어서,(중복) 자막  그래픽  합성   화면구성 등 편집이 재미있어서,1
1-17,예능,예 프로그램 큰심트 및 포맺이 좋아서 감동적이거나 힘림되는 스토리가 있어서,감동적이거나 힘림되는 스토리가 있어서,1
1-17,예능,둘 프로그램 큰심트 및 포맺이 좋아서,출 프로그램 큰심트 및 포매이 좋아서,1
1-17,예능,감동적이거나 헬림되는 스토리가 _있어선,감동적이거나 힘림되는 스토리가 있어서,1
1-17,예능,예,Q,1
1-17,예능,패센부티 등 한국 최신 트랜드록 볼 수 있어서,패센부티 등 한국 최신 트렌드록 볼 수 있어서,1
1-17,예능,능 프로그램 큰센트 및 포패이 좋아서,프로그램 큰센트 및 포패이 좋아서,1
1-17,예능,프로그램 큰.트 및 포맺이 좋아서,프로그램 큰센트 및 포패이 좋아서,1
1-17,예능,능 프로그램 큰센트 및 포매이 좋아서,프로그램 큰센트 및 포패이 좋아서,1
1-17,예능,수 프로그램 큰심트 및 포맺이 좋아서,출 프로그램 큰심트 및 포매이 좋아서,1
1-17,예능,흙 프로그램 큰센트 및 포패이 좋아서,프로그램 큰센트 및 포패이 좋아서,1
1-17,웹툰,다양한  소재 또는 장르름 다리서,다양한 소재 또는 장르름 다리서,19
1-17,웹툰,캐릭터의 성계역할이 마음에 들어서,캐릭터의 성격역할이 마음에 들어서,15
1-17,웹툰,웬 기타,월 기타,14
1-17,웹툰,한국 생활문회름 간접 경험하거나 이해할 수 있어서,한국 생활문회틀 간접 경험하거나 이해할 수 있어서,13
1-17,웹툰,스토리가 짜임새 잇고 탄단해서,스토리가 짜임새 있고 단단해서,12
1-17,웹툰,스토리가 짜임새 잇고 단단해서,스토리가 짜임새 있고 단단해서,10
1-17,웹툰,캐릭터의 성격 역할이 마음에 들어서,캐릭터의 성격역할이 마음에 들어서,10
1-17,웹툰,한국 생활문회지 간접 경험하거나 이해할 수 있어서,한국 생활문회틀 간접 경험하거나 이해할 수 있어서,10
1-17,웹툰,월 이용료 부과 체계가 합리적이어서,이용료 부과 체계가 합리적이어서,8
1-17,웹툰,인기 있는 한류 권렌츠의 원작인 경우가 많아서,인기 있는 한류 권렌즈의 원직인 경우가 많아서,8
1-17,웹툰,인기 있는 한류 굳렌의의 원작인 경우가 많아서,인기 있는 한류 권렌즈의 원직인 경우가 많아서,7
1-17,웹툰,"인기 있는 한류 ,렌즈의 원작인 경우가 많아서",인기 있는 한류 권렌즈의 원직인 경우가 많아서,6
1-17,웹툰,둘 그림 묘사가 사실적이고 섬세해서,그림 묘사가 사실적이고 섬세해서,6
1-17,웹툰,스토리가 찌임새 있고 탄단해서,스토리가 짜임새 있고 단단해서,6
1-17,웹툰,둘 사용자 환경이 편리해서,사용자 환경이 편리해서,5
1-17,웹툰,인기 있는 한류 존렌츠의 원작인 경우가 많아서,인기 있는 한류 권렌즈의 원직인 경우가 많아서,4
1-17,웹툰,위 사용자 환경이 편리해서,사용자 환경이 편리해서,4
1-17,웹툰,기타,월 기타,4
1-17,웹툰,"인기 있는 한류 ,렌즈의 원직인 경우가 많아서",인기 있는 한류 권렌즈의 원직인 경우가 많아서,4
1-17,웹툰,위 온라인모바일 플렉품올 통해 접할 수 있어서,온라인모바일 플렉품올 통해 접할 수 있어서,4
1-17,웹툰,한국 생활문화름 간접 경험하거나 이해활 수 있어서,한국 생활문회틀 간접 경험하거나 이해할 수 있어서,4
1-17,웹툰,웬 이용료 부과 체계가 합리적이어서,이용료 부과 체계가 합리적이어서,4
1-17,웹툰,캐릭터의 성계없할이 마음에 들어서,캐릭터의 성격역할이 마음에 들어서,4
1-17,웹툰,인기 있는 한류 권렌즈의 원작인 경우가 많아서,인기 있는 한류 권렌즈의 원직인 경우가 많아서,4
1-17,웹툰,둘 온라인모바일 플렉품올 통해 접할 수 있어서,온라인모바일 플렉품올 통해 접할 수 있어서,4
1-17,웹툰,순 스토리 전개와 장면 전환이 빨라서,스토리 전개와 장면 전환이 빨라서,3
1-17,웹툰,순 스토리가 짜임새 있고 단단해서,스토리가 짜임새 있고 단단해서,3
1-17,웹툰,슈 한국 생활문회틀 간접 경험하거나 이해할 수 있어서,한국 생활문회틀 간접 경험하거나 이해할 수 있어서,3
1-17,웹툰,온라입모바일 플품올 통해 접할 수 있어서,온라인모바일 플렉품올 통해 접할 수 있어서,3
1-17,웹툰,흙 사용자 환경이 편리해서,사용자 환경이 편리해서,3
1-17,웹툰,캐릭터의 성계억할이 마음에 들어서,캐릭터의 성격역할이 마음에 들어서,2
1-17,웹툰,스토리가 짜임새 있고 탄단해서,스토리가 짜임새 있고 단단해서,2
1-17,웹툰,복 자국의 문화 코문와 잘 맞아서,자국의 문화 코드와 잘 맞아서,2
1-17,웹툰,온라인모바일 플라품올 통해 접할 수 있어서,온라인모바일 플렉품올 통해 접할 수 있어서,2
1-17,웹툰,수 한국 생활문회틀 간접 경험하거나 이해할 수 있어서,한국 생활문회틀 간접 경험하거나 이해할 수 있어서,2
1-17,웹툰,"위 인기 있는 한류 ,렌즈의 원작인 경우가 많아서",인기 있는 한류 권렌즈의 원직인 경우가 많아서,2
1-17,웹툰,유 온라인모바을 플렉품을 통해 접할 수 있어서,온라인모바일 플렉품올 통해 접할 수 있어서,2
1-17,웹툰,월 자국의 문화 코드와 잘 맞아서,자국의 문화 코드와 잘 맞아서,2
1-17,웹툰,톤 다양한 소재 또는 장르름 다양서,다양한 소재 또는 장르름 다리서,2
1-17,웹툰,인기 있는 한류 센렌즈의 원작인 경우가 많아서,인기 있는 한류 권렌즈의 원직인 경우가 많아서,2
1-17,웹툰,인기 있는 한류 혼렌츠의 원작인 경우가 많아서,인기 있는 한류 권렌즈의 원직인 경우가 많아서,2
1-17,웹툰,한국 생활문화지 간접 경험하거나 이해할 수 있어서,한국 생활문회틀 간접 경험하거나 이해할 수 있어서,2
1-17,웹툰,인기 있는 한류 뉘렌의의 원작인 경우가 많아서,인기 있는 한류 권렌즈의 원직인 경우가 많아서,2
1-17,웹툰,복 자국의 문화 코드와 잘 맞아서,자국의 문화 코드와 잘 맞아서,2
1-17,웹툰,톤 다양한 소재 또는 장르름 다리서,다양한 소재 또는 장르름 다리서,2
1-17,웹툰,복 한국 생활문회틀 간접 경험하거나 이해할 수 있어서,한국 생활문회틀 간접 경험하거나 이해할 수 있어서,2
1-17,웹툰,순 자국의 문화 코드와 잘 맞아서,자국의 문화 코드와 잘 맞아서,2
1-17,웹툰,위 그림 묘사가 사실적이고 섬세해서,그림 묘사가 사실적이고 섬세해서,2
1-17,웹툰,다양한 소재 또는 장르틀 다팅서,다양한 소재 또는 장르름 다리서,2
1-17,웹툰,수 스토리가 짜임새 있고 단단해서,스토리가 짜임새 있고 단단해서,2
1-17,웹툰,순 온라인모바일 플렉품올 통해 접할 수 있어서,온라인모바일 플렉품올 통해 접할 수 있어서,2
1-17,웹툰,복 한국 생활문회v 간접 경험하거나 이해할 수 있어서,한국 생활문회틀 간접 경험하거나 이해할 수 있어서,2
1-17,웹툰,톤 기타,월 기타,2
1-17,웹툰,인기 있는 한류 근렌즈의 원작인 경우가 많아서,인기 있는 한류 권렌즈의 원직인 경우가 많아서,2
1-17,웹툰,수 그림 묘사가 사실적이고 섬세해서,그림 묘사가 사실적이고 섬세해서,2
1-17,웹툰,복= 스토리 전개와 장면 전환이 빨라서,스토리 전개와 장면 전환이 빨라서,2
1-17,웹툰,둘 한국 생활문회틀 간접 경험하거나 이해할 수 있어서,한국 생활문회틀 간접 경험하거나 이해할 수 있어서,2
1-17,웹툰,슈 (검색 폐이지 넘김 글 쓰기 결제 편리성 등,흙 (검색 폐이지 넘김 대글 쓰기 결제 편리성 등,1
1-17,웹툰,인기 있는 한류 굳렌츠의 원작인 경우가 많아서,인기 있는 한류 권렌즈의 원직인 경우가 많아서,1
1-17,웹툰,위 캐릭터의 성격 역할이 마음에 들어서,캐릭터의 성격역할이 마음에 들어서,1
1-17,웹툰,한국 생활문회지 간접 경험하거나 이해할 있어서,한국 생활문회틀 간접 경험하거나 이해할 수 있어서,1
1-17,음식,수 주변 사람들 사이에 평판이 좋아서,주변 사람들 사이에 평판이 좋아서,18
1-17,음식,건강에 좋은 식재료나 조리법올 사용해서,건강에 중은 식재료나 조리법올 사용해서,10
1-17,음식,좋아하는 인플루언서가 자주 먹거나 노출하기 때문에,둘 좋이하는 인풀루언서가 자주 먹거나 노출하기 때문에,8
1-17,음식,좋아하는  한류스타가 광괴홍보하기 때문에,좋아하는 한류스타가 광괴홍보하기 때문에,8
1-17,음식,영화 드라미어서 빛볕 한식-식문회름 경험할 수 있어서,영화 드리미어서 빛년 한식-식문회름 경험할 수 있어서,7
1-17,음식,좋이하는 인풀루언서가 자주 먹거나 노출하기 때문에,둘 좋이하는 인풀루언서가 자주 먹거나 노출하기 때문에,6
1-17,음식,음 기타,욕 기타,6
1-17,음식,둘 좋아하는 인플루언서가 자주 먹거나 노출하기 때문에,둘 좋이하는 인풀루언서가 자주 먹거나 노출하기 때문에,5
1-17,음식,슈 좋아하는 한류스타가 광괴홍보하기 때문에,좋아하는 한류스타가 광괴홍보하기 때문에,4
1-17,음식,둘 좋아하는 한류스타가 광괴홍보하기 때문에,좋아하는 한류스타가 광괴홍보하기 때문에,4
1-17,음식,영화 드리미어서 빛볕 한식식문회틀 경험할 수 있어서,영화 드리미어서 빛년 한식-식문회름 경험할 수 있어서,4
1-17,음식,슈 주변 사람들 사이에 평판이 좋아서,주변 사람들 사이에 평판이 좋아서,4
1-17,음식,물 좋아하는 한류스타가 광고홍보하기 때문에,좋아하는 한류스타가 광괴홍보하기 때문에,4
1-17,음식,흙 주변 사람들 사이에 평판이 좋아서,주변 사람들 사이에 평판이 좋아서,4
1-17,음식,영화 드리미어서 빛볕 한식-식문회지 경험할 수 있어서,영화 드리미어서 빛년 한식-식문회름 경험할 수 있어서,4
1-17,음식,종이하는 인풀루언서가 자주 먹거나 노출하기 때문에,둘 좋이하는 인풀루언서가 자주 먹거나 노출하기 때문에,3
1-17,음식,; 좋이하는 인풀루언서가 자주 먹거나 노출하기 때문에,둘 좋이하는 인풀루언서가 자주 먹거나 노출하기 때문에,3
1-17,음식,영화 드리미어서 빛년 한식식문회름 경험활 수 있어서,영화 드리미어서 빛년 한식-식문회름 경험할 수 있어서,2
1-17,음식,영화 드리미어서 빛볕 한식스문회름 경험활 수 있어서,영화 드미어서 빛볕 한식식문회름 경험활 수 있어서,2
1-17,음식,영화 드미어서 빛년 한식식문회름 경험활 수 있어서,영화 드리미어서 빛년 한식-식문회름 경험할 수 있어서,2
1-17,음식,출 건강에 좋은 식재료나 조리법올 사용해서,건강에 중은 식재료나 조리법올 사용해서,2
1-17,음식,욕 가격이 적당해서,가격이 적당해서,2
1-17,음식,; 주변 사람들 사이에 평판이 좋아서,주변 사람들 사이에 평판이 좋아서,2
1-17,음식,둘 좋아하는 인플루언서가 지주 먹거나 노출하기 때문에,둘 좋이하는 인풀루언서가 자주 먹거나 노출하기 때문에,2
1-17,음식,둘 종이하는 인풀루언서가 자주 먹거나 노출하기 때문에,둘 좋이하는 인풀루언서가 자주 먹거나 노출하기 때문에,2
1-17,음식,좋이하는 인필루언서가 자주 먹거나 노출하기 때문에,둘 좋이하는 인풀루언서가 자주 먹거나 노출하기 때문에,2
1-17,음식,영화 드리미어서 빛볕 한식식문회틀 경험활 수 있어서,영화 드미어서 빛볕 한식식문회름 경험활 수 있어서,2
1-17,음식,출 종이하는 인풀루언서가 자주 먹거나 노출하기 때문에,둘 좋이하는 인풀루언서가 자주 먹거나 노출하기 때문에,2
1-17,음식,복 주변 주변 사람들 사이에 평판이 좋아서,주변 사람들 사이에 평판이 좋아서,2
1-17,음식,영화 드라마에서 횟던 한식 식문화루 경험할 수 있어서,영화  드라마에서 불던 한식 식문화틀 경험할 수 있어서,2
1-17,음식,영화 드라미어서 뒷볕 한식-식문회름 경험할 수 있어서,영화 드리미어서 빛년 한식-식문회름 경험할 수 있어서,2
1-17,음식,영화 드리미어서 빛년 한식식문회름 경험할 수 있어서,영화 드리미어서 빛년 한식-식문회름 경험할 수 있어서,2
1-17,음식,; 좋아하는 한류스타가 광괴홍보하기 때문에,좋아하는 한류스타가 광괴홍보하기 때문에,2
1-17,음식,좋아하는 인풀루언서가 자주 먹거나 노출하기 때문에,둘 좋이하는 인풀루언서가 자주 먹거나 노출하기 때문에,2
1-17,음식,좋아하는 인풀언서가 자주 먹거나 노출하기 때문에,둘 좋이하는 인풀루언서가 자주 먹거나 노출하기 때문에,2
1-17,음식,가격이 적당해서 좋아하는 인플루언서가 자주 먹거나 노출하기 때문에,둘 좋이하는 인풀루언서가 자주 먹거나 노출하기 때문에,2
1-17,음식,영화 드라마에서 빛던 한식 식문화틀 경험할 수 있어서,영화  드라마에서 불던 한식 식문화틀 경험할 수 있어서,2
1-17,음식,슈 종이하는 인풀루언서가 자주 먹거나 노출하기 때문에,둘 좋이하는 인풀루언서가 자주 먹거나 노출하기 때문에,2
1-17,음식,출 가격이 적당해서,가격이 적당해서,2
1-17,음식,좋이하는 인풀루언서가 자주 먹기나 노출하기 때문에,둘 좋이하는 인풀루언서가 자주 먹거나 노출하기 때문에,2
1-17,음식,욕 좋아하는 한류스타가 광괴홍보하기 때문에,좋아하는 한류스타가 광괴홍보하기 때문에,2
1-17,음식,영화 드리미어서 빛볕 한식-식문회틀 경험할 수 있어서,영화 드리미어서 빛년 한식-식문회름 경험할 수 있어서,2
1-17,음식,수 가격이 적당해서,가격이 적당해서,2
1-17,음식,영화 드리마어서 빛볕 한식식문회름 경험할 수 있어서,영화 드리미어서 빛년 한식-식문회름 경험할 수 있어서,1
1-17,음식,좋이하는 인풀루언서가 지주 먹거나 노출하기 때문에,둘 좋이하는 인풀루언서가 자주 먹거나 노출하기 때문에,1
1-17,음식,영화 드리미어서 빛년 한식-식문회틀 경험활 수 있어서,영화 드리미어서 빛년 한식-식문회름 경험할 수 있어서,1
1-17,음식,영화 드리미어서 빛볕 한식-식문회름 경험할 있어서,영화 드리미어서 빛년 한식-식문회름 경험할 수 있어서,1
1-17,음식,종이하는 인풀루언서가 지주 먹거나 노출하기 때문에,둘 좋이하는 인풀루언서가 자주 먹거나 노출하기 때문에,1
1-17,음악,K-pop 가쉬그룹의 퍼포언스가 뛰어나서,K-pop 가쉬그룹의 퍼포먼스가 뛰어나서,15
1-17,음악,다국적 댐버로 구성되어 있어서,다국적 메버로 구성되어 있어서,14
1-17,음악,다국적 믿버로 구성되어 있어서,다국적 메버로 구성되어 있어서,13
1-17,음악,세계관스토리텔랑이 좋아서,세계관 스토리텔랗이 좋아서,12
1-17,음악,세계관 스토리텔랑이 좋아서,세계관 스토리텔랗이 좋아서,10
1-17,음악,다양한 문화인종 성소수자   가치 등틀 잘 반영해서,다양한 문화인종 성소수자  가치 등틀 잘 반영해서,8
1-17,음악,패센부티 등 한국 최신 트럭드록 볼 수 있어서,패센부티 등 한국 최신 트렌드록 볼 수 있어서,8
1-17,음악,패센분티 등 한국 최신 트렌드록 볼 수 있어서,패센부티 등 한국 최신 트렌드록 볼 수 있어서,8
1-17,음악,복 세계관 스토리텔랗이 좋아서,세계관 스토리텔랗이 좋아서,8
1-17,음악,다국적 맵버로 구성되어 있어서,다국적 메버로 구성되어 있어서,8
1-17,음악,가사가 전달하는  뜻의미)이 좋아서,가사가 전달하는 뜻의미)이 좋아서,7
1-17,음악,슈 온라인모바일 플렉품올 통해 접할 수 있어서,온라인모바일 플렉품올 통해 접할 수 있어서,7
1-17,음악,K-pop 가쉬그룹의 퍼포스가 뛰어나서,K-pop 가쉬그룹의 퍼포먼스가 뛰어나서,6
1-17,음악,음악 자체가 좋아세-준이 있어서,음악 자체가 좋아세수준이 있어서,6
1-17,음악,중 가사가 전달하는 뜻의미)이 좋아서,가사가 전달하는 뜻의미)이 좋아서,6
1-17,음악,음 기타,기타,6
1-17,음악,K-pop 가쉬그룹의 퍼포러스가 뛰어나서,K-pop 가쉬그룹의 퍼포먼스가 뛰어나서,6
1-17,음악,가사가 전달하는 뛰의미이 좋아서,가사가 전달하는 뜻의미)이 좋아서,6
1-17,음악,K-pop 가쉬그룹의 퍼포만스가 뛰어나서,K-pop 가쉬그룹의 퍼포먼스가 뛰어나서,4
1-17,음악,패센분티 등 한국 최신 트럭드록 볼 수 있어서,패센부티 등 한국 최신 트렌드록 볼 수 있어서,4
1-17,음악,흙 가사가 전달하는 뜻의미)이 좋아서,가사가 전달하는 뜻의미)이 좋아서,4
1-17,음악,육 기타,기타,4
1-17,음악,복 다양한 문화인종 성소수자  가치 등률 잘 반영해서,다양한 문화인종 성소수자  가치 등틀 잘 반영해서,4
1-17,음악,위 온라인모바일 플렉품올 통해 접할 수 있어서,온라인모바일 플렉품올 통해 접할 수 있어서,4
1-17,음악,K-pop 가쉬그룹의 퍼포민스가 뛰어나서,K-pop 가쉬그룹의 퍼포먼스가 뛰어나서,4
1-17,음악,온라인모바일 플품올 통해 접할 수 있어서,온라인모바일 플렉품올 통해 접할 수 있어서,4
1-17,음악,흙 가쉬그룹과 팬 사이에 유감이 좋아서,가쉬그룹과 팬 사이에 유대감이 좋아서,4
1-17,음악,패센볶티 등 한국 최신 트렌드록 볼 수 있어서,패센부티 등 한국 최신 트렌드록 볼 수 있어서,4
1-17,음악,중 가사가 전달하는 뛰의미이 좋아서,슈 가사가 전달하는 뛰의미이 좋아서,4
1-17,음악,디양한 문화인종  성소수자  가치 등률 잘 반영해서,다양한 문화인종 성소수자  가치 등틀 잘 반영해서,4
1-17,음악,올 기타,기타,4
1-17,음악,중 다양한 문화인종  성소수자  가치 등름 잘 반영해서,다양한 문화인종 성소수자  가치 등틀 잘 반영해서,4
1-17,음악,온라인모바일 플쨌품올 통해 접할 수 있어서,온라인모바일 플렉품올 통해 접할 수 있어서,3
1-17,음악,흙 가쉬그룹과 팬 사이에 유대감이 좋아서,가쉬그룹과 팬 사이에 유대감이 좋아서,3
1-17,음악,슈 가쉬그룹과 팬 사이에 유대감이 좋아서,가쉬그룹과 팬 사이에 유대감이 좋아서,3
1-17,음악,패션부티 등 한국 최신 트럭드록 볼 수 있어서,패센부티 등 한국 최신 트렌드록 볼 수 있어서,3
1-17,음악,다양한 문화인종 성소수자   가치 등지 잘 반영해서,다양한 문화인종 성소수자  가치 등틀 잘 반영해서,3
1-17,음악,다양한 문화인종 성소수자 가치 등틀 잘 반영해서,다양한 문화인종 성소수자  가치 등틀 잘 반영해서,3
1-17,음악,흙 디양한 문화인종  성소수자  가치 등률 잘 반영해서,다양한 문화인종 성소수자  가치 등틀 잘 반영해서,2
1-17,음악,복 온라라동바일 플렉품올 통해 접할 수 있어서,온라인모바일 플렉품올 통해 접할 수 있어서,2
1-17,음악,세계관스토리텔령이 좋아서,세계관 스토리텔랗이 좋아서,2
1-17,음악,슈 세계관스토리텔랗이 좋아서,세계관 스토리텔랗이 좋아서,2
1-17,음악,복 온라인모바일 플렉품올 통해 접할 수 있어서,온라인모바일 플렉품올 통해 접할 수 있어서,2
1-17,음악,악 음악 자체가 좋아세수준이 있어서,음악 자체가 좋아세수준이 있어서,2
1-17,음악,순 온라인모바일 플렉품올 통해 접할 수 있어서,온라인모바일 플렉품올 통해 접할 수 있어서,2
1-17,음악,위 패센분티 등 한국 최신 트렌드록 볼 수 있어서,패센부티 등 한국 최신 트렌드록 볼 수 있어서,2
1-17,음악,중 다양한 문화인종 성소수자 가치 등틀 잘 반영해서,다양한 문화인종 성소수자  가치 등틀 잘 반영해서,2
1-17,음악,복 가사가 전달하는 뜻의미이 좋아서,가사가 전달하는 뜻의미)이 좋아서,2
1-17,음악,음 다국적 메버로 구성되어 있어서,다국적 메버로 구성되어 있어서,2
1-17,음악,수 가사가 전달하는 뜻의미)이 좋아서,가사가 전달하는 뜻의미)이 좋아서,2
1-17,음악,복 다국적 메버로 구성되어 있어서,다국적 메버로 구성되어 있어서,2
1-17,음악,수 가수무춧과 팬 사이에 유대감이 좋아서,가쉬그룹과 팬 사이에 유대감이 좋아서,2
1-17,음악,온라인모바일 플랍품올 통해 접할 수 있어서,온라인모바일 플렉품올 통해 접할 수 있어서,2
1-17,음악,수 K-pop 가쉬그룹의 인간적인 매력이 좋아서,K-pop 가쉬그룹의 인간적인 매력이 좋아서,2
1-17,음악,약악 K-pop 가쉬그룹의 퍼포먼스가 뛰어나서,K-pop 가쉬그룹의 퍼포먼스가 뛰어나서,2
1-17,음악,음 세계관 스토리텔랑이 좋아서,세계관 스토리텔랗이 좋아서,2
1-17,음악,패센뷰티 등 한국 최신 트렌드록 볼 수 있어서,패센부티 등 한국 최신 트렌드록 볼 수 있어서,2
1-17,음악,숲 온라인로바일 플렉몸올 통해 접할 수 있어서,온라인모바일 플렉품올 통해 접할 수 있어서,2
1-17,음악,다국적 멈버로 구성되어 있어서,다국적 메버로 구성되어 있어서,2
1-17,음악,수 가수 금춧과 팬 사이에 유대감이 좋아서,가쉬그룹과 팬 사이에 유대감이 좋아서,2
1-17,음악,순 패션부티 등 한국 최신 트렌드록 볼 수 있어서,패센부티 등 한국 최신 트렌드록 볼 수 있어서,2
1-17,음악,"충 가사가 전달하는 뜻의미)이 ""좋아서",가사가 전달하는 뜻의미)이 좋아서,2
1-17,음악,복 다양한 문화인종 성소수자 가치 등틀 잘 반영해서,다양한 문화인종 성소수자  가치 등틀 잘 반영해서,2
1-17,음악,음 악 세계관 스토리텔랗이 좋아서,세계관 스토리텔랗이 좋아서,2
1-17,음악,디양한 문화인종 성소수자 가치 등v 잘 반영해서,다양한 문화인종 성소수자  가치 등틀 잘 반영해서,2
1-17,음악,슈 세계관 스토리텔랗이 좋아서,세계관 스토리텔랗이 좋아서,2
1-17,음악,수 가수스출과 팬 사이에 유대감이 좋아서,가쉬그룹과 팬 사이에 유대감이 좋아서,2
1-17,음악,중 다양한 문화인종 성소수자 가치 등릎 잘 반영해서,다양한 문화인종 성소수자  가치 등틀 잘 반영해서,2
1-17,음악,복= 가사가 전달하는  뜻의미)이 좋아서,가사가 전달하는 뜻의미)이 좋아서,2
1-17,음악,복 세계관스토리텔랗이 좋아서,세계관 스토리텔랗이 좋아서,2
1-17,음악,다양한 문화인종 성소수자 가치 등지 잘 반영해서,다양한 문화인종 성소수자  가치 등틀 잘 반영해서,2
1-17,음악,복 세계관스토리텔랑이 좋아서,세계관 스토리텔랗이 좋아서,2
1-17,음악,음악 자체가 좋아세-수준이 있어서,음악 자체가 좋아세수준이 있어서,2
1-17,음악,다양한 문화인종 성소수자 가치 등률 잘 반영해서,다양한 문화인종 성소수자  가치 등틀 잘 반영해서,2
1-17,음악,수 K-pop 가쉬그룹의 퍼포스가 뛰어나서,K-pop 가쉬그룹의 퍼포먼스가 뛰어나서,2
1-17,음악,둘 가쉬그룹과 팬 사이에 유대감이 좋아서,가쉬그룹과 팬 사이에 유대감이 좋아서,2
1-17,음악,패센분티 등 한국 최신 트랜드록 볼 수 있어서,패센부티 등 한국 최신 트렌드록 볼 수 있어서,2
1-17,음악,수 K-pop 가쉬그룹의 외모나 스타일이 매력적이어서,K-pop 가쉬그룹의 외모나 스타일이 매력적이어서,2
1-17,음악,수 세계관스토리텔랗이 좋아서,세계관 스토리텔랗이 좋아서,2
1-17,음악,복 온라인모바일 플품올 통해 접할 수 있어서,온라인모바일 플렉품올 통해 접할 수 있어서,2
1-17,음악,중 가사가 전달하는 뜻의미이 좋아서,가사가 전달하는 뜻의미)이 좋아서,2
1-17,음악,순 K-pop 가쉬그룹의 인간적인 매력이 좋아서,K-pop 가쉬그룹의 인간적인 매력이 좋아서,2
1-17,음악,다양한 문회인종 성소수자 가치 등틀 잘 반영해서,다양한 문화인종 성소수자  가치 등틀 잘 반영해서,2
1-17,음악,수 온라인모바일 플렉품올 통해 접할 수 있어서,온라인모바일 플렉품올 통해 접할 수 있어서,2
1-17,음악,복= 가사가 전달하는 뛰의미이 좋아서,슈 가사가 전달하는 뛰의미이 좋아서,2
1-17,음악,가쉬그룹과 팬 사이에 유감이 좋아서,가쉬그룹과 팬 사이에 유대감이 좋아서,2
1-17,음악,둘 다양한 문화인종 성소수자 가치 등틀 잘 반영해서,다양한 문화인종 성소수자  가치 등틀 잘 반영해서,2
1-17,음악,수 가수교출과 팬 사이에 유대감이 좋아서,가쉬그룹과 팬 사이에 유대감이 좋아서,2
1-17,음악,순 K-pop 가쉬그룹의 외모나 스타일이 매력적이어서,K-pop 가쉬그룹의 외모나 스타일이 매력적이어서,2
1-17,음악,패션분티 등 한국 최신 트렌드틀 볼 수 있어서,패센부티 등 한국 최신 트렌드록 볼 수 있어서,1
1-17,음악,패센뷰티 등 한국 최신 트럭드록 볼 수 있어서,패센부티 등 한국 최신 트렌드록 볼 수 있어서,1
1-17,음악,중 가쉬그룹과 팬 사이에 유대감이 좋아서,가쉬그룹과 팬 사이에 유대감이 좋아서,1
1-17,음악,패션부티 등 한국 최신 트렌드록 볼 수 있어서,패센부티 등 한국 최신 트렌드록 볼 수 있어서,1
1-17,음악,다양한 문화인종 성소수자 가치 등v 잘 반영해서,다양한 문화인종 성소수자  가치 등틀 잘 반영해서,1
1-17,음악,중 온라인모바일_플렉품올 통해 접할 수 있어서,온라인모바일 플렉품올 통해 접할 수 있어서,1
1-17,음악,수 가사가 전달하는 뛰의미이 좋아서,슈 가사가 전달하는 뛰의미이 좋아서,1
1-17,음악,세계관스토리텔랗이 좋아서,세계관 스토리텔랗이 좋아서,1
1-17,음악,중 온라입모바일 플렉패올 통해 접할 수 있어서,온라인모바일 플렉품올 통해 접할 수 있어서,1
1-17,음악,복 다양a 문화요주 성소수자; 가치 등틀 잘 반영해서,복 다양a 문화인중 성소수자; 가치 등틀 잘 반영해서,1
1-17,음악,중 온라인모바일 플렉패올 통해 접할 수 있어서,온라인모바일 플렉품올 통해 접할 수 있어서,1
1-17,음악,복 온라인모밥일 _플렉품올 통해 접할 수 있어서,온라인모바일 플렉품올 통해 접할 수 있어서,1
1-17,출판물,한국 생활문회지 간접 경험하거나 이해할 수 있어서,한국 생활문회틀 간접 경험하거나 이해할 수 있어서,10
1-17,출판물,캐릭터의 성격역할이 마음에 들어서,캐릭터의 성계역할이 마음에 들어서,9
1-17,출판물,인기 있는 한류 굳렌츠의 원작인 경우가 많아서,인기 있는 한류 권렌즈의 원작인 경우가 많아서,9
1-17,출판물,왼오프리인올 통해 쉽제 구매할 수 있어서,왼오프라인올 통해 쉽제 구매할 수 있어서,9
1-17,출판물,한국 생활문회름 간접 경험하거나 이해할 수 있어서,한국 생활문회틀 간접 경험하거나 이해할 수 있어서,8
1-17,출판물,인기 있는 한류 권렌즈의 원직인 경우가 많아서,인기 있는 한류 권렌즈의 원작인 경우가 많아서,8
1-17,출판물,풀 자국의 문화 코드와 잘 맞아서,자국의 문화 코드와 잘 맞아서,8
1-17,출판물,한국의 최신 트랜드록 접할 수 있어서,한국의 최신 트렌드록 접할 수 있어서,8
1-17,출판물,좋아하는  작가라서,좋아하는 작가라서,8
1-17,출판물,캐릭터의 성격 역할이 마음에 들어서,캐릭터의 성계역할이 마음에 들어서,8
1-17,출판물,한국의 최신 트럭드록 접할 수 있어서,한국의 최신 트렌드록 접할 수 있어서,8
1-17,출판물,한국어에 대한 관심 및 학습 수요가 증기해서,한국어에 대한 관심 및 학습 수요가 증가해서,7
1-17,출판물,복 수상 작품이어세국제 문학상 등,수상 작품이어세국제 문학상 등,6
1-17,출판물,물 스토리가 좋아서,스토리가 좋아서,6
1-17,출판물,판 기타,출 기타,6
1-17,출판물,흙 한국의 최신 트렌드록 접할 수 있어서,한국의 최신 트렌드록 접할 수 있어서,5
1-17,출판물,인기 있는 한류 소렌츠의 원작인 경우가 많아서,인기 있는 한류 권렌즈의 원작인 경우가 많아서,4
1-17,출판물,풀 좋아하는 작가라서,좋아하는 작가라서,4
1-17,출판물,인기 있는 한류 굳렌의의 원작인 경우가 많아서,인기 있는 한류 권렌즈의 원작인 경우가 많아서,4
1-17,출판물,숲 한국 생활문회름 간접 경험하거나 이해할 수 있어서,한국 생활문회틀 간접 경험하거나 이해할 수 있어서,4
1-17,출판물,다양한  소재 또는 장르름 다퀴서,다양한 소재 또는 장르름 다리서,4
1-17,출판물,출 왼오프라인올 통해 쉽제 구매할 수 있어서,왼오프라인올 통해 쉽제 구매할 수 있어서,4
1-17,출판물,흙 수상 작품이어세국제 문학상 등,수상 작품이어세국제 문학상 등,4
1-17,출판물,출 캐릭터의 성계역할이 마음에 들어서,캐릭터의 성계역할이 마음에 들어서,4
1-17,출판물,흙 캐릭터의 성격 역할이 마음에 들어서,캐릭터의 성계역할이 마음에 들어서,4
1-17,출판물,"인기 있는 한류 ,렌즈의 원작인 경우가 많아서",인기 있는 한류 권렌즈의 원작인 경우가 많아서,4
1-17,출판물,캐릭터의 성계억할이 마음에 들어서,캐릭터의 성계역할이 마음에 들어서,4
1-17,출판물,한국 생활문화틀 간접 경험하거나 이해할 수 있어서,한국 생활문회틀 간접 경험하거나 이해할 수 있어서,4
1-17,출판물,다양한  소재 또는 장르름 다리서,다양한 소재 또는 장르름 다리서,4
1-17,출판물,"수 인기 있는 한류 ,렌즈의 원작인 경우가 많아서",인기 있는 한류 권렌즈의 원작인 경우가 많아서,4
1-17,출판물,수 수상 작품이어세국제 문학상 등,수상 작품이어세국제 문학상 등,3
1-17,출판물,출 좋아하는 작가라서,좋아하는 작가라서,2
1-17,출판물,수 다양한 소재 또는 장르름 다리서,다양한 소재 또는 장르름 다리서,2
1-17,출판물,흙 캐릭터의 성계역할이 마음에 들어서,캐릭터의 성계역할이 마음에 들어서,2
1-17,출판물,둘 왼오프라인올 통해 쉽제 구매할 수 있어서,왼오프라인올 통해 쉽제 구매할 수 있어서,2
1-17,출판물,기타,출 기타,2
1-17,출판물,출 수상 작품이어세국제 문학상 등,수상 작품이어세국제 문학상 등,2
1-17,출판물,인기 있는 한류 뉘렌즈의 원작인 경우가 많아서,인기 있는 한류 권렌즈의 원작인 경우가 많아서,2
1-17,출판물,인기 있는 한류 캠렌즈의 원작인 경우가 많아서,인기 있는 한류 권렌즈의 원작인 경우가 많아서,2
1-17,출판물,수 자국의 문화 코드와 잘 맞아서,자국의 문화 코드와 잘 맞아서,2
1-17,출판물,복 캐릭터의 성격 역할이 마음에 들어서,캐릭터의 성계역할이 마음에 들어서,2
1-17,출판물,풀 기타,출 기타,2
1-17,출판물,꽃,Q,2
1-17,출판물,출 한국의 최신 트랜드록 접할 수 있어서,한국의 최신 트렌드록 접할 수 있어서,2
1-17,출판물,인기 있는 한류 권렌의의 원작인 경우가 많아서,인기 있는 한류 권렌즈의 원작인 경우가 많아서,2
1-17,출판물,다양한 소재 또는 장르름 디리서,다양한 소재 또는 장르름 다리서,2
1-17,출판물,슈 한국의 최신 트럭드틀 접할 수 있어서,복 한국의 최신 트랜드틀 접할 수 있어서,2
1-17,출판물,둘 자국의 문화 코드와 잘 맞아서,자국의 문화 코드와 잘 맞아서,2
1-17,출판물,복 왼오프리인을 통해 쉽제 구매할 수 있어서,왼오프라인올 통해 쉽제 구매할 수 있어서,2
1-17,출판물,흙 좋아하는 작가라서,좋아하는 작가라서,2
1-17,출판물,복= 자국의 문화 코드와 잘 맞아서,자국의 문화 코드와 잘 맞아서,2
1-17,출판물,흙 한국어에 대한 관심 및 학습 수요가 증기해서,한국어에 대한 관심 및 학습 수요가 증가해서,2
1-17,출판물,복 자국의 문화 코드와 잘 맞아서,자국의 문화 코드와 잘 맞아서,2
1-17,출판물,인기 있는 한류  굳렌츠의 원작인 경우가 많아서,인기 있는 한류 권렌즈의 원작인 경우가 많아서,2
1-17,출판물,수 캐릭터의 성계없할이 마음에 들어서,캐릭터의 성계역할이 마음에 들어서,2
1-17,출판물,수 인기 있는 한류 굳렌의의 원작인 경우가 많아서,인기 있는 한류 권렌즈의 원작인 경우가 많아서,2
1-17,출판물,흙 왼오프라인올 통해 쉽제 구매할 수 있어서,왼오프라인올 통해 쉽제 구매할 수 있어서,2
1-17,출판물,슈 왼오프라인올 통해 쉽제 구매할 수 있어서,왼오프라인올 통해 쉽제 구매할 수 있어서,2
1-17,출판물,흙 한국어에 대한 관심 및 학습 수요가 증가해서,한국어에 대한 관심 및 학습 수요가 증가해서,2
1-17,출판물,(중복) 자국의 문화 코드와 잘 맞아서,자국의 문화 코드와 잘 맞아서,2
1-17,출판물,흙 왼오프리인올 통해 쉽제 구매할 수 있어서,왼오프라인올 통해 쉽제 구매할 수 있어서,2
1-17,출판물,복 한국의 최신 트렌드록 접할 수 있어서,한국의 최신 트렌드록 접할 수 있어서,2
1-17,출판물,한국의 최신 트렌드틀 접할 수 있어서,한국의 최신 트렌드록 접할 수 있어서,2
1-17,출판물,인기 있는 한류 권렌츠의 원작인 경우가 많아서,인기 있는 한류 권렌즈의 원작인 경우가 많아서,2
1-17,출판물,인기 있는 한류 존렌츠의 원작인 경우가 많아서,인기 있는 한류 권렌즈의 원작인 경우가 많아서,1
1-17,출판물,흙 다양한 소재 또는 장르름 다리서,다양한 소재 또는 장르름 다리서,1
1-17,출판물,완오프라인올 통해 쉽제 구매할 수 있어서,왼오프라인올 통해 쉽제 구매할 수 있어서,1
1-17,출판물,흙 한국의 최신 트럭드록 접할 수 있어서,한국의 최신 트렌드록 접할 수 있어서,1
1-17,출판물,(중복) 좋아하는 작가라서,좋아하는 작가라서,1
1-17,출판물,흙 한국의 최신 트렌드틀 접할 수 있어서,한국의 최신 트렌드록 접할 수 있어서,1
1-17,출판물,복 왼오프라입올_통해 슬제 구매할 수 있어서,복 왼오프라입올 통해 실계 구매할 수 있어서,1
1-17,출판물,흙 한국의 최신 트랜드틀 접할 수 있어서,복 한국의 최신 트랜드틀 접할 수 있어서,1
1-17,출판물,출 한국 생활문회틀 간접 경험하거나 이해할 수 있어서,한국 생활문회틀 간접 경험하거나 이해할 수 있어서,1
1-17,패션,디자입스타일이 좋아서,디자인스타일이 좋아서,20
1-17,패션,품질이 우수해세소재   색상  봉제  단추 등의 상태),품질이 우수해세소재   색상 봉제  단추 등의 상태),15
1-17,패션,편 기타,팬 기타,12
1-17,패션,기타,팬 기타,11
1-17,패션,품질이 우수해세소재  색상 봉제   단추 등의 상태),품질이 우수해세소재   색상 봉제  단추 등의 상태),10
1-17,패션,선 디자인스타일이 좋아서,디자인스타일이 좋아서,8
1-17,패션,신제품이 자주 나와서,신제품이 자주 나외서,7
1-17,패션,순 주변 사람들 사이에 평판이 좋아서,주변 사람들 사이에 평판이 좋아서,6
1-17,패션,수 품질 대비 가격이 저럼해서,품질 대비 가격이 저럼해서,6
1-17,패션,수 신제품이 자주 나외서,신제품이 자주 나외서,4
1-17,패션,복 신제품이 자주 나외서,신제품이 자주 나외서,4
1-17,패션,품질이 우수해세소재   색상  봉제   단추 등의 상태),품질이 우수해세소재   색상 봉제  단추 등의 상태),4
1-17,패션,품질이 우수해세소재  색상  봉제  단추 등의 상태),품질이 우수해세소재   색상 봉제  단추 등의 상태),3
1-17,패션,수 좋아하는 인플루언서가 직접 사용홍보해서,좋아하는 인플루언서가 직접 사용홍보해서,3
1-17,패션,위 주변 사람들 사이에 평판이 좋아서,주변 사람들 사이에 평판이 좋아서,3
1-17,패션,수 좋아하는 한류스타가 사용홍보하기 때문에,좋아하는 한류스타가 사용홍보하기 때문에,3
1-17,패션,품질이 우수해세소재  색상 봉제  단추 등의 상태),품질이 우수해세소재   색상 봉제  단추 등의 상태),3
1-17,패션,흙 신제품이 자주 나외서,신제품이 자주 나외서,2
1-17,패션,복 주변 사람들 사이에 평판이 좋아서,주변 사람들 사이에 평판이 좋아서,2
1-17,패션,복 브랜드 이미지가 '좋아서,브랜드 이미지가 좋아서,2
1-17,패션,편 브랜드 이미지가 좋아서,브랜드 이미지가 좋아서,2
1-17,패션,좋아하는  한류스타가 사용홍보하기 때문에,좋아하는 한류스타가 사용홍보하기 때문에,2
1-17,패션,팬 주변 사람들 사이에 평판이 좋아서,주변 사람들 사이에 평판이 좋아서,2
1-17,패션,수 브랜드 이미지가 좋아서,브랜드 이미지가 좋아서,2
1-17,패션,흙 좋아하는 인플루언서가 직접 사용홍보해서,좋아하는 인플루언서가 직접 사용홍보해서,2
1-17,패션,때 기타,팬 기타,2
1-17,패션,위 좋아하는 인플루언서가 직접 사용홍보해서,좋아하는 인플루언서가 직접 사용홍보해서,2
1-17,패션,팬 브랜드 이미지가 좋아서,브랜드 이미지가 좋아서,2
1-17,패션,순 좋아하는 인플루언서가 직접 사용홍보해서,좋아하는 인플루언서가 직접 사용홍보해서,2
1-17,패션,둘 신제품이 자주 나외서,신제품이 자주 나외서,2
1-17,패션,위 품질 대비 가격이 저럼해서,품질 대비 가격이 저럼해서,2
1-17,패션,기타 접근성이 좋아서,접근성이 좋아서,2
1-17,패션,(중복) 좋아하는 한류스타가 사용홍보하기 때문에,좋아하는 한류스타가 사용홍보하기 때문에,2
1-17,패션,둘 품질 대비 가격이 저럼해서,품질 대비 가격이 저럼해서,2
1-17,패션,품질이 우수해세소재  색상 봉제  단추 등의 상태,품질이 우수해세소재   색상 봉제  단추 등의 상태),2
1-17,패션,운 좋아하는 인플루언서가 직접 사용홍보해서,좋아하는 인플루언서가 직접 사용홍보해서,2
1-17,패션,품짙이 우수해세소재   색상  봉제   단추 등의 상태),품질이 우수해세소재   색상 봉제  단추 등의 상태),2
1-17,패션,운 브랜드 이미지가 좋아서,브랜드 이미지가 좋아서,2
1-17,패션,신제품이 자주 나와서 좋아하는 인플루언서가 직접 사용홍보해서,좋아하는 인플루언서가 직접 사용홍보해서,2
1-17,패션,흙 신제품이 자주 나와서,신제품이 자주 나외서,2
1-17,패션,복 좋아하는 인플루언서가 직접 사용 홍보해서,좋아하는 인플루언서가 직접 사용홍보해서,2
1-17,패션,출 브랜드 이미지가 좋아서,브랜드 이미지가 좋아서,2
1-17,패션,(중복) 주변 사람들 사이에 평판이 좋아서,주변 사람들 사이에 평판이 좋아서,2
1-17,패션,흙 브랜드 이미지가 좋아서,브랜드 이미지가 좋아서,2
1-17,패션,팬 신제품이 자주 나외서,신제품이 자주 나외서,2
1-17,패션,수 주변 사람들 사이에 평판이 좋아서,주변 사람들 사이에 평판이 좋아서,2
1-17,패션,좋아하는 인플루언서가 직접 사용 홍보해서,좋아하는 인플루언서가 직접 사용홍보해서,2
1-17,패션,패 신제품이 자주 나외서,신제품이 자주 나외서,2
1-17,패션,둘 브랜드 이미지가 좋아서,브랜드 이미지가 좋아서,2
1-17,패션,위 좋아하는 한류스타가 사용홍보하기 때문에,좋아하는 한류스타가 사용홍보하기 때문에,2
1-17,패션,순 제품 종류 및 스타일이 다양해서,제품 종류 및 스타일이 다양해서,1
1-17,패션,순위 |좋아하는 인플루언서가 직접 사용홍보해서,좋아하는 인플루언서가 직접 사용홍보해서,1
1-17,패션,둘 제품 종류 및 스타일이 다양해서 좋아하는 인플루언서가 직접 사용홍보해서,좋아하는 인플루언서가 직접 사용홍보해서,1
1-17,패션,슈 죽 하홀록이h 불용불하 좋아하는 한류스타가 사용홍보하기 때문에,좋아하는 한류스타가 사용홍보하기 때문에,1
1-17,패션,순위 좋아하는 인플루언서가 직접 사용 홍보해서,좋아하는 인플루언서가 직접 사용홍보해서,1
1-17,패션,순 신제품이 자주 나외서,신제품이 자주 나외서,1
1-17,패션,둘 좋아하는 한류스타가 사용홍보하기 때문에 좋아하는 인플루언서가 직접 사용홍보해서,좋아하는 인플루언서가 직접 사용홍보해서,1
1-17,패션,품질이 우수해세소재   색상   봉제   단추 등의 상태),품질이 우수해세소재   색상 봉제  단추 등의 상태),1
1-17,패션,순위 접근성이 좋아서,접근성이 좋아서,1
1-17,한국어,한국어름 통해 한국 문화지 이해할 수 있어서,한국어름 통해 한국 문화틀 이해할 수 있어서,21
1-17,한국어,한국어의 소리가 튼기 좋아서,한국어의 소리가 듣기 좋아서,17
1-17,한국어,한글이 만들어진 역사흘 알 수 있어서,한글이 만들어진 역사틀 알 수 있어서,13
1-17,한국어,한국어 자체가 새롭고 흥미로워서,한국어 자체가 새롭고 흥미로위서,12
1-17,한국어,한글이 과학적인 표기법 체제름 갖추고 있어서,한글이 과학적인 표기법 체제틀 갖추고 있어서,10
1-17,한국어,흙 한류름 좋아해서,한류름 좋아해서,8
1-17,한국어,복 한국어 자체가 멋있어서,한국어 자체가 멋있어서,6
1-17,한국어,한글이 만들어진 역사루 알 수 있어서,한글이 만들어진 역사틀 알 수 있어서,5
1-17,한국어,흙 한국 단어나 표현 방식이 좋아서,한국 단어나 표현 방식이 좋아서,5
1-17,한국어,복 한글이 과학적인 표기법 체제틀 갖추고 있어서,한글이 과학적인 표기법 체제틀 갖추고 있어서,5
1-17,한국어,기타,활 기타,5
1-17,한국어,슈 한류름 좋아해서,한류름 좋아해서,5
1-17,한국어,슈 한국 단어나 표현 방식이 좋아서,한국 단어나 표현 방식이 좋아서,4
1-17,한국어,복 한글이 배우기 취위서,한글이 배우기 쉬위서,4
1-17,한국어,한국어름 통해 한국 문화름 이해할 수 있어서,한국어름 통해 한국 문화틀 이해할 수 있어서,4
1-17,한국어,한글이 만들어진 역사지 알 수 있어서,한글이 만들어진 역사틀 알 수 있어서,4
1-17,한국어,향 기타,활 기타,4
1-17,한국어,슈 한국어의 글자인 한글이 아름다위서,한국어의 글자인 한글이 아름다위서,4
1-17,한국어,값 기타,활 기타,4
1-17,한국어,향 한글이 만들어진 역사틀 알 수 있어서,한글이 만들어진 역사틀 알 수 있어서,4
1-17,한국어,복 한국어의 글자인 한글이 아름다위서,한국어의 글자인 한글이 아름다위서,3
1-17,한국어,둘 한글이 만들어진 역사름 알 수 있어서,한글이 만들어진 역사틀 알 수 있어서,3
1-17,한국어,수 한국어 자체가 새롭고 흥미로위서,한국어 자체가 새롭고 흥미로위서,2
1-17,한국어,둘 한국어 자체가 멋있어서,한국어 자체가 멋있어서,2
1-17,한국어,순 한글이 배우기 쉬위서,한글이 배우기 쉬위서,2
1-17,한국어,위 한국어 자체가 멋있어서,한국어 자체가 멋있어서,2
1-17,한국어,슈 한국어 자체가 새롭고 흥미로위서,한국어 자체가 새롭고 흥미로위서,2
1-17,한국어,둘 한국어의 글자인 한글이 아름다위서,한국어의 글자인 한글이 아름다위서,2
1-17,한국어,복 한글이 만물어진 역사틀 알 수 있어서,한글이 만들어진 역사틀 알 수 있어서,2
1-17,한국어,향 한글이 과학적인 표기법 체제틀 갖추고 있어서,한글이 과학적인 표기법 체제틀 갖추고 있어서,2
1-17,한국어,흙 한국어 자체가 멋있어서,한국어 자체가 멋있어서,2
1-17,한국어,값 한글이 배우기 쉬위서,한글이 배우기 쉬위서,2
1-17,한국어,(중복) 한글이 만들어진 역사틀 알 수 있어서,한글이 만들어진 역사틀 알 수 있어서,2
1-17,한국어,복 한들이 배우기 쉬위서,한글이 배우기 쉬위서,2
1-17,한국어,복 한글이 배우기 수위서,한글이 배우기 쉬위서,2
1-17,한국어,복 한글이 과학적인 표기법 체제름 갖추고 있어서,한글이 과학적인 표기법 체제틀 갖추고 있어서,2
1-17,한국어,한국어률 통해 한국 문화름 이해할 수 있어서,한국어름 통해 한국 문화틀 이해할 수 있어서,2
1-17,한국어,향 한글이 배우기 쉬위서,한글이 배우기 쉬위서,2
1-17,한국어,한글이 만들어진 역사름 알 수 있어서,한글이 만들어진 역사틀 알 수 있어서,2
1-17,한국어,슈 한글이 배우기 쉬위서,한글이 배우기 쉬위서,2
1-17,한국어,값 한글이 과학적인 표기법 체제틀 갖추고 있어서,한글이 과학적인 표기법 체제틀 갖추고 있어서,2
1-17,한국어,한국어름 통해 한국 문화 이해할 수 있어서,한국어름 통해 한국 문화틀 이해할 수 있어서,2
1-17,한국어,순 한국어 자체가 멋있어서,한국어 자체가 멋있어서,2
1-17,한국어,한국어틀 통해 한국 문화틀 이해할 수 있어서,한국어름 통해 한국 문화틀 이해할 수 있어서,2
1-17,한국어,값 한류름 좋아해서,한류름 좋아해서,2
1-17,한국어,흙 한국어름 통해 한국 문화지 이해할 수 있어서,한국어름 통해 한국 문화틀 이해할 수 있어서,2
1-17,한국어,수 한국 단어나 표현 방식이 좋아서,한국 단어나 표현 방식이 좋아서,2
1-17,한국어,복 한글이 배우기 쉬위서,한글이 배우기 쉬위서,2
1-17,한국어,복 한글이 만들어진 역사틀 알 수 있어서,한글이 만들어진 역사틀 알 수 있어서,2
1-17,한국어,출 한류름 좋아해서,한류름 좋아해서,2
1-17,한국어,n 한국어의 글자인 한글이 아름다위서,한국어의 글자인 한글이 아름다위서,2
1-17,한국어,흙 한글이 과학적인 표기법 체제틀 갖추고 있어서,한글이 과학적인 표기법 체제틀 갖추고 있어서,1
1-17,한국어,흙 한국어의 글자인 한글이 아름다위서,한국어의 글자인 한글이 아름다위서,1
1-17,한국어,순위   한류름 좋아해서,한류름 좋아해서,1
1-17,한국어,(복 한글이 만들어진 역사흘 알 수 있어서,(중복) 한글이 만들어진 역사흘 알 수 있어서,1
1-17,한국어,위 한글이 과학적인 표기법 체제틀 갖추고 있어서,한글이 과학적인 표기법 체제틀 갖추고 있어서,1
1-17,한국어,활 한글이 만들어진 역사름 알 수 있어서,한글이 만들어진 역사틀 알 수 있어서,1
1-17,한국어,한글이 만들어 역사틀 알 수 있어서,한글이 만들어진 역사틀 알 수 있어서,1
1-17,한국어,흙 한글이 배우기 쉬위서,한글이 배우기 쉬위서,1
1-18,게임,없음,힘 없음,24
1-18,게임,높은 디바이스 사양을 필요로 해서,높은 디바이스 사양울 필요로 해서,22
1-18,게임,유료 아이템  캐릭터 카드 등 지나친 소비률 유도해서,유료 아이템  캐릭터 카드 등 지나친 소비틀 유도해서,12
1-18,게임,국가 간 역사 외교적 관계로 인해서,국가 간 역사-외교적 관계로 인해서,11
1-18,게임,유료 아이템  캐릭터 카드 등 지나친 소비름 유도해서,유료 아이템  캐릭터 카드 등 지나친 소비틀 유도해서,6
1-18,게임,"스토리, 소재 장르 등이 진부 획일적이어서",스토리 소재 장르 등이 진부획일적이어서,6
1-18,게임,흙 스토리 소재 장르 등이 진부획일적이어서,스토리 소재 장르 등이 진부획일적이어서,6
1-18,게임,위 높은 디바이스 사양을 필요로 해서,높은 디바이스 사양울 필요로 해서,4
1-18,게임,수 그래픽의 독창성이 부족하고 어디서 본 듯해서,그래픽의 독창성이 부족하고 어디서 본 듯해서,4
1-18,게임,다양한 문에 대한 고로까가 부족해세인종 성소수자 종교 등,다양한 문에 대한 고까마가 부족해세인종 성소수자 종교 히,4
1-18,게임,스토리 소재  장르 등이 진부획일적이어서,스토리 소재 장르 등이 진부획일적이어서,4
1-18,게임,수 게임이 선정적이고 폭력적이어서,게임이 선정적이고 폭력적이어서,4
1-18,게임,수 사용자 환경이 불편해서 (단축키 메뉴 회면 구성 등,사용자 환경이 불편해서 (단축키 메뉴 회면 구성 등,4
1-18,게임,복 게임 캐릭터의 매력이 부족 정제성이 모호해서',게임 캐릭터의 매력이 부족정체성이 모호해서,4
1-18,게임,다양한 문에 대한 고로가 부족해세인종 성소수자 종교 등,다양한 문에 대한 고까마가 부족해세인종 성소수자 종교 히,4
1-18,게임,순 국가 간 역사 외교적 관계로 인해서,국가 간 역사-외교적 관계로 인해서,4
1-18,게임,순 게임이 선정적이고 폭력적이어서,게임이 선정적이고 폭력적이어서,4
1-18,게임,둘 사용자 환경이 불편해서,사용자 환경이 불편해서,3
1-18,게임,수 사용자 환경이 불편해서,사용자 환경이 불편해서,2
1-18,게임,순 스토리 소재 장르 등이 진부획일적이어서,스토리 소재 장르 등이 진부획일적이어서,2
1-18,게임,흙 그래픽의 독창성이 부족하고 어디서 본 듯해서,그래픽의 독창성이 부족하고 어디서 본 듯해서,2
1-18,게임,다양한 문회에 대한 고마가 부족해세인종 성소수자 종교,다양한 문에 대한 고까마가 부족해세인종 성소수자 종교 히,2
1-18,게임,순 소 게임이 선정적이고 폭력적이어서,게임이 선정적이고 폭력적이어서,2
1-18,게임,"스토리, 소재  장르 등이 진부 획일적이어서",스토리 소재 장르 등이 진부획일적이어서,2
1-18,게임,복 국가 간 역사-외교적 관계로 인해서,국가 간 역사-외교적 관계로 인해서,2
1-18,게임,복 게임이' 선정적이고 폭력적이어서,게임이 선정적이고 폭력적이어서,2
1-18,게임,복 쓰논리 소재 장르 등이 진부획일적이어서,스토리 소재 장르 등이 진부획일적이어서,2
1-18,게임,수 다양한 문에 대한 고까가 부족해세인종 성소수자 종교 히,다양한 문에 대한 고까마가 부족해세인종 성소수자 종교 히,2
1-18,게임,복 게임 스토리의 '짜임새가 부족해서,게임 스토리의 짜임새가 부족해서,2
1-18,게임,순 게임 캐릭터의 매력이 부직정체성이 모호해서,게임 캐릭터의 매력이 부족정체성이 모호해서,2
1-18,게임,디양한 문에 대한 고가 부족해세인종 성소수자 종교 등,디양한 문회에 대한 펴려가 부족해세인종 성소수자 종교 등,2
1-18,게임,유료 아이템  캐릭터 카드 등 지나친 소비 유도해서,유료 아이템  캐릭터 카드 등 지나친 소비틀 유도해서,2
1-18,게임,(중복) 게임 스토리의 짜임새가 부족해서,게임 스토리의 짜임새가 부족해서,2
1-18,게임,국가 간 역사 -외교적 관계로 인해서,국가 간 역사-외교적 관계로 인해서,2
1-18,게임,순 스토리 소재 장르 등이 진부 획일적이어서,스토리 소재 장르 등이 진부획일적이어서,2
1-18,게임,흙 게임 스토리의 짜임새가 부족해서,게임 스토리의 짜임새가 부족해서,2
1-18,게임,복 게임_캐릭터의 매력이 부족 정체성이 모호해서,게임 캐릭터의 매력이 부족정체성이 모호해서,2
1-18,게임,위 디양한 문에 대한 고까마가 부족해세인종 성소수자 종교 히,다양한 문에 대한 고까마가 부족해세인종 성소수자 종교 히,2
1-18,게임,복 스토리 소재   장르 등이 진부 획일적이어서,스토리 소재 장르 등이 진부획일적이어서,2
1-18,게임,복 돼픽의 독창성이 '부족하고 어디서 본 듯해서,그래픽의 독창성이 부족하고 어디서 본 듯해서,2
1-18,게임,흙 국가 간 역사-외교적 관계로 인해서,국가 간 역사-외교적 관계로 인해서,2
1-18,게임,위 게임_스토리의 짜임새가 부족해서,게임 스토리의 짜임새가 부족해서,2
1-18,게임,다양한 문회에 대한 고가 부족해세인종 성소수자 종교 히,다양한 문에 대한 고까마가 부족해세인종 성소수자 종교 히,2
1-18,게임,둘 게임 스토리의 짜임새가 부족해서,게임 스토리의 짜임새가 부족해서,2
1-18,게임,다양한 문회에 대한 펴가 부족해세인종 성소수자 종교 등,디양한 문회에 대한 펴려가 부족해세인종 성소수자 종교 등,2
1-18,게임,순 그래픽의 독창성이 부족하고 어디서 본 듯해서,그래픽의 독창성이 부족하고 어디서 본 듯해서,2
1-18,게임,위 사용자 환경이 불편해서,사용자 환경이 불편해서,2
1-18,게임,수 국가 간 역사-외교적 관계로 인해서,국가 간 역사-외교적 관계로 인해서,2
1-18,게임,복 그래픽의 욕창성이 부족하교어디서 본 듯해서,그래픽의 독창성이 부족하고 어디서 본 듯해서,2
1-18,게임,디양한 문화에 대한 고로가 부족해세인종 성소수자 종교 등,디양한 문회에 대한 펴려가 부족해세인종 성소수자 종교 등,2
1-18,게임,순 게임 캐릭터의 매력이 부족정체성이 모호해서,게임 캐릭터의 매력이 부족정체성이 모호해서,2
1-18,게임,흙 사용자 환경이 불편해서 (단축키 메뉴 회면 구성 등,사용자 환경이 불편해서 (단축키 메뉴 회면 구성 등,2
1-18,게임,복 게임이 선정적이고 폭력적이어서,게임이 선정적이고 폭력적이어서,2
1-18,게임,수 스토리 소재 장르 등이 진부획일적이어서,스토리 소재 장르 등이 진부획일적이어서,2
1-18,게임,순 게임 스토리의 짜임새가 부족해서,게임 스토리의 짜임새가 부족해서,2
1-18,게임,흙 국가 간 역사 외교적 관계로 인해서,국가 간 역사-외교적 관계로 인해서,2
1-18,게임,디양한 문화에 대한 고로마가 부족해세인종 성소수자 종교 텅,디양한 문에 대한 고가 부족해세인종 성소수자 종교 텅,2
1-18,게임,스토리 소재 장르 등이 진부획일적이어서 향,스토리 소재 장르 등이 진부획일적이어서,2
1-18,게임,수 국가 간 역사 외교적 관계로 인해서,국가 간 역사-외교적 관계로 인해서,2
1-18,게임,(중복) 스토리 소재  장르 등이 진부 획일적이어서,스토리 소재 장르 등이 진부획일적이어서,2
1-18,게임,임 유료 아이템  캐릭터 카드 등 지나친 소비틀 유도해서,유료 아이템  캐릭터 카드 등 지나친 소비틀 유도해서,2
1-18,게임,복 그래픽의 독창성이 -부족하고 어디서 본 듯해서,그래픽의 독창성이 부족하고 어디서 본 듯해서,2
1-18,게임,게 없음,힘 없음,2
1-18,게임,위 게임 스토리의 짜임새가 부족해서,게임 스토리의 짜임새가 부족해서,2
1-18,게임,복 게임 캐릭터의 매력이 부족정체성이 모호해서,게임 캐릭터의 매력이 부족정체성이 모호해서,2
1-18,게임,위 그래픽의 독창성이 부족하고 어디서 본 듯해서,그래픽의 독창성이 부족하고 어디서 본 듯해서,2
1-18,게임,"복 스토리 소재 , 장르 등이 진부 획일적이어서",스토리 소재 장르 등이 진부획일적이어서,2
1-18,게임,"스토리, 소재 장르 등이 진부획일적이어서",스토리 소재 장르 등이 진부획일적이어서,2
1-18,게임,다양한 문최에 대한 고로마 부족해세인종 성소수자 종교 히,다양한 문에 대한 고까마가 부족해세인종 성소수자 종교 히,1
1-18,게임,위 디양한 문에 대한 고로마 부족해세인종 성소수자 종교 텅,흙 다양한 문에 대한 고로마 부족해세인종 성소수자 종교 등,1
1-18,게임,다양한 문최에 대한 고마가 부족해세인종 성소수자 종교 히,다양한 문에 대한 고까마가 부족해세인종 성소수자 종교 히,1
1-18,게임,위 게임 캐릭터의 매력이 부족정체성이 모호해서,게임 캐릭터의 매력이 부족정체성이 모호해서,1
1-18,게임,흙 사용자 환경이 불편해서,사용자 환경이 불편해서,1
1-18,게임,순위 게임 캐릭터의 매력이 부족정체성이 모호해서,게임 캐릭터의 매력이 부족정체성이 모호해서,1
1-18,게임,디양한 문회에 대한 고로가 부족해세인종 성소수자 종교 등,디양한 문회에 대한 펴려가 부족해세인종 성소수자 종교 등,1
1-18,게임,흙 다양한 문에 대한 고까마가 부족해세인종 성소수자 종교 히,다양한 문에 대한 고까마가 부족해세인종 성소수자 종교 히,1
1-18,게임,(단축키 메뉴 회면 구성 등,사용자 환경이 불편해서 (단축키 메뉴 회면 구성 등,1
1-18,게임,복 소토리  소재 장르 등이 진부획일적이어서,스토리 소재 장르 등이 진부획일적이어서,1
1-18,게임,숲 사용자 환경이 불편해서 (단축키 메뉴 회면 구성 등,사용자 환경이 불편해서 (단축키 메뉴 회면 구성 등,1
1-18,게임,흙 다양한 문회에 대한 고로가 부족해세인종 성소수자 종교,흙 다양한 문에 대한 고로마 부족해세인종 성소수자 종교 등,1
1-18,게임,둘 국가 간 역사 외교적 관계로 인해서,국가 간 역사-외교적 관계로 인해서,1
1-18,게임,다양한 문회에 대한 고로마가 부족해세인종 성소수자 종교 히,다양한 문에 대한 고까마가 부족해세인종 성소수자 종교 히,1
1-18,게임,흙 다양한 문에 대한 고로가 부족해세인종 성소수자 종교,흙 다양한 문에 대한 고로마 부족해세인종 성소수자 종교 등,1
1-18,게임,다양한 문회에 대한 고려가 부족해세인종 성소수자 종교 등,디양한 문회에 대한 펴려가 부족해세인종 성소수자 종교 등,1
1-18,드라마,번역 자막-더방으로 보기 불편해서,번역 자막 더방으로 보기 불편해서,25
1-18,드라마,국가 간 역사-외교적 관계로 인해서,국가 간 역사 외교적 관계로 인해서,20
1-18,드라마,드라마름 보는데 비용이 많이 들어서,드라마을 보는데 비용이 많이 들어서,14
1-18,드라마,품 없음,류 없음,12
1-18,드라마,한국적 요소가 강해세한국 문화전통스토리 등),한국적 요소가 강해세한국 문화전통스토리 등,10
1-18,드라마,"소재 스토리 , 장르 등이 진부 획일적이어서",소재 스토리 장르 등이 진부획일적이어서,7
1-18,드라마,드라마큼 보는데 비용이 많이 들어서,드라마을 보는데 비용이 많이 들어서,5
1-18,드라마,디양한 문화에 대한 고로가 부족해세인종 성소수자 종교 텅,다양한 문회에 대한 고로가 부족해세인종 성소수자 종교 등,5
1-18,드라마,수 한 회당 방영 시간이 길어서,한 회당 방영 시간이 길어서,4
1-18,드라마,없음,류 없음,4
1-18,드라마,흙 과도한 광고 노출이 많아서,과도한 광고 노출이 많아서,4
1-18,드라마,소재 스토리  장르 등이 진부획일적이어서,소재 스토리 장르 등이 진부획일적이어서,4
1-18,드라마,디양한 문화에 대한 고로가 부족해세인종 성소수자 종교 등,다양한 문회에 대한 고로가 부족해세인종 성소수자 종교 등,4
1-18,드라마,다양한 문에 대한 고로가 부족해세인종 성소수자 종교 등,다양한 문회에 대한 고로가 부족해세인종 성소수자 종교 등,4
1-18,드라마,닭 없음,류 없음,4
1-18,드라마,둘 국가 간 역사-외교적 관계로 인해서,국가 간 역사 외교적 관계로 인해서,4
1-18,드라마,흙 한국적 요소가 강해세한국 문화전통스토리 등),한국적 요소가 강해세한국 문화전통스토리 등,4
1-18,드라마,푹 없음,류 없음,4
1-18,드라마,륙 없음,류 없음,4
1-18,드라마,번역 자막I더방으로 보기 불편해서,번역 자막 더방으로 보기 불편해서,4
1-18,드라마,디양한 문회에 대한 펴가 부족해세인종 성소수자 종교 등,다양한 문회에 대한 고로가 부족해세인종 성소수자 종교 등,3
1-18,드라마,폭력노출 등 표현방식이 너무 강해서 한국 드라마 배우 관계자의 부적절한 언행,한국 드라마 배우 관계자의 부적절한 언행,3
1-18,드라마,다양한 문회에 대한 고려가 부족해세인종 성소수자 종교 등,다양한 문회에 대한 고로가 부족해세인종 성소수자 종교 등,3
1-18,드라마,흙 한국적 요소가 강해세한국 문화전통스토리 등,한국적 요소가 강해세한국 문화전통스토리 등,3
1-18,드라마,류 소재 스토리 장르 등이 진부획일적이어서,소재 스토리 장르 등이 진부획일적이어서,2
1-18,드라마,번역 자막|더방으로 보기 불편해서,번역 자막 더방으로 보기 불편해서,2
1-18,드라마,복 폭력소출 등 표현방식이 너무 강해서,폭력노출 등 표현방식이 너무 강해서,2
1-18,드라마,디양한 문회에 대한 고로가 부족해세인종 성소수자 종교 등,다양한 문회에 대한 고로가 부족해세인종 성소수자 종교 등,2
1-18,드라마,번역 자막더방으로 보기 불편해서,번역 자막 더방으로 보기 불편해서,2
1-18,드라마,다양한 문에 대한 고까가 부족해세인종 성소수자 종교 히,다양한 문회에 대한 고로가 부족해세인종 성소수자 종교 등,2
1-18,드라마,숲 폭력노출 등 표현방식이 너무 강해서,폭력노출 등 표현방식이 너무 강해서,2
1-18,드라마,폭력노출 등 표현방식이 너무 강해서 한국적 요소가 강해세한국 문화전통스토리 등,한국적 요소가 강해세한국 문화전통스토리 등,2
1-18,드라마,출 국가 간 역사 외교적 관계로 인해서 드라마틀 보는데 비용이 많이 들어서,드라마을 보는데 비용이 많이 들어서,2
1-18,드라마,흙 드라마름 보는데 비용이 많이 들어서,드라마을 보는데 비용이 많이 들어서,2
1-18,드라마,수 접하기 어려운 환경이어서,접하기 어려운 환경이어서,2
1-18,드라마,복 한육 르라마 배우-관계자의 부적절한 인행 디양한 문회에 대한 고로가 부족해세인종 성소수자 종교 등,다양한 문회에 대한 고로가 부족해세인종 성소수자 종교 등,2
1-18,드라마,출 과도한 광고 노출이 많아서 드라마름 보는데 비용이 많이 들어서,드라마을 보는데 비용이 많이 들어서,2
1-18,드라마,"소재, 스토리 장르 등이 진부획일적이어서",소재 스토리 장르 등이 진부획일적이어서,2
1-18,드라마,순위 과도한 광고 노출이 많아서,과도한 광고 노출이 많아서,2
1-18,드라마,국가 간 역사 -외교적 관계로 인해서,국가 간 역사 외교적 관계로 인해서,2
1-18,드라마,복 폭-소출 등 표현방식이 너무 강해서,폭력노출 등 표현방식이 너무 강해서,2
1-18,드라마,둘 한국적 요소가 강해세한국 문화전통스토리 등,한국적 요소가 강해세한국 문화전통스토리 등,2
1-18,드라마,한국적 요소가 강해세한국 문화전통스토리 등 움,한국적 요소가 강해세한국 문화전통스토리 등,2
1-18,드라마,주 어려운 환경이어서,접하기 어려운 환경이어서,2
1-18,드라마,출 한국적 요소가 강해세한국 문화전통스토리 등),한국적 요소가 강해세한국 문화전통스토리 등,2
1-18,드라마,다양한 문에 대한 고로마 부족해세인종 성소수자 종교 등,다양한 문회에 대한 고로가 부족해세인종 성소수자 종교 등,2
1-18,드라마,순위 접하기 어려운 환경이어서,접하기 어려운 환경이어서,2
1-18,드라마,f 없음,류 없음,2
1-18,드라마,숲 접하기 어려운 환경이어서 (시청 경로 부족 인터넷 속되망 문제   정보 부족 등,(시청 경로 부족 인터넷 속되망 문제  정보 부족 등,2
1-18,드라마,다양한 문에 대한 고로마가 부족해세인종 성소수자 종교 등,다양한 문회에 대한 고로가 부족해세인종 성소수자 종교 등,2
1-18,드라마,출 소재 스토리 국가 간 역사-외교적 관계로 인해서 장르 등이 진부획일적이어서,소재 스토리 장르 등이 진부획일적이어서,2
1-18,드라마,과도한  광고 노출이 많아서,과도한 광고 노출이 많아서,2
1-18,드라마,숲 드라마을 보는데 비용이 많이 들어서,드라마을 보는데 비용이 많이 들어서,2
1-18,드라마,복 한육 드라마 배우-관계자의 부적절한 언행,한국 드라마 배우 관계자의 부적절한 언행,2
1-18,드라마,출 과도한 광고 노출이 많아서 드라마틀 보는데 비용이 많이 들어서,드라마을 보는데 비용이 많이 들어서,2
1-18,드라마,소재 스토리 장르 등이 진부 획일적이어서,소재 스토리 장르 등이 진부획일적이어서,2
1-18,드라마,(중복) 국가 간 역사-외교적 관계로 인해서,국가 간 역사 외교적 관계로 인해서,2
1-18,드라마,복 국가 판 역사-외교적 관계로 인해서,국가 간 역사 외교적 관계로 인해서,2
1-18,드라마,흙 드라마을 보는데 비용이 많이 들어서,드라마을 보는데 비용이 많이 들어서,2
1-18,드라마,위 한 회당 방영 시간이 길어서,한 회당 방영 시간이 길어서,2
1-18,드라마,소재  스토리 장르 등이 진부 획일적이어서,소재 스토리 장르 등이 진부획일적이어서,2
1-18,드라마,복 소재 스토리 장르 등이 진부 획일적이어서,소재 스토리 장르 등이 진부획일적이어서,2
1-18,드라마,표 없음,류 없음,2
1-18,드라마,디양한 문화에 대한 고로마 부족해세인종 성소수자 종교 히,다양한 문최에 대한 고마 부족해세인종 성소수자 종교 히,1
1-18,드라마,다양한 문회에 대한 고가 부족해세인종 성소수자 종교 히,다양한 문회에 대한 고로가 부족해세인종 성소수자 종교 등,1
1-18,드라마,다양한 문에 대한 고까마가 부족해세인종 성소수자 종교 히,다양한 문최에 대한 고마 부족해세인종 성소수자 종교 히,1
1-18,드라마,디양한 문회에 대한 고려가 부족해세인종 성소수자 종교 등,다양한 문회에 대한 고로가 부족해세인종 성소수자 종교 등,1
1-18,드라마,운 다양한 문에 대한 고로마 부족해세인종 성소수자 종교 히,다양한 문최에 대한 고마 부족해세인종 성소수자 종교 히,1
1-18,드라마,짓히기 어려운 환경이어서,접하기 어려운 환경이어서,1
1-18,드라마,(지청 '경로 부족 인터넷 속되망 문제  정보 부족 등,(시청 경로 부족 인터넷 속되망 문제  정보 부족 등,1
1-18,드라마,소 한국적 요소가 강해세한국 문회전통스토리 등,한국적 요소가 강해세한국 문화전통스토리 등,1
1-18,드라마,흙 드라마름 보는데 비용이 많이 들어서 한국적 요소가 강해세한국 문화전통스토리 등,한국적 요소가 강해세한국 문화전통스토리 등,1
1-18,드라마,다양한 문에 대한 고로마가 부족해세인종 성소수자 종교,다양한 문회에 대한 고로가 부족해세인종 성소수자 종교 등,1
1-18,드라마,접하기 어려운 환경이어서 (시청 경로 부족 인터넷 속되망 문제  정보 부족 등,(시청 경로 부족 인터넷 속되망 문제  정보 부족 등,1
1-18,드라마,다양한 문에 대한 고사마가 부족해세인종 성소수자 종교 등,다양한 문회에 대한 고로가 부족해세인종 성소수자 종교 등,1
1-18,드라마,수 접하기 어려운 환경이어서 (시청 경로 부족 인터넷 속되망 문제   정보 부족 등,(시청 경로 부족 인터넷 속되망 문제  정보 부족 등,1
1-18,드라마,숲 과도한 광고 노출이 많아서,과도한 광고 노출이 많아서,1
1-18,드라마,접하기 어려운 환경이어서 (지청 '경로 부족 인터넷 속되망 문제  정보 부족 등,(시청 경로 부족 인터넷 속되망 문제  정보 부족 등,1
1-18,드라마,숲 과도한 광고 노술이 많아서,과도한 광고 노출이 많아서,1
1-18,드라마,출 과도한 광고 노출이 많아서 드라마을 보는데 비용이 많이 들어서,드라마을 보는데 비용이 많이 들어서,1
1-18,드라마,디양한 문화에 대한 고로마가 부족해세인종 성소수자 종교 등,다양한 문회에 대한 고로가 부족해세인종 성소수자 종교 등,1
1-18,드라마,정 어려운 환경이어서,접하기 어려운 환경이어서,1
1-18,드라마,다양한 문회에 대한 고로가 부족해세인종 성소수자 종교,다양한 문회에 대한 고로가 부족해세인종 성소수자 종교 등,1
1-18,드라마,위 국가 간 역사-외교적 관계로 인해서,국가 간 역사 외교적 관계로 인해서,1
1-18,드라마,출 국가 간 역사-외교적 관계로 인해서 소재 스토리 장르 등이 진부획일적이어서,소재 스토리 장르 등이 진부획일적이어서,1
1-18,드라마,위 과도한 광고 노출이 많아서,과도한 광고 노출이 많아서,1
1-18,드라마,접하기 어려운 환경이어서 (시청 '경로 부족 인터넷 속되망 문제 정보 부족 등,(시청 경로 부족 인터넷 속되망 문제  정보 부족 등,1
1-18,드라마,한국적 요소가 강해세한국 문회전통스토리 등,한국적 요소가 강해세한국 문화전통스토리 등,1
1-18,드라마,순위 드라마틀 보는데 비용이 많이 들어서,드라마을 보는데 비용이 많이 들어서,1
1-18,드라마,슈 접하기 어려운 환경이어서 (시청 경로 부족 인터넷 속되망 문제  정보 부족 등,(시청 경로 부족 인터넷 속되망 문제  정보 부족 등,1
1-18,드라마,디양한 문화에 대한 고로마 부족해세인종 성소수자 종교 등,다양한 문회에 대한 고로가 부족해세인종 성소수자 종교 등,1
1-18,드라마,다양한 문에 대한 고로가 부족해세인종 성소수자 종교 텅,다양한 문회에 대한 고로가 부족해세인종 성소수자 종교 등,1
1-18,드라마,다양한 문에 대한 고려마 부족해세인종 성소수자 종교 텅,다양한 문최에 대한 고마 부족해세인종 성소수자 종교 히,1
1-18,드라마,다양한 문회에 대한 고가 부족해세인종 성소수자 종교 등,다양한 문회에 대한 고로가 부족해세인종 성소수자 종교 등,1
1-18,드라마,(시청 경로 부족 인터넷 속되망 문제   정보 부족 등,(시청 경로 부족 인터넷 속되망 문제  정보 부족 등,1
1-18,뷰티,특정 성>인삼  한방 성분이 기호에 맞지 않아서,특정 성훨인삼  한방 성분이 기호에 맞지 않아서,19
1-18,뷰티,제품 포장이 과해세비닐플라스틱 과다 사용 등,제품 포장이 과해세비닐플라스틱 과다 사용 등),18
1-18,뷰티,제품의 홍보가 지나치게 과장된 것 같아서,제품의 홍보가 지나치게 과장원 것 같아서,17
1-18,뷰티,류 없음,봄 없음,16
1-18,뷰티,한국에서 제조한  제품이 아니어서,한국에서 제조한 제품이 아니어서,14
1-18,뷰티,국가 간 역사 외교적 관계로 인해서,국가 간 역사-외교적 관계로 인해서,12
1-18,뷰티,다양한 문화에 대한 고려가 부족해서,(피부튼  성적 정체성  관습 문제 등) 다양한 문화에 대한 고려가 부족해서,10
1-18,뷰티,제품에 정보 표기가 자세하지 않아세성분 생산 방식 등,제품에 정보 표기가 자세하지 않아세성분  생산 방식 등,10
1-18,뷰티,없음,봄 없음,8
1-18,뷰티,뿐 없음,봄 없음,6
1-18,뷰티,나의 가치와 맞지 않아세활활  동물 실험 등,나의 가치와 맞지 않아세할활  동물 실험 등,6
1-18,뷰티,제품 용기 포장의 디자인이 별로여서,제품 용기포장의 디자인이 별로여서,6
1-18,뷰티,나의 가치와 맞지 않아세활활 동물 실험 등,나의 가치와 맞지 않아세할활  동물 실험 등,4
1-18,뷰티,복 제품의 종류가 다양하지 않아서,제품의 종류가 다양하지 않아서,4
1-18,뷰티,판매되는  가격이 비싸서,판매되는 가격이 비싸서,4
1-18,뷰티,(중복) 한국에서 제조한 제품이 아니어서,한국에서 제조한 제품이 아니어서,4
1-18,뷰티,순 나의 가치와 맞지 않아세활활 동물 실험 등,나의 가치와 맞지 않아세할활  동물 실험 등,4
1-18,뷰티,춤 특정 성>인삼  한방 성분이 기호에 맞지 않아서,특정 성훨인삼  한방 성분이 기호에 맞지 않아서,2
1-18,뷰티,복 한국에서 제조한 제품이 아니어서,한국에서 제조한 제품이 아니어서,2
1-18,뷰티,복 브랜드 이미지가 줄지 않아서,브랜드 이미지가 쫓지 않아서,2
1-18,뷰티,숲 브랜드 이미지가 쫓지 않아서,브랜드 이미지가 쫓지 않아서,2
1-18,뷰티,복 제품의 종류가 다양하지 않아서 국가 간 역사-외교적 관계로 인해서,국가 간 역사-외교적 관계로 인해서,2
1-18,뷰티,흙 나의 가치와 맞지 않아세활활 동물 실험 등,나의 가치와 맞지 않아세할활  동물 실험 등,2
1-18,뷰티,수 제품의 종류가 다양하지 않아서,제품의 종류가 다양하지 않아서,2
1-18,뷰티,둘 한국에서 제조한 제품이 아니어서,한국에서 제조한 제품이 아니어서,2
1-18,뷰티,순 제품 용개포장의 디자인이 별로여서,제품 용기포장의 디자인이 별로여서,2
1-18,뷰티,위 나의 가치와 맞지 않아세할활 동물 실험 등,나의 가치와 맞지 않아세할활  동물 실험 등,2
1-18,뷰티,슈 특정 성훨인삼  한방 성분이 기호에 맞지 않아서,특정 성훨인삼  한방 성분이 기호에 맞지 않아서,2
1-18,뷰티,중 나의 가치와 맞지 않아세할활 동물 실험 등,나의 가치와 맞지 않아세할활  동물 실험 등,2
1-18,뷰티,복 제품의 종류가 다양하지 않아서 병,제품의 종류가 다양하지 않아서,2
1-18,뷰티,(피부튼 성적 정체성  관습 문제 등 다양한 문화에 대한 고려가 부족해서,(피부튼  성적 정체성  관습 문제 등) 다양한 문화에 대한 고려가 부족해서,2
1-18,뷰티,흙 한국에서 제조한 제품이 아니어서,한국에서 제조한 제품이 아니어서,2
1-18,뷰티,복 제품 용개포장의 디자인이 별로여서,제품 용기포장의 디자인이 별로여서,2
1-18,뷰티,순위 제품 포장이 과해세비닐플라스틱 과다 사용 등,제품 포장이 과해세비닐플라스틱 과다 사용 등),2
1-18,뷰티,붐 없음,봄 없음,2
1-18,뷰티,순 품질이 떨어저서,품질이 떨어저서,2
1-18,뷰티,위 나의 가치와 맞지 않아세활활 동물 실험 등,나의 가치와 맞지 않아세할활  동물 실험 등,2
1-18,뷰티,복 제품 용기 포장의 디자인이 별로여서,제품 용기포장의 디자인이 별로여서,2
1-18,뷰티,흙 품질이 떨어저서 제품의 종류가 다양하지 않아서,제품의 종류가 다양하지 않아서,2
1-18,뷰티,복 나의 가치와 맞지 않아세활활  동물 실험 등,나의 가치와 맞지 않아세할활  동물 실험 등,2
1-18,뷰티,제품 포장이 과해세비닐플라스틱 과다 사용 등) 제품에 정보 표기가 자세하지 않아세성분 생산 방식 등,제품에 정보 표기가 자세하지 않아세성분  생산 방식 등,2
1-18,뷰티,(피부튼 성적 정체성  관습 문제 등,다양한 문화에 대한 고려가 부족해서 (피부튼  성적 정체성  관습 문제 등,2
1-18,뷰티,위 특정 성훨인삼  한방 성분이 기호에 맞지 않아서 #,특정 성훨인삼  한방 성분이 기호에 맞지 않아서,2
1-18,뷰티,브랜드 이미지가 쫓지 않아서 한국에서 제조한 제품이 아니어서,한국에서 제조한 제품이 아니어서,2
1-18,뷰티,복 제품 용기포장의 디자인이 별로여서,제품 용기포장의 디자인이 별로여서,2
1-18,뷰티,국가 간 역사 -외교적 관계로 인해서,국가 간 역사-외교적 관계로 인해서,2
1-18,뷰티,흙 품질이 떨어저서,품질이 떨어저서,2
1-18,뷰티,순위 제품의 종류가 다양하지 않아서,제품의 종류가 다양하지 않아서,2
1-18,뷰티,둘 국가 간 역사-외교적 관계로 인해서,국가 간 역사-외교적 관계로 인해서,2
1-18,뷰티,나의 가치와 맞지 않아세할활  동물 실험,나의 가치와 맞지 않아세할활  동물 실험 등,2
1-18,뷰티,순 한국에서 제조한 제품이 아니어서,한국에서 제조한 제품이 아니어서,2
1-18,뷰티,위 제품의 종류가 다양하지 않아서,제품의 종류가 다양하지 않아서,2
1-18,뷰티,둘 국가 간 역사 외교적 관계로 인해서,국가 간 역사-외교적 관계로 인해서,2
1-18,뷰티,위 국가 간 역사-외교적 관계로 인해서 흙,국가 간 역사-외교적 관계로 인해서,2
1-18,뷰티,품질이 떨어저서 제품 용기포장의 디자인이 별로여서,제품 용기포장의 디자인이 별로여서,2
1-18,뷰티,슈 국장반물역사 외교 국가 간 역사-외교적 관계로 인해서,국가 간 역사-외교적 관계로 인해서,2
1-18,뷰티,복 품질이 떨어저서 제품의 종류가 다양하지 않아서,제품의 종류가 다양하지 않아서,2
1-18,뷰티,브랜드 이미지가 쫓지 않아서 품,브랜드 이미지가 쫓지 않아서,2
1-18,뷰티,판매되논 가격이 비싸서,판매되는 가격이 비싸서,2
1-18,뷰티,흙 국가 간 역사-외교적 관계로 인해서,국가 간 역사-외교적 관계로 인해서,2
1-18,뷰티,순 나의 가치와 맞지 않아세할활  동물 실험 등,나의 가치와 맞지 않아세할활  동물 실험 등,2
1-18,뷰티,숲 나의 가치와 맞지 않아세할활 동물 실험 등,나의 가치와 맞지 않아세할활  동물 실험 등,2
1-18,뷰티,복 국가 간 역사-외교적 관계로 인해서,국가 간 역사-외교적 관계로 인해서,2
1-18,뷰티,제품 포장이 과해세비닐플라스틱 과다 사용 등 #,제품 포장이 과해세비닐플라스틱 과다 사용 등),2
1-18,뷰티,복 한국에서 제조한_제품이 아니어서,한국에서 제조한 제품이 아니어서,2
1-18,뷰티,한국에서 제조한   제품이 아니어서,한국에서 제조한 제품이 아니어서,2
1-18,뷰티,복 나의 가치와 맞지 않아세활활 동물 실험 등,나의 가치와 맞지 않아세할활  동물 실험 등,2
1-18,뷰티,둘 한국에서 제조한  제품이 아니어서,한국에서 제조한 제품이 아니어서,2
1-18,뷰티,흙 (피부론 ' 성적 정체성   관습 문제 등) 다양한 문화에 대한 고려가 부족해서,(피부튼  성적 정체성  관습 문제 등) 다양한 문화에 대한 고려가 부족해서,1
1-18,뷰티,다양한 문화에 대한 고려가 부족해서 (피부톤   성적 정체성   관습 문제 등),다양한 문화에 대한 고려가 부족해서 (피부튼  성적 정체성  관습 문제 등,1
1-18,뷰티,(피부튼 성적 정체성 관습 문제 등,다양한 문화에 대한 고려가 부족해서 (피부튼  성적 정체성  관습 문제 등,1
1-18,뷰티,운 품질이 떨어저서,품질이 떨어저서,1
1-18,뷰티,(피부튼 성적 정체성 관습 문제 등 다양한 문화에 대한 펴려가 부족해서,(피부튼  성적 정체성  관습 문제 등) 다양한 문화에 대한 고려가 부족해서,1
1-18,뷰티,제품 용개포장의 디자인이 별로여서,제품 용기포장의 디자인이 별로여서,1
1-18,뷰티,(피부튼  성적 정체성  관습 문제 등,다양한 문화에 대한 고려가 부족해서 (피부튼  성적 정체성  관습 문제 등,1
1-18,뷰티,제품 포장이 과해세비닐플라스틱 과다 사용,제품 포장이 과해세비닐플라스틱 과다 사용 등),1
1-18,뷰티,출,Q,1
1-18,뷰티,"특정 성훨인삼  한방 성G이 기호에 맞지 않아서 """,특정 성훨인삼  한방 성분이 기호에 맞지 않아서,1
1-18,뷰티,잎,Q,1
1-18,뷰티,디양한 문화에 대한 고려가 부족해서,(피부튼  성적 정체성  관습 문제 등) 다양한 문화에 대한 고려가 부족해서,1
1-18,뷰티,중 한국에서 제조한 제품이 아니어서,한국에서 제조한 제품이 아니어서,1
1-18,뷰티,나의 가치와 맞지 않아세할활 동물 실험 등,나의 가치와 맞지 않아세할활  동물 실험 등,1
1-18,뷰티,(피부론'성적 정체성 관습 문제 등),흙 (피부톤 다양한 문화에 대한 고려가 부족해서 성적 정체성  관습 문제 등),1
1-18,뷰티,성G인삼 한방 성분이 기호에 맞지 않아서,특정 성훨인삼  한방 성분이 기호에 맞지 않아서,1
1-18,뷰티,둘 품질 대비 가격이 비싸서,품질 대비 가격이 비싸서,1
1-18,뷰티,(피부튼 성적 정체성  관습 문제 등),흙 (피부톤 다양한 문화에 대한 고려가 부족해서 성적 정체성  관습 문제 등),1
1-18,뷰티,둘 (피부튼 성적 정체성  관습 문제 등,다양한 문화에 대한 고려가 부족해서 (피부튼  성적 정체성  관습 문제 등,1
1-18,뷰티,흙 (피부튼 성적 정체성 관습 문제 등,다양한 문화에 대한 고려가 부족해서 (피부튼  성적 정체성  관습 문제 등,1
1-18,뷰티,다양한 문화에 대한 (피부튼  성적 정체성 편장 문제 등) 부족해서,흙 다양한 문화에 대한 (피부 성적 정체성 편습 문제 등) 부족해서,1
1-18,애니메이션,국가 간 역사 외교적 관계로 인해서,국가 간 역사-외교적 관계로 인해서,21
1-18,애니메이션,번역 자막 더방으로 보기 불편해서,번역 자막-더방으로 보기 불편해서,18
1-18,애니메이션,없음,# 없음,12
1-18,애니메이션,한국적 요소가 강해세한국 문화전통스토리 등),한국적 요소가 강해세한국 문화전통스토리 등,10
1-18,애니메이션,디양한 문화에 대한 고로가 부족해세인종 성소수자 종교 등,다양한 문회에 대한 고마가 부족해세인종 성소수자 종교 등,8
1-18,애니메이션,복 교육적이지 않아서,교육적이지 않아서,6
1-18,애니메이션,스토리 소재 장르 등이 진부 획일적이어서,스토리 소재 장르 등이 진부획일적이어서,6
1-18,애니메이션,스토리 소재  장르 등이 진부획일적이어서,스토리 소재 장르 등이 진부획일적이어서,6
1-18,애니메이션,다양한 문회에 대한 고려가 부족해세인종 성소수자 종교 등,다양한 문회에 대한 고마가 부족해세인종 성소수자 종교 등,5
1-18,애니메이션,대부분 유아용의로 제작되며 성인 대상 권렌j 부족해서,대부분 유아용의로 제작되며 성인 대상 권렌j가 부족해서,5
1-18,애니메이션,흙 다양한 문에 대한 고로가 부족해세인종 성소수자 종교 등,다양한 문회에 대한 고마가 부족해세인종 성소수자 종교 등,4
1-18,애니메이션,스토리 소재  장르 등이 진부 획일적이어서,스토리 소재 장르 등이 진부획일적이어서,4
1-18,애니메이션,대부분 유아용의로 제작되며 성인 대상 뉘렌j가 부족해서,대부분 유아용의로 제작되며 성인 대상 권렌j가 부족해서,4
1-18,애니메이션,흙 한국적 요소가 강해세한국 문화전통스토리 등,한국적 요소가 강해세한국 문화전통스토리 등,4
1-18,애니메이션,한국적 요소가 강해세한국 문회전통스토리 등,한국적 요소가 강해세한국 문화전통스토리 등,4
1-18,애니메이션,수 스토리 소재 장르 등이 진부획일적이어서,스토리 소재 장르 등이 진부획일적이어서,3
1-18,애니메이션,주 어려운 환경이어서,접하기 어려운 환경이어서,3
1-18,애니메이션,번역 자막더방으로 보기 불편해서,번역 자막-더방으로 보기 불편해서,3
1-18,애니메이션,번역 자막I더방으로 보기 불편해서,번역 자막-더방으로 보기 불편해서,2
1-18,애니메이션,수 번역 자막더방으로 보기 불편해서,번역 자막-더방으로 보기 불편해서,2
1-18,애니메이션,흙 스토리 한국적 요소가 강해세한국 문화전통스토리 등) 소재 장르 등이 진부획일적이어서,스토리 소재 장르 등이 진부획일적이어서,2
1-18,애니메이션,(복 교육적이지 않아서,교육적이지 않아서,2
1-18,애니메이션,위 번역 자막I더방으로 보기 불편해서,번역 자막-더방으로 보기 불편해서,2
1-18,애니메이션,수 교육적이지 않아서,교육적이지 않아서,2
1-18,애니메이션,대부분 유아용으로 제작되다 성인 대상 훔렌j가 부족해서,대부분 유아용의로 제작되며 성인 대상 권렌j가 부족해서,2
1-18,애니메이션,순 지나치게 상업적이어서,지나치게 상업적이어서,2
1-18,애니메이션,다양한 문에 대한 고까마가 부족해세인종 성소수자 종교 히,다양한 문회에 대한 고마가 부족해세인종 성소수자 종교 등,2
1-18,애니메이션,복 국가 신 역사-외교적 관계로 인해서,국가 간 역사-외교적 관계로 인해서,2
1-18,애니메이션,숲 한국적 요소가 강해세한국 문화전통스토리 등,한국적 요소가 강해세한국 문화전통스토리 등,2
1-18,애니메이션,대부분 유아용으로 제작되다 성인 대상 권렌초가 부족해서,대부분 유아용의로 제작되며 성인 대상 권렌j가 부족해서,2
1-18,애니메이션,순위 지나치게 상업적이어서,지나치게 상업적이어서,2
1-18,애니메이션,(중복) 한국적 요소가 강해세한국 문화전통스토리 등,한국적 요소가 강해세한국 문화전통스토리 등,2
1-18,애니메이션,복 국가 간 역사 외교적 관계로 인해서,국가 간 역사-외교적 관계로 인해서,2
1-18,애니메이션,흙 캐릭터가 마음에 들지 않아서,캐릭터가 마음에 들지 않아서,2
1-18,애니메이션,"대부분 유아용의로 제작되며 성인 대상 ,렌초가 부족해서",대부분 유아용의로 제작되며 성인 대상 권렌j가 부족해서,2
1-18,애니메이션,수 국가 간 역사-외교적 관계로 인해서,국가 간 역사-외교적 관계로 인해서,2
1-18,애니메이션,슈 스토리 소재  장르 등이 진부획일적이어서,스토리 소재 장르 등이 진부획일적이어서,2
1-18,애니메이션,슈 한국적 요소가 강해세한국 문화전통스토리 등,한국적 요소가 강해세한국 문화전통스토리 등,2
1-18,애니메이션,흙 스토리 소재 장르 등이 진부획일적이어서,스토리 소재 장르 등이 진부획일적이어서,2
1-18,애니메이션,슈 대부분 유아용의로 제작되며 성인 대상 권렌j가 부족해서,대부분 유아용의로 제작되며 성인 대상 권렌j가 부족해서,2
1-18,애니메이션,"(중복) 스토리, 소재 장르 등이 진부 획일적이어서",스토리 소재 장르 등이 진부획일적이어서,2
1-18,애니메이션,"스토리, 소재  장르 등이 진부 획일적이어서",스토리 소재 장르 등이 진부획일적이어서,2
1-18,애니메이션,숲 국가 간 역사-외교적 관계로 인해서,국가 간 역사-외교적 관계로 인해서,2
1-18,애니메이션,대부분 유아용으로 제작되며 성인 대상 권렌의가 부족해서,대부분 유아용의로 제작되며 성인 대상 권렌j가 부족해서,2
1-18,애니메이션,복 국가 간 역사-외교적 관계로 인해서,국가 간 역사-외교적 관계로 인해서,2
1-18,애니메이션,출 스토리 소재 장르 등이 진부획일적이어서,스토리 소재 장르 등이 진부획일적이어서,2
1-18,애니메이션,복 캐릭터가 마음예 들지 않아서,캐릭터가 마음에 들지 않아서,2
1-18,애니메이션,복 교육적이지 '않아서,교육적이지 않아서,2
1-18,애니메이션,흙 다양한 문회에 대한 고로가 부족해세인종 성소수자 종교,다양한 문회에 대한 고마가 부족해세인종 성소수자 종교 등,2
1-18,애니메이션,대부분 유아용으로 제작되며  성인 대상 권렌초가 부족해서,대부분 유아용의로 제작되며 성인 대상 권렌j가 부족해서,2
1-18,애니메이션,스토리   소재  장르 등이 진부 획일적이어서,스토리 소재 장르 등이 진부획일적이어서,2
1-18,애니메이션,다양한 문회에 대한 고마가 부족해세인종 성소수자 종교 히,다양한 문회에 대한 고마가 부족해세인종 성소수자 종교 등,2
1-18,애니메이션,순위 교육적이지 않아서,교육적이지 않아서,2
1-18,애니메이션,(중복) 스토리 소재 장르 등이 진부획일적이어서,스토리 소재 장르 등이 진부획일적이어서,2
1-18,애니메이션,수 지나치게 상업적이어서 표,지나치게 상업적이어서,2
1-18,애니메이션,복 캐릭터가 마음에 들지 않아서,캐릭터가 마음에 들지 않아서,2
1-18,애니메이션,숲 지나치게 상업적이어서,지나치게 상업적이어서,2
1-18,애니메이션,복 캐릭터가_마음에 들지 않아서,캐릭터가 마음에 들지 않아서,2
1-18,애니메이션,"; 스토리, 소재 장르 등이 진부 획일적이어서",스토리 소재 장르 등이 진부획일적이어서,2
1-18,애니메이션,"흙 스토리, 소재 장르 등이 진부 획일적이어서",스토리 소재 장르 등이 진부획일적이어서,2
1-18,애니메이션,순 번역 자막-더방으로 보기 불편해서,번역 자막-더방으로 보기 불편해서,2
1-18,애니메이션,접하기 어려운 환경이어서 (지청 '경로 부족 인터넷 속되망 문제  정보 부족 등,(시청 경로 부족 인터넷 속되망 문제  정보 부족 등,1
1-18,애니메이션,대부분 유아용의로 제작되면 성인 대상 권렌까가 부족해서,대부분 유아용의로 제작되며 성인 대상 권렌j가 부족해서,1
1-18,애니메이션,복 캐릭터가 마음예 틀지 않아서,복 캐릭터가 사음예 들지 않아서,1
1-18,애니메이션,다양한 문회에 대한 고로가 부족해세인종 성소수자 종교,다양한 문회에 대한 고마가 부족해세인종 성소수자 종교 등,1
1-18,애니메이션,유 한국어가 어렵고 생소해서,한국어가 어렵고 생소해서,1
1-18,애니메이션,중 다양한 문회에 대한 교가 부족해세인종 성소수자 종교 등,다양한 문회에 대한 고마가 부족해세인종 성소수자 종교 등,1
1-18,애니메이션,(시청 경로 부족 인터넷 속되망 문제   정보 부족 등,(시청 경로 부족 인터넷 속되망 문제  정보 부족 등,1
1-18,애니메이션,다양한 문회에 대한 고가 부족해세인종 성소수자 종교 히,다양한 문회에 대한 고마가 부족해세인종 성소수자 종교 등,1
1-18,애니메이션,대부분 유아용으 제작되며 성인 대상 권렌초가 부족해서,대부분 유아용의로 제작되며 성인 대상 권렌j가 부족해서,1
1-18,애니메이션,주 어려운 환경이어서 경로 부족 인터넷 속되망 문제  정보 부족 등,(시청 경로 부족 인터넷 속되망 문제  정보 부족 등,1
1-18,애니메이션,복 국가 간 역사-외교적 관계로- 인해서,국가 간 역사-외교적 관계로 인해서,1
1-18,애니메이션,다양한 문에 대한 고까과가 부족해세인종 성소수자 종교 히,다양한 문에 대한 고까 부족해세인종 성소수자 종교 히,1
1-18,애니메이션,디양한 문회에 대한 펴려가 부족해세인종 성소수자 종교 등,다양한 문회에 대한 고마가 부족해세인종 성소수자 종교 등,1
1-18,애니메이션,대부분 유아용의로 제작되며 성인 대상 권렌초가 부족해서,대부분 유아용의로 제작되며 성인 대상 권렌j가 부족해서,1
1-18,애니메이션,"대부분 유이용의로 제작되며 성인 대상 ,렌j 부족해서",대부분 유아용의로 제작되며 성인 대상 권렌j가 부족해서,1
1-18,애니메이션,흙 다양한 문회에 대한 고려가 부족해세인종 성소수자 종교 등,다양한 문회에 대한 고마가 부족해세인종 성소수자 종교 등,1
1-18,애니메이션,수 지나치게 상업적이어서,지나치게 상업적이어서,1
1-18,애니메이션,접하기 어려운 환경이어서 (시청 경로 부족 인터넷 속되망 문제   정보 부족 등,(시청 경로 부족 인터넷 속되망 문제  정보 부족 등,1
1-18,애니메이션,흙 한국적 요소가 강해세한국 문화전통스토리 등),한국적 요소가 강해세한국 문화전통스토리 등,1
1-18,애니메이션,숲 국가 간 역사-외교적 관계로 인해서 푹,국가 간 역사-외교적 관계로 인해서,1
1-18,애니메이션,증,Q,1
1-18,애니메이션,(시청 경로 '부족 인터넷 속되망 문제  정보 부족 등,(시청 경로 부족 인터넷 속되망 문제  정보 부족 등,1
1-18,애니메이션,디양한 문회에 대한 펴마가 부족해세인종 성소수자 종교 등,다양한 문회에 대한 고마가 부족해세인종 성소수자 종교 등,1
1-18,애니메이션,어려운 환경이어서,접하기 어려운 환경이어서,1
1-18,애니메이션,대부분 유아용의로 제작되다 성인 대상 권렌초가 부족해서,대부분 유아용의로 제작되며 성인 대상 권렌j가 부족해서,1
1-18,애니메이션,다양한 문에 대한 고로마 부족해세인종 성소수자 종교 등,다양한 문회에 대한 고마가 부족해세인종 성소수자 종교 등,1
1-18,애니메이션,흙 다양한 문에 대한 고로마 부족해세인종 성소수자 종교 히,다양한 문에 대한 고까 부족해세인종 성소수자 종교 히,1
1-18,애니메이션,숲 접하기 어려운 환경이어서 (시청 경로 부족 인터넷 속되망 문제   정보 부족 등,(시청 경로 부족 인터넷 속되망 문제  정보 부족 등,1
1-18,영화,국가 간 역사 외교적 관계로 인해서,국가 간 역사-외교적 관계로 인해서,26
1-18,영화,번역 자막 더방으로 보기 불편해서,번역 자막-더방으로 보기 불편해서,18
1-18,영화,영화름 보는데 비용이 많이 들어서,영화루 보는데 비용이 많이 들어서,10
1-18,영화,소재 스토리  장르 등이 진부획일적이어서,소재 스토리 장르 등이 진부획일적이어서,10
1-18,영화,영 없음,화 없음,8
1-18,영화,영화들 보는데 비용이 많이 들어서,영화루 보는데 비용이 많이 들어서,6
1-18,영화,번역 자막I더방으로 보기 불편해서,번역 자막-더방으로 보기 불편해서,6
1-18,영화,위 스토리의 짜임새가 떨어저서,스토리의 짜임새가 떨어저서,6
1-18,영화,디양한 문화에 대한 고로가 부족해세인종 성소수자 종교 등,다양한 문회에 대한 고려가 부족해세인종 성소수자 종교 등,5
1-18,영화,소재 스토리 장르 등이 진부 획일적이어서,소재 스토리 장르 등이 진부획일적이어서,5
1-18,영화,슈 폭력  노출 등의 표현방식이 너무 자극적이어서,폭력  노출 등의 표현방식이 너무 자극적이어서,4
1-18,영화,폭력   노출 등의 표현방식이 너무 자극적이어서,폭력  노출 등의 표현방식이 너무 자극적이어서,4
1-18,영화,흙 스토리의 짜임새가 떨어저서,스토리의 짜임새가 떨어저서,4
1-18,영화,복 작울성이나 예술적 가치가 떨어다고 생각해서,작품성이나 예술적 가치가 떨어진다고 생각해서,4
1-18,영화,위 국가 간 역사-외교적 관계로 인해서,국가 간 역사-외교적 관계로 인해서,4
1-18,영화,순위 소재 스토리 장르 등이 진부획일적이어서,소재 스토리 장르 등이 진부획일적이어서,4
1-18,영화,과도한  광고 노출이 많아서,과도한 광고 노출이 많아서,4
1-18,영화,다양한 문에 대한 고로가 부족해세인종 성소수자 종교 등,다양한 문에 대한 고까마가 부족해세인종 성소수자 종교 히,4
1-18,영화,출 폭력  노출 등의 표현방식이 너무 자극적이어서,폭력  노출 등의 표현방식이 너무 자극적이어서,4
1-18,영화,번역 자막더방으로 보기 불편해서,번역 자막-더방으로 보기 불편해서,4
1-18,영화,화 한국어가 어렵고 생소해서,한국어가 어렵고 생소해서,4
1-18,영화,복 스토리의 짜임새가 떨어저서,스토리의 짜임새가 떨어저서,4
1-18,영화,"소재 스토리 , 장르 등이 진부 획일적이어서",소재 스토리 장르 등이 진부획일적이어서,4
1-18,영화,숲 접하기 어려운 환경이어서,접하기 어려운 환경이어서,3
1-18,영화,다양한 문회에 대한 고로가 부족해세인종 성소수자 종교,다양한 문회에 대한 고려가 부족해세인종 성소수자 종교 등,3
1-18,영화,폭력 노출 등의 표현방식이 너무 자극적이어서,폭력  노출 등의 표현방식이 너무 자극적이어서,3
1-18,영화,출 소재 스토리 장르 등이 진부획일적이어서,소재 스토리 장르 등이 진부획일적이어서,2
1-18,영화,다양한 문회에 대한 고가 부족해세인종 성소수자 종교 등,다양한 문회에 대한 고려가 부족해세인종 성소수자 종교 등,2
1-18,영화,출 한국 영화 배우 관계자의 부적절한 언행,한국 영화 배우 관계자의 부적절한 언행,2
1-18,영화,다양한 문회에 대한 고로가 부족해세인종 성소수자 종교 등,다양한 문회에 대한 고려가 부족해세인종 성소수자 종교 등,2
1-18,영화,주,Q,2
1-18,영화,영화지 보는데 비용이 많이 들어서,영화루 보는데 비용이 많이 들어서,2
1-18,영화,복 한국 영화 배우 관계자의 부적절한 언행,한국 영화 배우 관계자의 부적절한 언행,2
1-18,영화,화 폭력 노출 등의 표현방식이 너무 자극적이어서,폭력  노출 등의 표현방식이 너무 자극적이어서,2
1-18,영화,소재  스토리  장르 등이 진부획일적이어서,소재 스토리 장르 등이 진부획일적이어서,2
1-18,영화,복 영화들 보논데 비용이 많이 들어서,영화루 보는데 비용이 많이 들어서,2
1-18,영화,슈 한국 영화 배우 관계자의 부적절한 언행,한국 영화 배우 관계자의 부적절한 언행,2
1-18,영화,위 언어와 문화가 달라 내용흘 이해하기 어려워서,언어와 문화가 달라 내용올 이해하기 어려워서,2
1-18,영화,출 작품성이나 예술적 가치가 떨어진다고 생각해서,작품성이나 예술적 가치가 떨어진다고 생각해서,2
1-18,영화,다양한 문회에 대한 고마가 부족해세인종 성소수자 종교,다양한 문에 대한 고까마가 부족해세인종 성소수자 종교 히,2
1-18,영화,숲 소재  스토리 장르 등이 진부획일적이어서,소재 스토리 장르 등이 진부획일적이어서,2
1-18,영화,화 번역 자막-더방으로 보기 불편해서,번역 자막-더방으로 보기 불편해서,2
1-18,영화,영화볼 보는데 비용이 많이 들어서,영화루 보는데 비용이 많이 들어서,2
1-18,영화,다양한 문회에 대한 펴가 부족해세인종 성소수자 종교 등,다양한 문회에 대한 고려가 부족해세인종 성소수자 종교 등,2
1-18,영화,위 작품성이나 예술적 '가치가 '떨어진다고 생각해서,작품성이나 예술적 가치가 떨어진다고 생각해서,2
1-18,영화,위 스토리의 짜임새가 '떨어저서,스토리의 짜임새가 떨어저서,2
1-18,영화,숲 스토리의 짜임새가 '떨어저서,스토리의 짜임새가 떨어저서,2
1-18,영화,숲 소새 스토리 장르 등이 진부획일적이어서,소재 스토리 장르 등이 진부획일적이어서,2
1-18,영화,복 한국 영화 배우-관계자의 부적절한 언행,한국 영화 배우 관계자의 부적절한 언행,2
1-18,영화,수 폭력  노출 등의 표현방식이 너무 자극적이어서,폭력  노출 등의 표현방식이 너무 자극적이어서,2
1-18,영화,복 작품정이나 예술적 가치자 떨어진다고 생각해서,작품성이나 예술적 가치가 떨어진다고 생각해서,2
1-18,영화,디양한 문회에 대한 펴마가 부족해세인종 성소수자 종교 등,다양한 문회에 대한 고려가 부족해세인종 성소수자 종교 등,2
1-18,영화,순위 스토리의 짜임새가 떨어저서,스토리의 짜임새가 떨어저서,2
1-18,영화,(시청 경로 부족 인터넷 속되망 문제   정보 부족 등,접하기 어려운 환경이어서 (지청 경로 부족 인터넷 속되망 문제  정보 부족 등,2
1-18,영화,위 한국 영화 배우-관계자의 부적절한 언행,한국 영화 배우 관계자의 부적절한 언행,2
1-18,영화,"숲 소재 스토리 장르 등이 진부획일적이어서 """,소재 스토리 장르 등이 진부획일적이어서,2
1-18,영화,출 스토리의 짜임새가 떨어저서,스토리의 짜임새가 떨어저서,2
1-18,영화,없음,화 없음,2
1-18,영화,"주 폭력, '노출 등의 표현방식이 너무 자극적이어서",폭력  노출 등의 표현방식이 너무 자극적이어서,2
1-18,영화,번역 자막/더방으로 보기 불편해서,번역 자막-더방으로 보기 불편해서,2
1-18,영화,(중복) 과도한 광고 노출이 많아서,과도한 광고 노출이 많아서,2
1-18,영화,국가 간 역사 -외교적 관계로 인해서,국가 간 역사-외교적 관계로 인해서,2
1-18,영화,디양한 문회에 대한 펴려가 부족해세인종 성소수자 종교 등,다양한 문회에 대한 고려가 부족해세인종 성소수자 종교 등,2
1-18,영화,한국 영화 배우 -관계자의 부적절한 언행,한국 영화 배우 관계자의 부적절한 언행,2
1-18,영화,복 한국 영화 배우-관계자의 부적절하 언행,한국 영화 배우 관계자의 부적절한 언행,2
1-18,영화,흙 소재 스토리 장르 등이 진부획일적이어서,소재 스토리 장르 등이 진부획일적이어서,2
1-18,영화,복 영화루 보는데 비용이 많이 들어서,영화루 보는데 비용이 많이 들어서,2
1-18,영화,둘 스토리의 짜임새가 떨어저서,스토리의 짜임새가 떨어저서,2
1-18,영화,순 번역 자막 더방으로 보기 불편해서,번역 자막-더방으로 보기 불편해서,2
1-18,영화,위 한국 영화 배우 관계자의 부적절한 언행,한국 영화 배우 관계자의 부적절한 언행,2
1-18,영화,수 접하기 어려운 환경이어서 (지청 '경로 부족 인터넷 속되망 문제  정보 부족 등,접하기 어려운 환경이어서 (지청 경로 부족 인터넷 속되망 문제  정보 부족 등,1
1-18,영화,"한국 영화 배우 관계자의 부적절한 언행 """,한국 영화 배우 관계자의 부적절한 언행,1
1-18,영화,다양한 문에 대한 고로마 부족해세인종 성소수자 종교 히,다양한 문에 대한 고까마가 부족해세인종 성소수자 종교 히,1
1-18,영화,출 영화들 보는데 비용이 많이 들어서,영화루 보는데 비용이 많이 들어서,1
1-18,영화,구분 전체 남성 여성,구분 전체 남성 성별 여성,1
1-18,영화,한국 영화 배우 관계자의 부적절한  언행,한국 영화 배우 관계자의 부적절한 언행,1
1-18,영화,흙 다양한 문회에 대한 고려가 부족해세인종 성소수자 종교 등,다양한 문회에 대한 고려가 부족해세인종 성소수자 종교 등,1
1-18,영화,; 영화들 보는데 비용이 많이 들어서,영화루 보는데 비용이 많이 들어서,1
1-18,영화,흙 영화루 보는데 비용이 많이 들어서,영화루 보는데 비용이 많이 들어서,1
1-18,영화,디양한 문에 대한 고가 부족해세인종 성소수자 종교 등,다양한 문회에 대한 고려가 부족해세인종 성소수자 종교 등,1
1-18,영화,접하기 어려운 환경이어서 (시청 경로 부족 인터넷 속되망 문제   정보 부족 등,접하기 어려운 환경이어서 (지청 경로 부족 인터넷 속되망 문제  정보 부족 등,1
1-18,영화,디양한 문화에 대한 고로가 부족해세인종 성소수자 종교,디양한 문화에 대한 고로마가 부족해세인종 성소수자 종교 텅,1
1-18,예능,예 없음,없음,16
1-18,예능,짜임새 있는 포패이 아니고 즉흥적이어서,짜임새 있는 포매이 아니고 즉흥적이어서,12
1-18,예능,예 기타,기타,10
1-18,예능,능 한국어가 어렵고 생소해서,한국어가 어렵고 생소해서,10
1-18,예능,번역 자막더방으로 보기 불편해서,번역 자막-더방으로 보기 불편해서,9
1-18,예능,순 나오는 사람들이 반복적으로 출연해서,나오는 사람들이 반복적으로 출연해서,9
1-18,예능,국가 간 역사 외교적 관계로 인해서,국가 간 역사-외교적 관계로 인해서,8
1-18,예능,번역 자막 더방으로 보기 불편해서,번역 자막-더방으로 보기 불편해서,8
1-18,예능,방송용 자매텍스트 말 풍선 이모티l 등이 너무 많아서,방송용 자매텍스트 말 풍선 이모티서 등이 너무 많아서,8
1-18,예능,방송용 자매텍스 말 풍선 이모티서 덩이 너무 많아서,방송용 자매텍스트 말 풍선 이모티서 등이 너무 많아서,7
1-18,예능,위 매력 있는 스타가 출연하지 않아서,매력 있는 스타가 출연하지 않아서,7
1-18,예능,짜임새 있는 포맺이 아니고 즉흥적이어서,짜임새 있는 포매이 아니고 즉흥적이어서,6
1-18,예능,출연진 관계자의 부적절한  언행,출연진 관계자의 부적절한 언행,6
1-18,예능,게스트들의 토크에 의존하는 포맺이 많아서,게스트들의 토크에 의존하는 포매이 많아서,5
1-18,예능,흙 출연진 관계자의 부적절한 언행,출연진 관계자의 부적절한 언행,4
1-18,예능,위 국가 간 역사 외교적 관계로 인해서,국가 간 역사-외교적 관계로 인해서,4
1-18,예능,복 짜임새 있는 포패이 아니고 즉흥적이어서,짜임새 있는 포매이 아니고 즉흥적이어서,4
1-18,예능,능 과도한 광고 노출이 많아서,과도한 광고 노출이 많아서,4
1-18,예능,국가 간 역사 -외교적 관계로 인해서,국가 간 역사-외교적 관계로 인해서,4
1-18,예능,숲 나오는 사람들이 반복적으로 출연해서,나오는 사람들이 반복적으로 출연해서,4
1-18,예능,(중복) 나오는 사람들이 반복적으로 출연해서,나오는 사람들이 반복적으로 출연해서,4
1-18,예능,위 나오는 사람들이 반복적으로 출연해서,나오는 사람들이 반복적으로 출연해서,4
1-18,예능,중 국가 간 역사-외교적 관계로 인해서,국가 간 역사-외교적 관계로 인해서,4
1-18,예능,위 출연진 관계자의 부적절한 언행,출연진 관계자의 부적절한 언행,4
1-18,예능,순 출연진 관계자의 부적절한 언행,출연진 관계자의 부적절한 언행,4
1-18,예능,능 접하기 어려운 환경이어서,접하기 어려운 환경이어서,4
1-18,예능,(시청 경로 부족 인터넷 속되망 문제 정보 부족 등,접하기 어려운 환경이어서 (시청 경로 부족 인터넷 속되망 문제   정보 부족 등,3
1-18,예능,중 출연진 관계자의 부적절한 언행,출연진 관계자의 부적절한 언행,3
1-18,예능,방송용 자매텍스트 말 풍선 이모티로 등이 너무 많아서,방송용 자매텍스트 말 풍선 이모티서 등이 너무 많아서,3
1-18,예능,순 디양한 문에 대한 고로마 부족해세인종 성소수자 종교 등,디양한 문화에 대한 고로가 부족해세인종 성소수자 종교 등,3
1-18,예능,능 번역 자막더방으로 보기 불편해서,번역 자막-더방으로 보기 불편해서,2
1-18,예능,수 국가 간 역사 외교적 관계로 인해서,국가 간 역사-외교적 관계로 인해서,2
1-18,예능,복 매력 윗능 스타가 출연하지 않아서,매력 있는 스타가 출연하지 않아서,2
1-18,예능,위 짜임새 있는 포패이 아니고 즉흥적이어서,짜임새 있는 포매이 아니고 즉흥적이어서,2
1-18,예능,능 출연진 관계자의 부적절한 언행,출연진 관계자의 부적절한 언행,2
1-18,예능,순 디양한 문회에 대한 고로마가 부족해세인종 성소수자 종교 등,디양한 문화에 대한 고로가 부족해세인종 성소수자 종교 등,2
1-18,예능,복 나오는 사람들이 반복적으로 출연해서,나오는 사람들이 반복적으로 출연해서,2
1-18,예능,나오는 사람들이 반복적으로 출연해서 위 게스트들의 토크에 의존하는 포매이 많아서,게스트들의 토크에 의존하는 포매이 많아서,2
1-18,예능,능 없음,없음,2
1-18,예능,숲 방송용 지매텍스 말 풍선 이모티서 등이 너무 많아서,방송용 자매텍스트 말 풍선 이모티서 등이 너무 많아서,2
1-18,예능,위 출현진-관계자의 부적절한 언행,출연진 관계자의 부적절한 언행,2
1-18,예능,복 짜임새 윗는 포패이 아니고 즉흥적이어서,짜임새 있는 포매이 아니고 즉흥적이어서,2
1-18,예능,수 나오는 사람들이 반복적으로 출연해서,나오는 사람들이 반복적으로 출연해서,2
1-18,예능,순위   나오는 사람들이 반복적으로 출연해서,나오는 사람들이 반복적으로 출연해서,2
1-18,예능,디양한 문회에 대한 펴가 부족해세인종 성소수자 종교 등,디양한 문화에 대한 고로가 부족해세인종 성소수자 종교 등,2
1-18,예능,순 게스트들의 토크에 의존하는 포맺이 많아서,게스트들의 토크에 의존하는 포매이 많아서,2
1-18,예능,방송용 자매텍스 말 풍선 이모티서 등이 너무 많아서,방송용 자매텍스트 말 풍선 이모티서 등이 너무 많아서,2
1-18,예능,흙 나오는 사람들이 반복적으로 출연해서,나오는 사람들이 반복적으로 출연해서,2
1-18,예능,다양한 문에 대한 고로마가 부족해세인종 성소수자 종교 등,다양한 문에 대한 고까마가 부족해세인종 성소수자 종교 히,2
1-18,예능,숲 국가 간 역사-외교적 관계로 인해서,국가 간 역사-외교적 관계로 인해서,2
1-18,예능,중 게스트들의 토크에 의존하는 포매이 많아서,게스트들의 토크에 의존하는 포매이 많아서,2
1-18,예능,복 짜임새 있는 포패이 아니고 즉:적이어서,짜임새 있는 포매이 아니고 즉흥적이어서,2
1-18,예능,위 국가 간 역사-외교적 관계로 인해서,국가 간 역사-외교적 관계로 인해서,2
1-18,예능,과도한  광고 노출이 많아서,과도한 광고 노출이 많아서,2
1-18,예능,위 디양한 문에 대한 고가 부족해세인종 성소수자 종교 등,디양한 문화에 대한 고로가 부족해세인종 성소수자 종교 등,2
1-18,예능,매력 잇는 스타가 출연하지 않아서,매력 있는 스타가 출연하지 않아서,2
1-18,예능,복 국가 간 역사 -외교적 관계로 인해서,국가 간 역사-외교적 관계로 인해서,2
1-18,예능,중 짜임새 있는 포맺이 아니고 즉흥적이어서,짜임새 있는 포매이 아니고 즉흥적이어서,2
1-18,예능,복 나오는 사람들이_반복적으로 출연해서,나오는 사람들이 반복적으로 출연해서,2
1-18,예능,위 게스트들의 토크에 의존하는 포매이 많아서,게스트들의 토크에 의존하는 포매이 많아서,2
1-18,예능,능 번역 자막 더방으로 보기 불편해서,번역 자막-더방으로 보기 불편해서,2
1-18,예능,수 짜임새 있는 포매이 아니고 즉흥적이어서,짜임새 있는 포매이 아니고 즉흥적이어서,2
1-18,예능,순위 매력 있는 스타가 출연하지 않아서,매력 있는 스타가 출연하지 않아서,2
1-18,예능,흙 국가 간 역사 외교적 관계로 인해서,국가 간 역사-외교적 관계로 인해서,2
1-18,예능,순 출연진 -관계자의 부적절한 언행,출연진 관계자의 부적절한 언행,2
1-18,예능,위 번역 자막 더방으로 보기 불편해서,번역 자막-더방으로 보기 불편해서,2
1-18,예능,둘 게스트들의 토크에 의존하는 포매이 많아서,게스트들의 토크에 의존하는 포매이 많아서,2
1-18,예능,예 매력 있는 스타가 출연하지 않아서,매력 있는 스타가 출연하지 않아서,2
1-18,예능,방송용 자매텍스 말 풍선 이모티로 등이 너무 많아서,방송용 자매텍스트 말 풍선 이모티서 등이 너무 많아서,1
1-18,예능,접하기 어려운 환경이어서 (지청 '경로 부족 인터넷 속되망 문제  정보 부족 등,접하기 어려운 환경이어서 (시청 경로 부족 인터넷 속되망 문제   정보 부족 등,1
1-18,예능,둘 나오는 사람들이 반복적으로 출연해서,나오는 사람들이 반복적으로 출연해서,1
1-18,예능,흙 다양한 문에 대한 고로과가 부족해세인종 성소수자 종교 등,흙 다양한 문에 대한 고로가 부족해세인종 성소수자 종교,1
1-18,예능,방송용 자매텍스트 말 풍선 이모티 등이 너무 많아서,방송용 자매텍스트 말 풍선 이모티서 등이 너무 많아서,1
1-18,예능,(시청 경로 부족 인터넷 속되망 문제  정보 부족 등,접하기 어려운 환경이어서 (시청 경로 부족 인터넷 속되망 문제   정보 부족 등,1
1-18,예능,순 방송용 자패텍스 말 풍선 이모티서 등이 너무 많아서,방송용 자매텍스트 말 풍선 이모티서 등이 너무 많아서,1
1-18,예능,수 다양한 문에 대한 고로까가 부족해세인종 성소수자 종교 텅,흙 다양한 문에 대한 고로가 부족해세인종 성소수자 종교,1
1-18,예능,중 나오는 사람들이 반복적으로 출연해서,나오는 사람들이 반복적으로 출연해서,1
1-18,예능,다양한 문회에 대한 고로가 부족해세인종 성소수자 종교 등,디양한 문화에 대한 고로가 부족해세인종 성소수자 종교 등,1
1-18,예능,흙 과도한 광고 노출이 많아서,과도한 광고 노출이 많아서,1
1-18,예능,디양한 문화에 대한 고로가 부족해세인종 성소수자 종교 텅,디양한 문화에 대한 고로가 부족해세인종 성소수자 종교 등,1
1-18,예능,접하기 어려운 환경이어서 (지청 경로 부족 인터넷 속되망 문제  정보 부족 등,접하기 어려운 환경이어서 (시청 경로 부족 인터넷 속되망 문제   정보 부족 등,1
1-18,예능,순 디양한 문화에 대한 고로가 부족해세인종 성소수자 종교 등,디양한 문화에 대한 고로가 부족해세인종 성소수자 종교 등,1
1-18,예능,다양한 문최에 대한 고로가 부족해세인종 성소수자 종교,디양한 문화에 대한 고로가 부족해세인종 성소수자 종교 등,1
1-18,예능,위 디양한 문최에 대한 고로가 부족해세인종 성소수자 종교 등,디양한 문화에 대한 고로가 부족해세인종 성소수자 종교 등,1
1-18,예능,수 게스트들의 토크에 의존하는 포매이 많아서,게스트들의 토크에 의존하는 포매이 많아서,1
1-18,예능,(시청 경로 부족 인터넷 속되망 문제   정보 부족 등,접하기 어려운 환경이어서 (시청 경로 부족 인터넷 속되망 문제   정보 부족 등,1
1-18,예능,순 게스트들의 토크에 의존하는 포패이 많아서,게스트들의 토크에 의존하는 포매이 많아서,1
1-18,예능,흙 방송용 지맥텍스 말 풍선 이모티롬 등이 너무 많서,방송용 지맥텍스 말 풍선 이모티롬 등이 너무 많서,1
1-18,예능,디양한 문화에 대한 고로마 부족해세인종 성소수자 종교 등,디양한 문화에 대한 고로가 부족해세인종 성소수자 종교 등,1
1-18,예능,방송용 자매텍스 말 풍선 이모티 등이 너무 많아서,방송용 자매텍스트 말 풍선 이모티서 등이 너무 많아서,1
1-18,예능,다양한 문회에 대한 고려마가 부족해세인종 성소수자 종교,다양한 문에 대한 고까마가 부족해세인종 성소수자 종교 히,1
1-18,예능,위 게스트들의 토크에 의존하는 포맺이 많아서,게스트들의 토크에 의존하는 포매이 많아서,1
1-18,예능,다양한 문회에 대한 고가 부족해세인종 성소수자 종교 등,디양한 문화에 대한 고로가 부족해세인종 성소수자 종교 등,1
1-18,예능,흙 국가 간 역사-외교적 관계로 인해서,국가 간 역사-외교적 관계로 인해서,1
1-18,예능,다양한 문회에 대한 고마가 부족해세인종 성소수자 종교,다양한 문에 대한 고까마가 부족해세인종 성소수자 종교 히,1
1-18,예능,다양한 문에 대한 고로마 부족해세인종 성소수자 종교 히,다양한 문에 대한 고까마가 부족해세인종 성소수자 종교 히,1
1-18,예능,다양한 문화에 대한 고로마가 부족해세인종 성소수자 종교 등,다양한 문에 대한 고까마가 부족해세인종 성소수자 종교 히,1
1-18,예능,방송용 지매텍스 말 풍선 이모티서 덩이 너무 많아서,방송용 자매텍스트 말 풍선 이모티서 등이 너무 많아서,1
1-18,예능,순 과도한 광고 노출이 많아서,과도한 광고 노출이 많아서,1
1-18,예능,방송용 자매텍스트 말 풍선 이모티롬 등이 너무 많아서,방송용 자매텍스트 말 풍선 이모티서 등이 너무 많아서,1
1-18,예능,다양한 문회에 대한 고로가 부족해세인종 성소수자 종교,디양한 문화에 대한 고로가 부족해세인종 성소수자 종교 등,1
1-18,예능,흙 게스트들의 토크에 의존하는 포맺이 많아서,게스트들의 토크에 의존하는 포매이 많아서,1
1-18,예능,복 출영진-관계자의 부적절화_언행,복 출연진-관계자의 부적절한_언행,1
1-18,예능,다양한 문화에 대한 고로까가 부족해세인종 성소수자 종교 텅,디양한 문화에 대한 고로가 부족해세인종 성소수자 종교 등,1
1-18,예능,둘 게스트들의 토크에 의존하는 포맺이 많아서,게스트들의 토크에 의존하는 포매이 많아서,1
1-18,웹툰,캐릭터가 맘에 들지 않아서,스토리가 맘에 들지 않아서,36
1-18,웹툰,웬 없음,없음,28
1-18,웹툰,한국적 요소가 강해세한국 문화전통스토리 등,한국적 요소가 강해세한국 문화전통스토리 등),18
1-18,웹툰,국가 간 역사 외교적 관계로 인해서,국가 간 역사-외교적 관계로 인해서,17
1-18,웹툰,번역이 미롭해서,번역이 미혼해서,15
1-18,웹툰,연재 주기가 불규칙해세휴재 변경 등,연재 주기가 불규칙해세유재 변경 등,12
1-18,웹툰,소재  장르 등이 진부획일적이어서,소재 장르 등이 진부획일적이어서,10
1-18,웹툰,흙 스토리가 맘에 들지 않아서,스토리가 맘에 들지 않아서,8
1-18,웹툰,위 내용이 선정적이고 폭력적이어서,내용이 선정적이고 폭력적이어서,6
1-18,웹툰,흙 언어와 문화가 달라 내용올 이해하기 어려워서,언어와 문화가 달라 내용올 이해하기 어려워서,6
1-18,웹툰,복 내용이 선정적이고 폭력적이어서,내용이 선정적이고 폭력적이어서,6
1-18,웹툰,톤 접하기 어려운 환경이어서,접하기 어려운 환경이어서,6
1-18,웹툰,톤 언어와 문화가 달라 내용올 이해하기 어려워서,언어와 문화가 달라 내용올 이해하기 어려워서,6
1-18,웹툰,톤 번역이 미혼해서,번역이 미혼해서,6
1-18,웹툰,다양한 문에 대한 고까가 부족해세인종 성소수자 종교 히,다양한 문에 대한 고까마가 부족해세인종 성소수자 종교 히,5
1-18,웹툰,(시청 경로 부족 인터넷 속되망 문제   정보 부족 등,접하기 어려운 환경이어서 (시청 경로 부족 인터넷 속되망 문제   정보 부족 등,5
1-18,웹툰,소재 장르 등이 진부 획일적이어서,소재 장르 등이 진부획일적이어서,5
1-18,웹툰,다양한 문회에 대한 고로가 부족해세인종 성소수자 종교 등,디양한 문화에 대한 고로가 부족해세인종 성소수자 종교 등,4
1-18,웹툰,다양한 문에 대한 고로가 부족해세인종 성소수자 종교 등,다양한 문에 대한 고까마가 부족해세인종 성소수자 종교 히,4
1-18,웹툰,톤 연재 주기가 불규칙해세유재 변경 등,연재 주기가 불규칙해세유재 변경 등,4
1-18,웹툰,한국적 요소가 강해세한국 문회전통스토리 등,한국적 요소가 강해세한국 문화전통스토리 등),4
1-18,웹툰,복 이용하는데 비용이 많이 들어서,이용하는데 비용이 많이 들어서,4
1-18,웹툰,흙 국가 간 역사 외교적 관계로 인해서,국가 간 역사-외교적 관계로 인해서,4
1-18,웹툰,흙 이용하는데 비용이 많이 들어서,이용하는데 비용이 많이 들어서,4
1-18,웹툰,과도한  광고 노출이 많아서,과도한 광고 노출이 많아서,4
1-18,웹툰,연재 주기가 불규칙해세유재 변경 등),연재 주기가 불규칙해세유재 변경 등,4
1-18,웹툰,(시청 경로 부족 인터넷 속되망 문제 정보 부족 등,접하기 어려운 환경이어서 (시청 경로 부족 인터넷 속되망 문제   정보 부족 등,3
1-18,웹툰,흙 접하기 어려운 환경이어서,접하기 어려운 환경이어서,3
1-18,웹툰,순 연재 주기가 불규칙해세유재 변경 등,연재 주기가 불규칙해세유재 변경 등,2
1-18,웹툰,둘 소재 장르 등이 진부획일적이어서,소재 장르 등이 진부획일적이어서,2
1-18,웹툰,흙 연재 주기가 불규칙해세유재 변경 등,연재 주기가 불규칙해세유재 변경 등,2
1-18,웹툰,복 사용자 환경이 불편해서,사용자 환경이 불편해서,2
1-18,웹툰,위 사용자 환경이 불편해서,사용자 환경이 불편해서,2
1-18,웹툰,순 한국적 요소가 강해세한국 문화전통스토리 등),한국적 요소가 강해세한국 문화전통스토리 등),2
1-18,웹툰,위 언어와 문화가 달라 내용올 이해하기 어려워서,언어와 문화가 달라 내용올 이해하기 어려워서,2
1-18,웹툰,위 과도한 광고 노출이 많아서,과도한 광고 노출이 많아서,2
1-18,웹툰,복 내용이 원전정적이고 폭력적이어서,내용이 선정적이고 폭력적이어서,2
1-18,웹툰,다양한 문회에 대한 고마가 부족해세인종 성소수자 종교 등,다양한 문에 대한 고까마가 부족해세인종 성소수자 종교 히,2
1-18,웹툰,한국적 요소가 강해세한국 문화전통스토리,한국적 요소가 강해세한국 문화전통스토리 등),2
1-18,웹툰,흙 한국적 요소가 강해세한국 문화전통스토리 등),한국적 요소가 강해세한국 문화전통스토리 등),2
1-18,웹툰,수 소재 장르 등이 진부획일적이어서,소재 장르 등이 진부획일적이어서,2
1-18,웹툰,수 소재  장르 등이 진부획일적이어서,소재 장르 등이 진부획일적이어서,2
1-18,웹툰,디양한 문회에 대한 펴가 부족해세인종 성소수자 종교 등,디양한 문화에 대한 고로가 부족해세인종 성소수자 종교 등,2
1-18,웹툰,번역이 미혼름해서,번역이 미혼해서,2
1-18,웹툰,순위 사용자 환경이 불편해서,사용자 환경이 불편해서,2
1-18,웹툰,다양한 문화에 대한 고로까가 부족해세인종 성소수자 종교 등,디양한 문화에 대한 고로가 부족해세인종 성소수자 종교 등,2
1-18,웹툰,(시청 경로 부족 인터넷 속되망 문제  정보 부족 등,접하기 어려운 환경이어서 (시청 경로 부족 인터넷 속되망 문제   정보 부족 등,2
1-18,웹툰,디양한 문화에 대한 고로마가 부족해세인종 성소수자 종교 텅,디양한 문화에 대한 고로가 부족해세인종 성소수자 종교 등,2
1-18,웹툰,순 사용자 환경이 불편해서,사용자 환경이 불편해서,2
1-18,웹툰,현재 주기가 불규칙해세유재 변경 등,연재 주기가 불규칙해세유재 변경 등,2
1-18,웹툰,복 소재 장르 등이 진부획일적이어서,소재 장르 등이 진부획일적이어서,2
1-18,웹툰,위 한국적 요소가 강해세한국 문화전통스토리 등,한국적 요소가 강해세한국 문화전통스토리 등),2
1-18,웹툰,복 소재   장르 등이 _진부획일적이어서,소재 장르 등이 진부획일적이어서,2
1-18,웹툰,다양한 문회에 대한 고려마가 부족해세인종 성소수자 종교,다양한 문에 대한 고까마가 부족해세인종 성소수자 종교 히,2
1-18,웹툰,순위 내용이 선정적이고 폭력적이어서,내용이 선정적이고 폭력적이어서,2
1-18,웹툰,(중복) 소재   장르 등이 진부 획일적이어서,소재 장르 등이 진부획일적이어서,2
1-18,웹툰,흙 소재  장르 등이 진부획일적이어서,소재 장르 등이 진부획일적이어서,2
1-18,웹툰,다양한 문회에 대한 고려가 부족해세인종 성소수자 종교 등,디양한 문화에 대한 고로가 부족해세인종 성소수자 종교 등,2
1-18,웹툰,순 연재 주기가 불규칙해세휴재 변경 등,연재 주기가 불규칙해세유재 변경 등,2
1-18,웹툰,위 그림체가 마음에 들지 않아서,그림체가 마음에 들지 않아서,2
1-18,웹툰,흙 국가 간 역사-외교적 관계로 인해서,국가 간 역사-외교적 관계로 인해서,2
1-18,웹툰,(검색 폐의지 넘김 덧글 쓰기 결제 편리성 등,(검색 폐이지 넘김 대글 쓰기 결제 편리성 등,2
1-18,웹툰,복 국가 간 역사-외교적 관계로 인해서,국가 간 역사-외교적 관계로 인해서,2
1-18,웹툰,톤 사용자 환경이 불편해서,사용자 환경이 불편해서,2
1-18,웹툰,순위 이용하는데 비용이 많이 들어서,이용하는데 비용이 많이 들어서,2
1-18,웹툰,(중복) 국가 간 역사-외교적 관계로 인해서,국가 간 역사-외교적 관계로 인해서,2
1-18,웹툰,소재   장르 등이 진부획일적이어서,소재 장르 등이 진부획일적이어서,2
1-18,웹툰,복 이용하논데 비용이 많이 들어서,이용하는데 비용이 많이 들어서,2
1-18,웹툰,슈 언어와 문화가 달라 내용올 이해하기 어려워서,언어와 문화가 달라 내용올 이해하기 어려워서,2
1-18,웹툰,스토리가 맘에 들지 않아서 품,스토리가 맘에 들지 않아서,2
1-18,웹툰,중 소재 장르 등이 진부획일적이어서,소재 장르 등이 진부획일적이어서,2
1-18,웹툰,수 과도한 광고 노출이 많아서,과도한 광고 노출이 많아서,2
1-18,웹툰,다양한 문회에 대한 고가 부족해세인종 성소수자 종교 등,디양한 문화에 대한 고로가 부족해세인종 성소수자 종교 등,2
1-18,웹툰,"복 소재, 장르 등이 진부획일적이어서",소재 장르 등이 진부획일적이어서,2
1-18,웹툰,흙,Q,2
1-18,웹툰,복 내용이 선정적이고똑력적이어서,내용이 선정적이고 폭력적이어서,2
1-18,웹툰,순 그림체가 마음에 들지 않아서,그림체가 마음에 들지 않아서,1
1-18,웹툰,복 내용이 선정적이고_폭력적이어서,내용이 선정적이고 폭력적이어서,1
1-18,웹툰,(검색 폐이지 넘김 덧글 쓰 결제 편리성 등,(검색 폐이지 넘김 대글 쓰기 결제 편리성 등,1
1-18,웹툰,흙 소재 장르 등이 진부획일적이어서,소재 장르 등이 진부획일적이어서,1
1-18,웹툰,다양한 문회에 대한 고마가 부족해세인종 성소수자 종교,다양한 문에 대한 고까마가 부족해세인종 성소수자 종교 히,1
1-18,웹툰,디양한 문에 대한 고로가 부족해세인종 성소수자 종교 등,디양한 문화에 대한 고로가 부족해세인종 성소수자 종교 등,1
1-18,웹툰,다양한 문회에 대한 고로가 부족해세인종 성소수자 종교 히,다양한 문에 대한 고까마가 부족해세인종 성소수자 종교 히,1
1-18,웹툰,디양한 문에 대한 고가 부족해세인종 성소수자 종교 등,디양한 문화에 대한 고로가 부족해세인종 성소수자 종교 등,1
1-18,웹툰,이용하늘데 비용이 많이 들어서,이용하는데 비용이 많이 들어서,1
1-18,웹툰,시,Q,1
1-18,웹툰,(중복) 소재 장르 등이 진부 획일적이어서,소재 장르 등이 진부획일적이어서,1
1-18,웹툰,이용하는데 비용이 많이 들어서 (검색 폐이지 넘김 대글 쓰기 결제 편리성 등,(검색 폐이지 넘김 대글 쓰기 결제 편리성 등,1
1-18,웹툰,다양한 문회에 대한 고가 부족해세인종 성소수자 종교 히,다양한 문에 대한 고까마가 부족해세인종 성소수자 종교 히,1
1-18,웹툰,수 연재 주기가 불규칙해세유재 변경 등,연재 주기가 불규칙해세유재 변경 등,1
1-18,웹툰,흙 다양한 문회에 대한 고마가 부족해세인종 성소수자 종교 등,다양한 문회에 대한 펴가 부족해세인종 성소수자 종교 등,1
1-18,웹툰,이용하는데 비용이 많이 들어서 꿈,이용하는데 비용이 많이 들어서,1
1-18,웹툰,다양한 문회에 대한 고까마가 부족해세인종 성소수자 종교 등,다양한 문에 대한 고까마가 부족해세인종 성소수자 종교 히,1
1-18,웹툰,둘 디양한 문화에 대한 고로마가 부족해세인종 성소수자 종교 텅,디양한 문화에 대한 고로가 부족해세인종 성소수자 종교 등,1
1-18,웹툰,복 그림제가 마음예 들지 않아서,복 그함제가 마음예 지 않아서,1
1-18,웹툰,과도한 광고 노출이 많아서 연재 주기가 불규칙해세유재 변경 등,연재 주기가 불규칙해세유재 변경 등,1
1-18,웹툰,(검색 폐이지 넘김 덧글 쓰기 결제 편리성 등,(검색 폐이지 넘김 대글 쓰기 결제 편리성 등,1
1-18,웹툰,디양한 문회에 대한 고로가 부족해세인종 성소수자 종교 등,디양한 문화에 대한 고로가 부족해세인종 성소수자 종교 등,1
1-18,웹툰,수 사용자 환경이 불편해서,사용자 환경이 불편해서,1
1-18,음식,국가 간 역사-외교적 관계로 인해서,국가 간 역사 외교적 관계로 인해서,26
1-18,음식,식사 도귀순가락 젓가렉의 사용이 어려워서,식사 도귀술가락 젓가렉의 사용이 어려워서,13
1-18,음식,음식올 나뉘먹는 문화가 어색해서,음식울 나뉘먹는 문화가 어색해서,12
1-18,음식,재회조리법올 알 수 없어서,재료조리법올 알 수 없어서,10
1-18,음식,둘 좋아하는 맛과 향이 아니어서,좋아하는 맛과 향이 아니어서,10
1-18,음식,식사 도귀소가락 젓가렉의 사용이 어려워서,식사 도귀술가락 젓가렉의 사용이 어려워서,9
1-18,음식,다양한 문화에 대한 고려가 부족해서,다양한 문화에 대한 펴려가 부족해서,7
1-18,음식,둘 음식올 나뉘먹는 문화가 어색해서,음식울 나뉘먹는 문화가 어색해서,6
1-18,음식,올 없음,욕 없음,6
1-18,음식,다양환 문화에 대한 펴려가 부족해서,다양한 문화에 대한 펴려가 부족해서,5
1-18,음식,식사 도귀순가락  젓가렉의 사용이 어려워서,식사 도귀술가락 젓가렉의 사용이 어려워서,4
1-18,음식,없음,욕 없음,4
1-18,음식,둘 식사 도귀술가락 젓가렉의 사용이 어려워서,식사 도귀술가락 젓가렉의 사용이 어려워서,4
1-18,음식,둘 제공하는 음식이 다양하지 않아서,제공하는 음식이 다양하지 않아서,4
1-18,음식,슈 좋아하는 맛과 향이 아니어서,좋아하는 맛과 향이 아니어서,4
1-18,음식,식사 도귀순가락  젓가루의 사용이 어려워서,식사 도귀술가락 젓가렉의 사용이 어려워서,4
1-18,음식,소 음식흘올 나뉘먹는 문화가 어색해서,음식울 나뉘먹는 문화가 어색해서,2
1-18,음식,슈 식사 도귀순가락 젓가렉의 사용이 어려워서,식사 도귀술가락 젓가렉의 사용이 어려워서,2
1-18,음식,수 제공하는 음식이 다양하지 않아서,제공하는 음식이 다양하지 않아서,2
1-18,음식,수 좋아하는 맛과 향이 아니어서,좋아하는 맛과 향이 아니어서,2
1-18,음식,슈 국가 간 역사-외교적 관계로 인해서,국가 간 역사 외교적 관계로 인해서,2
1-18,음식,식사 도귀술가락  젓가루의 사용이 어려워서,식사 도귀술가락 젓가렉의 사용이 어려워서,2
1-18,음식,디양한 문화에 대한 고려가 부족해서,다양한 문화에 대한 펴려가 부족해서,2
1-18,음식,(중복) 싹사 도퀴술가락 젓가렉의 사용이 어려워서,식사 도귀술가락 젓가렉의 사용이 어려워서,2
1-18,음식,국가 간 역사 -외교적 관계로 인해서,국가 간 역사 외교적 관계로 인해서,2
1-18,음식,슈 다양환 문화에 대한 펴려가 부족해서,다양한 문화에 대한 펴려가 부족해서,2
1-18,음식,슈 음식올 나뉘먹는 문화가 어색해서,음식울 나뉘먹는 문화가 어색해서,2
1-18,음식,둘 재료조리법올 알 수 없어서,재료조리법올 알 수 없어서,2
1-18,음식,좋아하는 맛과 향이 아니어서 국가 간 역사-외교적 관계로 인해서,국가 간 역사 외교적 관계로 인해서,2
1-18,음식,식사 도귀순가락 젓가루의 사용이 어려워서,식사 도귀술가락 젓가렉의 사용이 어려워서,2
1-18,음식,(중복) 음식흘 나뉘먹는 문화가 어색해서,음식울 나뉘먹는 문화가 어색해서,2
1-18,음식,틈 좋아하는 맛과 향이 아니어서,좋아하는 맛과 향이 아니어서,2
1-18,음식,흙 좋아하는 맛과 향이 아니어서,좋아하는 맛과 향이 아니어서,2
1-18,음식,슈 제공하는 음식이 다양하지 않아서,제공하는 음식이 다양하지 않아서,2
1-18,음식,수 다양한 문화에 대한 펴려가 부족해서,다양한 문화에 대한 펴려가 부족해서,1
1-18,음식,둘 다양한 문화에 대한 고려가 부족해서,다양한 문화에 대한 펴려가 부족해서,1
1-18,음식,"(종페할증 채식 ""식문화 등",슈 (종페할증  채식 '식문화 등,1
1-18,음식,"(종피길, 채식 식문화 등","둘 (종괴할월, 채식 식문화 등",1
1-18,음식,"(종피할길, 채식 식문화 등",(종피할  채식 식문화 등,1
1-18,음식,(종피할/  채식 식문화 등,(종피할  채식 식문화 등,1
1-18,음식,둘 (종괴할렉 채식 식문화 등,"둘 (종괴할월, 채식 식문화 등",1
1-18,음식,둘 (종피할길  채식 식문화 등 다양환 문화에 대한 펴려가 부족해서,다양한 문화에 대한 펴려가 부족해서,1
1-18,음식,순위 (종괴할렉 채식 식문화 등 다양한 문화에 대한 펴려가 부족해서,다양한 문화에 대한 펴려가 부족해서,1
1-18,음식,(종교할철  채식 식문화 등,(종피할  채식 식문화 등,1
1-18,음악,없음,음 없음,26
1-18,음악,국가 간 역사-외교적 관계로 인해서,국가 간 역사 외교적 관계로 인해서,25
1-18,음악,지나치게 상업적이어세관련 상품국직) 포토카드 등),지나치게 상업적이어세관련 상품국즈) 포토카드 등),18
1-18,음악,한국 음악울 듣는 것에 대한 주위 반응이 쫓지 않아서,한국 음악울 튿는 것에 대한 주위 반응이 쫓지 않아서,16
1-18,음악,악 한국어 가사가 어렵고 생소해서,한국어 가사가 어렵고 생소해서,16
1-18,음악,자국에서 팬 이번트 개최 부족,자국에서 팬 이멘트 개최 부족,9
1-18,음악,수 자국 내 곳즈 구입 경로 부족,자국 내 곳즈 구입 경로 부족,5
1-18,음악,지나치게 상업적이어서관련 상품국직) 포토카드 등),지나치게 상업적이어세관련 상품국즈) 포토카드 등),5
1-18,음악,디양한 문회에 대한 펴가 부족해세인종 성소수자 종교 등,다양한 문회에 대한 고로가 부족해세인종 성소수자 종교 등,5
1-18,음악,음악의 장르가 획일적이어서,음악의 장르가 확일적이어서,4
1-18,음악,한국 음악울 튿는 젓에 대한 주위 반응이 종지 않아서,한국 음악울 튿는 것에 대한 주위 반응이 쫓지 않아서,4
1-18,음악,수 한국 가수의 외모가 친숙하지 않아서,한국 가수의 외모가 친숙하지 않아서,4
1-18,음악,올 없음,음 없음,4
1-18,음악,자국에서 팬 이벤트 개최 부족,자국에서 팬 이멘트 개최 부족,4
1-18,음악,슈 자국에서 팬 이멘트 개최 부족,자국에서 팬 이멘트 개최 부족,4
1-18,음악,다양한 문에 대한 고로가 부족해세인종 성소수자 종교 등,다양한 문에 대한 고까마가 부족해세인종 성소수자 종교 히,3
1-18,음악,둘 한국 아이돌 기획사의 경쟁 시스템이 심해서,한국 아이돌 기획사의 경쟁 시스템이 심해서,3
1-18,음악,흙 음악 자체가 쫓지 않아세수준이 낮아서,음악 자체가 쫓지 않아세수준이 낮아서,3
1-18,음악,순 팬덤 문화가 폐쇄적배타적이어서,팬덤 문화가 폐쇄적 배타적이어서,2
1-18,음악,위 자국 내 곳즈 구입 경로 부족,자국 내 곳즈 구입 경로 부족,2
1-18,음악,복 사회-도덕적 가치에 반하는 내용이어서,사회 도덕적 가치에 반하는 내용이어서,2
1-18,음악,약 없음,음 없음,2
1-18,음악,지나치게 상업적이어세관련 상품(국즈)   포토카드 등),지나치게 상업적이어세관련 상품국즈) 포토카드 등),2
1-18,음악,흙 자국에서 팬 이번트 개최 부족,자국에서 팬 이멘트 개최 부족,2
1-18,음악,복 음악 자체가 지 않아세 수준이 엿아서,음악 자체가 쫓지 않아세수준이 낮아서,2
1-18,음악,둘 퍼포먼스 대비 가창 실력이 부족해서,퍼포먼스 대비 가창 실력이 부족해서,2
1-18,음악,지나치게 상업적이어세관련 상품국즈   포토카드 등),지나치게 상업적이어세관련 상품국즈) 포토카드 등),2
1-18,음악,위 사회 도덕적 가치에 반하는 내용이어서,사회 도덕적 가치에 반하는 내용이어서,2
1-18,음악,수 한국 음악울 튿는 것에 대한 주위 반응이 쫓지 않아서,한국 음악울 튿는 것에 대한 주위 반응이 쫓지 않아서,2
1-18,음악,순 자국에서 팬 이벤트 개최 부족,자국에서 팬 이멘트 개최 부족,2
1-18,음악,위 한국 음악울 튿는 것에 대한 주위 반응이 종지 않서,한국 음악울 튿는 것에 대한 주위 반응이 쫓지 않아서,2
1-18,음악,툼 다양한 문에 대한 고까가 부족해세인종 성소수자 종교 히,다양한 문에 대한 고까마가 부족해세인종 성소수자 종교 히,2
1-18,음악,순 한국 가수의 외모가 친숙하지 않아서,한국 가수의 외모가 친숙하지 않아서,2
1-18,음악,다양한 문에 대한 고까과가 부족해세인종 성소수자 종교 히,다양한 문에 대한 고까마가 부족해세인종 성소수자 종교 히,2
1-18,음악,순 자국에서 팬 이멘트 개최 부족,자국에서 팬 이멘트 개최 부족,2
1-18,음악,위 지나치게 상업적이어세관련 상품국즈) 포토카드 등,지나치게 상업적이어세관련 상품국즈) 포토카드 등),2
1-18,음악,둘 한국 가수의 외모가 친숙하지 않아서,한국 가수의 외모가 친숙하지 않아서,2
1-18,음악,퍼포면스 대비 가창 실력이 부족해서,퍼포먼스 대비 가창 실력이 부족해서,2
1-18,음악,한국 음악올 튿는 것에 대한 주위 반응이 쫓지 않아서,한국 음악울 튿는 것에 대한 주위 반응이 쫓지 않아서,2
1-18,음악,슈 한국 가수의 외모가 친숙하지 않아서,한국 가수의 외모가 친숙하지 않아서,2
1-18,음악,디양한 문화에 대한 고로마 부족해세인종 성소수자 종교 등,다양한 문회에 대한 고로가 부족해세인종 성소수자 종교 등,2
1-18,음악,둘 음악 자체가 쫓지 않아세수준이 낮아서,음악 자체가 쫓지 않아세수준이 낮아서,2
1-18,음악,수 자국에서 팬 이번트 개최 부족,자국에서 팬 이멘트 개최 부족,2
1-18,음악,흙 음악의 장르가 확일적이어서,음악의 장르가 확일적이어서,2
1-18,음악,음 기타,기타,2
1-18,음악,지나치게 상업적이어서관련 상품(국즈) 포토카드 등),지나치게 상업적이어세관련 상품국즈) 포토카드 등),2
1-18,음악,순위 자국 내 곳즈 구입 경로 부족,자국 내 곳즈 구입 경로 부족,2
1-18,음악,흙 자국에서 팬 이벤트 개최 부족,자국에서 팬 이멘트 개최 부족,2
1-18,음악,복 한육 가수의 외모가 친숙하지 않아서,한국 가수의 외모가 친숙하지 않아서,2
1-18,음악,지나치게 상업적이어세관련 상품국즈) 포토카드 등,지나치게 상업적이어세관련 상품국즈) 포토카드 등),2
1-18,음악,둘 자국 내 곳즈 구입 경로 부족,자국 내 곳즈 구입 경로 부족,2
1-18,음악,둘 국가 간 역사-외교적 관계로 인해서,국가 간 역사 외교적 관계로 인해서,2
1-18,음악,지나치게 상업적이어세관련 상품(국즈) 포토카드 등),지나치게 상업적이어세관련 상품국즈) 포토카드 등),2
1-18,음악,다양한 문회에 대한 고마가 부족해세인종 성소수자 종교,다양한 문에 대한 고까마가 부족해세인종 성소수자 종교 히,2
1-18,음악,순 한국 아이돌 기획사의 경쟁 시스템이 심해서,한국 아이돌 기획사의 경쟁 시스템이 심해서,2
1-18,음악,위 자국에서 팬 이벤트 개최 부족,자국에서 팬 이멘트 개최 부족,2
1-18,음악,음 '악의 장르가 확일적이어서,음악의 장르가 확일적이어서,2
1-18,음악,한국 가수의 외모가 친숙하지 않아서 음악 자체가 쫓지 않아세수준이 낮아서,음악 자체가 쫓지 않아세수준이 낮아서,2
1-18,음악,퍼포먼스 대비 가창  실력이 부족해서,퍼포먼스 대비 가창 실력이 부족해서,2
1-18,음악,한국 음악을 튿는 것에 대한 주위 반응이 쫓지 않아서,한국 음악울 튿는 것에 대한 주위 반응이 쫓지 않아서,2
1-18,음악,음악의 장르가 확일적이어서 한국 아이돌 기획사의 경쟁 시스템이 심해서,한국 아이돌 기획사의 경쟁 시스템이 심해서,2
1-18,음악,다양한 문에 대한 고로가 부족해세인종 성소수자 종교 당,다양한 문에 대한 고까마가 부족해세인종 성소수자 종교 히,2
1-18,음악,복 한육-가수의 외모가 친숙하지 않아서,한국 가수의 외모가 친숙하지 않아서,2
1-18,음악,한국 아이돌 기획사의 경쟁 시스템이 심해서 품,한국 아이돌 기획사의 경쟁 시스템이 심해서,2
1-18,음악,흙 한국 가수의 외모가 친숙하지 않아서,한국 가수의 외모가 친숙하지 않아서,2
1-18,음악,음악 자체가 종지 않아세수준이 낮아서,음악 자체가 쫓지 않아세수준이 낮아서,2
1-18,음악,한국어 가사가 어렵고 생소해서 푹,한국어 가사가 어렵고 생소해서,2
1-18,음악,퍼포민스 대비 가창 실력이 부족해서,퍼포먼스 대비 가창 실력이 부족해서,2
1-18,음악,순 지나치게 상업적이어세관련 상품국즈) 포토카드 등_,지나치게 상업적이어세관련 상품국즈) 포토카드 등),2
1-18,음악,위 한국 아이돌 기획사의 경쟁 시스템이 심해서,한국 아이돌 기획사의 경쟁 시스템이 심해서,2
1-18,음악,복 사회-덕적 가치에 반하는 내용이어서,사회 도덕적 가치에 반하는 내용이어서,2
1-18,음악,다양한 문최에 대한 고로마 부족해세인종 성소수자 종교 히,다양한 문에 대한 고까마가 부족해세인종 성소수자 종교 히,1
1-18,음악,디양한 문화에 대한 고로가 부족해세인종 성소수자 종교 텅,다양한 문회에 대한 고로가 부족해세인종 성소수자 종교 등,1
1-18,음악,디양한 문회에 대한 고로가 부족해세인종 성소수자 종교,다양한 문회에 대한 고로가 부족해세인종 성소수자 종교 등,1
1-18,음악,둘 디양한 문화에 대한 고로마가 부족해세인종 성소수자 종교 등,순 디양한 문화에 대한 고로마가 부족해세인종 성소수자 종교,1
1-18,음악,흙 디양한 문화에 대한 고로마가 부족해세인종 성소수자 종교 텅,순 디양한 문화에 대한 고로마가 부족해세인종 성소수자 종교,1
1-18,음악,휴 l러-문화걀 _씩험적 .적이 팬덤 문화가 폐쇄적 배타적이어서,팬덤 문화가 폐쇄적 배타적이어서,1
1-18,음악,다양한 문회에 대한 고로마가 부족해세인종 성소수자 종교 히,다양한 문에 대한 고까마가 부족해세인종 성소수자 종교 히,1
1-18,음악,숲 자국 내 곳즈 구입 경로 부족,자국 내 곳즈 구입 경로 부족,1
1-18,음악,복 음악 -자체가 놓지 않아세수준이 낮아서 다양한 문회에 대한 고로가 부족해세인종 성소수자 종교 등,다양한 문회에 대한 고로가 부족해세인종 성소수자 종교 등,1
1-18,음악,다양한 문에 대한 고로마가 부족해세인종 성소수자 종교 히,다양한 문에 대한 고까마가 부족해세인종 성소수자 종교 히,1
1-18,음악,(중복) 음악 자체가 줄지 않아세수준이 낮아서,자국 내 곳즈 구입 경로 부족 위 음악 자체가 줄지 않아세수준이 낮아서,1
1-18,음악,디양한 문화에 대한 고로마가 부족해세인종 성소수자 종교 텅,순 디양한 문화에 대한 고로마가 부족해세인종 성소수자 종교,1
1-18,음악,운 디양한 문화에 대한 고로마가 부족해세인종 성소수자 종교 텅,순 디양한 문화에 대한 고로마가 부족해세인종 성소수자 종교,1
1-18,음악,다양한 문회에 대한 고려가 부족해세인종 성소수자 종교,다양한 문회에 대한 고로가 부족해세인종 성소수자 종교 등,1
1-18,음악,흙 팬덤 문화가 폐쇄적 배타적이어서,팬덤 문화가 폐쇄적 배타적이어서,1
1-18,음악,"자국 내 곳즈 구입 경로 부족 ""금",자국 내 곳즈 구입 경로 부족,1
1-18,음악,(중복) 자국 내 곳즈 구입 경로 부족,자국 내 곳즈 구입 경로 부족,1
1-18,음악,복 국가 준회역사 외교적 관계로 인해서,국가 간 역사 외교적 관계로 인해서,1
1-18,음악,흙 자국에서 팬 이멘트 개최 부족,자국에서 팬 이멘트 개최 부족,1
1-18,음악,다양한 문회에 대한 고까마가 부족해세인종 성소수자 종교 히,다양한 문에 대한 고까마가 부족해세인종 성소수자 종교 히,1
1-18,음악,둘 디양한 문화에 대한 고로마가 부족해세인종 성소수자 종교 텅,순 디양한 문화에 대한 고로마가 부족해세인종 성소수자 종교,1
1-18,음악,다양한 문에 대한 고까가가 부족해세인종 성소수자 종교,다양한 문에 대한 고까마가 부족해세인종 성소수자 종교 히,1
1-18,출판물,캐릭터가 맘에 들지 않아서,스토리가 맘에 들지 않아서,26
1-18,출판물,없음,풀 없음,22
1-18,출판물,번역이 미롭해서,번역이 미혼해서,20
1-18,출판물,국가 간 역사 외교적 관계로 인해서,국가 간 역사-외교적 관계로 인해서,15
1-18,출판물,수 스토리가 맘에 들지 않아서,스토리가 맘에 들지 않아서,12
1-18,출판물,출 캐릭터가 맘에 들지 않아서,스토리가 맘에 들지 않아서,12
1-18,출판물,한국적 요소가 강해세한국 문화전통스토리 등),한국적 요소가 강해세한국 문화전통스토리 등,10
1-18,출판물,다양한 문에 대한 고로가 부족해세인종 성소수자 종교 등,다양한 문에 대한 고까마가 부족해세인종 성소수자 종교 히,6
1-18,출판물,소재   장르 등이 진부획일적이어서,소재 장르 등이 진부획일적이어서,6
1-18,출판물,복 내용이 선정적이고 폭력적이어서,내용이 선정적이고 폭력적이어서,6
1-18,출판물,출 스토리가 맘에 들지 않아서,스토리가 맘에 들지 않아서,6
1-18,출판물,흙 소재 장르 등이 진부획일적이어서,소재 장르 등이 진부획일적이어서,4
1-18,출판물,다양한 문회에 대한 고로마가 부족해세인종 성소수자 종교 히,다양한 문에 대한 고까마가 부족해세인종 성소수자 종교 히,4
1-18,출판물,소재  장르 등이 진부획일적이어서,소재 장르 등이 진부획일적이어서,4
1-18,출판물,둘 국가 간 역사 외교적 관계로 인해서,국가 간 역사-외교적 관계로 인해서,4
1-18,출판물,(중복) 스로리하 맘에 들지 않아서,스토리가 맘에 들지 않아서,4
1-18,출판물,순 소재 장르 등이 진부획일적이어서,소재 장르 등이 진부획일적이어서,4
1-18,출판물,위 스토리가 맘에 들지 않아서,스토리가 맘에 들지 않아서,4
1-18,출판물,흙 내용이 선정적이고 폭력적이어서,내용이 선정적이고 폭력적이어서,4
1-18,출판물,순위 국가 간 역사 -외교적 관계로 인해서,국가 간 역사-외교적 관계로 인해서,4
1-18,출판물,출 기타,기타,4
1-18,출판물,판 없음,풀 없음,4
1-18,출판물,다양한 문에 대한 고로가 부족해세인종 성소수자 종교,다양한 문에 대한 고까마가 부족해세인종 성소수자 종교 히,3
1-18,출판물,복 스토리가 맘에 틀지 않아서,스토리가 맘에 들지 않아서,3
1-18,출판물,디양한 문화에 대한 고로마 부족해세인종 성소수자 종교 등,다양한 문회에 대한 고로가 부족해세인종 성소수자 종교 등,3
1-18,출판물,다양한 문에 대한 고까가 부족해세인종 성소수자 종교 히,다양한 문에 대한 고까마가 부족해세인종 성소수자 종교 히,3
1-18,출판물,한국적 요소가 강해세한국 문회전통스토리 등,한국적 요소가 강해세한국 문화전통스토리 등,3
1-18,출판물,흙 이용하는데 비용이 많이 들어서,이용하는데 비용이 많이 들어서,3
1-18,출판물,둘 소재  장르 등이 진부획일적이어서,소재 장르 등이 진부획일적이어서,3
1-18,출판물,흙 국가 간 역사 외교적 관계로 인해서,국가 간 역사-외교적 관계로 인해서,2
1-18,출판물,수 한국적 요소가 강해세한국 문화전통스토리 등,한국적 요소가 강해세한국 문화전통스토리 등,2
1-18,출판물,슈 내용이 선정적이고 폭력적이어서,내용이 선정적이고 폭력적이어서,2
1-18,출판물,흙 구매하기 어려워세판매처 등),구매하기 어려워서판매처 등),2
1-18,출판물,수 소재 장르 등이 진부획일적이어서,소재 장르 등이 진부획일적이어서,2
1-18,출판물,번역이 미혼름해서,번역이 미혼해서,2
1-18,출판물,구매하기 어려워서(판매처 등),구매하기 어려워서판매처 등),2
1-18,출판물,디양한 문회에 대한 펴가 부족해세인종 성소수자 종교 등,다양한 문회에 대한 고로가 부족해세인종 성소수자 종교 등,2
1-18,출판물,출 없음,풀 없음,2
1-18,출판물,위 국가 간 역사 외교적 관계로 인해서,국가 간 역사-외교적 관계로 인해서,2
1-18,출판물,복 스토리가 맘에 들지 않아서,스토리가 맘에 들지 않아서,2
1-18,출판물,다양한 문회에 대한 고마가 부족해세인종 성소수자 종교,다양한 문에 대한 고까마가 부족해세인종 성소수자 종교 히,2
1-18,출판물,흙 국가 간 역사-외교적 관계로 인해서,국가 간 역사-외교적 관계로 인해서,2
1-18,출판물,슈 한국적 요소가 강해세한국 문화전통스토리 등,한국적 요소가 강해세한국 문화전통스토리 등,2
1-18,출판물,수,Q,2
1-18,출판물,복 국가 간 역사-외교적 관계로 인해서,국가 간 역사-외교적 관계로 인해서,2
1-18,출판물,(중복) 소재 장르 등이 진부 획일적이어서,소재 장르 등이 진부획일적이어서,2
1-18,출판물,흙 소재  장르 등이 진부획일적이어서,소재 장르 등이 진부획일적이어서,2
1-18,출판물,내용이 선정적이고 폭력적이어서 n,내용이 선정적이고 폭력적이어서,2
1-18,출판물,중 내용이 선정적이고 폭력적이어서,내용이 선정적이고 폭력적이어서,2
1-18,출판물,복 소재 장르 등이 진부획일적이어서,소재 장르 등이 진부획일적이어서,2
1-18,출판물,흙 구매하기 어려워서판매처 등),구매하기 어려워서판매처 등),2
1-18,출판물,물 구매하기 어려워서(판매처 등),구매하기 어려워서판매처 등),2
1-18,출판물,번역이 미흡해서,번역이 미혼해서,2
1-18,출판물,소재 장르 등이 진부 획일적이어서,소재 장르 등이 진부획일적이어서,2
1-18,출판물,(중복) 내용이 선정적이고 폭력적이어서,내용이 선정적이고 폭력적이어서,2
1-18,출판물,다양한 문회에 대한 고가 부족해세인종 성소수자 종교 히,다양한 문에 대한 고까마가 부족해세인종 성소수자 종교 히,2
1-18,출판물,둘 소재 장르 등이 진부획일적이어서,소재 장르 등이 진부획일적이어서,2
1-18,출판물,수 국가 간 역사 외교적 관계로 인해서,국가 간 역사-외교적 관계로 인해서,2
1-18,출판물,국가 간 역사 외교적 관계로 인해서 뜻,국가 간 역사-외교적 관계로 인해서,1
1-18,출판물,흙 다양한 문에 대한 고로가 부족해세인종 성소수자 종교 등,다양한 문회에 대한 고로가 부족해세인종 성소수자 종교 등,1
1-18,출판물,다양한 문화에 대한 고로마가 부족해세인종 성소수자 종교 등,다양한 문에 대한 고까마가 부족해세인종 성소수자 종교 히,1
1-18,출판물,디양한 문에 대한 고가 부족해세인종 성소수자 종교 텅,흙 다양한 문에 대한 고가 부족해세인종 성소수자 종교 텅,1
1-18,출판물,물 번역이 미혼해서,번역이 미혼해서,1
1-18,출판물,디양한 문회에 대한 펴마가 부족해세인종 성소수자 종교 등,다양한 문회에 대한 고로가 부족해세인종 성소수자 종교 등,1
1-18,출판물,디양한 문에 대한 고가 부족해세인종 성소수자 종교 등,다양한 문회에 대한 고로가 부족해세인종 성소수자 종교 등,1
1-18,출판물,디양한 문화에 대한 고로마가 부족해세인종 성소수자 종교 등,다양한 문회에 대한 고로가 부족해세인종 성소수자 종교 등,1
1-18,출판물,다양한 문최에 대한 고마가 부족해세인종 성소수자 종교 히,다양한 문에 대한 고까마가 부족해세인종 성소수자 종교 히,1
1-18,패션,선 없음,없음,20
1-18,패션,국가 간 역사-외교적 관계로 인해서,국가 간 역사 외교적 관계로 인해서,16
1-18,패션,선 판매되는 가격이 비싸서,판매되는 가격이 비싸서,10
1-18,패션,패 없음,없음,10
1-18,패션,수 국가 간 역사-외교적 관계로 인해서,국가 간 역사 외교적 관계로 인해서,8
1-18,패션,순 제품 종류 및 스타일이 다양하지 않아서,제품 종류 및 스타일이 다양하지 않아서,6
1-18,패션,(종교 인종 장애 관습 문제 등 다양한 문화에 대한 고려가 부족해서,다양한 문화에 대한 고려가 부족해서,5
1-18,패션,품질이 떨어저세소재   색상  봉제   단추 등의 상태),품질이 떨어저세소재  색상 봉제   단추 등의 상태),5
1-18,패션,품질이 떨어저세소재  색상  봉제   단추 등의 상태),품질이 떨어저세소재  색상 봉제   단추 등의 상태),4
1-18,패션,수 제품 종류 및 스타일이 다양하지 않아서,제품 종류 및 스타일이 다양하지 않아서,4
1-18,패션,선 판매되논 가격이 비싸서,판매되는 가격이 비싸서,4
1-18,패션,흙 제품 종류 및 스타일이 다양하지 않아서,제품 종류 및 스타일이 다양하지 않아서,4
1-18,패션,판매되논 가격이 비싸서,판매되는 가격이 비싸서,4
1-18,패션,위 제품 종류 및 스타일이 다양하지 않아서,제품 종류 및 스타일이 다양하지 않아서,4
1-18,패션,팬 없음,없음,4
1-18,패션,복 국가 간 역사-외교적 관계로 인해서,국가 간 역사 외교적 관계로 인해서,4
1-18,패션,흙 한국에서 제조된 제품이 아니어서 제품 종류 및 스타일이 다양하지 않아서,제품 종류 및 스타일이 다양하지 않아서,4
1-18,패션,순위 제품 종류 및 스타일이 다양하지 않아서,제품 종류 및 스타일이 다양하지 않아서,4
1-18,패션,판매되는 가격이 비싸서 제품 종류 및 스타일이 다양하지 않아서,제품 종류 및 스타일이 다양하지 않아서,4
1-18,패션,복 제품 종류 및 스타일이 다양하지 않아서,제품 종류 및 스타일이 다양하지 않아서,4
1-18,패션,슈 제품 종류 및 스타일이 다양하지 않아서,제품 종류 및 스타일이 다양하지 않아서,3
1-18,패션,위 한국에서 제조된 제품이 아니어서,한국에서 제조된 제품이 아니어서,3
1-18,패션,(중복) 제품 종류 및 스타일이 다양하지 않아서,제품 종류 및 스타일이 다양하지 않아서,3
1-18,패션,(종교 인종 장애 관습 문제 등 디양한 문화에 대한 고려가 부족해서,다양한 문화에 대한 고려가 부족해서,3
1-18,패션,구매하기 어려워세판매처 등),구매하기 어려워서판매처 등),2
1-18,패션,복 디자인이 별로여서,디자인이 별로여서,2
1-18,패션,흙 브랜드 이미지가 쫓지 않아서,브랜드 이미지가 쫓지 않아서,2
1-18,패션,통 브랜드 이미지가 쫓지 않아서,브랜드 이미지가 쫓지 않아서,2
1-18,패션,패 기타,기타,2
1-18,패션,위 국가 간 역사 외교적 관계로 인해서,국가 간 역사 외교적 관계로 인해서,2
1-18,패션,흙 디자인이 별로여서,디자인이 별로여서,2
1-18,패션,순 디자인이 별로여서,디자인이 별로여서,2
1-18,패션,슈 품질이 떨어저세소재  색상  봉제   단주 등의 상태),품질이 떨어저세소재  색상 봉제   단추 등의 상태),2
1-18,패션,복 국가 만 역사-외교적 관계로 인해서,국가 간 역사 외교적 관계로 인해서,2
1-18,패션,품질이 떨어저세소재   색상   봉제   단추 등의 상태),품질이 떨어저세소재  색상 봉제   단추 등의 상태),2
1-18,패션,위 디자인이 별로여서,디자인이 별로여서,2
1-18,패션,품질이 떨어저세소재  색상 봉제   단추 등의,품질이 떨어저세소재  색상 봉제   단추 등의 상태),2
1-18,패션,수 (종교 인종 장애 관습 문제 등 다양한 문화에 대한 고려가 부족해서,다양한 문화에 대한 고려가 부족해서,2
1-18,패션,흙 한국에서 제조된 제품이 아니어서,한국에서 제조된 제품이 아니어서,2
1-18,패션,순위 품질이 떨어저세소재  색상 봉제   단추 등의 상태),품질이 떨어저세소재  색상 봉제   단추 등의 상태),2
1-18,패션,복 브랜드 이미지가 증지 않아서,브랜드 이미지가 쫓지 않아서,2
1-18,패션,구매하기 어려워서판매처 등) 유,구매하기 어려워서판매처 등),2
1-18,패션,위 품질 대비 가격이 비싸서,품질 대비 가격이 비싸서,2
1-18,패션,둘 한국에서 제조된 제품이 아니어서,한국에서 제조된 제품이 아니어서,2
1-18,패션,수 브랜드 이미지가 쫓지 않아서,브랜드 이미지가 쫓지 않아서,2
1-18,패션,품질이 떨어저세소재  색상 봉제  단추 등의 상태),품질이 떨어저세소재  색상 봉제   단추 등의 상태),2
1-18,패션,(중복) 한국에서 제조된 제품이 아니어서,한국에서 제조된 제품이 아니어서,2
1-18,패션,판매되논  가격이 비싸서,판매되는 가격이 비싸서,2
1-18,패션,(종교 인종 장애 관습 문제 다양한 문화에 대한 고려가 부족해서,다양한 문화에 대한 고려가 부족해서,2
1-18,패션,품질이 떨어저세소재   색상  봉제  단추 등의 상태),품질이 떨어저세소재  색상 봉제   단추 등의 상태),2
1-18,패션,수 남부 히중 중다 관습 문제 동 다양한 문화에 대한 고려가 부족해서,다양한 문화에 대한 고려가 부족해서,2
1-18,패션,국가 간 역사 외교적 관계로 인해서 품,국가 간 역사 외교적 관계로 인해서,2
1-18,패션,복 브랜드 이미지가 줄지 않아서,브랜드 이미지가 쫓지 않아서,2
1-18,패션,선 구매하기 어려워서판매처 등),구매하기 어려워서판매처 등),2
1-18,패션,품질이 떨어저세소재   색상   봉제   단주 등의 상태),품질이 떨어저세소재  색상 봉제   단추 등의 상태),2
1-18,패션,둘 디자인이 별로여서,디자인이 별로여서,2
1-18,패션,품질이 떨어저세소재   색상 봉제   단추 등의 상태),품질이 떨어저세소재  색상 봉제   단추 등의 상태),2
1-18,패션,위 판매되는 가격이 비싸서,판매되는 가격이 비싸서,2
1-18,패션,기타 브랜드 이미지가 쫓지 않아서,브랜드 이미지가 쫓지 않아서,2
1-18,패션,판매되논   가격이 비싸서,판매되는 가격이 비싸서,2
1-18,패션,품질이 떨어저세소재   색상  봉제 단추 등의 상태),품질이 떨어저세소재  색상 봉제   단추 등의 상태),2
1-18,패션,(중복) 품질 대비 가격이 비싸서,품질 대비 가격이 비싸서,2
1-18,패션,편 없음,없음,2
1-18,패션,순 한국에서 제조된 제품이 아니어서,한국에서 제조된 제품이 아니어서,2
1-18,패션,흙 품질 대비 가격이 비싸서,품질 대비 가격이 비싸서,2
1-18,패션,사이즈가 다양하지 않아서,제품 종류 및 스타일이 다양하지 않아서,2
1-18,패션,둘 한국에서 제조된  제품이 아니어서,한국에서 제조된 제품이 아니어서,2
1-18,패션,둘 사이즈가 다양하지 않아서,선 사이즈가 다양하지 않아서,1
1-18,패션,유 (종교 인종 장애 관습 문제 등 다양한 문화에 대한 고려가 부족해서,다양한 문화에 대한 고려가 부족해서,1
1-18,패션,품질이 떨어저세소재  색상  봉제  단추 등의,품질이 떨어저세소재  색상 봉제   단추 등의 상태),1
1-18,패션,디양한 문화에 대한 고려가 부족해서,다양한 문화에 대한 고려가 부족해서,1
1-18,패션,흙 품질이 떨어저세소재   색상 봉제   단추 등의,순 품질이 떨어저세소재   색상  봉제   단추 등의,1
1-18,패션,둘 국가 간 역사 외교적 관계로 인해서,국가 간 역사 외교적 관계로 인해서,1
1-18,패션,디자인이 별로여서 순 품질이 떨어저세소재   색상 봉제   단추 등의 상태),품질이 떨어저세소재  색상 봉제   단추 등의 상태),1
1-18,패션,흙 다양한 문화에 대한 고려가 부족해서,다양한 문화에 대한 고려가 부족해서,1
1-18,패션,복 축가 간 역사-외교적 관계로 '인해서,복 국가 간 역사-외교적 '관계로 '인해서,1
1-18,패션,둘 품질이 떨어저세소재  색상 봉제  단추 등의 상태),품질이 떨어저세소재  색상 봉제   단추 등의 상태),1
1-18,패션,딴i 문화에 대한 고려가 부족해서,다양한 문화에 대한 고려가 부족해서,1
1-18,패션,둘 다양한 문화에 대한 고려가 부족해서,다양한 문화에 대한 고려가 부족해서,1
1-18,한국어,한국어 자체에 흥미흘 느끼기 어려워서,한국어 자체에 흥미름 느끼기 어려워서,16
1-18,한국어,한글이 만들어진 역사와 원리지 이해하기 어려워세생소해세,한글이 만들어진 역사와 원리름 이해하기 어려워세생소해세,9
1-18,한국어,한국어률 사용할 일이 적어서,한국어름 사용할 일이 적어서,6
1-18,한국어,기타,향 기타,4
1-18,한국어,복 한국어의 소리가 불편하거나 어색해서,한국어의 소리가 불편하거나 어색해서,4
1-18,한국어,활 기타,향 기타,4
1-18,한국어,슈 한글이 만들어진 역사와 원리름 이해하기 어려워세생소해세,한글이 만들어진 역사와 원리름 이해하기 어려워세생소해세,4
1-18,한국어,@ 기타,향 기타,4
1-18,한국어,흙 한국어 실력이 늘지 않아서,한국어 실력이 늘지 않아서,3
1-18,한국어,흙 한국 단어나 표현 방식이 낯설고 불편해서,한국 단어나 표현 방식이 낯설고 불편해서,3
1-18,한국어,흙 한국어의 소리가 불편하거나 어색해서,한국어의 소리가 불편하거나 어색해서,3
1-18,한국어,@ 한국어의 소리가 불편하거나 어색해서,한국어의 소리가 불편하거나 어색해서,3
1-18,한국어,수 한국어가 배우기 어렵다고 느껴저서,한국어가 배우기 어렵다고 느껴저서,2
1-18,한국어,복 한국어 자체에 흥미흘 느끼기 어려워서,한국어 자체에 흥미름 느끼기 어려워서,2
1-18,한국어,향 기타 한국어 자체에 흥미름 느끼기 어려워서,한국어 자체에 흥미름 느끼기 어려워서,2
1-18,한국어,슈 한국어의 소리가 불편하거나 어색해서,한국어의 소리가 불편하거나 어색해서,2
1-18,한국어,향 한국어 표기법이 복잡하고 비효율적으로 느껴저서,한국어 표기법이 복잡하고 비효율적으로 느껴저서,2
1-18,한국어,한글이 만들어진 역사와 원리틀 이해하기 어려워세생소해세,한글이 만들어진 역사와 원리름 이해하기 어려워세생소해세,2
1-18,한국어,복 한국어 자체에 흥미름 느끼기 어려워서,한국어 자체에 흥미름 느끼기 어려워서,2
1-18,한국어,흙 한글이 만들어진 역사와 원리름 이해하기 어려워세생소해세,한글이 만들어진 역사와 원리름 이해하기 어려워세생소해세,2
1-18,한국어,(중복) 한국어의 소리가 불편하거나 어색해서,한국어의 소리가 불편하거나 어색해서,2
1-18,한국어,한글이 만들어진 역사와 원리지 이해하기 어워워세생소해세,한글이 만들어진 역사와 원리름 이해하기 어려워세생소해세,2
1-18,한국어,순위|한국어 표기법이 복잡하고 비효율적으로 느껴저서,한국어 표기법이 복잡하고 비효율적으로 느껴저서,2
1-18,한국어,복 한국어 표기법이 복잡하고 비효율적으로 느껴저서,한국어 표기법이 복잡하고 비효율적으로 느껴저서,2
1-18,한국어,흙 한국어 자체에 흥미름 느끼기 어려워서,한국어 자체에 흥미름 느끼기 어려워서,2
1-18,한국어,복 한국 단어나 표현 방식이 낯설고 불편해서,한국 단어나 표현 방식이 낯설고 불편해서,2
1-18,한국어,(중복) 한국 단어나 표현 방식이 낯설고 불편해서,한국 단어나 표현 방식이 낯설고 불편해서,2
1-18,한국어,한국어 자체에 흥미틀 느끼기 어려워서,한국어 자체에 흥미름 느끼기 어려워서,2
1-18,한국어,한국어 자체에 흥미 느끼기 어려워서,한국어 자체에 흥미름 느끼기 어려워서,2
1-18,한국어,복 한국어 실력이 늘지 않아서,한국어 실력이 늘지 않아서,2
1-18,한국어,향 한국어 자체에 흥미름 느끼기 어려워서,한국어 자체에 흥미름 느끼기 어려워서,2
1-18,한국어,슈 한국 단어나 표현 방식이 낯설고 불편해서,한국 단어나 표현 방식이 낯설고 불편해서,2
1-18,한국어,흙 한국어 표기법이 복잡하고 비효율적으로 느껴저서,한국어 표기법이 복잡하고 비효율적으로 느껴저서,2
1-18,한국어,한글이 만들어진 역사와 원리지 이해하기 어워세생소해세,한글이 만들어진 역사와 원리름 이해하기 어려워세생소해세,1
1-18,한국어,순위  한국어의 소리가 불편하거나 어색해서,한국어의 소리가 불편하거나 어색해서,1
1-18,한국어,수,Q,1
1-18,한국어,한글이 만들어진 역사와 원리v 이해하기 어려워세생소해세,한글이 만들어진 역사와 원리름 이해하기 어려워세생소해세,1
1-18,한국어,값 한국어 자체에 흥미v 느끼기 어려워서,한국어 자체에 흥미름 느끼기 어려워서,1
1-18,한국어,@ 한국어 자체에 흥미틀 느끼기 어려워서,한국어 자체에 흥미름 느끼기 어려워서,1
1-37,,다양한 문화에 대한 고려가 부족,다양한  문화에 대한 고려가 부족,23
1-37,,남북 분단|북한의 국제적인 위협,남북 분단 북한의 국제적인 위협,20
1-37,,한류스타의 부적절한 언행/비운리적인 행동,한류스타의 부적절한 언행 비운리적인 행동,16
1-37,,순위 자국 굳렌츠 산업의 보호 필요,자국 굳렌츠 산업의 보호 필요,16
1-37,,남북 분단| 북한의 국제적인 위협,남북 분단 북한의 국제적인 위협,10
1-37,,한류스타의 부적절한 언행/ 비운리적인 행동,한류스타의 부적절한 언행 비운리적인 행동,10
1-37,,순위 한류는  지나치게 자극적이고 선정적,한류는  지나치게 자극적이고 선정적,8
1-37,,순위 한류스타의 부적절한 언행 비운리적인 행동,한류스타의 부적절한 언행 비운리적인 행동,8
1-37,,순위 다양한 문화에 대한 고려가 부족,다양한  문화에 대한 고려가 부족,6
1-37,,다양한  문화에 대한  고려가 부족,다양한  문화에 대한 고려가 부족,6
1-37,,순위 남북 분단|북한의 국제적인 위협,남북 분단 북한의 국제적인 위협,4
1-37,,한류는 확일적이고 식상,한류는  확일적이고 식상,4
1-37,,한류스타의 부적절한 언행-비운리적인  행동,한류스타의 부적절한 언행 비운리적인 행동,4
1-37,,순위 한국과의 역사적인 관계,한국과의 역사적인 관계,4
1-37,,순위 한국과의 정치 및 외교적 갈등,한국과의 정치 및 외교적 갈등,4
1-37,,자국 존렌츠 산업의 보호 필요,자국 굳렌츠 산업의 보호 필요,4
1-37,,(중복) 자푹 권햇츠 산업의 보호 필요,자국 굳렌츠 산업의 보호 필요,2
1-37,,(중복) 남북 분단 북한의 국제적인 위협,남북 분단 북한의 국제적인 위협,2
1-37,,(중복)  한류는  지나치게 자극적이고 선정적,한류는  지나치게 자극적이고 선정적,2
1-37,,(중복) 한육과의 역사적인 관계,한국과의 역사적인 관계,2
1-37,,남북 분단/ 북한의 국제적인 위협,남북 분단 북한의 국제적인 위협,2
1-37,,(중복) 한류는  지나치게 자극적이고 선정적,한류는  지나치게 자극적이고 선정적,2
1-37,,(중복) 자국 관렌츠 산업의 보호 필요,자국 굳렌츠 산업의 보호 필요,2
1-37,,순위 한류는  지나치게 상업적,한류는  지나치게 상업적,2
1-37,,(중복) 한류는 확일적이고 식상,한류는  확일적이고 식상,1
