country,table_id,indicator,content_category,item,rank_group,value,unit,base,source_page,extraction_method,ocr_confidence,verification_status,notes
중국,1-17,호감요인,드라마,수 패센부티 등 하` 최산 튼린스들 불 수 있어서,1순위,6.6,%,990.0,"83,84,85,86,87,88",easyocr+ranked_item_row_grouping,0.9995,manual_review,
중국,1-17,호감요인,드라마,흙 패센분티 등 한국 최신 트럭드록 볼 수 있어서,1+2순위(중복),14.4,%,990.0,"83,84,85,86,87,88",easyocr+ranked_item_row_grouping,0.9991,manual_review,
중국,1-17,호감요인,영화,영상매연출력 등 작품성이 좋아서,1순위,8.1,%,88.0,"83,84,85,86,87,88",easyocr+ranked_item_row_grouping,0.9999,manual_review,
중국,1-17,호감요인,영화,기타,1+2순위(중복),0.1,%,88.0,"83,84,85,86,87,88",easyocr+ranked_item_row_grouping,0.9897,manual_review,
중국,1-17,호감요인,음악,패션분티 등 한국 최신 트렌드틀 볼 수 있어서,1순위,8.1,%,989.0,"83,84,85,86,87,88",easyocr+ranked_item_row_grouping,0.9996,manual_review,
중국,1-17,호감요인,음악,패센뷰티 등 한국 최신 트럭드록 볼 수 있어서,1+2순위(중복),14.3,%,989.0,"83,84,85,86,87,88",easyocr+ranked_item_row_grouping,0.9596,manual_review,
중국,1-17,호감요인,음악,남성 여성,1+2순위(중복),10.0,%,989.0,"83,84,85,86,87,88",easyocr+ranked_item_row_grouping,0.9397,manual_review,
중국,1-17,호감요인,출판물,인기 있는 한류 존렌츠의 원작인 경우가 많아서,1순위,10.4,%,501.0,"83,84,85,86,87,88",easyocr+ranked_item_row_grouping,0.9998,manual_review,
중국,1-17,호감요인,출판물,캐릭터의 성계역할이 마음에 들어서,1순위,10.0,%,501.0,"83,84,85,86,87,88",easyocr+ranked_item_row_grouping,0.9817,manual_review,
중국,1-17,호감요인,출판물,슈 E양하락켓물통해고되 _햇,1순위,8.0,%,501.0,"83,84,85,86,87,88",easyocr+ranked_item_row_grouping,0.9999,manual_review,
중국,1-17,호감요인,출판물,한국의 최신 트렌드록 접할 수 있어서,1+2순위(중복),18.8,%,501.0,"83,84,85,86,87,88",easyocr+ranked_item_row_grouping,0.7927,manual_review,
중국,1-17,호감요인,출판물,흙 다양한 소재 또는 장르름 다리서,1+2순위(중복),15.0,%,501.0,"83,84,85,86,87,88",easyocr+ranked_item_row_grouping,0.997,manual_review,
중국,1-17,호감요인,웹툰,순 스토리 전개와 장면 전환이 빨라서,1순위,7.3,%,735.0,"83,84,85,86,87,88",easyocr+ranked_item_row_grouping,0.9761,manual_review,
중국,1-17,호감요인,게임,디른 게p들과 네트위름 형성하고햄 월수 앞어서,1순위,9.3,%,741.0,"83,84,85,86,87,88",easyocr+ranked_item_row_grouping,0.9954,manual_review,
중국,1-17,호감요인,게임,스토리가 짜임새 있고 탄단해서,1순위,8.3,%,741.0,"83,84,85,86,87,88",easyocr+ranked_item_row_grouping,0.5479,manual_review,
중국,1-17,호감요인,게임,수 한류스타가 평고홍보하기 때문예,1순위,7.6,%,741.0,"83,84,85,86,87,88",easyocr+ranked_item_row_grouping,0.9989,manual_review,
중국,1-17,호감요인,게임,디른 게p미들과 네트위스릎 형성하고 햄 월수 있,1+2순위(중복),17.8,%,741.0,"83,84,85,86,87,88",easyocr+ranked_item_row_grouping,0.9996,manual_review,
중국,1-17,호감요인,게임,흙 한류스타가 광괴홍보하기 때문에,1+2순위(중복),14.2,%,741.0,"83,84,85,86,87,88",easyocr+ranked_item_row_grouping,0.6785,manual_review,
중국,1-17,호감요인,게임,한국 게임 동영상 스트리머가 좋아서,1+2순위(중복),13.9,%,741.0,"83,84,85,86,87,88",easyocr+ranked_item_row_grouping,0.9697,manual_review,
중국,1-17,호감요인,게임,남성 여성,1+2순위(중복),10.0,%,741.0,"83,84,85,86,87,88",easyocr+ranked_item_row_grouping,0.9397,manual_review,
중국,1-17,호감요인,패션,좋아하는 한류스타가 사용홍보하기 때문에,1순위,12.1,%,981.0,"83,84,85,86,87,88",easyocr+ranked_item_row_grouping,0.5749,manual_review,
중국,1-17,호감요인,패션,수 좋아하는 인플루언서가 직접 사용홍보해서,1순위,7.7,%,981.0,"83,84,85,86,87,88",easyocr+ranked_item_row_grouping,0.7151,manual_review,
중국,1-17,호감요인,패션,품질 대비 가격이 저럼해서,1+2순위(중복),15.6,%,981.0,"83,84,85,86,87,88",easyocr+ranked_item_row_grouping,0.9672,manual_review,
중국,1-17,호감요인,뷰티,제품 종류가 다양해서,1+2순위(중복),16.5,%,746.0,"83,84,85,86,87,88",easyocr+ranked_item_row_grouping,0.9998,manual_review,
중국,1-17,호감요인,음식,영화 드리미어서 빛년 한식-식문회름 경험할 수 있어서,1순위,22.2,%,985.0,"83,84,85,86,87,88",easyocr+ranked_item_row_grouping,0.87,manual_review,
중국,1-17,호감요인,한국어,한글이 만들어진 역사루 알 수 있어서,1순위,10.6,%,478.0,"83,84,85,86,87,88",easyocr+ranked_item_row_grouping,0.9988,manual_review,
중국,1-17,호감요인,한국어,한글이 배우기 쉬위서,1순위,9.8,%,478.0,"83,84,85,86,87,88",easyocr+ranked_item_row_grouping,0.9995,manual_review,
중국,1-17,호감요인,한국어,기타,1+2순위(중복),0.4,%,478.0,"83,84,85,86,87,88",easyocr+ranked_item_row_grouping,0.9995,manual_review,
중국,1-18,호감 저해요인,드라마,디양한 문화에 대한 고로마 부족해세인종 성소수자 종교 히,1순위,2.0,%,990.0,"89,90,91,92,93,94,95,96",easyocr+ranked_item_row_grouping,0.9998,manual_review,
중국,1-18,호감 저해요인,드라마,같은 배우들이 다른 작품에 반복적으로 출연해서,1+2순위(중복),9.9,%,990.0,"89,90,91,92,93,94,95,96",easyocr+ranked_item_row_grouping,0.7114,manual_review,
중국,1-18,호감 저해요인,드라마,다양한 문회에 대한 고가 부족해세인종 성소수자 종교 히,1+2순위(중복),7.2,%,990.0,"89,90,91,92,93,94,95,96",easyocr+ranked_item_row_grouping,0.4989,manual_review,
중국,1-18,호감 저해요인,드라마,기타,1+2순위(중복),0.2,%,990.0,"89,90,91,92,93,94,95,96",easyocr+ranked_item_row_grouping,0.9998,manual_review,
중국,1-18,호감 저해요인,예능,방송용 자매텍스 말 풍선 이모티로 등이 너무 많아서,1순위,8.3,%,978.0,"89,90,91,92,93,94,95,96",easyocr+ranked_item_row_grouping,0.9959,manual_review,
중국,1-18,호감 저해요인,예능,접하기 어려운 환경이어서 수 여영 -출안-N락-되망 문제 정보 부족 헌,1순위,8.1,%,978.0,"89,90,91,92,93,94,95,96",easyocr+ranked_item_row_grouping,0.9955,manual_review,
중국,1-18,호감 저해요인,예능,짜임새 있는 포매이 아니고 즉흥적이어서,1순위,4.7,%,978.0,"89,90,91,92,93,94,95,96",easyocr+ranked_item_row_grouping,0.5738,manual_review,
중국,1-18,호감 저해요인,예능,(시청 경로 부족 인터넷 속되망 문제 정보 부족 등,1+2순위(중복),2.0,%,978.0,"89,90,91,92,93,94,95,96",easyocr+ranked_item_row_grouping,0.2311,manual_review,
중국,1-18,호감 저해요인,예능,복 짜임새 있는_포패이 아니고 즉:적이어서,1+2순위(중복),10.5,%,978.0,"89,90,91,92,93,94,95,96",easyocr+ranked_item_row_grouping,0.9138,manual_review,
중국,1-18,호감 저해요인,예능,기타,1+2순위(중복),0.2,%,978.0,"89,90,91,92,93,94,95,96",easyocr+ranked_item_row_grouping,0.9743,manual_review,
중국,1-18,호감 저해요인,예능,남성 여성,1+2순위(중복),10.0,%,978.0,"89,90,91,92,93,94,95,96",easyocr+ranked_item_row_grouping,0.9548,manual_review,
중국,1-18,호감 저해요인,영화,작품성이나 예술적 가치가 떨어진다고 생각해서,1순위,4.9,%,514.0,"89,90,91,92,93,94,95,96",easyocr+ranked_item_row_grouping,0.8153,manual_review,
중국,1-18,호감 저해요인,영화,번역 자막 더방으로 보기 불편해서,1+2순위(중복),15.4,%,514.0,"89,90,91,92,93,94,95,96",easyocr+ranked_item_row_grouping,1.0,manual_review,
중국,1-18,호감 저해요인,영화,복 작품정이나 예술적 '가치가 '떨어진다고 생각해서,1+2순위(중복),8.9,%,514.0,"89,90,91,92,93,94,95,96",easyocr+ranked_item_row_grouping,0.6279,manual_review,
중국,1-18,호감 저해요인,영화,남성 여성,1+2순위(중복),10.0,%,514.0,"89,90,91,92,93,94,95,96",easyocr+ranked_item_row_grouping,0.9548,manual_review,
중국,1-18,호감 저해요인,음악,다양한 문최에 대한 고로마 부족해세인종 성소수자 종교 히,1순위,4.8,%,494.0,"89,90,91,92,93,94,95,96",easyocr+ranked_item_row_grouping,0.9988,manual_review,
중국,1-18,호감 저해요인,음악,음악 자체가 쫓지 않아세수준이 낮아서,1+2순위(중복),10.8,%,494.0,"89,90,91,92,93,94,95,96",easyocr+ranked_item_row_grouping,1.0,manual_review,
중국,1-18,호감 저해요인,음악,디양한 문화에 대한 고로가 부족해세인종 성소수자 종교 텅,1+2순위(중복),10.5,%,494.0,"89,90,91,92,93,94,95,96",easyocr+ranked_item_row_grouping,0.9138,manual_review,
중국,1-18,호감 저해요인,애니메이션,접하기 어려운 환경이어서 (지청 '경로 부족 인터넷 속되망 문제  정보 부족 등,1순위,10.0,%,72.0,"89,90,91,92,93,94,95,96",easyocr+ranked_item_row_grouping,0.9969,manual_review,
중국,1-18,호감 저해요인,애니메이션,수 스토리 소재 장르 등이 진부획일적이어서,1순위,8.2,%,72.0,"89,90,91,92,93,94,95,96",easyocr+ranked_item_row_grouping,0.504,manual_review,
중국,1-18,호감 저해요인,애니메이션,주 어려운 환경이어서,1+2순위(중복),17.6,%,72.0,"89,90,91,92,93,94,95,96",easyocr+ranked_item_row_grouping,0.8912,manual_review,
중국,1-18,호감 저해요인,애니메이션,지나치게 상업적이어서,1+2순위(중복),14.5,%,72.0,"89,90,91,92,93,94,95,96",easyocr+ranked_item_row_grouping,0.8978,manual_review,
중국,1-18,호감 저해요인,애니메이션,남성 여성,1+2순위(중복),10.0,%,72.0,"89,90,91,92,93,94,95,96",easyocr+ranked_item_row_grouping,0.9548,manual_review,
중국,1-18,호감 저해요인,출판물,이용하는데 비용이 많이 들어서,1순위,8.2,%,501.0,"89,90,91,92,93,94,95,96",easyocr+ranked_item_row_grouping,0.9999,manual_review,
중국,1-18,호감 저해요인,출판물,수 스토리가 맘에 들지 않아서,순위미상(중복4회 중 1번째),6.8,%,501.0,"89,90,91,92,93,94,95,96",easyocr+ranked_item_row_grouping,0.9744,manual_review,순위 불명(순위미상(중복4회 중 1번째))
중국,1-18,호감 저해요인,출판물,수 스토리가 맘에 들지 않아서,순위미상(중복4회 중 2번째),6.6,%,501.0,"89,90,91,92,93,94,95,96",easyocr+ranked_item_row_grouping,0.9992,manual_review,순위 불명(순위미상(중복4회 중 2번째))
중국,1-18,호감 저해요인,출판물,수 스토리가 맘에 들지 않아서,순위미상(중복4회 중 3번째),13.6,%,501.0,"89,90,91,92,93,94,95,96",easyocr+ranked_item_row_grouping,0.9624,manual_review,순위 불명(순위미상(중복4회 중 3번째))
중국,1-18,호감 저해요인,출판물,수 스토리가 맘에 들지 않아서,순위미상(중복4회 중 4번째),11.6,%,501.0,"89,90,91,92,93,94,95,96",easyocr+ranked_item_row_grouping,0.7956,manual_review,순위 불명(순위미상(중복4회 중 4번째))
중국,1-18,호감 저해요인,출판물,국가 간 역사-외교적 관계로 인해서,1순위,6.4,%,501.0,"89,90,91,92,93,94,95,96",easyocr+ranked_item_row_grouping,0.9976,manual_review,
중국,1-18,호감 저해요인,출판물,내용이 선정적이고 폭력적이어서,1+2순위(중복),12.6,%,501.0,"89,90,91,92,93,94,95,96",easyocr+ranked_item_row_grouping,0.9999,manual_review,
중국,1-18,호감 저해요인,출판물,복 축가 #역서외교적 관계적인해서,1+2순위(중복),11.6,%,501.0,"89,90,91,92,93,94,95,96",easyocr+ranked_item_row_grouping,0.9997,manual_review,
중국,1-18,호감 저해요인,출판물,남성 여성,1+2순위(중복),10.0,%,501.0,"89,90,91,92,93,94,95,96",easyocr+ranked_item_row_grouping,0.9548,manual_review,
중국,1-18,호감 저해요인,웹툰,(시청 경로 부족 인터넷 속되망 문제 정보 부족 등,1순위,8.3,%,75.0,"89,90,91,92,93,94,95,96",easyocr+ranked_item_row_grouping,0.8431,manual_review,
중국,1-18,호감 저해요인,웹툰,언어와 문화가 달라 내용올 이해하기 어려워서,1순위,8.0,%,75.0,"89,90,91,92,93,94,95,96",easyocr+ranked_item_row_grouping,0.9978,manual_review,
중국,1-18,호감 저해요인,웹툰,스토리가 맘에 들지 않아서,순위미상(중복4회 중 1번째),5.2,%,75.0,"89,90,91,92,93,94,95,96",easyocr+ranked_item_row_grouping,0.9099,manual_review,순위 불명(순위미상(중복4회 중 1번째))
중국,1-18,호감 저해요인,웹툰,스토리가 맘에 들지 않아서,순위미상(중복4회 중 2번째),2.0,%,75.0,"89,90,91,92,93,94,95,96",easyocr+ranked_item_row_grouping,0.9999,manual_review,순위 불명(순위미상(중복4회 중 2번째))
중국,1-18,호감 저해요인,웹툰,스토리가 맘에 들지 않아서,순위미상(중복4회 중 3번째),8.8,%,75.0,"89,90,91,92,93,94,95,96",easyocr+ranked_item_row_grouping,0.9997,manual_review,순위 불명(순위미상(중복4회 중 3번째))
중국,1-18,호감 저해요인,웹툰,스토리가 맘에 들지 않아서,순위미상(중복4회 중 4번째),4.8,%,75.0,"89,90,91,92,93,94,95,96",easyocr+ranked_item_row_grouping,0.9988,manual_review,순위 불명(순위미상(중복4회 중 4번째))
중국,1-18,호감 저해요인,웹툰,접하기 어려운 환경이어서,1+2순위(중복),15.5,%,75.0,"89,90,91,92,93,94,95,96",easyocr+ranked_item_row_grouping,1.0,manual_review,
중국,1-18,호감 저해요인,웹툰,남성 여성,1+2순위(중복),10.0,%,75.0,"89,90,91,92,93,94,95,96",easyocr+ranked_item_row_grouping,0.9548,manual_review,
중국,1-18,호감 저해요인,게임,이용하는데 비용이 많이 들어서,1순위,8.0,%,741.0,"89,90,91,92,93,94,95,96",easyocr+ranked_item_row_grouping,0.9998,manual_review,
중국,1-18,호감 저해요인,게임,다양한 문최에 대한 고로마 부족해세인종 성소수자 종교 히,1순위,5.7,%,741.0,"89,90,91,92,93,94,95,96",easyocr+ranked_item_row_grouping,0.6579,manual_review,
중국,1-18,호감 저해요인,게임,남성 여성,1+2순위(중복),10.0,%,741.0,"89,90,91,92,93,94,95,96",easyocr+ranked_item_row_grouping,0.9548,manual_review,
중국,1-18,호감 저해요인,패션,} 품질이대워어-젯씩비사 봉제 단추 등의 상태,1순위,6.8,%,981.0,"89,90,91,92,93,94,95,96",easyocr+ranked_item_row_grouping,0.9934,manual_review,
중국,1-18,호감 저해요인,패션,품질이 떨어저세소재  색상 봉제   단추 등의 상태),1+2순위(중복),14.5,%,981.0,"89,90,91,92,93,94,95,96",easyocr+ranked_item_row_grouping,0.6181,manual_review,
중국,1-18,호감 저해요인,패션,둘 사이즈가 다양하지 않아서,1+2순위(중복),11.6,%,981.0,"89,90,91,92,93,94,95,96",easyocr+ranked_item_row_grouping,0.9997,manual_review,
중국,1-18,호감 저해요인,패션,기타,1+2순위(중복),0.3,%,981.0,"89,90,91,92,93,94,95,96",easyocr+ranked_item_row_grouping,0.956,manual_review,
중국,1-18,호감 저해요인,뷰티,국가 간 역사 외교적 관계로 인해서,1순위,5.9,%,746.0,"89,90,91,92,93,94,95,96",easyocr+ranked_item_row_grouping,0.5896,manual_review,
중국,1-18,호감 저해요인,뷰티,수 렇정 훨요싶 하 비이 함해m 망죄 안간방식 등,1순위,4.7,%,746.0,"89,90,91,92,93,94,95,96",easyocr+ranked_item_row_grouping,0.588,manual_review,
중국,1-18,호감 저해요인,뷰티,품질 대비 가격이 비싸서,1+2순위(중복),10.3,%,746.0,"89,90,91,92,93,94,95,96",easyocr+ranked_item_row_grouping,0.968,manual_review,
중국,1-18,호감 저해요인,음식,수 다양한 문화에 대한 펴려가 부족해서,1순위,8.6,%,985.0,"89,90,91,92,93,94,95,96",easyocr+ranked_item_row_grouping,0.9996,manual_review,
중국,1-18,호감 저해요인,음식,재료조리법올 알 수 없어서,1+2순위(중복),14.4,%,985.0,"89,90,91,92,93,94,95,96",easyocr+ranked_item_row_grouping,0.8962,manual_review,
중국,1-18,호감 저해요인,음식,기타,1+2순위(중복),0.1,%,985.0,"89,90,91,92,93,94,95,96",easyocr+ranked_item_row_grouping,0.8972,manual_review,
중국,1-18,호감 저해요인,한국어,한국어 실력이 늘지 않아서,1순위,12.6,%,478.0,"89,90,91,92,93,94,95,96",easyocr+ranked_item_row_grouping,0.9722,manual_review,
중국,1-18,호감 저해요인,한국어,한국어의 소리가 불편하거나 어색해서,1순위,11.9,%,478.0,"89,90,91,92,93,94,95,96",easyocr+ranked_item_row_grouping,0.9997,manual_review,
중국,1-18,호감 저해요인,한국어,기타,1+2순위(중복),0.2,%,478.0,"89,90,91,92,93,94,95,96",easyocr+ranked_item_row_grouping,0.7399,manual_review,
일본,1-17,호감요인,드라마,수 훌등양화 등 사회 문제들 현설적므로 표현해서,1순위,4.2,%,525.0,"143,144,145,146,147,148",easyocr+ranked_item_row_grouping,0.7111,manual_review,
일본,1-17,호감요인,드라마,다양한 소재 또는 장르름 다리서,1순위,3.6,%,525.0,"143,144,145,146,147,148",easyocr+ranked_item_row_grouping,0.9967,manual_review,
일본,1-17,호감요인,드라마,복 답양합 소재 또는 장르클 달리서,1+2순위(중복),7.1,%,525.0,"143,144,145,146,147,148",easyocr+ranked_item_row_grouping,0.9997,manual_review,
일본,1-17,호감요인,드라마,불평등양국화 등 사회 문제름 현실적으로 표현해서,1+2순위(중복),6.9,%,525.0,"143,144,145,146,147,148",easyocr+ranked_item_row_grouping,0.9998,manual_review,
일본,1-17,호감요인,예능,선호하는 스타가 MC 및 출연진으로 등장해서,1순위,16.9,%,290.0,"143,144,145,146,147,148",easyocr+ranked_item_row_grouping,0.6927,manual_review,
일본,1-17,호감요인,예능,남성 여성,1+2순위(중복),10.0,%,290.0,"143,144,145,146,147,148",easyocr+ranked_item_row_grouping,0.4444,manual_review,
일본,1-17,호감요인,영화,선호하는 배우가 출연해서,1순위,8.8,%,467.0,"143,144,145,146,147,148",easyocr+ranked_item_row_grouping,0.9999,manual_review,
일본,1-17,호감요인,영화,표현 방식이 사실적이어서,1+2순위(중복),11.9,%,467.0,"143,144,145,146,147,148",easyocr+ranked_item_row_grouping,0.8634,manual_review,
일본,1-17,호감요인,음악,수 가숙그룹과 팬 자이예 '유대감이 좋아서,1순위,3.4,%,581.0,"143,144,145,146,147,148",easyocr+ranked_item_row_grouping,0.9976,manual_review,
일본,1-17,호감요인,음악,약악 기타,1순위,3.4,%,581.0,"143,144,145,146,147,148",easyocr+ranked_item_row_grouping,0.9978,manual_review,
일본,1-17,호감요인,음악,중 가쉬그룹과 팬 사이에 유대감이 좋아서,1+2순위(중복),6.2,%,581.0,"143,144,145,146,147,148",easyocr+ranked_item_row_grouping,0.999,manual_review,
일본,1-17,호감요인,음악,기타,1+2순위(중복),3.9,%,581.0,"143,144,145,146,147,148",easyocr+ranked_item_row_grouping,0.9996,manual_review,
일본,1-17,호감요인,음악,남성 여성,1+2순위(중복),10.0,%,581.0,"143,144,145,146,147,148",easyocr+ranked_item_row_grouping,0.4444,manual_review,
일본,1-17,호감요인,애니메이션,순 스토리가 짜임새 잇고 탄단해서,1순위,8.7,%,205.0,"143,144,145,146,147,148",easyocr+ranked_item_row_grouping,0.9996,manual_review,
일본,1-17,호감요인,애니메이션,기타,1+2순위(중복),1.5,%,205.0,"143,144,145,146,147,148",easyocr+ranked_item_row_grouping,0.999,manual_review,
일본,1-17,호감요인,출판물,완오프라인올 통해 쉽제 구매할 수 있어서,1순위,6.4,%,173.0,"143,144,145,146,147,148",easyocr+ranked_item_row_grouping,0.9999,manual_review,
일본,1-17,호감요인,출판물,복 왼오프라입올 통해 실계 구매할 수 있어서,1+2순위(중복),12.6,%,173.0,"143,144,145,146,147,148",easyocr+ranked_item_row_grouping,0.9927,manual_review,
일본,1-17,호감요인,출판물,남성 여성,1+2순위(중복),10.0,%,173.0,"143,144,145,146,147,148",easyocr+ranked_item_row_grouping,0.4444,manual_review,
일본,1-17,호감요인,웹툰,그림 묘사가 사실적이고 섬세해서,1순위,6.3,%,159.0,"143,144,145,146,147,148",easyocr+ranked_item_row_grouping,0.9578,manual_review,
일본,1-17,호감요인,게임,수 한룻스타가 광고하보하기 때문에,1순위,4.9,%,267.0,"143,144,145,146,147,148",easyocr+ranked_item_row_grouping,0.6985,manual_review,
일본,1-17,호감요인,게임,좋아하는 스트리머가 한국 게임올 자주 소개해서,1순위,3.7,%,267.0,"143,144,145,146,147,148",easyocr+ranked_item_row_grouping,0.9974,manual_review,
일본,1-17,호감요인,게임,한류스타가 광괴홍보하기 때문에,1+2순위(중복),9.8,%,267.0,"143,144,145,146,147,148",easyocr+ranked_item_row_grouping,0.9995,manual_review,
일본,1-17,호감요인,게임,복 좋이하는 스중리어가 화국 게임올 자주 소개해서,1+2순위(중복),6.7,%,267.0,"143,144,145,146,147,148",easyocr+ranked_item_row_grouping,0.9913,manual_review,
일본,1-17,호감요인,게임,남성 여성,1+2순위(중복),10.0,%,267.0,"143,144,145,146,147,148",easyocr+ranked_item_row_grouping,0.4444,manual_review,
일본,1-17,호감요인,패션,위 좋아하는 한류스타가 사용홍보하기 때문에 품질이 우수해세소재  색상 봉제   단추 등의 상태,1순위,5.2,%,403.0,"143,144,145,146,147,148",easyocr+ranked_item_row_grouping,0.9999,manual_review,
일본,1-17,호감요인,패션,품질이 우수해세소재   색상  봉제  단추 등의 상태),1+2순위(중복),11.4,%,403.0,"143,144,145,146,147,148",easyocr+ranked_item_row_grouping,0.99,manual_review,
일본,1-17,호감요인,뷰티,남성 여성,1+2순위(중복),10.0,%,412.0,"143,144,145,146,147,148",easyocr+ranked_item_row_grouping,0.4444,manual_review,
일본,1-17,호감요인,음식,영화 드리마어서 빛볕 한식식문회름 경험할 수 있어서,1+2순위(중복),10.7,%,619.0,"143,144,145,146,147,148",easyocr+ranked_item_row_grouping,0.8611,manual_review,
일본,1-17,호감요인,한국어,한글이 배우기 쉬위서,1순위,17.9,%,205.0,"143,144,145,146,147,148",easyocr+ranked_item_row_grouping,0.9963,manual_review,
일본,1-17,호감요인,한국어,한국어의 소리가 듣기 좋아서,1순위,7.8,%,205.0,"143,144,145,146,147,148",easyocr+ranked_item_row_grouping,0.9993,manual_review,
일본,1-17,호감요인,한국어,슈 한국어외금자 한동_이 야E위,1순위,4.9,%,205.0,"143,144,145,146,147,148",easyocr+ranked_item_row_grouping,0.6782,manual_review,
일본,1-17,호감요인,한국어,흙 한국 단어나 표현 방식이 좋아서,1+2순위(중복),11.2,%,205.0,"143,144,145,146,147,148",easyocr+ranked_item_row_grouping,0.974,manual_review,
일본,1-18,호감 저해요인,드라마,한국어가 어렵고 생소해서,1순위,4.9,%,525.0,"149,150,151,152,153,154,155,156",easyocr+ranked_item_row_grouping,0.8153,manual_review,
일본,1-18,호감 저해요인,드라마,} 폭사도 등 표현방식이 너무 항해서,1순위,3.5,%,525.0,"149,150,151,152,153,154,155,156",easyocr+ranked_item_row_grouping,0.9983,manual_review,
일본,1-18,호감 저해요인,드라마,접하기 어려운 환경이어서,1순위,2.9,%,525.0,"149,150,151,152,153,154,155,156",easyocr+ranked_item_row_grouping,1.0,manual_review,
일본,1-18,호감 저해요인,드라마,폭력노출 등 표현방식이 너무 강해서,1+2순위(중복),9.0,%,525.0,"149,150,151,152,153,154,155,156",easyocr+ranked_item_row_grouping,0.9995,manual_review,
일본,1-18,호감 저해요인,드라마,@합 '엎울환하@어서속-되망 문제 정보 부족 텅,1+2순위(중복),7.6,%,525.0,"149,150,151,152,153,154,155,156",easyocr+ranked_item_row_grouping,0.9985,manual_review,
일본,1-18,호감 저해요인,예능,접하기 어려운 환경이어서,1순위,6.5,%,290.0,"149,150,151,152,153,154,155,156",easyocr+ranked_item_row_grouping,0.9995,manual_review,
일본,1-18,호감 저해요인,예능,방송용 자매텍스 말 풍선 이모티서 덩이 너무 많아서,1순위,4.8,%,290.0,"149,150,151,152,153,154,155,156",easyocr+ranked_item_row_grouping,0.9988,manual_review,
일본,1-18,호감 저해요인,예능,접하기 어려운 환경이어서 (지청 '경로 부족 인터넷 속되망 문제  정보 부족 등,1+2순위(중복),12.4,%,290.0,"149,150,151,152,153,154,155,156",easyocr+ranked_item_row_grouping,0.9477,manual_review,
일본,1-18,호감 저해요인,예능,방송용 지맥텍스 말 풍선 이모티롬 등이 너무 많서,1+2순위(중복),11.0,%,290.0,"149,150,151,152,153,154,155,156",easyocr+ranked_item_row_grouping,1.0,manual_review,
일본,1-18,호감 저해요인,예능,둘 나오는 사람들이 반복적으로 출연해서,1+2순위(중복),10.3,%,290.0,"149,150,151,152,153,154,155,156",easyocr+ranked_item_row_grouping,0.968,manual_review,
일본,1-18,호감 저해요인,예능,남성 여성,1+2순위(중복),10.0,%,290.0,"149,150,151,152,153,154,155,156",easyocr+ranked_item_row_grouping,0.9132,manual_review,
일본,1-18,호감 저해요인,영화,다양한 문에 대한 고까마가 부족해세인종 성소수자 종교 히,1순위,3.4,%,467.0,"149,150,151,152,153,154,155,156",easyocr+ranked_item_row_grouping,0.8255,manual_review,
일본,1-18,호감 저해요인,영화,디양한 문화에 대한 고로가 부족해세인종 성소수자 종교 등,1+2순위(중복),6.8,%,467.0,"149,150,151,152,153,154,155,156",easyocr+ranked_item_row_grouping,0.9997,manual_review,
일본,1-18,호감 저해요인,영화,Q,1+2순위(중복),2.0,%,467.0,"149,150,151,152,153,154,155,156",easyocr+ranked_item_row_grouping,0.4776,manual_review,
일본,1-18,호감 저해요인,영화,남성 여성,1+2순위(중복),10.0,%,467.0,"149,150,151,152,153,154,155,156",easyocr+ranked_item_row_grouping,0.9132,manual_review,
일본,1-18,호감 저해요인,음악,팬덤 문화가 폐쇄적 배타적이어서,1순위,2.6,%,581.0,"149,150,151,152,153,154,155,156",easyocr+ranked_item_row_grouping,0.3254,manual_review,
일본,1-18,호감 저해요인,애니메이션,스토리 소재 장르 등이 진부획일적이어서,1순위,4.8,%,25.0,"149,150,151,152,153,154,155,156",easyocr+ranked_item_row_grouping,0.9988,manual_review,
일본,1-18,호감 저해요인,애니메이션,캐릭터가 마음에 들지 않아서,1+2순위(중복),8.8,%,25.0,"149,150,151,152,153,154,155,156",easyocr+ranked_item_row_grouping,0.9993,manual_review,
일본,1-18,호감 저해요인,애니메이션,남성 여성,1+2순위(중복),10.0,%,25.0,"149,150,151,152,153,154,155,156",easyocr+ranked_item_row_grouping,0.9301,manual_review,
일본,1-18,호감 저해요인,출판물,한국적 요소가 강해세한국 문화전통스토리 등,1순위,8.6,%,173.0,"149,150,151,152,153,154,155,156",easyocr+ranked_item_row_grouping,0.9977,manual_review,
일본,1-18,호감 저해요인,출판물,국가 간 역사 외교적 관계로 인해서 뜻,1순위,10.5,%,173.0,"149,150,151,152,153,154,155,156",easyocr+ranked_item_row_grouping,0.9994,manual_review,
일본,1-18,호감 저해요인,출판물,수 스토리가 맘에 들지 않아서,순위미상(중복4회 중 1번째),5.2,%,173.0,"149,150,151,152,153,154,155,156",easyocr+ranked_item_row_grouping,0.9862,manual_review,순위 불명(순위미상(중복4회 중 1번째))
일본,1-18,호감 저해요인,출판물,수 스토리가 맘에 들지 않아서,순위미상(중복4회 중 2번째),4.2,%,173.0,"149,150,151,152,153,154,155,156",easyocr+ranked_item_row_grouping,0.9997,manual_review,순위 불명(순위미상(중복4회 중 2번째))
일본,1-18,호감 저해요인,출판물,수 스토리가 맘에 들지 않아서,순위미상(중복4회 중 3번째),6.9,%,173.0,"149,150,151,152,153,154,155,156",easyocr+ranked_item_row_grouping,0.9991,manual_review,순위 불명(순위미상(중복4회 중 3번째))
일본,1-18,호감 저해요인,출판물,수 스토리가 맘에 들지 않아서,순위미상(중복4회 중 4번째),5.9,%,173.0,"149,150,151,152,153,154,155,156",easyocr+ranked_item_row_grouping,0.9632,manual_review,순위 불명(순위미상(중복4회 중 4번째))
일본,1-18,호감 저해요인,출판물,기타,1+2순위(중복),1.2,%,173.0,"149,150,151,152,153,154,155,156",easyocr+ranked_item_row_grouping,0.5249,manual_review,
일본,1-18,호감 저해요인,출판물,남성 여성,1+2순위(중복),10.0,%,173.0,"149,150,151,152,153,154,155,156",easyocr+ranked_item_row_grouping,0.9132,manual_review,
일본,1-18,호감 저해요인,웹툰,스토리가 맘에 들지 않아서,순위미상(중복4회 중 1번째),3.8,%,159.0,"149,150,151,152,153,154,155,156",easyocr+ranked_item_row_grouping,0.7202,manual_review,순위 불명(순위미상(중복4회 중 1번째))
일본,1-18,호감 저해요인,웹툰,스토리가 맘에 들지 않아서,순위미상(중복4회 중 2번째),3.1,%,159.0,"149,150,151,152,153,154,155,156",easyocr+ranked_item_row_grouping,0.7427,manual_review,순위 불명(순위미상(중복4회 중 2번째))
일본,1-18,호감 저해요인,웹툰,스토리가 맘에 들지 않아서,순위미상(중복4회 중 3번째),9.4,%,159.0,"149,150,151,152,153,154,155,156",easyocr+ranked_item_row_grouping,0.7566,manual_review,순위 불명(순위미상(중복4회 중 3번째))
일본,1-18,호감 저해요인,웹툰,스토리가 맘에 들지 않아서,순위미상(중복4회 중 4번째),5.0,%,159.0,"149,150,151,152,153,154,155,156",easyocr+ranked_item_row_grouping,0.9996,manual_review,순위 불명(순위미상(중복4회 중 4번째))
일본,1-18,호감 저해요인,웹툰,접하기 어려운 환경이어서,1+2순위(중복),2.0,%,159.0,"149,150,151,152,153,154,155,156",easyocr+ranked_item_row_grouping,0.4969,manual_review,
일본,1-18,호감 저해요인,웹툰,남성 여성,1+2순위(중복),10.0,%,159.0,"149,150,151,152,153,154,155,156",easyocr+ranked_item_row_grouping,0.9132,manual_review,
일본,1-18,호감 저해요인,게임,게임이 선정적이고 폭력적이어서,1순위,7.5,%,267.0,"149,150,151,152,153,154,155,156",easyocr+ranked_item_row_grouping,0.7371,manual_review,
일본,1-18,호감 저해요인,게임,다양한 문회에 대한 고마가 부족해세인종 성소수자 종교,1순위,3.8,%,267.0,"149,150,151,152,153,154,155,156",easyocr+ranked_item_row_grouping,0.999,manual_review,
일본,1-18,호감 저해요인,게임,게임 스토리의 짜임새가 부족해서,1+2순위(중복),10.1,%,267.0,"149,150,151,152,153,154,155,156",easyocr+ranked_item_row_grouping,0.8405,manual_review,
일본,1-18,호감 저해요인,게임,복 다입a 문회에 대a 평가 부족해세요종 성소수자; 종교,1+2순위(중복),7.9,%,267.0,"149,150,151,152,153,154,155,156",easyocr+ranked_item_row_grouping,0.9994,manual_review,
일본,1-18,호감 저해요인,게임,남성 여성,1+2순위(중복),10.0,%,267.0,"149,150,151,152,153,154,155,156",easyocr+ranked_item_row_grouping,0.9132,manual_review,
일본,1-18,호감 저해요인,패션,수 제품 종류 및 스타일이 다양하지 않아서,순위미상(중복4회 중 1번째),6.4,%,403.0,"149,150,151,152,153,154,155,156",easyocr+ranked_item_row_grouping,0.8279,manual_review,순위 불명(순위미상(중복4회 중 1번째))
일본,1-18,호감 저해요인,패션,수 제품 종류 및 스타일이 다양하지 않아서,순위미상(중복4회 중 2번째),4.2,%,403.0,"149,150,151,152,153,154,155,156",easyocr+ranked_item_row_grouping,0.6824,manual_review,순위 불명(순위미상(중복4회 중 2번째))
일본,1-18,호감 저해요인,패션,수 제품 종류 및 스타일이 다양하지 않아서,순위미상(중복4회 중 3번째),11.6,%,403.0,"149,150,151,152,153,154,155,156",easyocr+ranked_item_row_grouping,0.7956,manual_review,순위 불명(순위미상(중복4회 중 3번째))
일본,1-18,호감 저해요인,패션,수 제품 종류 및 스타일이 다양하지 않아서,순위미상(중복4회 중 4번째),9.1,%,403.0,"149,150,151,152,153,154,155,156",easyocr+ranked_item_row_grouping,0.9997,manual_review,순위 불명(순위미상(중복4회 중 4번째))
일본,1-18,호감 저해요인,패션,판매되는 가격이 비싸서,1순위,5.2,%,403.0,"149,150,151,152,153,154,155,156",easyocr+ranked_item_row_grouping,0.9537,manual_review,
일본,1-18,호감 저해요인,뷰티,품질이 떨어저서,1순위,7.2,%,412.0,"149,150,151,152,153,154,155,156",easyocr+ranked_item_row_grouping,0.9364,manual_review,
일본,1-18,호감 저해요인,뷰티,제품 포장이 과해세비닐플라스틱 과다 사용 등,1순위,2.9,%,412.0,"149,150,151,152,153,154,155,156",easyocr+ranked_item_row_grouping,0.9998,manual_review,
일본,1-18,호감 저해요인,뷰티,흙 (피부톤 다양한 문화에 대한 고려가 부족해서 성적 정체성  관습 문제 등),1+2순위(중복),6.3,%,412.0,"149,150,151,152,153,154,155,156",easyocr+ranked_item_row_grouping,0.6997,manual_review,
일본,1-18,호감 저해요인,뷰티,남성 여성,1+2순위(중복),10.0,%,412.0,"149,150,151,152,153,154,155,156",easyocr+ranked_item_row_grouping,0.9132,manual_review,
일본,1-18,호감 저해요인,음식,국가 간 역사 외교적 관계로 인해서,1순위,7.5,%,619.0,"149,150,151,152,153,154,155,156",easyocr+ranked_item_row_grouping,0.4035,manual_review,
일본,1-18,호감 저해요인,한국어,한국어 표기법이 복잡하고 비효율적으로 느껴저서,1순위,10.8,%,205.0,"149,150,151,152,153,154,155,156",easyocr+ranked_item_row_grouping,1.0,manual_review,
일본,1-18,호감 저해요인,한국어,기타,1+2순위(중복),1.0,%,205.0,"149,150,151,152,153,154,155,156",easyocr+ranked_item_row_grouping,0.8208,manual_review,
일본,1-37,한류 부정적 인식 공감 이유,,한류는  지나치게 상업적,1순위,10.6,%,245.0,179,easyocr+ranked_item_row_grouping,0.9873,manual_review,
대만,1-17,호감요인,드라마,패센뷰티 등 한국 최신 트렌드록 볼 수 있어서,1순위,3.8,%,394.0,"203,204,205,206,207,208",easyocr+ranked_item_row_grouping,0.9929,manual_review,
대만,1-17,호감요인,드라마,기타,1+2순위(중복),0.5,%,394.0,"203,204,205,206,207,208",easyocr+ranked_item_row_grouping,0.9227,manual_review,
대만,1-17,호감요인,예능,한국 생활문회지 간접 경험하거나 이해할 수 있어서,1순위,12.6,%,396.0,"203,204,205,206,207,208",easyocr+ranked_item_row_grouping,0.9998,manual_review,
대만,1-17,호감요인,예능,기타,1+2순위(중복),0.3,%,396.0,"203,204,205,206,207,208",easyocr+ranked_item_row_grouping,0.9934,manual_review,
대만,1-17,호감요인,예능,남성 여성,1+2순위(중복),10.0,%,396.0,"203,204,205,206,207,208",easyocr+ranked_item_row_grouping,0.4444,manual_review,
대만,1-17,호감요인,영화,휴 출용증g표}등 짓랑 형렉기히나 %@-없,1순위,4.8,%,396.0,"203,204,205,206,207,208",easyocr+ranked_item_row_grouping,0.9993,manual_review,
대만,1-17,호감요인,영화,국제 영화제 수상으로 관심이 생겨서,1순위,4.0,%,396.0,"203,204,205,206,207,208",easyocr+ranked_item_row_grouping,0.9996,manual_review,
대만,1-17,호감요인,영화,흙 불평등양극화 등 사회 문제틀 현실적으로,1+2순위(중복),7.8,%,396.0,"203,204,205,206,207,208",easyocr+ranked_item_row_grouping,0.5485,manual_review,
대만,1-17,호감요인,영화,복 효제N화채수상-물출관없이 생겨서,1+2순위(중복),6.5,%,396.0,"203,204,205,206,207,208",easyocr+ranked_item_row_grouping,0.9775,manual_review,
대만,1-17,호감요인,음악,가쉬그룹과 팬 사이에 유대감이 좋아서,1+2순위(중복),18.8,%,393.0,"203,204,205,206,207,208",easyocr+ranked_item_row_grouping,0.9999,manual_review,
대만,1-17,호감요인,음악,기타,1+2순위(중복),0.3,%,393.0,"203,204,205,206,207,208",easyocr+ranked_item_row_grouping,0.9946,manual_review,
대만,1-17,호감요인,음악,남성 여성,1+2순위(중복),10.0,%,393.0,"203,204,205,206,207,208",easyocr+ranked_item_row_grouping,0.4444,manual_review,
대만,1-17,호감요인,애니메이션,캐릭터 생김새 디자인이 마음에 들어서,1순위,12.8,%,392.0,"203,204,205,206,207,208",easyocr+ranked_item_row_grouping,0.5578,manual_review,
대만,1-17,호감요인,애니메이션,다양한 소재 또는 장르름 다리서,1+2순위(중복),25.0,%,392.0,"203,204,205,206,207,208",easyocr+ranked_item_row_grouping,0.9995,manual_review,
대만,1-17,호감요인,애니메이션,둘 온라인모바일 플렉품올 통해 접할 수 있어서,1+2순위(중복),13.9,%,392.0,"203,204,205,206,207,208",easyocr+ranked_item_row_grouping,0.9622,manual_review,
대만,1-17,호감요인,애니메이션,기타,1+2순위(중복),0.3,%,392.0,"203,204,205,206,207,208",easyocr+ranked_item_row_grouping,0.9934,manual_review,
대만,1-17,호감요인,출판물,캐릭터의 성격역할이 마음에 들어서 휴 캐릭터에 색현없할이맛마음탕 독어서 증가해서,1순위,8.3,%,290.0,"203,204,205,206,207,208",easyocr+ranked_item_row_grouping,0.9952,manual_review,
대만,1-17,호감요인,출판물,캐릭터의 성격역할이 마음에 들어서,1+2순위(중복),18.0,%,290.0,"203,204,205,206,207,208",easyocr+ranked_item_row_grouping,0.9937,manual_review,
대만,1-17,호감요인,출판물,한국어에 대한 관심 및 학습 수요가 증가해서,1+2순위(중복),16.5,%,290.0,"203,204,205,206,207,208",easyocr+ranked_item_row_grouping,0.9911,manual_review,
대만,1-17,호감요인,출판물,한국의 최신 트렌드록 접할 수 있어서,1+2순위(중복),15.8,%,290.0,"203,204,205,206,207,208",easyocr+ranked_item_row_grouping,1.0,manual_review,
대만,1-17,호감요인,출판물,기타,1+2순위(중복),0.3,%,290.0,"203,204,205,206,207,208",easyocr+ranked_item_row_grouping,0.9934,manual_review,
대만,1-17,호감요인,출판물,남성 여성,1+2순위(중복),10.0,%,290.0,"203,204,205,206,207,208",easyocr+ranked_item_row_grouping,0.4444,manual_review,
대만,1-17,호감요인,웹툰,온라인모바일 플렉품올 통해 접할 수 있어서,1순위,10.1,%,394.0,"203,204,205,206,207,208",easyocr+ranked_item_row_grouping,0.9947,manual_review,
대만,1-17,호감요인,게임,디른 게p들과 네트위크름 형성하고햄 월수 앞어서,1순위,10.1,%,396.0,"203,204,205,206,207,208",easyocr+ranked_item_row_grouping,0.9994,manual_review,
대만,1-17,호감요인,게임,사용자 환경이 편리해세단축키 메뉴 회면 구성 등,1순위,6.3,%,396.0,"203,204,205,206,207,208",easyocr+ranked_item_row_grouping,0.9935,manual_review,
대만,1-17,호감요인,게임,표,1순위,71.0,%,396.0,"203,204,205,206,207,208",easyocr+ranked_item_row_grouping,0.8667,manual_review,
대만,1-17,호감요인,게임,디른 게p머들과 네트위크름 형성하고 햄 질수 앞,1+2순위(중복),17.4,%,396.0,"203,204,205,206,207,208",easyocr+ranked_item_row_grouping,0.9988,manual_review,
대만,1-17,호감요인,게임,(복 사용자 환경 펴리해세s춧권 메뉴 회면 구성 등,1+2순위(중복),11.3,%,396.0,"203,204,205,206,207,208",easyocr+ranked_item_row_grouping,0.9903,manual_review,
대만,1-17,호감요인,게임,기타,1+2순위(중복),0.3,%,396.0,"203,204,205,206,207,208",easyocr+ranked_item_row_grouping,0.9822,manual_review,
대만,1-17,호감요인,게임,남성 여성,1+2순위(중복),10.0,%,396.0,"203,204,205,206,207,208",easyocr+ranked_item_row_grouping,0.4444,manual_review,
대만,1-17,호감요인,뷰티,제품 종류가 다양해서,1순위,13.8,%,319.0,"203,204,205,206,207,208",easyocr+ranked_item_row_grouping,0.7075,manual_review,
대만,1-17,호감요인,뷰티,슈 조제적이들-이에서,1순위,6.2,%,319.0,"203,204,205,206,207,208",easyocr+ranked_item_row_grouping,1.0,manual_review,
대만,1-17,호감요인,뷰티,신제품이 자주 나외서,1+2순위(중복),14.7,%,319.0,"203,204,205,206,207,208",easyocr+ranked_item_row_grouping,0.9199,manual_review,
대만,1-17,호감요인,뷰티,남성 여성,1+2순위(중복),10.0,%,319.0,"203,204,205,206,207,208",easyocr+ranked_item_row_grouping,0.4444,manual_review,
대만,1-17,호감요인,음식,종이하는 인풀루언서가 자주 먹거나 노출하기 때문에,1+2순위(중복),18.7,%,401.0,"203,204,205,206,207,208",easyocr+ranked_item_row_grouping,0.9896,manual_review,
대만,1-17,호감요인,한국어,한국 단어나 표현 방식이 좋아서,1순위,10.3,%,175.0,"203,204,205,206,207,208",easyocr+ranked_item_row_grouping,0.934,manual_review,
대만,1-17,호감요인,한국어,한국어 자체가 새롭고 흥미로위서,1순위,9.7,%,175.0,"203,204,205,206,207,208",easyocr+ranked_item_row_grouping,0.9801,manual_review,
대만,1-17,호감요인,한국어,한국어의 소리가 듣기 좋아서,1순위,9.2,%,175.0,"203,204,205,206,207,208",easyocr+ranked_item_row_grouping,0.9999,manual_review,
대만,1-17,호감요인,한국어,슈 한글이 배물기취워서 틀 알 수 있어서,1순위,6.8,%,175.0,"203,204,205,206,207,208",easyocr+ranked_item_row_grouping,0.9993,manual_review,
대만,1-17,호감요인,한국어,한국어 자체가 멋있어서,1순위,4.6,%,175.0,"203,204,205,206,207,208",easyocr+ranked_item_row_grouping,0.9961,manual_review,
대만,1-17,호감요인,한국어,한글이 만들어진 역사틀 알 수 있어서,1+2순위(중복),18.8,%,175.0,"203,204,205,206,207,208",easyocr+ranked_item_row_grouping,0.9999,manual_review,
대만,1-17,호감요인,한국어,흙 한국어 자체가 멋있어서 한국어의 소리가 튼기 좋아서,1+2순위(중복),14.9,%,175.0,"203,204,205,206,207,208",easyocr+ranked_item_row_grouping,0.9994,manual_review,
대만,1-18,호감 저해요인,드라마,드라마을 보는데 비용이 많이 들어서,1순위,9.4,%,394.0,"209,210,211,212,213,214,215,216",easyocr+ranked_item_row_grouping,0.9859,manual_review,
대만,1-18,호감 저해요인,드라마,} 플훌도등 콤월탕-에 년무적.필설 언해서,1순위,4.1,%,394.0,"209,210,211,212,213,214,215,216",easyocr+ranked_item_row_grouping,0.7669,manual_review,
대만,1-18,호감 저해요인,드라마,접하기 어려운 환경이어서,1순위,2.8,%,394.0,"209,210,211,212,213,214,215,216",easyocr+ranked_item_row_grouping,0.9999,manual_review,
대만,1-18,호감 저해요인,드라마,과도한 광고 노출이 많아서,1+2순위(중복),15.8,%,394.0,"209,210,211,212,213,214,215,216",easyocr+ranked_item_row_grouping,0.7755,manual_review,
대만,1-18,호감 저해요인,드라마,주 _율환경j어,1+2순위(중복),8.2,%,394.0,"209,210,211,212,213,214,215,216",easyocr+ranked_item_row_grouping,0.9998,manual_review,
대만,1-18,호감 저해요인,드라마,같은 배우들이 다른 작품에 반복적으로 출연해서,1+2순위(중복),6.1,%,394.0,"209,210,211,212,213,214,215,216",easyocr+ranked_item_row_grouping,0.9999,manual_review,
대만,1-18,호감 저해요인,드라마,기타,1+2순위(중복),0.5,%,394.0,"209,210,211,212,213,214,215,216",easyocr+ranked_item_row_grouping,0.5851,manual_review,
대만,1-18,호감 저해요인,예능,순 디양하 문에 대한 고마 부족해세인종 성소수자 종교 텅,1순위,4.8,%,396.0,"209,210,211,212,213,214,215,216",easyocr+ranked_item_row_grouping,0.6011,manual_review,
대만,1-18,호감 저해요인,예능,나오는 사람들이 반복적으로 출연해서,1순위,3.8,%,396.0,"209,210,211,212,213,214,215,216",easyocr+ranked_item_row_grouping,0.9996,manual_review,
대만,1-18,호감 저해요인,예능,게스트들의 토크에 의존하는 포매이 많아서,1+2순위(중복),11.4,%,396.0,"209,210,211,212,213,214,215,216",easyocr+ranked_item_row_grouping,0.9998,manual_review,
대만,1-18,호감 저해요인,예능,흙 다양한 문에 대한 고로과가 부족해세인종 성소수자 종교 등,1+2순위(중복),9.6,%,396.0,"209,210,211,212,213,214,215,216",easyocr+ranked_item_row_grouping,0.9981,manual_review,
대만,1-18,호감 저해요인,예능,Q,1+2순위(중복),2.0,%,396.0,"209,210,211,212,213,214,215,216",easyocr+ranked_item_row_grouping,0.2203,manual_review,
대만,1-18,호감 저해요인,예능,남성 여성,1+2순위(중복),10.0,%,396.0,"209,210,211,212,213,214,215,216",easyocr+ranked_item_row_grouping,0.9132,manual_review,
대만,1-18,호감 저해요인,영화,다양한 문회에 대한 고로가 부족해세인종 성소수자 종교 등,1순위,5.6,%,396.0,"209,210,211,212,213,214,215,216",easyocr+ranked_item_row_grouping,0.9998,manual_review,
대만,1-18,호감 저해요인,영화,수 접하기 어려운 환경이어서 (지청 '경로 부족 인터넷 속되망 문제  정보 부족 등,1순위,4.3,%,396.0,"209,210,211,212,213,214,215,216",easyocr+ranked_item_row_grouping,0.9855,manual_review,
대만,1-18,호감 저해요인,영화,남성 여성,1+2순위(중복),10.0,%,396.0,"209,210,211,212,213,214,215,216",easyocr+ranked_item_row_grouping,0.9104,manual_review,
대만,1-18,호감 저해요인,음악,디양한 문회에 대한 고로가 부족해세인종 성소수자 종교,1순위,4.6,%,393.0,"209,210,211,212,213,214,215,216",easyocr+ranked_item_row_grouping,0.9982,manual_review,
대만,1-18,호감 저해요인,음악,수 훌물 주수의 외모가 첫출하집%야서,1순위,3.6,%,393.0,"209,210,211,212,213,214,215,216",easyocr+ranked_item_row_grouping,0.9975,manual_review,
대만,1-18,호감 저해요인,음악,팬덤 문화가 폐쇄적 배타적이어서,1+2순위(중복),9.4,%,393.0,"209,210,211,212,213,214,215,216",easyocr+ranked_item_row_grouping,0.5626,manual_review,
대만,1-18,호감 저해요인,음악,다양한 문에 대한 고까마가 부족해세인종 성소수자 종교 히,1+2순위(중복),8.4,%,393.0,"209,210,211,212,213,214,215,216",easyocr+ranked_item_row_grouping,0.9999,manual_review,
대만,1-18,호감 저해요인,애니메이션,한국적 요소가 강해세한국 문화전통스토리 등,1순위,7.7,%,392.0,"209,210,211,212,213,214,215,216",easyocr+ranked_item_row_grouping,0.7151,manual_review,
대만,1-18,호감 저해요인,애니메이션,대부분 유아용의로 제작되면 성인 대상 권렌까가 부족해서,1순위,6.9,%,392.0,"209,210,211,212,213,214,215,216",easyocr+ranked_item_row_grouping,0.9998,manual_review,
대만,1-18,호감 저해요인,애니메이션,남성 여성,1+2순위(중복),10.0,%,392.0,"209,210,211,212,213,214,215,216",easyocr+ranked_item_row_grouping,0.9132,manual_review,
대만,1-18,호감 저해요인,출판물,다양한 문에 대한 고로가 부족해세인종 성소수자 종교,1순위,6.2,%,290.0,"209,210,211,212,213,214,215,216",easyocr+ranked_item_row_grouping,0.9996,manual_review,
대만,1-18,호감 저해요인,출판물,스토리가 맘에 들지 않아서,순위미상(중복3회 중 1번째),5.9,%,290.0,"209,210,211,212,213,214,215,216",easyocr+ranked_item_row_grouping,0.9999,manual_review,순위 불명(순위미상(중복3회 중 1번째))
대만,1-18,호감 저해요인,출판물,스토리가 맘에 들지 않아서,순위미상(중복3회 중 2번째),3.5,%,290.0,"209,210,211,212,213,214,215,216",easyocr+ranked_item_row_grouping,0.9962,manual_review,순위 불명(순위미상(중복3회 중 2번째))
대만,1-18,호감 저해요인,출판물,스토리가 맘에 들지 않아서,순위미상(중복3회 중 3번째),11.1,%,290.0,"209,210,211,212,213,214,215,216",easyocr+ranked_item_row_grouping,0.9999,manual_review,순위 불명(순위미상(중복3회 중 3번째))
대만,1-18,호감 저해요인,출판물,수 잇용하늘데 반용이 몹이 들어서,1순위,5.9,%,290.0,"209,210,211,212,213,214,215,216",easyocr+ranked_item_row_grouping,0.9995,manual_review,
대만,1-18,호감 저해요인,출판물,이용하는데 비용이 많이 들어서,1+2순위(중복),9.6,%,290.0,"209,210,211,212,213,214,215,216",easyocr+ranked_item_row_grouping,0.9992,manual_review,
대만,1-18,호감 저해요인,출판물,복 캐릭터가 삼o이물지 않아,1+2순위(중복),6.6,%,290.0,"209,210,211,212,213,214,215,216",easyocr+ranked_item_row_grouping,0.9998,manual_review,
대만,1-18,호감 저해요인,출판물,남성 여성,1+2순위(중복),10.0,%,290.0,"209,210,211,212,213,214,215,216",easyocr+ranked_item_row_grouping,0.9132,manual_review,
대만,1-18,호감 저해요인,웹툰,접하기 어려운 환경이어서 (시청 경로 부족 인터넷 속되망 문제   정보 부족 등,1순위,5.8,%,394.0,"209,210,211,212,213,214,215,216",easyocr+ranked_item_row_grouping,0.9999,manual_review,
대만,1-18,호감 저해요인,웹툰,순 그림체가 마음에 들지 않아서,1순위,4.8,%,394.0,"209,210,211,212,213,214,215,216",easyocr+ranked_item_row_grouping,0.9994,manual_review,
대만,1-18,호감 저해요인,웹툰,스토리가 맘에 들지 않아서,순위미상(중복4회 중 1번째),2.6,%,394.0,"209,210,211,212,213,214,215,216",easyocr+ranked_item_row_grouping,0.9985,manual_review,순위 불명(순위미상(중복4회 중 1번째))
대만,1-18,호감 저해요인,웹툰,스토리가 맘에 들지 않아서,순위미상(중복4회 중 2번째),1.0,%,394.0,"209,210,211,212,213,214,215,216",easyocr+ranked_item_row_grouping,0.5206,manual_review,순위 불명(순위미상(중복4회 중 2번째))
대만,1-18,호감 저해요인,웹툰,스토리가 맘에 들지 않아서,순위미상(중복4회 중 3번째),5.9,%,394.0,"209,210,211,212,213,214,215,216",easyocr+ranked_item_row_grouping,1.0,manual_review,순위 불명(순위미상(중복4회 중 3번째))
대만,1-18,호감 저해요인,웹툰,스토리가 맘에 들지 않아서,순위미상(중복4회 중 4번째),3.3,%,394.0,"209,210,211,212,213,214,215,216",easyocr+ranked_item_row_grouping,0.979,manual_review,순위 불명(순위미상(중복4회 중 4번째))
대만,1-18,호감 저해요인,웹툰,복 내용이 선정적이고_폭력적이어서,1+2순위(중복),6.9,%,394.0,"209,210,211,212,213,214,215,216",easyocr+ranked_item_row_grouping,0.9717,manual_review,
대만,1-18,호감 저해요인,웹툰,남성 여성,1+2순위(중복),10.0,%,394.0,"209,210,211,212,213,214,215,216",easyocr+ranked_item_row_grouping,0.9132,manual_review,
대만,1-18,호감 저해요인,게임,게임 캐릭터의 매력이 부족정체성이 모호해서,1순위,5.3,%,396.0,"209,210,211,212,213,214,215,216",easyocr+ranked_item_row_grouping,0.9999,manual_review,
대만,1-18,호감 저해요인,게임,위 디양한 문에 대한 고로마 부족해세인종 성소수자 종교 텅,1순위,5.1,%,396.0,"209,210,211,212,213,214,215,216",easyocr+ranked_item_row_grouping,0.9997,manual_review,
대만,1-18,호감 저해요인,게임,게임 스토리의 짜임새가 부족해서,1순위,3.1,%,396.0,"209,210,211,212,213,214,215,216",easyocr+ranked_item_row_grouping,0.9971,manual_review,
대만,1-18,호감 저해요인,게임,다양한 문최에 대한 고마가 부족해세인종 성소수자 종교 히,1+2순위(중복),8.6,%,396.0,"209,210,211,212,213,214,215,216",easyocr+ranked_item_row_grouping,0.9998,manual_review,
대만,1-18,호감 저해요인,게임,복 게임 u리의 따임새가 부족해서,1+2순위(중복),6.6,%,396.0,"209,210,211,212,213,214,215,216",easyocr+ranked_item_row_grouping,0.9998,manual_review,
대만,1-18,호감 저해요인,게임,구분 전체 남성 성별 여성,1+2순위(중복),10.0,%,396.0,"209,210,211,212,213,214,215,216",easyocr+ranked_item_row_grouping,0.9104,manual_review,
대만,1-18,호감 저해요인,패션,선 판매되는 가격이 비싸서,1+2순위(중복),356.0,%,393.0,"209,210,211,212,213,214,215,216",easyocr+ranked_item_row_grouping,0.988,manual_review,"값 범위 이상: 356.0 (기대범위 0.0~100.0, 단위=%) — 소수점 누락(예: 3.3->33) 또는 자릿수 오류 의심; %인데 356.0 > 100 — 소수점 누락 또는 자릿수 오류 의심"
대만,1-18,호감 저해요인,패션,슈 제품 종류 및 스타일이 다양하지 않아서,순위미상(중복3회 중 1번째),9.4,%,393.0,"209,210,211,212,213,214,215,216",easyocr+ranked_item_row_grouping,0.8977,manual_review,순위 불명(순위미상(중복3회 중 1번째))
대만,1-18,호감 저해요인,패션,슈 제품 종류 및 스타일이 다양하지 않아서,순위미상(중복3회 중 2번째),46.0,%,393.0,"209,210,211,212,213,214,215,216",easyocr+ranked_item_row_grouping,0.8229,manual_review,순위 불명(순위미상(중복3회 중 2번째))
대만,1-18,호감 저해요인,패션,슈 제품 종류 및 스타일이 다양하지 않아서,순위미상(중복3회 중 3번째),155.0,%,393.0,"209,210,211,212,213,214,215,216",easyocr+ranked_item_row_grouping,0.5286,manual_review,"순위 불명(순위미상(중복3회 중 3번째)); 값 범위 이상: 155.0 (기대범위 0.0~100.0, 단위=%) — 소수점 누락(예: 3.3->33) 또는 자릿수 오류 의심; %인데 155.0 > 100 — 소수점 누락 또는 자릿수 오류 의심"
대만,1-18,호감 저해요인,패션,품질 대비 가격이 비싸서,1+2순위(중복),181.0,%,393.0,"209,210,211,212,213,214,215,216",easyocr+ranked_item_row_grouping,1.0,manual_review,"값 범위 이상: 181.0 (기대범위 0.0~100.0, 단위=%) — 소수점 누락(예: 3.3->33) 또는 자릿수 오류 의심; %인데 181.0 > 100 — 소수점 누락 또는 자릿수 오류 의심"
대만,1-18,호감 저해요인,패션,없음,1순위,180.0,%,393.0,"209,210,211,212,213,214,215,216",easyocr+ranked_item_row_grouping,1.0,manual_review,"값 범위 이상: 180.0 (기대범위 0.0~100.0, 단위=%) — 소수점 누락(예: 3.3->33) 또는 자릿수 오류 의심; %인데 180.0 > 100 — 소수점 누락 또는 자릿수 오류 의심"
대만,1-18,호감 저해요인,패션,없음,1+2순위(중복),180.0,%,393.0,"209,210,211,212,213,214,215,216",easyocr+ranked_item_row_grouping,1.0,manual_review,"값 범위 이상: 180.0 (기대범위 0.0~100.0, 단위=%) — 소수점 누락(예: 3.3->33) 또는 자릿수 오류 의심; %인데 180.0 > 100 — 소수점 누락 또는 자릿수 오류 의심"
대만,1-18,호감 저해요인,패션,유 (종교 인종 장애 관습 문제 등 다양한 문화에 대한 고려가 부족해서,1+2순위(중복),99.0,%,393.0,"209,210,211,212,213,214,215,216",easyocr+ranked_item_row_grouping,0.7631,manual_review,
대만,1-18,호감 저해요인,뷰티,판매되는 가격이 비싸서,1순위,153.0,%,319.0,"209,210,211,212,213,214,215,216",easyocr+ranked_item_row_grouping,0.9425,manual_review,"값 범위 이상: 153.0 (기대범위 0.0~100.0, 단위=%) — 소수점 누락(예: 3.3->33) 또는 자릿수 오류 의심; %인데 153.0 > 100 — 소수점 누락 또는 자릿수 오류 의심"
대만,1-18,호감 저해요인,뷰티,판매되는 가격이 비싸서,1+2순위(중복),257.0,%,319.0,"209,210,211,212,213,214,215,216",easyocr+ranked_item_row_grouping,0.9929,manual_review,"값 범위 이상: 257.0 (기대범위 0.0~100.0, 단위=%) — 소수점 누락(예: 3.3->33) 또는 자릿수 오류 의심; %인데 257.0 > 100 — 소수점 누락 또는 자릿수 오류 의심"
대만,1-18,호감 저해요인,뷰티,제품의 홍보가 지나치게 과장된 것 같아서,1순위,122.0,%,319.0,"209,210,211,212,213,214,215,216",easyocr+ranked_item_row_grouping,1.0,manual_review,"값 범위 이상: 122.0 (기대범위 0.0~100.0, 단위=%) — 소수점 누락(예: 3.3->33) 또는 자릿수 오류 의심; %인데 122.0 > 100 — 소수점 누락 또는 자릿수 오류 의심"
대만,1-18,호감 저해요인,뷰티,제품의 홍보가 지나치게 과장된 것 같아서,1+2순위(중복),188.0,%,319.0,"209,210,211,212,213,214,215,216",easyocr+ranked_item_row_grouping,1.0,manual_review,"값 범위 이상: 188.0 (기대범위 0.0~100.0, 단위=%) — 소수점 누락(예: 3.3->33) 또는 자릿수 오류 의심; %인데 188.0 > 100 — 소수점 누락 또는 자릿수 오류 의심"
대만,1-18,호감 저해요인,뷰티,품질 대비 가격이 비싸서,1+2순위(중복),125.0,%,319.0,"209,210,211,212,213,214,215,216",easyocr+ranked_item_row_grouping,0.9999,manual_review,"값 범위 이상: 125.0 (기대범위 0.0~100.0, 단위=%) — 소수점 누락(예: 3.3->33) 또는 자릿수 오류 의심; %인데 125.0 > 100 — 소수점 누락 또는 자릿수 오류 의심"
대만,1-18,호감 저해요인,뷰티,한국에서 제조한 제품이 아니어서,1+2순위(중복),110.0,%,319.0,"209,210,211,212,213,214,215,216",easyocr+ranked_item_row_grouping,0.6641,manual_review,"값 범위 이상: 110.0 (기대범위 0.0~100.0, 단위=%) — 소수점 누락(예: 3.3->33) 또는 자릿수 오류 의심; %인데 110.0 > 100 — 소수점 누락 또는 자릿수 오류 의심"
대만,1-18,호감 저해요인,뷰티,품질이 떨어저서,1순위,60.0,%,319.0,"209,210,211,212,213,214,215,216",easyocr+ranked_item_row_grouping,1.0,manual_review,
대만,1-18,호감 저해요인,뷰티,특정 성>인삼  한방 성분이 기호에 맞지 않아서,1+2순위(중복),109.0,%,319.0,"209,210,211,212,213,214,215,216",easyocr+ranked_item_row_grouping,0.8331,manual_review,"값 범위 이상: 109.0 (기대범위 0.0~100.0, 단위=%) — 소수점 누락(예: 3.3->33) 또는 자릿수 오류 의심; %인데 109.0 > 100 — 소수점 누락 또는 자릿수 오류 의심"
대만,1-18,호감 저해요인,뷰티,제품 포장이 과해세비닐플라스틱 과다 사용 등),1순위,50.0,%,319.0,"209,210,211,212,213,214,215,216",easyocr+ranked_item_row_grouping,1.0,manual_review,
대만,1-18,호감 저해요인,뷰티,제품의 종류가 다양하지 않아서,1순위,34.0,%,319.0,"209,210,211,212,213,214,215,216",easyocr+ranked_item_row_grouping,0.9997,manual_review,
대만,1-18,호감 저해요인,뷰티,흙 (피부론 ' 성적 정체성   관습 문제 등) 다양한 문화에 대한 고려가 부족해서,1+2순위(중복),81.0,%,319.0,"209,210,211,212,213,214,215,216",easyocr+ranked_item_row_grouping,1.0,manual_review,
대만,1-18,호감 저해요인,뷰티,남성 여성,1+2순위(중복),10.0,%,319.0,"209,210,211,212,213,214,215,216",easyocr+ranked_item_row_grouping,0.8876,manual_review,
대만,1-18,호감 저해요인,음식,제공하는 음식이 다양하지 않아서,1순위,7.8,%,401.0,"209,210,211,212,213,214,215,216",easyocr+ranked_item_row_grouping,0.9996,manual_review,
대만,1-18,호감 저해요인,음식,재회조리법올 알 수 없어서,1순위,7.5,%,401.0,"209,210,211,212,213,214,215,216",easyocr+ranked_item_row_grouping,0.8651,manual_review,
대만,1-18,호감 저해요인,음식,수 음식흘런뒤먹지 문화가 어색해서,1순위,3.7,%,401.0,"209,210,211,212,213,214,215,216",easyocr+ranked_item_row_grouping,0.9997,manual_review,
대만,1-18,호감 저해요인,음식,(종피할  채식 식문화 등,1순위,3.3,%,401.0,"209,210,211,212,213,214,215,216",easyocr+ranked_item_row_grouping,0.9971,manual_review,
대만,1-18,호감 저해요인,음식,음식울 나뉘먹는 문화가 어색해서,1+2순위(중복),8.5,%,401.0,"209,210,211,212,213,214,215,216",easyocr+ranked_item_row_grouping,0.9997,manual_review,
대만,1-18,호감 저해요인,음식,둘 다양한 문화에 대한 고려가 부족해서,1+2순위(중복),6.1,%,401.0,"209,210,211,212,213,214,215,216",easyocr+ranked_item_row_grouping,0.9994,manual_review,
대만,1-18,호감 저해요인,한국어,한국어가 배우기 어렵다고 느껴저서,1순위,15.9,%,175.0,"209,210,211,212,213,214,215,216",easyocr+ranked_item_row_grouping,0.8379,manual_review,
대만,1-37,한류 부정적 인식 공감 이유,,남북 분단 북한의 국제적인 위협,1순위,12.5,%,208.0,239,easyocr+ranked_item_row_grouping,0.9817,manual_review,
대만,1-37,한류 부정적 인식 공감 이유,,한류스타의 부적절한 언행 비운리적인 행동,1순위,8.1,%,208.0,239,easyocr+ranked_item_row_grouping,0.65,manual_review,
대만,1-37,한류 부정적 인식 공감 이유,,(중복) 한류스타의 부적절한 언행-비운리적인 행동,1+2순위(중복),17.3,%,208.0,239,easyocr+ranked_item_row_grouping,0.9782,manual_review,
태국,1-17,호감요인,드라마,유 표현 방식이 과랜독록생해서,1순위,5.8,%,46.0,"263,264,265,266,267,268",easyocr+ranked_item_row_grouping,0.9999,manual_review,
태국,1-17,호감요인,드라마,불평등양국화 등 사회 문제름 현실적으로 표현해서,1순위,3.8,%,46.0,"263,264,265,266,267,268",easyocr+ranked_item_row_grouping,0.9957,manual_review,
태국,1-17,호감요인,드라마,표현 방식이 과감 독특생생해서,1+2순위(중복),10.5,%,46.0,"263,264,265,266,267,268",easyocr+ranked_item_row_grouping,0.9999,manual_review,
태국,1-17,호감요인,드라마,복 불평등양국화 등 사회 문제틀_현실적-로 표현해서,1+2순위(중복),9.6,%,46.0,"263,264,265,266,267,268",easyocr+ranked_item_row_grouping,0.9993,manual_review,
태국,1-17,호감요인,예능,"수 포물하램 콤륭틈 탓 포멋이 ""중앙섯",1순위,11.2,%,456.0,"263,264,265,266,267,268",easyocr+ranked_item_row_grouping,0.974,manual_review,
태국,1-17,호감요인,예능,프로그램 큰섭트 및 포맺이 좋아서,1+2순위(중복),22.9,%,456.0,"263,264,265,266,267,268",easyocr+ranked_item_row_grouping,0.9421,manual_review,
태국,1-17,호감요인,예능,기타,1+2순위(중복),0.2,%,456.0,"263,264,265,266,267,268",easyocr+ranked_item_row_grouping,0.9998,manual_review,
태국,1-17,호감요인,예능,남성 여성,1+2순위(중복),10.0,%,456.0,"263,264,265,266,267,268",easyocr+ranked_item_row_grouping,0.4444,manual_review,
태국,1-17,호감요인,영화,온라인모바일 플렉품올 통해 접할 수 있어서,1순위,8.4,%,456.0,"263,264,265,266,267,268",easyocr+ranked_item_row_grouping,0.9998,manual_review,
태국,1-17,호감요인,영화,선호하는 배우가 출연해서,1순위,8.3,%,456.0,"263,264,265,266,267,268",easyocr+ranked_item_row_grouping,0.9983,manual_review,
태국,1-17,호감요인,음악,남성 여성,1+2순위(중복),10.0,%,449.0,"263,264,265,266,267,268",easyocr+ranked_item_row_grouping,0.4444,manual_review,
태국,1-17,호감요인,애니메이션,캐릭터의 성격역할이 마음에 들어서,1순위,12.3,%,47.0,"263,264,265,266,267,268",easyocr+ranked_item_row_grouping,0.9857,manual_review,
태국,1-17,호감요인,애니메이션,스토리가 짜임새 있고 단단해서,1순위,11.6,%,47.0,"263,264,265,266,267,268",easyocr+ranked_item_row_grouping,0.9993,manual_review,
태국,1-17,호감요인,애니메이션,다양한 소재 또는 장르름 다리서,1+2순위(중복),23.7,%,47.0,"263,264,265,266,267,268",easyocr+ranked_item_row_grouping,0.9997,manual_review,
태국,1-17,호감요인,애니메이션,둘 온라인모바일 플렉품올 통해 접할 수 있어서,1+2순위(중복),17.2,%,47.0,"263,264,265,266,267,268",easyocr+ranked_item_row_grouping,0.9998,manual_review,
태국,1-17,호감요인,애니메이션,기타,1+2순위(중복),0.7,%,47.0,"263,264,265,266,267,268",easyocr+ranked_item_row_grouping,0.9997,manual_review,
태국,1-17,호감요인,출판물,수상 작품이어세국제 문학상 등,1순위,7.8,%,369.0,"263,264,265,266,267,268",easyocr+ranked_item_row_grouping,0.9952,manual_review,
태국,1-17,호감요인,출판물,캐릭터의 성격역할이 마음에 들어서 휴 캐릭터해 :현전할이맛마음탕 특어서 증가해서,1순위,8.4,%,369.0,"263,264,265,266,267,268",easyocr+ranked_item_row_grouping,0.5171,manual_review,
태국,1-17,호감요인,출판물,한국어에 대한 관심 및 학습 수요가 증가해서,1+2순위(중복),16.9,%,369.0,"263,264,265,266,267,268",easyocr+ranked_item_row_grouping,0.6927,manual_review,
태국,1-17,호감요인,출판물,캐릭터의 성격역할이 마음에 들어서,1+2순위(중복),14.1,%,369.0,"263,264,265,266,267,268",easyocr+ranked_item_row_grouping,0.6216,manual_review,
태국,1-17,호감요인,출판물,남성 여성,1+2순위(중복),10.0,%,369.0,"263,264,265,266,267,268",easyocr+ranked_item_row_grouping,0.4444,manual_review,
태국,1-17,호감요인,웹툰,순 스토리가 짜임새 있고 단단해서,1순위,10.6,%,442.0,"263,264,265,266,267,268",easyocr+ranked_item_row_grouping,0.9988,manual_review,
태국,1-17,호감요인,게임,스토리가 짜임새 있고 단단해서,1순위,6.9,%,437.0,"263,264,265,266,267,268",easyocr+ranked_item_row_grouping,0.8994,manual_review,
태국,1-17,호감요인,게임,숲 다계p -둘과 네 위 트 형어하교함 질수 엇서,1순위,6.6,%,437.0,"263,264,265,266,267,268",easyocr+ranked_item_row_grouping,0.999,manual_review,
태국,1-17,호감요인,게임,디른 게p들과 네트위f릎 형성하고 햄 월수 있서,1+2순위(중복),15.1,%,437.0,"263,264,265,266,267,268",easyocr+ranked_item_row_grouping,0.8494,manual_review,
태국,1-17,호감요인,게임,남성 여성,1+2순위(중복),10.0,%,437.0,"263,264,265,266,267,268",easyocr+ranked_item_row_grouping,0.4444,manual_review,
태국,1-17,호감요인,패션,수 집근정이 출아서,1순위,8.5,%,46.0,"263,264,265,266,267,268",easyocr+ranked_item_row_grouping,0.9655,manual_review,
태국,1-17,호감요인,패션,접근성이 좋아서,1+2순위(중복),14.7,%,46.0,"263,264,265,266,267,268",easyocr+ranked_item_row_grouping,0.9149,manual_review,
태국,1-17,호감요인,뷰티,좋아하는 인플루언서가 직접 사용홍보해서,1+2순위(중복),15.2,%,454.0,"263,264,265,266,267,268",easyocr+ranked_item_row_grouping,0.5701,manual_review,
태국,1-17,호감요인,뷰티,남성 여성,1+2순위(중복),10.0,%,454.0,"263,264,265,266,267,268",easyocr+ranked_item_row_grouping,0.4444,manual_review,
태국,1-17,호감요인,음식,영화 드리미어서 빛년 한식-식문회름 경험할 수 있어서,1순위,20.4,%,451.0,"263,264,265,266,267,268",easyocr+ranked_item_row_grouping,0.9999,manual_review,
태국,1-17,호감요인,음식,수 출이하등_율출언서가 자주 먹기 노출히기 때문,1순위,7.7,%,451.0,"263,264,265,266,267,268",easyocr+ranked_item_row_grouping,0.9992,manual_review,
태국,1-17,호감요인,음식,가격이 적당해서,1+2순위(중복),28.6,%,451.0,"263,264,265,266,267,268",easyocr+ranked_item_row_grouping,0.9952,manual_review,
태국,1-17,호감요인,음식,좋이하는 인풀루언서가 지주 먹거나 노출하기 때문에,1+2순위(중복),18.9,%,451.0,"263,264,265,266,267,268",easyocr+ranked_item_row_grouping,0.6354,manual_review,
태국,1-17,호감요인,한국어,한국어름 통해 한국 문화틀 이해할 수 있어서,1순위,11.5,%,252.0,"263,264,265,266,267,268",easyocr+ranked_item_row_grouping,0.9999,manual_review,
태국,1-17,호감요인,한국어,한국어 자체가 새롭고 흥미로워서,1순위,10.7,%,252.0,"263,264,265,266,267,268",easyocr+ranked_item_row_grouping,0.8611,manual_review,
태국,1-17,호감요인,한국어,슈 한국어으어날자연현 이이 야중안-서,1순위,8.8,%,252.0,"263,264,265,266,267,268",easyocr+ranked_item_row_grouping,1.0,manual_review,
태국,1-17,호감요인,한국어,한국어의 글자인 한글이 아름다위서,1+2순위(중복),19.5,%,252.0,"263,264,265,266,267,268",easyocr+ranked_item_row_grouping,0.9999,manual_review,
태국,1-18,호감 저해요인,드라마,한국적 요소가 강해세한국 문화전통스토리 등),1순위,7.0,%,446.0,"269,270,271,272,273,274,275,276",easyocr+ranked_item_row_grouping,0.9253,manual_review,
태국,1-18,호감 저해요인,드라마,한 회당 방영 시간이 길어서,1순위,6.7,%,446.0,"269,270,271,272,273,274,275,276",easyocr+ranked_item_row_grouping,0.9485,manual_review,
태국,1-18,호감 저해요인,예능,번역 자막더방으로 보기 불편해서,1순위,7.6,%,456.0,"269,270,271,272,273,274,275,276",easyocr+ranked_item_row_grouping,0.9905,manual_review,
태국,1-18,호감 저해요인,예능,방송용 자매텍스트 말 풍선 이모티 등이 너무 많아서,1순위,4.6,%,456.0,"269,270,271,272,273,274,275,276",easyocr+ranked_item_row_grouping,0.4976,manual_review,
태국,1-18,호감 저해요인,예능,중 방송용 자매텍스 말 풍선 이모트론 등이 너무 많아서,1+2순위(중복),10.1,%,456.0,"269,270,271,272,273,274,275,276",easyocr+ranked_item_row_grouping,1.0,manual_review,
태국,1-18,호감 저해요인,예능,남성 여성,1+2순위(중복),10.0,%,456.0,"269,270,271,272,273,274,275,276",easyocr+ranked_item_row_grouping,0.9132,manual_review,
태국,1-18,호감 저해요인,영화,번역 자막 더방으로 보기 불편해서,1순위,9.0,%,456.0,"269,270,271,272,273,274,275,276",easyocr+ranked_item_row_grouping,0.9995,manual_review,
태국,1-18,호감 저해요인,영화,폭력  노출 등의 표현방식이 너무 자극적이어서,1순위,6.6,%,456.0,"269,270,271,272,273,274,275,276",easyocr+ranked_item_row_grouping,0.9992,manual_review,
태국,1-18,호감 저해요인,영화,한국어가 어렵고 생소해서,1+2순위(중복),12.6,%,456.0,"269,270,271,272,273,274,275,276",easyocr+ranked_item_row_grouping,0.9722,manual_review,
태국,1-18,호감 저해요인,영화,남성 여성,1+2순위(중복),10.0,%,456.0,"269,270,271,272,273,274,275,276",easyocr+ranked_item_row_grouping,0.9132,manual_review,
태국,1-18,호감 저해요인,음악,한국 음악울 튿는 것에 대한 주위 반응이 쫓지 않아서,1순위,6.2,%,49.0,"269,270,271,272,273,274,275,276",easyocr+ranked_item_row_grouping,0.9829,manual_review,
태국,1-18,호감 저해요인,음악,팬덤 문화가 폐쇄적 배타적이어서,1순위,5.6,%,49.0,"269,270,271,272,273,274,275,276",easyocr+ranked_item_row_grouping,0.7468,manual_review,
태국,1-18,호감 저해요인,음악,순 디양한 문화에 대한 고로마가 부족해세인종 성소수자 종교,1순위,4.4,%,49.0,"269,270,271,272,273,274,275,276",easyocr+ranked_item_row_grouping,0.9871,manual_review,
태국,1-18,호감 저해요인,음악,자국에서 팬 이멘트 개최 부족,1+2순위(중복),9.3,%,49.0,"269,270,271,272,273,274,275,276",easyocr+ranked_item_row_grouping,0.9975,manual_review,
태국,1-18,호감 저해요인,음악,둘 다양한 문에 대한 고로가 부족해세인종 성소수자,1+2순위(중복),7.8,%,49.0,"269,270,271,272,273,274,275,276",easyocr+ranked_item_row_grouping,0.8583,manual_review,
태국,1-18,호감 저해요인,애니메이션,순 디양한 문회에 대한 고로마 부족해세인종 성소수자 종교,1순위,6.7,%,447.0,"269,270,271,272,273,274,275,276",easyocr+ranked_item_row_grouping,0.5756,manual_review,
태국,1-18,호감 저해요인,애니메이션,캐릭터가 마음에 들지 않아서,1순위,4.7,%,447.0,"269,270,271,272,273,274,275,276",easyocr+ranked_item_row_grouping,0.567,manual_review,
태국,1-18,호감 저해요인,애니메이션,다양한 문회에 대한 고려가 부족해세인종 성소수자 종교 등,1+2순위(중복),12.5,%,447.0,"269,270,271,272,273,274,275,276",easyocr+ranked_item_row_grouping,1.0,manual_review,
태국,1-18,호감 저해요인,애니메이션,흙 대부분 유아용의로 제작되고 성인 대상 렌가 부족해서,1+2순위(중복),12.3,%,447.0,"269,270,271,272,273,274,275,276",easyocr+ranked_item_row_grouping,0.8747,manual_review,
태국,1-18,호감 저해요인,애니메이션,복 캐릭터가 마음예 틀지 않아서,1+2순위(중복),8.5,%,447.0,"269,270,271,272,273,274,275,276",easyocr+ranked_item_row_grouping,0.9991,manual_review,
태국,1-18,호감 저해요인,애니메이션,기타,1+2순위(중복),0.2,%,447.0,"269,270,271,272,273,274,275,276",easyocr+ranked_item_row_grouping,0.9351,manual_review,
태국,1-18,호감 저해요인,애니메이션,Q,1+2순위(중복),2.0,%,447.0,"269,270,271,272,273,274,275,276",easyocr+ranked_item_row_grouping,0.4776,manual_review,
태국,1-18,호감 저해요인,애니메이션,남성 여성,1+2순위(중복),10.0,%,447.0,"269,270,271,272,273,274,275,276",easyocr+ranked_item_row_grouping,0.9548,manual_review,
태국,1-18,호감 저해요인,출판물,언어와 문화가 달라 내용올 이해하기 어려워서,1순위,8.6,%,369.0,"269,270,271,272,273,274,275,276",easyocr+ranked_item_row_grouping,0.9977,manual_review,
태국,1-18,호감 저해요인,출판물,내용이 선정적이고 폭력적이어서,1순위,7.8,%,369.0,"269,270,271,272,273,274,275,276",easyocr+ranked_item_row_grouping,0.9952,manual_review,
태국,1-18,호감 저해요인,출판물,복 스토리가 맘에 틀지 않아서,순위미상(중복3회 중 1번째),4.3,%,369.0,"269,270,271,272,273,274,275,276",easyocr+ranked_item_row_grouping,0.9847,manual_review,순위 불명(순위미상(중복3회 중 1번째))
태국,1-18,호감 저해요인,출판물,복 스토리가 맘에 틀지 않아서,순위미상(중복3회 중 2번째),2.7,%,369.0,"269,270,271,272,273,274,275,276",easyocr+ranked_item_row_grouping,0.6755,manual_review,순위 불명(순위미상(중복3회 중 2번째))
태국,1-18,호감 저해요인,출판물,복 스토리가 맘에 틀지 않아서,순위미상(중복3회 중 3번째),8.4,%,369.0,"269,270,271,272,273,274,275,276",easyocr+ranked_item_row_grouping,0.9739,manual_review,순위 불명(순위미상(중복3회 중 3번째))
태국,1-18,호감 저해요인,출판물,디양한 문화에 대한 고로마 부족해세인종 성소수자 종교 등,1+2순위(중복),14.4,%,369.0,"269,270,271,272,273,274,275,276",easyocr+ranked_item_row_grouping,0.6282,manual_review,
태국,1-18,호감 저해요인,출판물,캐릭터가 많에 들지 않아서,1+2순위(중복),5.9,%,369.0,"269,270,271,272,273,274,275,276",easyocr+ranked_item_row_grouping,0.9632,manual_review,
태국,1-18,호감 저해요인,출판물,남성 여성,1+2순위(중복),10.0,%,369.0,"269,270,271,272,273,274,275,276",easyocr+ranked_item_row_grouping,0.9132,manual_review,
태국,1-18,호감 저해요인,웹툰,과도한 광고 노출이 많아서,1순위,6.6,%,442.0,"269,270,271,272,273,274,275,276",easyocr+ranked_item_row_grouping,0.9947,manual_review,
태국,1-18,호감 저해요인,웹툰,(검색 폐이지 넘김 덧글 쓰 결제 편리성 등,1순위,5.4,%,442.0,"269,270,271,272,273,274,275,276",easyocr+ranked_item_row_grouping,0.9868,manual_review,
태국,1-18,호감 저해요인,웹툰,스토리가 맘에 들지 않아서,순위미상(중복4회 중 1번째),4.3,%,442.0,"269,270,271,272,273,274,275,276",easyocr+ranked_item_row_grouping,0.6868,manual_review,순위 불명(순위미상(중복4회 중 1번째))
태국,1-18,호감 저해요인,웹툰,스토리가 맘에 들지 않아서,순위미상(중복4회 중 2번째),3.4,%,442.0,"269,270,271,272,273,274,275,276",easyocr+ranked_item_row_grouping,0.8255,manual_review,순위 불명(순위미상(중복4회 중 2번째))
태국,1-18,호감 저해요인,웹툰,스토리가 맘에 들지 않아서,순위미상(중복4회 중 3번째),9.5,%,442.0,"269,270,271,272,273,274,275,276",easyocr+ranked_item_row_grouping,0.9993,manual_review,순위 불명(순위미상(중복4회 중 3번째))
태국,1-18,호감 저해요인,웹툰,스토리가 맘에 들지 않아서,순위미상(중복4회 중 4번째),5.5,%,442.0,"269,270,271,272,273,274,275,276",easyocr+ranked_item_row_grouping,0.9882,manual_review,순위 불명(순위미상(중복4회 중 4번째))
태국,1-18,호감 저해요인,웹툰,그림체가 마음에 들지 않아서,1순위,3.2,%,442.0,"269,270,271,272,273,274,275,276",easyocr+ranked_item_row_grouping,0.9988,manual_review,
태국,1-18,호감 저해요인,웹툰,사용자 환경이 불편해서,1+2순위(중복),11.3,%,442.0,"269,270,271,272,273,274,275,276",easyocr+ranked_item_row_grouping,0.9998,manual_review,
태국,1-18,호감 저해요인,웹툰,흙 소재 장르 등이 진부획일적이어서,1+2순위(중복),8.4,%,442.0,"269,270,271,272,273,274,275,276",easyocr+ranked_item_row_grouping,0.9923,manual_review,
태국,1-18,호감 저해요인,웹툰,복 그림체가 마음에_들지_않아서,1+2순위(중복),7.1,%,442.0,"269,270,271,272,273,274,275,276",easyocr+ranked_item_row_grouping,0.9081,manual_review,
태국,1-18,호감 저해요인,웹툰,남성 여성,1+2순위(중복),10.0,%,442.0,"269,270,271,272,273,274,275,276",easyocr+ranked_item_row_grouping,0.9132,manual_review,
태국,1-18,호감 저해요인,게임,사용자 환경이 불편해서,1순위,6.9,%,457.0,"269,270,271,272,273,274,275,276",easyocr+ranked_item_row_grouping,0.9999,manual_review,
태국,1-18,호감 저해요인,게임,게임 서비스 운영이 잘 이루어지지 않아서,1순위,6.1,%,457.0,"269,270,271,272,273,274,275,276",easyocr+ranked_item_row_grouping,0.9999,manual_review,
태국,1-18,호감 저해요인,게임,수 도양 료어다안 골 속 듯기 요동 성추자 종닭,1순위,5.5,%,457.0,"269,270,271,272,273,274,275,276",easyocr+ranked_item_row_grouping,0.8844,manual_review,
태국,1-18,호감 저해요인,게임,흙 다양한 문에 대한 고로마 부족해세인종 성소수자 종교 등,1+2순위(중복),10.0,%,457.0,"269,270,271,272,273,274,275,276",easyocr+ranked_item_row_grouping,0.9969,manual_review,
태국,1-18,호감 저해요인,게임,남성 여성,1+2순위(중복),10.0,%,457.0,"269,270,271,272,273,274,275,276",easyocr+ranked_item_row_grouping,0.9132,manual_review,
태국,1-18,호감 저해요인,패션,순 제품 종류 및 스타일이 다양하지 않아서,순위미상(중복3회 중 1번째),7.6,%,446.0,"269,270,271,272,273,274,275,276",easyocr+ranked_item_row_grouping,0.9963,manual_review,순위 불명(순위미상(중복3회 중 1번째))
태국,1-18,호감 저해요인,패션,순 제품 종류 및 스타일이 다양하지 않아서,순위미상(중복3회 중 2번째),5.0,%,446.0,"269,270,271,272,273,274,275,276",easyocr+ranked_item_row_grouping,0.6144,manual_review,순위 불명(순위미상(중복3회 중 2번째))
태국,1-18,호감 저해요인,패션,순 제품 종류 및 스타일이 다양하지 않아서,순위미상(중복3회 중 3번째),8.8,%,446.0,"269,270,271,272,273,274,275,276",easyocr+ranked_item_row_grouping,0.9996,manual_review,순위 불명(순위미상(중복3회 중 3번째))
태국,1-18,호감 저해요인,패션,기타,1+2순위(중복),0.2,%,446.0,"269,270,271,272,273,274,275,276",easyocr+ranked_item_row_grouping,0.9351,manual_review,
태국,1-18,호감 저해요인,뷰티,제품의 홍보가 지나치게 과장원 것 같아서,1순위,4.4,%,454.0,"269,270,271,272,273,274,275,276",easyocr+ranked_item_row_grouping,0.918,manual_review,
태국,1-18,호감 저해요인,뷰티,다양한 문화에 대한 고려가 부족해서 (피부톤   성적 정체성   관습 문제 등),1순위,4.2,%,454.0,"269,270,271,272,273,274,275,276",easyocr+ranked_item_row_grouping,0.7299,manual_review,
태국,1-18,호감 저해요인,뷰티,다양한 문화에 대한 고려가 부족해서,1+2순위(중복),9.5,%,454.0,"269,270,271,272,273,274,275,276",easyocr+ranked_item_row_grouping,0.9993,manual_review,
태국,1-18,호감 저해요인,뷰티,Q,1+2순위(중복),2.0,%,454.0,"269,270,271,272,273,274,275,276",easyocr+ranked_item_row_grouping,0.3795,manual_review,
태국,1-18,호감 저해요인,뷰티,남성 여성,1+2순위(중복),10.0,%,454.0,"269,270,271,272,273,274,275,276",easyocr+ranked_item_row_grouping,0.9132,manual_review,
태국,1-18,호감 저해요인,음식,매운 맛이 강해서,1순위,8.6,%,451.0,"269,270,271,272,273,274,275,276",easyocr+ranked_item_row_grouping,0.9992,manual_review,
태국,1-18,호감 저해요인,음식,음식울 나뉘먹는 문화가 어색해서,1순위,7.5,%,451.0,"269,270,271,272,273,274,275,276",easyocr+ranked_item_row_grouping,0.4035,manual_review,
태국,1-18,호감 저해요인,음식,(종교할/ 채식 식문화 등 수 디`물회움스랗-품 부족서,1순위,6.2,%,451.0,"269,270,271,272,273,274,275,276",easyocr+ranked_item_row_grouping,0.9999,manual_review,
태국,1-18,호감 저해요인,음식,좋아하는 맛과 향이 아니어서,1+2순위(중복),13.7,%,451.0,"269,270,271,272,273,274,275,276",easyocr+ranked_item_row_grouping,0.7155,manual_review,
태국,1-18,호감 저해요인,음식,다양한 문화에 대한 펴려가 부족해서,1+2순위(중복),10.9,%,451.0,"269,270,271,272,273,274,275,276",easyocr+ranked_item_row_grouping,1.0,manual_review,
태국,1-18,호감 저해요인,한국어,한국어가 배우기 어렵다고 느껴저서,1순위,13.3,%,252.0,"269,270,271,272,273,274,275,276",easyocr+ranked_item_row_grouping,0.8077,manual_review,
태국,1-18,호감 저해요인,한국어,한국 단어나 표현 방식이 낯설고 불편해서,1순위,9.9,%,252.0,"269,270,271,272,273,274,275,276",easyocr+ranked_item_row_grouping,0.9987,manual_review,
태국,1-18,호감 저해요인,한국어,기타,1+2순위(중복),0.4,%,252.0,"269,270,271,272,273,274,275,276",easyocr+ranked_item_row_grouping,0.9627,manual_review,
태국,1-37,한류 부정적 인식 공감 이유,,다양한 문화에 대한 고려가 부족,1순위,10.6,%,348.0,299,easyocr+ranked_item_row_grouping,0.9873,manual_review,
말레이시아,1-17,호감요인,드라마,} 현애 스토리가 출수해서,1순위,6.1,%,424.0,"323,324,325,326,327,328",easyocr+ranked_item_row_grouping,0.9674,manual_review,
말레이시아,1-17,호감요인,드라마,연애 스토리가 순수해서,1+2순위(중복),13.7,%,424.0,"323,324,325,326,327,328",easyocr+ranked_item_row_grouping,0.9947,manual_review,
말레이시아,1-17,호감요인,예능,수 출연진들 간의 팀위금가 통보여서,1순위,7.6,%,455.0,"323,324,325,326,327,328",easyocr+ranked_item_row_grouping,0.9658,manual_review,
말레이시아,1-17,호감요인,예능,출연진들 간의 팀위크가 몸보여서,1+2순위(중복),16.2,%,455.0,"323,324,325,326,327,328",easyocr+ranked_item_row_grouping,0.9998,manual_review,
말레이시아,1-17,호감요인,예능,기타,1+2순위(중복),0.4,%,455.0,"323,324,325,326,327,328",easyocr+ranked_item_row_grouping,0.9998,manual_review,
말레이시아,1-17,호감요인,예능,Q,1+2순위(중복),2.0,%,455.0,"323,324,325,326,327,328",easyocr+ranked_item_row_grouping,0.3106,manual_review,
말레이시아,1-17,호감요인,예능,남성 여성,1+2순위(중복),10.0,%,455.0,"323,324,325,326,327,328",easyocr+ranked_item_row_grouping,0.4444,manual_review,
말레이시아,1-17,호감요인,영화,배우의 외모가 매력적이어서,1순위,7.9,%,421.0,"323,324,325,326,327,328",easyocr+ranked_item_row_grouping,0.6594,manual_review,
말레이시아,1-17,호감요인,영화,유 올라인모바일_플랫품흘 통해 접할 수_있어서,1순위,6.0,%,421.0,"323,324,325,326,327,328",easyocr+ranked_item_row_grouping,0.7034,manual_review,
말레이시아,1-17,호감요인,영화,흙 온라인모바일 플랍품올 통해 접할 수 있어서,1+2순위(중복),10.2,%,421.0,"323,324,325,326,327,328",easyocr+ranked_item_row_grouping,0.9853,manual_review,
말레이시아,1-17,호감요인,영화,기타,1+2순위(중복),0.5,%,421.0,"323,324,325,326,327,328",easyocr+ranked_item_row_grouping,0.9993,manual_review,
말레이시아,1-17,호감요인,음악,다국적 믿버로 구성되어 있어서,1순위,3.3,%,417.0,"323,324,325,326,327,328",easyocr+ranked_item_row_grouping,0.9112,manual_review,
말레이시아,1-17,호감요인,음악,패션부티 등 한국 최신 트렌드록 볼 수 있어서,1+2순위(중복),16.8,%,417.0,"323,324,325,326,327,328",easyocr+ranked_item_row_grouping,0.5837,manual_review,
말레이시아,1-17,호감요인,음악,복 마격적 셈버로출찍정되어아없어서,1+2순위(중복),7.9,%,417.0,"323,324,325,326,327,328",easyocr+ranked_item_row_grouping,0.729,manual_review,
말레이시아,1-17,호감요인,음악,남성 여성,1+2순위(중복),10.0,%,417.0,"323,324,325,326,327,328",easyocr+ranked_item_row_grouping,0.4444,manual_review,
말레이시아,1-17,호감요인,애니메이션,영상매그림체  색채 그래픽 등가 좋아서,1순위,22.6,%,380.0,"323,324,325,326,327,328",easyocr+ranked_item_row_grouping,0.9999,manual_review,
말레이시아,1-17,호감요인,애니메이션,캐릭터의 성격역할이 마음에 들어서,1순위,14.2,%,380.0,"323,324,325,326,327,328",easyocr+ranked_item_row_grouping,0.6605,manual_review,
말레이시아,1-17,호감요인,애니메이션,다양한 소재 또는 장르름 다퀴서,1순위,10.5,%,380.0,"323,324,325,326,327,328",easyocr+ranked_item_row_grouping,0.9994,manual_review,
말레이시아,1-17,호감요인,애니메이션,수 온화인모바일 플렉음흘 통해 접할 수 있어서,1순위,7.1,%,380.0,"323,324,325,326,327,328",easyocr+ranked_item_row_grouping,0.9031,manual_review,
말레이시아,1-17,호감요인,애니메이션,온라인모바일 플쨌품올 통해 접할 수 있어서,1+2순위(중복),13.4,%,380.0,"323,324,325,326,327,328",easyocr+ranked_item_row_grouping,0.9999,manual_review,
말레이시아,1-17,호감요인,애니메이션,기타,1+2순위(중복),0.5,%,380.0,"323,324,325,326,327,328",easyocr+ranked_item_row_grouping,0.9993,manual_review,
말레이시아,1-17,호감요인,출판물,다양한 소재 또는 장르름 다리서,1순위,11.3,%,196.0,"323,324,325,326,327,328",easyocr+ranked_item_row_grouping,0.9903,manual_review,
말레이시아,1-17,호감요인,출판물,흙 한국의 최신 트렌드록 접할 수 있어서,1+2순위(중복),15.3,%,196.0,"323,324,325,326,327,328",easyocr+ranked_item_row_grouping,0.9756,manual_review,
말레이시아,1-17,호감요인,출판물,남성 여성,1+2순위(중복),10.0,%,196.0,"323,324,325,326,327,328",easyocr+ranked_item_row_grouping,0.4444,manual_review,
말레이시아,1-17,호감요인,게임,디른 게p들과 네트위f름 형성하고 햄게 월수 앞서,1순위,5.7,%,281.0,"323,324,325,326,327,328",easyocr+ranked_item_row_grouping,0.7928,manual_review,
말레이시아,1-17,호감요인,게임,디른 게p머들과 네트위크름 형성하고 햄 질수 앞,1+2순위(중복),12.1,%,281.0,"323,324,325,326,327,328",easyocr+ranked_item_row_grouping,0.9988,manual_review,
말레이시아,1-17,호감요인,게임,남성 여성,1+2순위(중복),10.0,%,281.0,"323,324,325,326,327,328",easyocr+ranked_item_row_grouping,0.4444,manual_review,
말레이시아,1-17,호감요인,뷰티,수 좋아하듣 한룻스타가 직접 사용중보해서,1순위,7.1,%,419.0,"323,324,325,326,327,328",easyocr+ranked_item_row_grouping,0.9993,manual_review,
말레이시아,1-17,호감요인,뷰티,좋아하는 한류스타가 직접 사용홍보해서,1+2순위(중복),17.9,%,419.0,"323,324,325,326,327,328",easyocr+ranked_item_row_grouping,0.9996,manual_review,
말레이시아,1-17,호감요인,뷰티,Q,1+2순위(중복),2.0,%,419.0,"323,324,325,326,327,328",easyocr+ranked_item_row_grouping,0.3106,manual_review,
말레이시아,1-17,호감요인,뷰티,남성 여성,1+2순위(중복),10.0,%,419.0,"323,324,325,326,327,328",easyocr+ranked_item_row_grouping,0.4444,manual_review,
말레이시아,1-17,호감요인,음식,건강에 중은 식재료나 조리법올 사용해서,1+2순위(중복),24.4,%,425.0,"323,324,325,326,327,328",easyocr+ranked_item_row_grouping,0.713,manual_review,
말레이시아,1-17,호감요인,한국어,한국어의 글자인 한글이 아름다위서,1순위,12.5,%,296.0,"323,324,325,326,327,328",easyocr+ranked_item_row_grouping,0.628,manual_review,
말레이시아,1-17,호감요인,한국어,기타,1+2순위(중복),0.3,%,296.0,"323,324,325,326,327,328",easyocr+ranked_item_row_grouping,0.9934,manual_review,
말레이시아,1-17,호감요인,한국어,Q,1+2순위(중복),2.0,%,296.0,"323,324,325,326,327,328",easyocr+ranked_item_row_grouping,0.3106,manual_review,
말레이시아,1-18,호감 저해요인,드라마,한국어가 어렵고 생소해서,1순위,5.4,%,424.0,"329,330,331,332,333,334,335,336",easyocr+ranked_item_row_grouping,1.0,manual_review,
말레이시아,1-18,호감 저해요인,드라마,접하기 어려운 환경이어서,1순위,3.1,%,424.0,"329,330,331,332,333,334,335,336",easyocr+ranked_item_row_grouping,0.9998,manual_review,
말레이시아,1-18,호감 저해요인,드라마,다양한 문에 대한 고까마가 부족해세인종 성소수자 종교 히,1순위,2.1,%,424.0,"329,330,331,332,333,334,335,336",easyocr+ranked_item_row_grouping,0.9993,manual_review,
말레이시아,1-18,호감 저해요인,드라마,|병,1+2순위(중복),9.4,%,424.0,"329,330,331,332,333,334,335,336",easyocr+ranked_item_row_grouping,0.9999,manual_review,
말레이시아,1-18,호감 저해요인,드라마,디양한 문회에 대한 고려가 부족해세인종 성소수자 종교 등,1+2순위(중복),8.7,%,424.0,"329,330,331,332,333,334,335,336",easyocr+ranked_item_row_grouping,1.0,manual_review,
말레이시아,1-18,호감 저해요인,드라마,기타,1+2순위(중복),0.2,%,424.0,"329,330,331,332,333,334,335,336",easyocr+ranked_item_row_grouping,0.9997,manual_review,
말레이시아,1-18,호감 저해요인,예능,(시청 경로 부족 인터넷 속되망 문제  정보 부족 등,1순위,10.1,%,455.0,"329,330,331,332,333,334,335,336",easyocr+ranked_item_row_grouping,0.9999,manual_review,
말레이시아,1-18,호감 저해요인,예능,한국어가 어렵고 생소해서,1순위,9.9,%,455.0,"329,330,331,332,333,334,335,336",easyocr+ranked_item_row_grouping,0.405,manual_review,
말레이시아,1-18,호감 저해요인,예능,번역 자막-더방으로 보기 불편해서,1+2순위(중복),18.3,%,455.0,"329,330,331,332,333,334,335,336",easyocr+ranked_item_row_grouping,0.7023,manual_review,
말레이시아,1-18,호감 저해요인,예능,접하기 어려운 환경이어서,1+2순위(중복),1.0,%,455.0,"329,330,331,332,333,334,335,336",easyocr+ranked_item_row_grouping,0.5559,manual_review,
말레이시아,1-18,호감 저해요인,예능,흙 다양한 문에 대한 고로가 부족해세인종 성소수자 종교,1+2순위(중복),12.7,%,455.0,"329,330,331,332,333,334,335,336",easyocr+ranked_item_row_grouping,0.9998,manual_review,
말레이시아,1-18,호감 저해요인,예능,기타,1+2순위(중복),0.4,%,455.0,"329,330,331,332,333,334,335,336",easyocr+ranked_item_row_grouping,0.9995,manual_review,
말레이시아,1-18,호감 저해요인,예능,남성 여성,1+2순위(중복),10.0,%,455.0,"329,330,331,332,333,334,335,336",easyocr+ranked_item_row_grouping,0.9132,manual_review,
말레이시아,1-18,호감 저해요인,영화,"한국 영화 배우 관계자의 부적절한 언행 """,1순위,7.6,%,421.0,"329,330,331,332,333,334,335,336",easyocr+ranked_item_row_grouping,0.9423,manual_review,
말레이시아,1-18,호감 저해요인,영화,숲 접하기 어려운 환경이어서,1순위,6.5,%,421.0,"329,330,331,332,333,334,335,336",easyocr+ranked_item_row_grouping,0.9996,manual_review,
말레이시아,1-18,호감 저해요인,영화,언어와 문화가 달라 내용올 이해하기 어려워서,1+2순위(중복),13.7,%,421.0,"329,330,331,332,333,334,335,336",easyocr+ranked_item_row_grouping,0.9995,manual_review,
말레이시아,1-18,호감 저해요인,영화,기타,1+2순위(중복),0.2,%,421.0,"329,330,331,332,333,334,335,336",easyocr+ranked_item_row_grouping,0.9997,manual_review,
말레이시아,1-18,호감 저해요인,영화,남성 여성,1+2순위(중복),10.0,%,421.0,"329,330,331,332,333,334,335,336",easyocr+ranked_item_row_grouping,0.9132,manual_review,
말레이시아,1-18,호감 저해요인,음악,다양한 문에 대한 고로가 부족해세인종 성소수자 종교 등,1순위,7.6,%,417.0,"329,330,331,332,333,334,335,336",easyocr+ranked_item_row_grouping,0.998,manual_review,
말레이시아,1-18,호감 저해요인,음악,퍼포먼스 대비 가창 실력이 부족해서,1순위,6.5,%,417.0,"329,330,331,332,333,334,335,336",easyocr+ranked_item_row_grouping,0.9994,manual_review,
말레이시아,1-18,호감 저해요인,음악,지나치게 상업적이어세관련 상품국직) 포토카드 등),1+2순위(중복),12.5,%,417.0,"329,330,331,332,333,334,335,336",easyocr+ranked_item_row_grouping,0.9997,manual_review,
말레이시아,1-18,호감 저해요인,애니메이션,(시청 경로 부족 인터넷 속되망 문제  정보 부족 등,1순위,8.9,%,380.0,"329,330,331,332,333,334,335,336",easyocr+ranked_item_row_grouping,0.9686,manual_review,
말레이시아,1-18,호감 저해요인,애니메이션,접하기 어려운 환경이어서,1+2순위(중복),18.9,%,380.0,"329,330,331,332,333,334,335,336",easyocr+ranked_item_row_grouping,0.7826,manual_review,
말레이시아,1-18,호감 저해요인,애니메이션,남성 여성,1+2순위(중복),10.0,%,380.0,"329,330,331,332,333,334,335,336",easyocr+ranked_item_row_grouping,0.9132,manual_review,
말레이시아,1-18,호감 저해요인,출판물,다양한 문에 대한 고로가 부족해세인종 성소수자 종교,1순위,7.6,%,196.0,"329,330,331,332,333,334,335,336",easyocr+ranked_item_row_grouping,0.9969,manual_review,
말레이시아,1-18,호감 저해요인,출판물,출 캐릭터가 맘에 들지 않아서,순위미상(중복4회 중 1번째),2.1,%,196.0,"329,330,331,332,333,334,335,336",easyocr+ranked_item_row_grouping,0.9651,manual_review,순위 불명(순위미상(중복4회 중 1번째))
말레이시아,1-18,호감 저해요인,출판물,출 캐릭터가 맘에 들지 않아서,순위미상(중복4회 중 2번째),5.1,%,196.0,"329,330,331,332,333,334,335,336",easyocr+ranked_item_row_grouping,0.6789,manual_review,순위 불명(순위미상(중복4회 중 2번째))
말레이시아,1-18,호감 저해요인,출판물,출 캐릭터가 맘에 들지 않아서,순위미상(중복4회 중 3번째),7.7,%,196.0,"329,330,331,332,333,334,335,336",easyocr+ranked_item_row_grouping,0.7151,manual_review,순위 불명(순위미상(중복4회 중 3번째))
말레이시아,1-18,호감 저해요인,출판물,출 캐릭터가 맘에 들지 않아서,순위미상(중복4회 중 4번째),7.1,%,196.0,"329,330,331,332,333,334,335,336",easyocr+ranked_item_row_grouping,0.9999,manual_review,순위 불명(순위미상(중복4회 중 4번째))
말레이시아,1-18,호감 저해요인,출판물,내용이 선정적이고 폭력적이어서,1+2순위(중복),11.2,%,196.0,"329,330,331,332,333,334,335,336",easyocr+ranked_item_row_grouping,0.9691,manual_review,
말레이시아,1-18,호감 저해요인,출판물,남성 여성,1+2순위(중복),10.0,%,196.0,"329,330,331,332,333,334,335,336",easyocr+ranked_item_row_grouping,0.9132,manual_review,
말레이시아,1-18,호감 저해요인,웹툰,번역이 미혼해서,1순위,12.8,%,352.0,"329,330,331,332,333,334,335,336",easyocr+ranked_item_row_grouping,0.9988,manual_review,
말레이시아,1-18,호감 저해요인,웹툰,접하기 어려운 환경이어서,1순위,10.5,%,352.0,"329,330,331,332,333,334,335,336",easyocr+ranked_item_row_grouping,0.9999,manual_review,
말레이시아,1-18,호감 저해요인,웹툰,캐릭터가 맘에 들지 않아서,순위미상(중복3회 중 1번째),5.1,%,352.0,"329,330,331,332,333,334,335,336",easyocr+ranked_item_row_grouping,0.9999,manual_review,순위 불명(순위미상(중복3회 중 1번째))
말레이시아,1-18,호감 저해요인,웹툰,캐릭터가 맘에 들지 않아서,순위미상(중복3회 중 2번째),2.5,%,352.0,"329,330,331,332,333,334,335,336",easyocr+ranked_item_row_grouping,0.9999,manual_review,순위 불명(순위미상(중복3회 중 2번째))
말레이시아,1-18,호감 저해요인,웹툰,캐릭터가 맘에 들지 않아서,순위미상(중복3회 중 3번째),4.8,%,352.0,"329,330,331,332,333,334,335,336",easyocr+ranked_item_row_grouping,0.9994,manual_review,순위 불명(순위미상(중복3회 중 3번째))
말레이시아,1-18,호감 저해요인,웹툰,다양한 문회에 대한 고마가 부족해세인종 성소수자 종교,1순위,4.3,%,352.0,"329,330,331,332,333,334,335,336",easyocr+ranked_item_row_grouping,0.7539,manual_review,
말레이시아,1-18,호감 저해요인,웹툰,톤 번역이 미롭해서,1순위,23.9,%,352.0,"329,330,331,332,333,334,335,336",easyocr+ranked_item_row_grouping,0.8989,manual_review,
말레이시아,1-18,호감 저해요인,웹툰,(시청 경로 부족 인터넷 속되망 문제   정보 부족 등,1순위,16.7,%,352.0,"329,330,331,332,333,334,335,336",easyocr+ranked_item_row_grouping,0.8898,manual_review,
말레이시아,1-18,호감 저해요인,웹툰,디양한 문에 대한 고로가 부족해세인종 성소수자 종교 등,1+2순위(중복),8.2,%,352.0,"329,330,331,332,333,334,335,336",easyocr+ranked_item_row_grouping,1.0,manual_review,
말레이시아,1-18,호감 저해요인,웹툰,복 캐릭터규 만데 들지 않아서,1+2순위(중복),7.7,%,352.0,"329,330,331,332,333,334,335,336",easyocr+ranked_item_row_grouping,0.9982,manual_review,
말레이시아,1-18,호감 저해요인,웹툰,Q,1+2순위(중복),2.0,%,352.0,"329,330,331,332,333,334,335,336",easyocr+ranked_item_row_grouping,0.4511,manual_review,
말레이시아,1-18,호감 저해요인,웹툰,남성 여성,1+2순위(중복),10.0,%,352.0,"329,330,331,332,333,334,335,336",easyocr+ranked_item_row_grouping,0.9132,manual_review,
말레이시아,1-18,호감 저해요인,게임,게임 캐릭터의 매력이 부족정체성이 모호해서,1순위,5.0,%,281.0,"329,330,331,332,333,334,335,336",easyocr+ranked_item_row_grouping,0.9992,manual_review,
말레이시아,1-18,호감 저해요인,게임,게임이 선정적이고 폭력적이어서,1+2순위(중복),13.2,%,281.0,"329,330,331,332,333,334,335,336",easyocr+ranked_item_row_grouping,0.9435,manual_review,
말레이시아,1-18,호감 저해요인,게임,기타,1+2순위(중복),0.4,%,281.0,"329,330,331,332,333,334,335,336",easyocr+ranked_item_row_grouping,0.7918,manual_review,
말레이시아,1-18,호감 저해요인,게임,남성 여성,1+2순위(중복),10.0,%,281.0,"329,330,331,332,333,334,335,336",easyocr+ranked_item_row_grouping,0.9132,manual_review,
말레이시아,1-18,호감 저해요인,패션,제품 종류 및 스타일이 다양하지 않아서,순위미상(중복4회 중 1번째),10.2,%,407.0,"329,330,331,332,333,334,335,336",easyocr+ranked_item_row_grouping,0.9236,manual_review,순위 불명(순위미상(중복4회 중 1번째))
말레이시아,1-18,호감 저해요인,패션,제품 종류 및 스타일이 다양하지 않아서,순위미상(중복4회 중 2번째),46.0,%,407.0,"329,330,331,332,333,334,335,336",easyocr+ranked_item_row_grouping,0.7379,manual_review,순위 불명(순위미상(중복4회 중 2번째))
말레이시아,1-18,호감 저해요인,패션,제품 종류 및 스타일이 다양하지 않아서,순위미상(중복4회 중 3번째),19.8,%,407.0,"329,330,331,332,333,334,335,336",easyocr+ranked_item_row_grouping,0.6157,manual_review,순위 불명(순위미상(중복4회 중 3번째))
말레이시아,1-18,호감 저해요인,패션,제품 종류 및 스타일이 다양하지 않아서,순위미상(중복4회 중 4번째),9.8,%,407.0,"329,330,331,332,333,334,335,336",easyocr+ranked_item_row_grouping,0.9995,manual_review,순위 불명(순위미상(중복4회 중 4번째))
말레이시아,1-18,호감 저해요인,패션,다양한 문화에 대한 고려가 부족해서,1+2순위(중복),13.8,%,407.0,"329,330,331,332,333,334,335,336",easyocr+ranked_item_row_grouping,0.9137,manual_review,
말레이시아,1-18,호감 저해요인,패션,기타,1+2순위(중복),0.2,%,407.0,"329,330,331,332,333,334,335,336",easyocr+ranked_item_row_grouping,0.9997,manual_review,
말레이시아,1-18,호감 저해요인,뷰티,(피부튼 성적 정체성 관습 문제 등,1순위,4.7,%,419.0,"329,330,331,332,333,334,335,336",easyocr+ranked_item_row_grouping,0.6964,manual_review,
말레이시아,1-18,호감 저해요인,뷰티,표S:,1+2순위(중복),10.2,%,419.0,"329,330,331,332,333,334,335,336",easyocr+ranked_item_row_grouping,0.9236,manual_review,
말레이시아,1-18,호감 저해요인,뷰티,운 품질이 떨어저서,1+2순위(중복),7.1,%,419.0,"329,330,331,332,333,334,335,336",easyocr+ranked_item_row_grouping,0.8339,manual_review,
말레이시아,1-18,호감 저해요인,뷰티,남성 여성,1+2순위(중복),10.0,%,419.0,"329,330,331,332,333,334,335,336",easyocr+ranked_item_row_grouping,0.8876,manual_review,
말레이시아,1-18,호감 저해요인,한국어,한국어 표기법이 복잡하고 비효율적으로 느껴저서,1순위,17.6,%,296.0,"329,330,331,332,333,334,335,336",easyocr+ranked_item_row_grouping,0.7646,manual_review,
말레이시아,1-18,호감 저해요인,한국어,한국 단어나 표현 방식이 낯설고 불편해서,1순위,13.2,%,296.0,"329,330,331,332,333,334,335,336",easyocr+ranked_item_row_grouping,0.9996,manual_review,
말레이시아,1-18,호감 저해요인,한국어,한국어가 배우기 어렵다고 느껴저서,1+2순위(중복),28.1,%,296.0,"329,330,331,332,333,334,335,336",easyocr+ranked_item_row_grouping,1.0,manual_review,
인도네시아,1-17,호감요인,드라마,선호하는 배우가 출연해서,1+2순위(중복),14.3,%,644.0,"383,384,385,386,387,388",easyocr+ranked_item_row_grouping,0.9963,manual_review,
인도네시아,1-17,호감요인,예능,재미있는 게임 및 소재름 사용해서,1순위,13.6,%,63.0,"383,384,385,386,387,388",easyocr+ranked_item_row_grouping,0.9947,manual_review,
인도네시아,1-17,호감요인,예능,출연진의 캐릭터 및 역할 등이 개성 있어서,1순위,10.5,%,63.0,"383,384,385,386,387,388",easyocr+ranked_item_row_grouping,0.9994,manual_review,
인도네시아,1-17,호감요인,예능,슈 핸중증오제* 혈탤닷들 승렉리잡-어있어서,1순위,8.3,%,63.0,"383,384,385,386,387,388",easyocr+ranked_item_row_grouping,0.7007,manual_review,
인도네시아,1-17,호감요인,예능,예 능 기타 출연진들 간의 팀위크가 돌보여서 자막 그래픽 합성  회면구성 등 편집이 재미있어서,1순위,4.1,%,63.0,"383,384,385,386,387,388",easyocr+ranked_item_row_grouping,0.9995,manual_review,
인도네시아,1-17,호감요인,예능,온라인모바일 플랍품올 통해 접할 수 있어서,1+2순위(중복),14.9,%,63.0,"383,384,385,386,387,388",easyocr+ranked_item_row_grouping,0.6942,manual_review,
인도네시아,1-17,호감요인,예능,복 자막; ' 그픽 합성 화면구성 등 편집이 재미있어서,1+2순위(중복),12.6,%,63.0,"383,384,385,386,387,388",easyocr+ranked_item_row_grouping,0.9995,manual_review,
인도네시아,1-17,호감요인,예능,출연진들 간의 팀위크가 몸보여서,1+2순위(중복),8.7,%,63.0,"383,384,385,386,387,388",easyocr+ranked_item_row_grouping,0.5933,manual_review,
인도네시아,1-17,호감요인,예능,기타,1+2순위(중복),0.3,%,63.0,"383,384,385,386,387,388",easyocr+ranked_item_row_grouping,0.9822,manual_review,
인도네시아,1-17,호감요인,예능,남성 여성,1+2순위(중복),10.0,%,63.0,"383,384,385,386,387,388",easyocr+ranked_item_row_grouping,0.9397,manual_review,
인도네시아,1-17,호감요인,영화,수 훌평등양국화 통치회 문제들 현실적므로 표현해서,1순위,6.1,%,635.0,"383,384,385,386,387,388",easyocr+ranked_item_row_grouping,0.9733,manual_review,
인도네시아,1-17,호감요인,영화,패센부티 등 한국 최신 트렌드록 볼 수 있어서,1순위,2.8,%,635.0,"383,384,385,386,387,388",easyocr+ranked_item_row_grouping,0.8844,manual_review,
인도네시아,1-17,호감요인,영화,출 불평등양극화 등 사회 문제름 현실적으로 표현해서,1+2순위(중복),10.4,%,635.0,"383,384,385,386,387,388",easyocr+ranked_item_row_grouping,0.9601,manual_review,
인도네시아,1-17,호감요인,영화,복 표라유교-방스플렉스물기해R촉수-싶어어,1+2순위(중복),8.3,%,635.0,"383,384,385,386,387,388",easyocr+ranked_item_row_grouping,0.7007,manual_review,
인도네시아,1-17,호감요인,음악,남성 여성,1+2순위(중복),10.0,%,632.0,"383,384,385,386,387,388",easyocr+ranked_item_row_grouping,0.9397,manual_review,
인도네시아,1-17,호감요인,애니메이션,캐릭터의 성격 역할이 마음에 들어서,1순위,10.9,%,644.0,"383,384,385,386,387,388",easyocr+ranked_item_row_grouping,0.9995,manual_review,
인도네시아,1-17,호감요인,출판물,슈 캐릭학외 선격면활일 마을예 -들어어서,1순위,7.1,%,551.0,"383,384,385,386,387,388",easyocr+ranked_item_row_grouping,0.9998,manual_review,
인도네시아,1-17,호감요인,출판물,자국의 문화 코드와 잘 맞아서,1순위,4.5,%,551.0,"383,384,385,386,387,388",easyocr+ranked_item_row_grouping,0.9964,manual_review,
인도네시아,1-17,호감요인,출판물,왼오프라인올 통해 쉽제 구매할 수 있어서,1+2순위(중복),18.9,%,551.0,"383,384,385,386,387,388",easyocr+ranked_item_row_grouping,0.9999,manual_review,
인도네시아,1-17,호감요인,출판물,흙 한국의 최신 트럭드록 접할 수 있어서,1+2순위(중복),15.1,%,551.0,"383,384,385,386,387,388",easyocr+ranked_item_row_grouping,0.9981,manual_review,
인도네시아,1-17,호감요인,출판물,(토 차삭학품로와 서로마}문활생하서,1+2순위(중복),7.5,%,551.0,"383,384,385,386,387,388",easyocr+ranked_item_row_grouping,0.994,manual_review,
인도네시아,1-17,호감요인,출판물,기타,1+2순위(중복),0.2,%,551.0,"383,384,385,386,387,388",easyocr+ranked_item_row_grouping,0.9998,manual_review,
인도네시아,1-17,호감요인,출판물,남성 여성,1+2순위(중복),10.0,%,551.0,"383,384,385,386,387,388",easyocr+ranked_item_row_grouping,0.9397,manual_review,
인도네시아,1-17,호감요인,웹툰,캐릭터의 성격역할이 마음에 들어서,1순위,9.8,%,643.0,"383,384,385,386,387,388",easyocr+ranked_item_row_grouping,0.6757,manual_review,
인도네시아,1-17,호감요인,게임,남성 여성,1+2순위(중복),10.0,%,570.0,"383,384,385,386,387,388",easyocr+ranked_item_row_grouping,0.9397,manual_review,
인도네시아,1-17,호감요인,패션,제품 종류 및 스타일이 다양해서,1순위,13.3,%,654.0,"383,384,385,386,387,388",easyocr+ranked_item_row_grouping,0.9947,manual_review,
인도네시아,1-17,호감요인,패션,주변 사람들 사이에 평판이 좋아서,1순위,8.0,%,654.0,"383,384,385,386,387,388",easyocr+ranked_item_row_grouping,1.0,manual_review,
인도네시아,1-17,호감요인,패션,좋아하는 한류스타가 사용홍보하기 때문에,1+2순위(중복),17.7,%,654.0,"383,384,385,386,387,388",easyocr+ranked_item_row_grouping,0.9981,manual_review,
인도네시아,1-17,호감요인,뷰티,품질 대비 가격이 저럼해서,1+2순위(중복),16.2,%,643.0,"383,384,385,386,387,388",easyocr+ranked_item_row_grouping,0.9022,manual_review,
인도네시아,1-17,호감요인,뷰티,남성 여성,1+2순위(중복),10.0,%,643.0,"383,384,385,386,387,388",easyocr+ranked_item_row_grouping,0.9397,manual_review,
인도네시아,1-17,호감요인,음식,슈 결러_로음 -재료나 주리번물_살용해서문,1순위,8.6,%,629.0,"383,384,385,386,387,388",easyocr+ranked_item_row_grouping,0.7366,manual_review,
인도네시아,1-17,호감요인,음식,종이하는 인풀루언서가 자주 먹거나 노출하기 때문에,1+2순위(중복),20.0,%,629.0,"383,384,385,386,387,388",easyocr+ranked_item_row_grouping,0.9924,manual_review,
인도네시아,1-17,호감요인,한국어,한국어름 통해 한국 문화틀 이해할 수 있어서,1순위,13.2,%,516.0,"383,384,385,386,387,388",easyocr+ranked_item_row_grouping,0.9994,manual_review,
인도네시아,1-17,호감요인,한국어,한류름 좋아해서,1순위,11.2,%,516.0,"383,384,385,386,387,388",easyocr+ranked_item_row_grouping,0.9982,manual_review,
인도네시아,1-17,호감요인,한국어,Q,1+2순위(중복),2.0,%,516.0,"383,384,385,386,387,388",easyocr+ranked_item_row_grouping,0.3106,manual_review,
인도네시아,1-18,호감 저해요인,드라마,한국어가 어렵고 생소해서,1순위,7.9,%,64.0,"389,390,391,392,393,394,395,396",easyocr+ranked_item_row_grouping,0.9989,manual_review,
인도네시아,1-18,호감 저해요인,드라마,휴교기 '얼죄환 환정@렉서-되망 문제 정보 부족 딩,1순위,5.4,%,64.0,"389,390,391,392,393,394,395,396",easyocr+ranked_item_row_grouping,0.9999,manual_review,
인도네시아,1-18,호감 저해요인,드라마,디양한 문화에 대한 고로가 부족해세인종 성소수자 종교 등,1순위,3.1,%,64.0,"389,390,391,392,393,394,395,396",easyocr+ranked_item_row_grouping,0.9971,manual_review,
인도네시아,1-18,호감 저해요인,드라마,폭력노출 등 표현방식이 너무 강해서,1순위,3.0,%,64.0,"389,390,391,392,393,394,395,396",easyocr+ranked_item_row_grouping,0.9053,manual_review,
인도네시아,1-18,호감 저해요인,드라마,질S '월울화 확경일등서속-되망 문제 정보 부족 딩,1+2순위(중복),11.5,%,64.0,"389,390,391,392,393,394,395,396",easyocr+ranked_item_row_grouping,0.9918,manual_review,
인도네시아,1-18,호감 저해요인,드라마,운 다양한 문에 대한 고로마 부족해세인종 성소수자 종교 히,1+2순위(중복),9.1,%,64.0,"389,390,391,392,393,394,395,396",easyocr+ranked_item_row_grouping,1.0,manual_review,
인도네시아,1-18,호감 저해요인,예능,짓히 어려운 '경로 무족 확정 뒷서속-되망 문제 정보 부족 텅,1순위,11.8,%,657.0,"389,390,391,392,393,394,395,396",easyocr+ranked_item_row_grouping,0.7853,manual_review,
인도네시아,1-18,호감 저해요인,예능,번역 자막더방으로 보기 불편해서,1순위,7.1,%,657.0,"389,390,391,392,393,394,395,396",easyocr+ranked_item_row_grouping,0.9976,manual_review,
인도네시아,1-18,호감 저해요인,예능,어려운 환경이어서 (알-울환하 어-되망 문제 정보 부족 등,1+2순위(중복),17.9,%,657.0,"389,390,391,392,393,394,395,396",easyocr+ranked_item_row_grouping,0.9963,manual_review,
인도네시아,1-18,호감 저해요인,예능,남성 여성,1+2순위(중복),10.0,%,657.0,"389,390,391,392,393,394,395,396",easyocr+ranked_item_row_grouping,0.9548,manual_review,
인도네시아,1-18,호감 저해요인,영화,스토리의 짜임새가 떨어저서,1순위,3.3,%,356.0,"389,390,391,392,393,394,395,396",easyocr+ranked_item_row_grouping,0.979,manual_review,
인도네시아,1-18,호감 저해요인,영화,다양한 문에 대한 고로마 부족해세인종 성소수자 종교 히,1+2순위(중복),12.8,%,356.0,"389,390,391,392,393,394,395,396",easyocr+ranked_item_row_grouping,0.9997,manual_review,
인도네시아,1-18,호감 저해요인,영화,복 스토리의 따임세가 떨어저서,1+2순위(중복),7.2,%,356.0,"389,390,391,392,393,394,395,396",easyocr+ranked_item_row_grouping,0.9911,manual_review,
인도네시아,1-18,호감 저해요인,영화,남성 여성,1+2순위(중복),10.0,%,356.0,"389,390,391,392,393,394,395,396",easyocr+ranked_item_row_grouping,0.9548,manual_review,
인도네시아,1-18,호감 저해요인,음악,팬덤 문화가 폐쇄적 배타적이어서,1순위,6.3,%,316.0,"389,390,391,392,393,394,395,396",easyocr+ranked_item_row_grouping,0.9967,manual_review,
인도네시아,1-18,호감 저해요인,음악,사회 도덕적 가치에 반하는 내용이어서,1+2순위(중복),10.8,%,316.0,"389,390,391,392,393,394,395,396",easyocr+ranked_item_row_grouping,0.9998,manual_review,
인도네시아,1-18,호감 저해요인,음악,기타,1+2순위(중복),0.5,%,316.0,"389,390,391,392,393,394,395,396",easyocr+ranked_item_row_grouping,0.9998,manual_review,
인도네시아,1-18,호감 저해요인,애니메이션,스토리 소재 장르 등이 진부획일적이어서,1순위,7.0,%,64.0,"389,390,391,392,393,394,395,396",easyocr+ranked_item_row_grouping,0.9383,manual_review,
인도네시아,1-18,호감 저해요인,애니메이션,캐릭터가 마음에 들지 않아서,1순위,4.6,%,64.0,"389,390,391,392,393,394,395,396",easyocr+ranked_item_row_grouping,0.993,manual_review,
인도네시아,1-18,호감 저해요인,애니메이션,흙 한국적 요소가 강해세한국 문화전통스토리 등 다양한 문회에 대한 고로가 부족해세인종 성소수자 종교 등,1+2순위(중복),10.1,%,64.0,"389,390,391,392,393,394,395,396",easyocr+ranked_item_row_grouping,0.6883,manual_review,
인도네시아,1-18,호감 저해요인,애니메이션,복 캐릭터가 사음예 들지 않아서,1+2순위(중복),8.8,%,64.0,"389,390,391,392,393,394,395,396",easyocr+ranked_item_row_grouping,0.9999,manual_review,
인도네시아,1-18,호감 저해요인,애니메이션,남성 여성,1+2순위(중복),10.0,%,64.0,"389,390,391,392,393,394,395,396",easyocr+ranked_item_row_grouping,0.9548,manual_review,
인도네시아,1-18,호감 저해요인,출판물,언어와 문화가 달라 내용올 이해하기 어려워서,1순위,7.8,%,551.0,"389,390,391,392,393,394,395,396",easyocr+ranked_item_row_grouping,0.9993,manual_review,
인도네시아,1-18,호감 저해요인,출판물,다양한 문에 대한 고로가 부족해세인종 성소수자 종교,1순위,7.6,%,551.0,"389,390,391,392,393,394,395,396",easyocr+ranked_item_row_grouping,0.9961,manual_review,
인도네시아,1-18,호감 저해요인,출판물,캐릭터가 맘에 들지 않아서,순위미상(중복4회 중 1번째),2.9,%,551.0,"389,390,391,392,393,394,395,396",easyocr+ranked_item_row_grouping,0.5103,manual_review,순위 불명(순위미상(중복4회 중 1번째))
인도네시아,1-18,호감 저해요인,출판물,캐릭터가 맘에 들지 않아서,순위미상(중복4회 중 2번째),2.5,%,551.0,"389,390,391,392,393,394,395,396",easyocr+ranked_item_row_grouping,0.9999,manual_review,순위 불명(순위미상(중복4회 중 2번째))
인도네시아,1-18,호감 저해요인,출판물,캐릭터가 맘에 들지 않아서,순위미상(중복4회 중 3번째),4.9,%,551.0,"389,390,391,392,393,394,395,396",easyocr+ranked_item_row_grouping,0.9634,manual_review,순위 불명(순위미상(중복4회 중 3번째))
인도네시아,1-18,호감 저해요인,출판물,캐릭터가 맘에 들지 않아서,순위미상(중복4회 중 4번째),4.3,%,551.0,"389,390,391,392,393,394,395,396",easyocr+ranked_item_row_grouping,0.9855,manual_review,순위 불명(순위미상(중복4회 중 4번째))
인도네시아,1-18,호감 저해요인,출판물,기타,1+2순위(중복),0.2,%,551.0,"389,390,391,392,393,394,395,396",easyocr+ranked_item_row_grouping,0.9998,manual_review,
인도네시아,1-18,호감 저해요인,출판물,Q,1+2순위(중복),2.0,%,551.0,"389,390,391,392,393,394,395,396",easyocr+ranked_item_row_grouping,0.3465,manual_review,
인도네시아,1-18,호감 저해요인,출판물,남성 여성,1+2순위(중복),10.0,%,551.0,"389,390,391,392,393,394,395,396",easyocr+ranked_item_row_grouping,0.9548,manual_review,
인도네시아,1-18,호감 저해요인,웹툰,번역이 미롭해서,1순위,12.3,%,0.0,"389,390,391,392,393,394,395,396",easyocr+ranked_item_row_grouping,0.9857,manual_review,BASE 값 이상: 0.0
인도네시아,1-18,호감 저해요인,웹툰,번역이 미롭해서,1+2순위(중복),19.6,%,0.0,"389,390,391,392,393,394,395,396",easyocr+ranked_item_row_grouping,0.6503,manual_review,BASE 값 이상: 0.0
인도네시아,1-18,호감 저해요인,웹툰,연재 주기가 불규칙해세휴재 변경 등,1순위,9.0,%,0.0,"389,390,391,392,393,394,395,396",easyocr+ranked_item_row_grouping,0.9999,manual_review,BASE 값 이상: 0.0
인도네시아,1-18,호감 저해요인,웹툰,연재 주기가 불규칙해세휴재 변경 등,1+2순위(중복),16.7,%,0.0,"389,390,391,392,393,394,395,396",easyocr+ranked_item_row_grouping,0.9999,manual_review,BASE 값 이상: 0.0
인도네시아,1-18,호감 저해요인,웹툰,이용하는데 비용이 많이 들어서,1순위,8.2,%,0.0,"389,390,391,392,393,394,395,396",easyocr+ranked_item_row_grouping,0.9999,manual_review,BASE 값 이상: 0.0
인도네시아,1-18,호감 저해요인,웹툰,이용하는데 비용이 많이 들어서,1+2순위(중복),15.4,%,0.0,"389,390,391,392,393,394,395,396",easyocr+ranked_item_row_grouping,0.9923,manual_review,BASE 값 이상: 0.0
인도네시아,1-18,호감 저해요인,웹툰,과도한 광고 노출이 많아서,1순위,8.1,%,0.0,"389,390,391,392,393,394,395,396",easyocr+ranked_item_row_grouping,0.9853,manual_review,BASE 값 이상: 0.0
인도네시아,1-18,호감 저해요인,웹툰,과도한 광고 노출이 많아서,1+2순위(중복),16.2,%,0.0,"389,390,391,392,393,394,395,396",easyocr+ranked_item_row_grouping,0.9999,manual_review,BASE 값 이상: 0.0
인도네시아,1-18,호감 저해요인,웹툰,접하기 어려운 환경이어서,1순위,6.7,%,0.0,"389,390,391,392,393,394,395,396",easyocr+ranked_item_row_grouping,0.9996,manual_review,BASE 값 이상: 0.0
인도네시아,1-18,호감 저해요인,웹툰,접하기 어려운 환경이어서,1+2순위(중복),13.0,%,0.0,"389,390,391,392,393,394,395,396",easyocr+ranked_item_row_grouping,0.9995,manual_review,BASE 값 이상: 0.0
인도네시아,1-18,호감 저해요인,웹툰,언어와 문화가 달라 내용올 이해하기 어려워서,1순위,5.0,%,0.0,"389,390,391,392,393,394,395,396",easyocr+ranked_item_row_grouping,0.9999,manual_review,BASE 값 이상: 0.0
인도네시아,1-18,호감 저해요인,웹툰,다양한 문회에 대한 고로가 부족해세인종 성소수자 종교 등,1순위,4.3,%,0.0,"389,390,391,392,393,394,395,396",easyocr+ranked_item_row_grouping,0.9826,manual_review,BASE 값 이상: 0.0
인도네시아,1-18,호감 저해요인,웹툰,다양한 문회에 대한 고로가 부족해세인종 성소수자 종교 등,1+2순위(중복),8.1,%,0.0,"389,390,391,392,393,394,395,396",easyocr+ranked_item_row_grouping,1.0,manual_review,BASE 값 이상: 0.0
인도네시아,1-18,호감 저해요인,웹툰,사용자 환경이 불편해서,1순위,4.2,%,0.0,"389,390,391,392,393,394,395,396",easyocr+ranked_item_row_grouping,0.9844,manual_review,BASE 값 이상: 0.0
인도네시아,1-18,호감 저해요인,웹툰,사용자 환경이 불편해서,1+2순위(중복),8.4,%,0.0,"389,390,391,392,393,394,395,396",easyocr+ranked_item_row_grouping,0.9999,manual_review,BASE 값 이상: 0.0
인도네시아,1-18,호감 저해요인,웹툰,위 내용이 선정적이고 폭력적이어서,1순위,3.9,%,0.0,"389,390,391,392,393,394,395,396",easyocr+ranked_item_row_grouping,0.5525,manual_review,BASE 값 이상: 0.0
인도네시아,1-18,호감 저해요인,웹툰,위 내용이 선정적이고 폭력적이어서,1+2순위(중복),5.6,%,0.0,"389,390,391,392,393,394,395,396",easyocr+ranked_item_row_grouping,0.9999,manual_review,BASE 값 이상: 0.0
인도네시아,1-18,호감 저해요인,웹툰,국가 간 역사-외교적 관계로 인해서,1순위,3.6,%,0.0,"389,390,391,392,393,394,395,396",easyocr+ranked_item_row_grouping,0.9998,manual_review,BASE 값 이상: 0.0
인도네시아,1-18,호감 저해요인,웹툰,국가 간 역사-외교적 관계로 인해서,1+2순위(중복),4.5,%,0.0,"389,390,391,392,393,394,395,396",easyocr+ranked_item_row_grouping,0.9993,manual_review,BASE 값 이상: 0.0
인도네시아,1-18,호감 저해요인,웹툰,스토리가 맘에 들지 않아서,순위미상(중복4회 중 1번째),3.0,%,0.0,"389,390,391,392,393,394,395,396",easyocr+ranked_item_row_grouping,0.7971,manual_review,순위 불명(순위미상(중복4회 중 1번째)); BASE 값 이상: 0.0
인도네시아,1-18,호감 저해요인,웹툰,스토리가 맘에 들지 않아서,순위미상(중복4회 중 2번째),2.8,%,0.0,"389,390,391,392,393,394,395,396",easyocr+ranked_item_row_grouping,0.9993,manual_review,순위 불명(순위미상(중복4회 중 2번째)); BASE 값 이상: 0.0
인도네시아,1-18,호감 저해요인,웹툰,스토리가 맘에 들지 않아서,순위미상(중복4회 중 3번째),5.6,%,0.0,"389,390,391,392,393,394,395,396",easyocr+ranked_item_row_grouping,0.9999,manual_review,순위 불명(순위미상(중복4회 중 3번째)); BASE 값 이상: 0.0
인도네시아,1-18,호감 저해요인,웹툰,스토리가 맘에 들지 않아서,순위미상(중복4회 중 4번째),5.1,%,0.0,"389,390,391,392,393,394,395,396",easyocr+ranked_item_row_grouping,1.0,manual_review,순위 불명(순위미상(중복4회 중 4번째)); BASE 값 이상: 0.0
인도네시아,1-18,호감 저해요인,웹툰,소재 장르 등이 진부획일적이어서,1순위,2.6,%,0.0,"389,390,391,392,393,394,395,396",easyocr+ranked_item_row_grouping,0.9999,manual_review,BASE 값 이상: 0.0
인도네시아,1-18,호감 저해요인,웹툰,소재 장르 등이 진부획일적이어서,1+2순위(중복),8.1,%,0.0,"389,390,391,392,393,394,395,396",easyocr+ranked_item_row_grouping,0.9998,manual_review,BASE 값 이상: 0.0
인도네시아,1-18,호감 저해요인,웹툰,한국적 요소가 강해세한국 문화전통스토리 등,1순위,2.3,%,0.0,"389,390,391,392,393,394,395,396",easyocr+ranked_item_row_grouping,0.9805,manual_review,BASE 값 이상: 0.0
인도네시아,1-18,호감 저해요인,웹툰,한국적 요소가 강해세한국 문화전통스토리 등,1+2순위(중복),5.6,%,0.0,"389,390,391,392,393,394,395,396",easyocr+ranked_item_row_grouping,1.0,manual_review,BASE 값 이상: 0.0
인도네시아,1-18,호감 저해요인,웹툰,그림체가 마음에 들지 않아서,1순위,1.9,%,0.0,"389,390,391,392,393,394,395,396",easyocr+ranked_item_row_grouping,0.9996,manual_review,BASE 값 이상: 0.0
인도네시아,1-18,호감 저해요인,웹툰,그림체가 마음에 들지 않아서,1+2순위(중복),2.9,%,0.0,"389,390,391,392,393,394,395,396",easyocr+ranked_item_row_grouping,0.5103,manual_review,BASE 값 이상: 0.0
인도네시아,1-18,호감 저해요인,웹툰,기타,1순위,0.2,%,0.0,"389,390,391,392,393,394,395,396",easyocr+ranked_item_row_grouping,0.725,manual_review,BASE 값 이상: 0.0
인도네시아,1-18,호감 저해요인,웹툰,기타,1+2순위(중복),0.3,%,0.0,"389,390,391,392,393,394,395,396",easyocr+ranked_item_row_grouping,0.9998,manual_review,BASE 값 이상: 0.0
인도네시아,1-18,호감 저해요인,웹툰,없음,1순위,21.9,%,0.0,"389,390,391,392,393,394,395,396",easyocr+ranked_item_row_grouping,1.0,manual_review,BASE 값 이상: 0.0
인도네시아,1-18,호감 저해요인,웹툰,없음,1+2순위(중복),21.9,%,0.0,"389,390,391,392,393,394,395,396",easyocr+ranked_item_row_grouping,0.9991,manual_review,BASE 값 이상: 0.0
인도네시아,1-18,호감 저해요인,웹툰,남성 여성,1+2순위(중복),10.0,%,0.0,"389,390,391,392,393,394,395,396",easyocr+ranked_item_row_grouping,0.9548,manual_review,BASE 값 이상: 0.0
인도네시아,1-18,호감 저해요인,게임,다양한 문에 대한 고까마가 부족해세인종 성소수자 종교 히,1순위,5.6,%,570.0,"389,390,391,392,393,394,395,396",easyocr+ranked_item_row_grouping,0.9999,manual_review,
인도네시아,1-18,호감 저해요인,게임,(단축키 메뉴 회편 구성 등,1순위,3.7,%,570.0,"389,390,391,392,393,394,395,396",easyocr+ranked_item_row_grouping,0.9993,manual_review,
인도네시아,1-18,호감 저해요인,게임,둘 사용자 환경이 불편해서,1+2순위(중복),7.2,%,570.0,"389,390,391,392,393,394,395,396",easyocr+ranked_item_row_grouping,0.9911,manual_review,
인도네시아,1-18,호감 저해요인,게임,남성 여성,1+2순위(중복),10.0,%,570.0,"389,390,391,392,393,394,395,396",easyocr+ranked_item_row_grouping,0.9548,manual_review,
인도네시아,1-18,호감 저해요인,패션,흙 제품 종류 및 스타일이 다양하지 않아서,순위미상(중복4회 중 1번째),9.6,%,654.0,"389,390,391,392,393,394,395,396",easyocr+ranked_item_row_grouping,0.9971,manual_review,순위 불명(순위미상(중복4회 중 1번째))
인도네시아,1-18,호감 저해요인,패션,흙 제품 종류 및 스타일이 다양하지 않아서,순위미상(중복4회 중 2번째),3.1,%,654.0,"389,390,391,392,393,394,395,396",easyocr+ranked_item_row_grouping,0.9971,manual_review,순위 불명(순위미상(중복4회 중 2번째))
인도네시아,1-18,호감 저해요인,패션,흙 제품 종류 및 스타일이 다양하지 않아서,순위미상(중복4회 중 3번째),18.5,%,654.0,"389,390,391,392,393,394,395,396",easyocr+ranked_item_row_grouping,0.9325,manual_review,순위 불명(순위미상(중복4회 중 3번째))
인도네시아,1-18,호감 저해요인,패션,흙 제품 종류 및 스타일이 다양하지 않아서,순위미상(중복4회 중 4번째),7.5,%,654.0,"389,390,391,392,393,394,395,396",easyocr+ranked_item_row_grouping,0.998,manual_review,순위 불명(순위미상(중복4회 중 4번째))
인도네시아,1-18,호감 저해요인,패션,품질 대비 가격이 비싸서,1순위,9.5,%,654.0,"389,390,391,392,393,394,395,396",easyocr+ranked_item_row_grouping,0.9984,manual_review,
인도네시아,1-18,호감 저해요인,패션,(종교 인종 장애 관습 문제 등 다양한 문화에 대한 고려가 부족해서,1순위,5.0,%,654.0,"389,390,391,392,393,394,395,396",easyocr+ranked_item_row_grouping,0.9999,manual_review,
인도네시아,1-18,호감 저해요인,뷰티,(피부튼 성적 정체성 관습 문제 등 다양한 문화에 대한 펴려가 부족해서,1순위,4.5,%,63.0,"389,390,391,392,393,394,395,396",easyocr+ranked_item_row_grouping,0.9951,manual_review,
인도네시아,1-18,호감 저해요인,뷰티,수 적풍 평플인 과해-활비방죄하궁과닷사용하,1순위,3.1,%,63.0,"389,390,391,392,393,394,395,396",easyocr+ranked_item_row_grouping,0.9998,manual_review,
인도네시아,1-18,호감 저해요인,뷰티,다양한 문화에 대한 고려가 부족해서,1+2순위(중복),10.9,%,63.0,"389,390,391,392,393,394,395,396",easyocr+ranked_item_row_grouping,0.7589,manual_review,
인도네시아,1-18,호감 저해요인,뷰티,제품 용개포장의 디자인이 별로여서,1+2순위(중복),6.4,%,63.0,"389,390,391,392,393,394,395,396",easyocr+ranked_item_row_grouping,0.8361,manual_review,
인도네시아,1-18,호감 저해요인,뷰티,Q,1+2순위(중복),2.0,%,63.0,"389,390,391,392,393,394,395,396",easyocr+ranked_item_row_grouping,0.1723,manual_review,
인도네시아,1-18,호감 저해요인,뷰티,남성 여성,1+2순위(중복),10.0,%,63.0,"389,390,391,392,393,394,395,396",easyocr+ranked_item_row_grouping,0.9686,manual_review,
인도네시아,1-18,호감 저해요인,음식,"(종페할증 채식 ""식문화 등",1순위,13.8,%,315.0,"389,390,391,392,393,394,395,396",easyocr+ranked_item_row_grouping,0.9996,manual_review,
인도네시아,1-18,호감 저해요인,음식,다양한 문화에 대한 고려가 부족해서,1+2순위(중복),25.4,%,315.0,"389,390,391,392,393,394,395,396",easyocr+ranked_item_row_grouping,0.5726,manual_review,
인도네시아,1-18,호감 저해요인,한국어,한국어 표기법이 복잡하고 비효율적으로 느껴저서,1순위,19.0,%,516.0,"389,390,391,392,393,394,395,396",easyocr+ranked_item_row_grouping,0.7535,manual_review,
인도,1-17,호감요인,예능,출연진들 간의 팀위크가 몸보여서,1순위,5.3,%,944.0,"443,444,445,446,447,448",easyocr+ranked_item_row_grouping,0.6107,manual_review,
인도,1-17,호감요인,예능,자막 그래픽 합성 회면구성 등 편집이 재미있어서,1+2순위(중복),19.4,%,944.0,"443,444,445,446,447,448",easyocr+ranked_item_row_grouping,0.9999,manual_review,
인도,1-17,호감요인,예능,출연진들 간의_팀원크가 돈보여서,1+2순위(중복),10.4,%,944.0,"443,444,445,446,447,448",easyocr+ranked_item_row_grouping,0.9997,manual_review,
인도,1-17,호감요인,예능,남성 여성,1+2순위(중복),10.0,%,944.0,"443,444,445,446,447,448",easyocr+ranked_item_row_grouping,0.4444,manual_review,
인도,1-17,호감요인,영화,배우의 외모가 매력적이어서,1순위,7.7,%,957.0,"443,444,445,446,447,448",easyocr+ranked_item_row_grouping,0.9956,manual_review,
인도,1-17,호감요인,영화,한국어에 대한 관심 및 학습 수요가 증가해서,1+2순위(중복),12.1,%,957.0,"443,444,445,446,447,448",easyocr+ranked_item_row_grouping,0.7017,manual_review,
인도,1-17,호감요인,음악,슈 갈숙인로마맨 쓸@ 유대강이 출아있어서,1순위,8.4,%,948.0,"443,444,445,446,447,448",easyocr+ranked_item_row_grouping,0.9999,manual_review,
인도,1-17,호감요인,음악,다양한 문화인종 성소수자 가치 등v 잘 반영해서,1순위,5.9,%,948.0,"443,444,445,446,447,448",easyocr+ranked_item_row_grouping,0.8486,manual_review,
인도,1-17,호감요인,음악,패션부티 등 한국 최신 트럭드록 볼 수 있어서,1+2순위(중복),18.9,%,948.0,"443,444,445,446,447,448",easyocr+ranked_item_row_grouping,0.9246,manual_review,
인도,1-17,호감요인,음악,온라인모바일 플렉품올 통해 접할 수 있어서,1+2순위(중복),13.5,%,948.0,"443,444,445,446,447,448",easyocr+ranked_item_row_grouping,0.8,manual_review,
인도,1-17,호감요인,음악,올 다양황 문화요종 성수수자 기치 등틀 잘 반영해서,1+2순위(중복),11.1,%,948.0,"443,444,445,446,447,448",easyocr+ranked_item_row_grouping,0.8839,manual_review,
인도,1-17,호감요인,음악,기타,1+2순위(중복),0.1,%,948.0,"443,444,445,446,447,448",easyocr+ranked_item_row_grouping,0.9991,manual_review,
인도,1-17,호감요인,음악,남성 여성,1+2순위(중복),10.0,%,948.0,"443,444,445,446,447,448",easyocr+ranked_item_row_grouping,0.4444,manual_review,
인도,1-17,호감요인,애니메이션,순 다양한 소재 또는 장르름 다퀴서,1순위,9.7,%,950.0,"443,444,445,446,447,448",easyocr+ranked_item_row_grouping,0.8176,manual_review,
인도,1-17,호감요인,애니메이션,기타,1+2순위(중복),0.3,%,950.0,"443,444,445,446,447,448",easyocr+ranked_item_row_grouping,0.9934,manual_review,
인도,1-17,호감요인,출판물,남성 여성,1+2순위(중복),10.0,%,745.0,"443,444,445,446,447,448",easyocr+ranked_item_row_grouping,0.4444,manual_review,
인도,1-17,호감요인,웹툰,캐릭터의 성격 역할이 마음에 들어서,1순위,10.5,%,850.0,"443,444,445,446,447,448",easyocr+ranked_item_row_grouping,0.6435,manual_review,
인도,1-17,호감요인,웹툰,사용자 환경이 편리해서,1순위,9.2,%,850.0,"443,444,445,446,447,448",easyocr+ranked_item_row_grouping,0.9828,manual_review,
인도,1-17,호감요인,웹툰,둘,1+2순위(중복),17.1,%,850.0,"443,444,445,446,447,448",easyocr+ranked_item_row_grouping,0.6509,manual_review,
인도,1-17,호감요인,게임,좋아하는 스트리머가 한국 게임올 자주 소개해서,1순위,8.3,%,948.0,"443,444,445,446,447,448",easyocr+ranked_item_row_grouping,0.7007,manual_review,
인도,1-17,호감요인,게임,유 디불지p-불과 네우불형어하금해 횟수요,1순위,7.7,%,948.0,"443,444,445,446,447,448",easyocr+ranked_item_row_grouping,0.9654,manual_review,
인도,1-17,호감요인,게임,디른 게p미들과 네트위스릎 형성하고 햄 월수 있,1+2순위(중복),16.2,%,948.0,"443,444,445,446,447,448",easyocr+ranked_item_row_grouping,0.9966,manual_review,
인도,1-17,호감요인,게임,[토 활유하다가 캠피움보하 _망물시주 소개해서,1+2순위(중복),13.9,%,948.0,"443,444,445,446,447,448",easyocr+ranked_item_row_grouping,0.9992,manual_review,
인도,1-17,호감요인,게임,남성 여성,1+2순위(중복),10.0,%,948.0,"443,444,445,446,447,448",easyocr+ranked_item_row_grouping,0.4444,manual_review,
인도,1-17,호감요인,패션,순 제품 종류 및 스타일이 다양해서,1순위,8.1,%,944.0,"443,444,445,446,447,448",easyocr+ranked_item_row_grouping,0.8745,manual_review,
인도,1-17,호감요인,패션,좋아하는 한류스타가 사용홍보하기 때문에,1+2순위(중복),18.6,%,944.0,"443,444,445,446,447,448",easyocr+ranked_item_row_grouping,0.9888,manual_review,
인도,1-17,호감요인,뷰티,신제품이 자주 나외서,1순위,6.2,%,952.0,"443,444,445,446,447,448",easyocr+ranked_item_row_grouping,1.0,manual_review,
인도,1-17,호감요인,뷰티,(복 신제품이 자주 나와서,1+2순위(중복),12.8,%,952.0,"443,444,445,446,447,448",easyocr+ranked_item_row_grouping,0.5578,manual_review,
인도,1-17,호감요인,뷰티,남성 여성,1+2순위(중복),10.0,%,952.0,"443,444,445,446,447,448",easyocr+ranked_item_row_grouping,0.4444,manual_review,
인도,1-17,호감요인,음식,수 도이하씌오루안가 자 먹지다 소쓸하기 때문께,1순위,10.6,%,951.0,"443,444,445,446,447,448",easyocr+ranked_item_row_grouping,0.9997,manual_review,
인도,1-17,호감요인,음식,종이하는 인풀루언서가 자주 먹거나 노출하기 때문에,1+2순위(중복),22.0,%,951.0,"443,444,445,446,447,448",easyocr+ranked_item_row_grouping,0.9422,manual_review,
인도,1-17,호감요인,음식,주변 사람들 사이에 평판이 좋아서,1+2순위(중복),21.4,%,951.0,"443,444,445,446,447,448",easyocr+ranked_item_row_grouping,1.0,manual_review,
인도,1-17,호감요인,한국어,한국 단어나 표현 방식이 좋아서,1순위,12.5,%,752.0,"443,444,445,446,447,448",easyocr+ranked_item_row_grouping,0.628,manual_review,
인도,1-17,호감요인,한국어,한국어 자체가 멋있어서,1순위,10.4,%,752.0,"443,444,445,446,447,448",easyocr+ranked_item_row_grouping,0.9997,manual_review,
인도,1-17,호감요인,한국어,기타,1+2순위(중복),0.1,%,752.0,"443,444,445,446,447,448",easyocr+ranked_item_row_grouping,0.9991,manual_review,
인도,1-17,호감요인,한국어,Q,1+2순위(중복),2.0,%,752.0,"443,444,445,446,447,448",easyocr+ranked_item_row_grouping,0.3106,manual_review,
인도,1-18,호감 저해요인,드라마,같은 배우들이 다른 작품에 반복적으로 출연해서,1순위,9.8,%,950.0,"449,450,451,452,453,454,455,456",easyocr+ranked_item_row_grouping,0.9995,manual_review,
인도,1-18,호감 저해요인,드라마,국가 간 역사-외교적 관계로 인해서,1순위,3.3,%,950.0,"449,450,451,452,453,454,455,456",easyocr+ranked_item_row_grouping,0.9993,manual_review,
인도,1-18,호감 저해요인,드라마,짓히기 어려운 환경이어서,1+2순위(중복),12.1,%,950.0,"449,450,451,452,453,454,455,456",easyocr+ranked_item_row_grouping,0.5749,manual_review,
인도,1-18,호감 저해요인,예능,국가 간 역사-외교적 관계로 인해서,1순위,8.6,%,944.0,"449,450,451,452,453,454,455,456",easyocr+ranked_item_row_grouping,0.9999,manual_review,
인도,1-18,호감 저해요인,예능,순 방송용 자패텍스 말 풍선 이모티서 등이 너무 많아서,1순위,6.9,%,944.0,"449,450,451,452,453,454,455,456",easyocr+ranked_item_row_grouping,0.9699,manual_review,
인도,1-18,호감 저해요인,예능,출연진 관계자의 부적절한 언행,1순위,5.9,%,944.0,"449,450,451,452,453,454,455,456",easyocr+ranked_item_row_grouping,0.9995,manual_review,
인도,1-18,호감 저해요인,예능,수 다양한 문에 대한 고로까가 부족해세인종 성소수자 종교 텅,1+2순위(중복),14.6,%,944.0,"449,450,451,452,453,454,455,456",easyocr+ranked_item_row_grouping,0.9769,manual_review,
인도,1-18,호감 저해요인,예능,중 나오는 사람들이 반복적으로 출연해서,1+2순위(중복),12.8,%,944.0,"449,450,451,452,453,454,455,456",easyocr+ranked_item_row_grouping,0.9997,manual_review,
인도,1-18,호감 저해요인,예능,복 출연진-관계자의 부적절한_언행,1+2순위(중복),10.0,%,944.0,"449,450,451,452,453,454,455,456",easyocr+ranked_item_row_grouping,0.9999,manual_review,
인도,1-18,호감 저해요인,예능,남성 여성,1+2순위(중복),10.0,%,944.0,"449,450,451,452,453,454,455,456",easyocr+ranked_item_row_grouping,0.9132,manual_review,
인도,1-18,호감 저해요인,영화,숲 다양한안 문회에 대한 편가 부족해세요종 성소수자 종교 등,1순위,5.6,%,957.0,"449,450,451,452,453,454,455,456",easyocr+ranked_item_row_grouping,0.9999,manual_review,
인도,1-18,호감 저해요인,영화,디양한 문화에 대한 고로가 부족해세인종 성소수자 종교 등,1+2순위(중복),11.3,%,957.0,"449,450,451,452,453,454,455,456",easyocr+ranked_item_row_grouping,0.9963,manual_review,
인도,1-18,호감 저해요인,영화,출 영화들 보는데 비용이 많이 들어서,1+2순위(중복),11.3,%,957.0,"449,450,451,452,453,454,455,456",easyocr+ranked_item_row_grouping,0.9974,manual_review,
인도,1-18,호감 저해요인,영화,Q,1+2순위(중복),2.0,%,957.0,"449,450,451,452,453,454,455,456",easyocr+ranked_item_row_grouping,0.4776,manual_review,
인도,1-18,호감 저해요인,영화,남성 여성,1+2순위(중복),10.0,%,957.0,"449,450,451,452,453,454,455,456",easyocr+ranked_item_row_grouping,0.9132,manual_review,
인도,1-18,호감 저해요인,음악,다양한 문에 대한 고까마가 부족해세인종 성소수자 종교 히,1순위,5.4,%,948.0,"449,450,451,452,453,454,455,456",easyocr+ranked_item_row_grouping,0.9974,manual_review,
인도,1-18,호감 저해요인,음악,둘 디양한 문화에 대한 고로마가 부족해세인종 성소수자 종교 등,1+2순위(중복),9.3,%,948.0,"449,450,451,452,453,454,455,456",easyocr+ranked_item_row_grouping,0.7842,manual_review,
인도,1-18,호감 저해요인,음악,기타,1+2순위(중복),0.1,%,948.0,"449,450,451,452,453,454,455,456",easyocr+ranked_item_row_grouping,0.9997,manual_review,
인도,1-18,호감 저해요인,애니메이션,한국어가 어렵고 생소해서,1순위,11.7,%,950.0,"449,450,451,452,453,454,455,456",easyocr+ranked_item_row_grouping,0.998,manual_review,
인도,1-18,호감 저해요인,애니메이션,한국적 요소가 강해세한국 문화전통스토리 등,1순위,9.7,%,950.0,"449,450,451,452,453,454,455,456",easyocr+ranked_item_row_grouping,0.9986,manual_review,
인도,1-18,호감 저해요인,애니메이션,위 스토리 소재 장르 등이 진부획일적이어서 디양한 문화에 대한 고로마가 부족해세인종 성소수자 종교 텅,1순위,7.1,%,950.0,"449,450,451,452,453,454,455,456",easyocr+ranked_item_row_grouping,0.9997,manual_review,
인도,1-18,호감 저해요인,애니메이션,대부분 유아용의로 제작되며 성인 대상 권렌j가 부족해서,1+2순위(중복),18.6,%,950.0,"449,450,451,452,453,454,455,456",easyocr+ranked_item_row_grouping,0.9787,manual_review,
인도,1-18,호감 저해요인,애니메이션,다양한 문회에 대한 고로가 부족해세인종 성소수자 종교,1+2순위(중복),16.0,%,950.0,"449,450,451,452,453,454,455,456",easyocr+ranked_item_row_grouping,1.0,manual_review,
인도,1-18,호감 저해요인,애니메이션,스토리 소재 장르 등이 진부획일적이어서,1+2순위(중복),14.4,%,950.0,"449,450,451,452,453,454,455,456",easyocr+ranked_item_row_grouping,0.9388,manual_review,
인도,1-18,호감 저해요인,애니메이션,Q,1+2순위(중복),2.0,%,950.0,"449,450,451,452,453,454,455,456",easyocr+ranked_item_row_grouping,0.4776,manual_review,
인도,1-18,호감 저해요인,애니메이션,남성 여성,1+2순위(중복),10.0,%,950.0,"449,450,451,452,453,454,455,456",easyocr+ranked_item_row_grouping,0.9132,manual_review,
인도,1-18,호감 저해요인,출판물,국가 간 역사-외교적 관계로 인해서,1순위,8.2,%,745.0,"449,450,451,452,453,454,455,456",easyocr+ranked_item_row_grouping,0.9999,manual_review,
인도,1-18,호감 저해요인,출판물,캐릭터가 맘에 들지 않아서,순위미상(중복3회 중 1번째),3.1,%,745.0,"449,450,451,452,453,454,455,456",easyocr+ranked_item_row_grouping,0.9971,manual_review,순위 불명(순위미상(중복3회 중 1번째))
인도,1-18,호감 저해요인,출판물,캐릭터가 맘에 들지 않아서,순위미상(중복3회 중 2번째),2.4,%,745.0,"449,450,451,452,453,454,455,456",easyocr+ranked_item_row_grouping,0.9994,manual_review,순위 불명(순위미상(중복3회 중 2번째))
인도,1-18,호감 저해요인,출판물,캐릭터가 맘에 들지 않아서,순위미상(중복3회 중 3번째),5.6,%,745.0,"449,450,451,452,453,454,455,456",easyocr+ranked_item_row_grouping,0.9999,manual_review,순위 불명(순위미상(중복3회 중 3번째))
인도,1-18,호감 저해요인,출판물,이용하는데 비용이 많이 들어서,1+2순위(중복),16.8,%,745.0,"449,450,451,452,453,454,455,456",easyocr+ranked_item_row_grouping,0.9996,manual_review,
인도,1-18,호감 저해요인,출판물,복 스동리가 남어o물지 않아서,1+2순위(중복),7.2,%,745.0,"449,450,451,452,453,454,455,456",easyocr+ranked_item_row_grouping,0.9998,manual_review,
인도,1-18,호감 저해요인,출판물,남성 여성,1+2순위(중복),10.0,%,745.0,"449,450,451,452,453,454,455,456",easyocr+ranked_item_row_grouping,0.9132,manual_review,
인도,1-18,호감 저해요인,웹툰,접하기 어려운 환경이어서,1순위,8.6,%,850.0,"449,450,451,452,453,454,455,456",easyocr+ranked_item_row_grouping,0.9997,manual_review,
인도,1-18,호감 저해요인,웹툰,다양한 문회에 대한 고로가 부족해세인종 성소수자 종교 히,1순위,8.0,%,850.0,"449,450,451,452,453,454,455,456",easyocr+ranked_item_row_grouping,1.0,manual_review,
인도,1-18,호감 저해요인,웹툰,한국적 요소가 강해세한국 문화전통스토리 등,1순위,6.8,%,850.0,"449,450,451,452,453,454,455,456",easyocr+ranked_item_row_grouping,0.9992,manual_review,
인도,1-18,호감 저해요인,웹툰,캐릭터가 맘에 들지 않아서,순위미상(중복4회 중 1번째),2.8,%,850.0,"449,450,451,452,453,454,455,456",easyocr+ranked_item_row_grouping,0.9993,manual_review,순위 불명(순위미상(중복4회 중 1번째))
인도,1-18,호감 저해요인,웹툰,캐릭터가 맘에 들지 않아서,순위미상(중복4회 중 2번째),2.1,%,850.0,"449,450,451,452,453,454,455,456",easyocr+ranked_item_row_grouping,0.9999,manual_review,순위 불명(순위미상(중복4회 중 2번째))
인도,1-18,호감 저해요인,웹툰,캐릭터가 맘에 들지 않아서,순위미상(중복4회 중 3번째),4.6,%,850.0,"449,450,451,452,453,454,455,456",easyocr+ranked_item_row_grouping,0.9815,manual_review,순위 불명(순위미상(중복4회 중 3번째))
인도,1-18,호감 저해요인,웹툰,캐릭터가 맘에 들지 않아서,순위미상(중복4회 중 4번째),4.0,%,850.0,"449,450,451,452,453,454,455,456",easyocr+ranked_item_row_grouping,0.9728,manual_review,순위 불명(순위미상(중복4회 중 4번째))
인도,1-18,호감 저해요인,웹툰,(시청 경로 부족 인터넷 속되망 문제   정보 부족 등,1순위,15.8,%,850.0,"449,450,451,452,453,454,455,456",easyocr+ranked_item_row_grouping,0.9788,manual_review,
인도,1-18,호감 저해요인,웹툰,사용자 환경이 불편해서,1+2순위(중복),14.7,%,850.0,"449,450,451,452,453,454,455,456",easyocr+ranked_item_row_grouping,0.9398,manual_review,
인도,1-18,호감 저해요인,웹툰,디양한 문에 대한 고가 부족해세인종 성소수자 종교 등,1+2순위(중복),13.5,%,850.0,"449,450,451,452,453,454,455,456",easyocr+ranked_item_row_grouping,0.9735,manual_review,
인도,1-18,호감 저해요인,웹툰,남성 여성,1+2순위(중복),10.0,%,850.0,"449,450,451,452,453,454,455,456",easyocr+ranked_item_row_grouping,0.9132,manual_review,
인도,1-18,호감 저해요인,게임,다양한 문에 대한 고까마가 부족해세인종 성소수자 종교 히,1순위,7.4,%,948.0,"449,450,451,452,453,454,455,456",easyocr+ranked_item_row_grouping,0.5978,manual_review,
인도,1-18,호감 저해요인,게임,게임 캐릭터의 매력이 부족정체성이 모호해서,1순위,5.7,%,948.0,"449,450,451,452,453,454,455,456",easyocr+ranked_item_row_grouping,0.9997,manual_review,
인도,1-18,호감 저해요인,게임,디양한 문에 대한 고가 부족해세인종 성소수자 종교 텅,1+2순위(중복),15.0,%,948.0,"449,450,451,452,453,454,455,456",easyocr+ranked_item_row_grouping,0.9893,manual_review,
인도,1-18,호감 저해요인,게임,남성 여성,1+2순위(중복),10.0,%,948.0,"449,450,451,452,453,454,455,456",easyocr+ranked_item_row_grouping,0.9132,manual_review,
인도,1-18,호감 저해요인,패션,제품 종류 및 스타일이 다양하지 않아서,순위미상(중복4회 중 1번째),8.6,%,944.0,"449,450,451,452,453,454,455,456",easyocr+ranked_item_row_grouping,0.9972,manual_review,순위 불명(순위미상(중복4회 중 1번째))
인도,1-18,호감 저해요인,패션,제품 종류 및 스타일이 다양하지 않아서,순위미상(중복4회 중 2번째),5.9,%,944.0,"449,450,451,452,453,454,455,456",easyocr+ranked_item_row_grouping,0.9998,manual_review,순위 불명(순위미상(중복4회 중 2번째))
인도,1-18,호감 저해요인,패션,제품 종류 및 스타일이 다양하지 않아서,순위미상(중복4회 중 3번째),15.2,%,944.0,"449,450,451,452,453,454,455,456",easyocr+ranked_item_row_grouping,1.0,manual_review,순위 불명(순위미상(중복4회 중 3번째))
인도,1-18,호감 저해요인,패션,제품 종류 및 스타일이 다양하지 않아서,순위미상(중복4회 중 4번째),12.4,%,944.0,"449,450,451,452,453,454,455,456",easyocr+ranked_item_row_grouping,0.9995,manual_review,순위 불명(순위미상(중복4회 중 4번째))
인도,1-18,호감 저해요인,패션,(종교 인종 장애 관습 문제 등 다양한 문화에 대한 고려가 부족해서,1순위,8.4,%,944.0,"449,450,451,452,453,454,455,456",easyocr+ranked_item_row_grouping,0.9999,manual_review,
인도,1-18,호감 저해요인,패션,브랜드 이미지가 쫓지 않아서,1순위,3.5,%,944.0,"449,450,451,452,453,454,455,456",easyocr+ranked_item_row_grouping,0.9962,manual_review,
인도,1-18,호감 저해요인,패션,복 브랜드 시이미지가 쫓치 않아서,1+2순위(중복),7.2,%,944.0,"449,450,451,452,453,454,455,456",easyocr+ranked_item_row_grouping,0.9995,manual_review,
인도,1-18,호감 저해요인,뷰티,제품에 정보 표기가 자세하지 않아세성분  생산 방식 등,1순위,7.1,%,952.0,"449,450,451,452,453,454,455,456",easyocr+ranked_item_row_grouping,0.9997,manual_review,
인도,1-18,호감 저해요인,뷰티,(피부튼  성적 정체성  관습 문제 등,1순위,6.8,%,952.0,"449,450,451,452,453,454,455,456",easyocr+ranked_item_row_grouping,0.9992,manual_review,
인도,1-18,호감 저해요인,뷰티,제품 포장이 과해세비닐플라스틱 과다 사용,1순위,5.7,%,952.0,"449,450,451,452,453,454,455,456",easyocr+ranked_item_row_grouping,0.9997,manual_review,
인도,1-18,호감 저해요인,뷰티,다양한 문화에 대한 고려가 부족해서,1+2순위(중복),14.2,%,952.0,"449,450,451,452,453,454,455,456",easyocr+ranked_item_row_grouping,0.9471,manual_review,
인도,1-18,호감 저해요인,뷰티,남성 여성,1+2순위(중복),10.0,%,952.0,"449,450,451,452,453,454,455,456",easyocr+ranked_item_row_grouping,0.8876,manual_review,
인도,1-18,호감 저해요인,한국어,한글이 만들어진 역사와 원리지 이해하기 어려워세생소해세,1순위,14.9,%,752.0,"449,450,451,452,453,454,455,456",easyocr+ranked_item_row_grouping,0.938,manual_review,
베트남,1-17,호감요인,드라마,한국 생활문회지 간접 경험하거나 이해할 수 있어서,1+2순위(중복),18.0,%,484.0,"503,504,505,506,507,508",easyocr+ranked_item_row_grouping,1.0,manual_review,
베트남,1-17,호감요인,드라마,표현 방식이 과감 독특생생해서,1+2순위(중복),11.8,%,484.0,"503,504,505,506,507,508",easyocr+ranked_item_row_grouping,0.9995,manual_review,
베트남,1-17,호감요인,예능,수 청문하튼 스타가 MC 맛 출연진-로 등장해서,1순위,9.4,%,480.0,"503,504,505,506,507,508",easyocr+ranked_item_row_grouping,0.9999,manual_review,
베트남,1-17,호감요인,예능,기타,1+2순위(중복),0.2,%,480.0,"503,504,505,506,507,508",easyocr+ranked_item_row_grouping,0.9998,manual_review,
베트남,1-17,호감요인,예능,남성 여성,1+2순위(중복),10.0,%,480.0,"503,504,505,506,507,508",easyocr+ranked_item_row_grouping,0.4444,manual_review,
베트남,1-17,호감요인,영화,유 선호하는 해우가 출현해서,1순위,7.2,%,485.0,"503,504,505,506,507,508",easyocr+ranked_item_row_grouping,0.8894,manual_review,
베트남,1-17,호감요인,영화,선호하는 배우가 출연해서,1+2순위(중복),15.4,%,485.0,"503,504,505,506,507,508",easyocr+ranked_item_row_grouping,0.9956,manual_review,
베트남,1-17,호감요인,음악,남성 여성,1+2순위(중복),10.0,%,487.0,"503,504,505,506,507,508",easyocr+ranked_item_row_grouping,0.4444,manual_review,
베트남,1-17,호감요인,애니메이션,수 다양하 소재 또른-장물들 다뒤서,1순위,9.2,%,478.0,"503,504,505,506,507,508",easyocr+ranked_item_row_grouping,0.9999,manual_review,
베트남,1-17,호감요인,애니메이션,다양한 소재 또는 장르름 다리서,1+2순위(중복),20.3,%,478.0,"503,504,505,506,507,508",easyocr+ranked_item_row_grouping,0.7556,manual_review,
베트남,1-17,호감요인,애니메이션,출 교육용으로 활용할 수 잇는 내용이 풍부해서,1+2순위(중복),18.0,%,478.0,"503,504,505,506,507,508",easyocr+ranked_item_row_grouping,0.9937,manual_review,
베트남,1-17,호감요인,애니메이션,폭력적이거나 선정적인 내용이 적어서,1+2순위(중복),11.9,%,478.0,"503,504,505,506,507,508",easyocr+ranked_item_row_grouping,0.7819,manual_review,
베트남,1-17,호감요인,출판물,수 수상 작품이어세국제 문학상 등,1순위,8.1,%,422.0,"503,504,505,506,507,508",easyocr+ranked_item_row_grouping,0.9997,manual_review,
베트남,1-17,호감요인,출판물,(복 캐량되월이성방제하관일렉올해,1+2순위(중복),12.5,%,422.0,"503,504,505,506,507,508",easyocr+ranked_item_row_grouping,0.628,manual_review,
베트남,1-17,호감요인,출판물,남성 여성,1+2순위(중복),10.0,%,422.0,"503,504,505,506,507,508",easyocr+ranked_item_row_grouping,0.4444,manual_review,
베트남,1-17,호감요인,웹툰,슈 한국 생활문회틀 간접 경험하거나 이해할 수 있어서,1순위,8.2,%,343.0,"503,504,505,506,507,508",easyocr+ranked_item_row_grouping,0.859,manual_review,
베트남,1-17,호감요인,웹툰,기타,1+2순위(중복),0.3,%,343.0,"503,504,505,506,507,508",easyocr+ranked_item_row_grouping,0.5556,manual_review,
베트남,1-17,호감요인,게임,수 한국 게임 동영상 스틀리어가 좋아서_,1순위,8.4,%,476.0,"503,504,505,506,507,508",easyocr+ranked_item_row_grouping,0.6994,manual_review,
베트남,1-17,호감요인,게임,디른 게pp들과 네트위스름 형성하고햄i 월수 있서,1순위,8.0,%,476.0,"503,504,505,506,507,508",easyocr+ranked_item_row_grouping,0.9145,manual_review,
베트남,1-17,호감요인,게임,디른 게p들과 네트위크름 형성하고햄 질수 앞어서,1+2순위(중복),17.0,%,476.0,"503,504,505,506,507,508",easyocr+ranked_item_row_grouping,0.9998,manual_review,
베트남,1-17,호감요인,게임,흙 한국 게임 동영상 스트리머가 좋아서,1+2순위(중복),16.8,%,476.0,"503,504,505,506,507,508",easyocr+ranked_item_row_grouping,0.5837,manual_review,
베트남,1-17,호감요인,게임,남성 여성,1+2순위(중복),10.0,%,476.0,"503,504,505,506,507,508",easyocr+ranked_item_row_grouping,0.4444,manual_review,
베트남,1-17,호감요인,뷰티,슈 자여히친화전 불마저 재작롭 사용행보해서,1순위,7.1,%,481.0,"503,504,505,506,507,508",easyocr+ranked_item_row_grouping,0.9435,manual_review,
베트남,1-17,호감요인,뷰티,좋아하는 인플루언서가 직접 사용홍보해서,1+2순위(중복),16.8,%,481.0,"503,504,505,506,507,508",easyocr+ranked_item_row_grouping,0.9999,manual_review,
베트남,1-17,호감요인,뷰티,흙 품질 대비 가격이 저럼해서,1+2순위(중복),15.0,%,481.0,"503,504,505,506,507,508",easyocr+ranked_item_row_grouping,0.9995,manual_review,
베트남,1-17,호감요인,뷰티,기타,1+2순위(중복),0.2,%,481.0,"503,504,505,506,507,508",easyocr+ranked_item_row_grouping,0.9998,manual_review,
베트남,1-17,호감요인,뷰티,남성 여성,1+2순위(중복),10.0,%,481.0,"503,504,505,506,507,508",easyocr+ranked_item_row_grouping,0.4444,manual_review,
베트남,1-17,호감요인,음식,영화 드리미어서 빛년 한식-식문회틀 경험활 수 있어서,1순위,17.9,%,479.0,"503,504,505,506,507,508",easyocr+ranked_item_row_grouping,0.9987,manual_review,
베트남,1-17,호감요인,음식,영화 드라미어서 빛볕 한식-식문회름 경험할 수 있어서,1+2순위(중복),33.8,%,479.0,"503,504,505,506,507,508",easyocr+ranked_item_row_grouping,0.9942,manual_review,
베트남,1-17,호감요인,한국어,한국어 자체가 새롭고 흥미로위서,1순위,12.9,%,309.0,"503,504,505,506,507,508",easyocr+ranked_item_row_grouping,0.9996,manual_review,
베트남,1-17,호감요인,한국어,한국 단어나 표현 방식이 좋아서,1순위,8.7,%,309.0,"503,504,505,506,507,508",easyocr+ranked_item_row_grouping,0.5933,manual_review,
베트남,1-17,호감요인,한국어,슈 한물어마.적인 호금업 아룻달/숙-고 있어서,1순위,7.4,%,309.0,"503,504,505,506,507,508",easyocr+ranked_item_row_grouping,0.9434,manual_review,
베트남,1-17,호감요인,한국어,흙 한글이 과학적인 표기법 체제틀 갖추고 있어서,1+2순위(중복),15.3,%,309.0,"503,504,505,506,507,508",easyocr+ranked_item_row_grouping,0.9756,manual_review,
베트남,1-18,호감 저해요인,드라마,(지청 '경로 부족 인터넷 속되망 문제  정보 부족 등,1순위,5.3,%,4.0,"509,510,511,512,513,514,515,516",easyocr+ranked_item_row_grouping,0.9986,manual_review,
베트남,1-18,호감 저해요인,드라마,수 함물움 올L Y하제함국 물래전당스E리 등,1순위,3.5,%,4.0,"509,510,511,512,513,514,515,516",easyocr+ranked_item_row_grouping,0.9962,manual_review,
베트남,1-18,호감 저해요인,드라마,과도한 광고 노출이 많아서,1순위,2.7,%,4.0,"509,510,511,512,513,514,515,516",easyocr+ranked_item_row_grouping,0.5625,manual_review,
베트남,1-18,호감 저해요인,드라마,디양한 문화에 대한 고로가 부족해세인종 성소수자 종교 등,1순위,2.1,%,4.0,"509,510,511,512,513,514,515,516",easyocr+ranked_item_row_grouping,0.9993,manual_review,
베트남,1-18,호감 저해요인,드라마,접하기 어려운 환경이어서,1+2순위(중복),13.2,%,4.0,"509,510,511,512,513,514,515,516",easyocr+ranked_item_row_grouping,0.9975,manual_review,
베트남,1-18,호감 저해요인,드라마,한국적 요소가 강해세한국 문화전통스토리 등,1+2순위(중복),9.1,%,4.0,"509,510,511,512,513,514,515,516",easyocr+ranked_item_row_grouping,0.9997,manual_review,
베트남,1-18,호감 저해요인,드라마,복 다양안 문화 대한 효f 부족해세요점 성소수자 종교 등,1+2순위(중복),6.6,%,4.0,"509,510,511,512,513,514,515,516",easyocr+ranked_item_row_grouping,0.9995,manual_review,
베트남,1-18,호감 저해요인,예능,접하기 어려운 환경이어서 (시청 경로 부족 인터넷 속되망 문제   정보 부족 등,1순위,7.7,%,480.0,"509,510,511,512,513,514,515,516",easyocr+ranked_item_row_grouping,0.9992,manual_review,
베트남,1-18,호감 저해요인,예능,디양한 문화에 대한 고로가 부족해세인종 성소수자 종교 등,1순위,6.1,%,480.0,"509,510,511,512,513,514,515,516",easyocr+ranked_item_row_grouping,0.9999,manual_review,
베트남,1-18,호감 저해요인,예능,흙 다양한 문에 대한 고로가 부족해세인종 성소수자 종교,1+2순위(중복),10.5,%,480.0,"509,510,511,512,513,514,515,516",easyocr+ranked_item_row_grouping,0.9999,manual_review,
베트남,1-18,호감 저해요인,예능,기타,1+2순위(중복),0.4,%,480.0,"509,510,511,512,513,514,515,516",easyocr+ranked_item_row_grouping,0.9995,manual_review,
베트남,1-18,호감 저해요인,예능,Q,1+2순위(중복),2.0,%,480.0,"509,510,511,512,513,514,515,516",easyocr+ranked_item_row_grouping,0.2203,manual_review,
베트남,1-18,호감 저해요인,예능,남성 여성,1+2순위(중복),10.0,%,480.0,"509,510,511,512,513,514,515,516",easyocr+ranked_item_row_grouping,0.9132,manual_review,
베트남,1-18,호감 저해요인,영화,순 전학기 얼울환경일어서,1순위,6.4,%,485.0,"509,510,511,512,513,514,515,516",easyocr+ranked_item_row_grouping,0.9999,manual_review,
베트남,1-18,호감 저해요인,영화,정볕,1+2순위(중복),14.8,%,485.0,"509,510,511,512,513,514,515,516",easyocr+ranked_item_row_grouping,0.955,manual_review,
베트남,1-18,호감 저해요인,영화,Q,1+2순위(중복),2.0,%,485.0,"509,510,511,512,513,514,515,516",easyocr+ranked_item_row_grouping,0.4776,manual_review,
베트남,1-18,호감 저해요인,영화,남성 여성,1+2순위(중복),10.0,%,485.0,"509,510,511,512,513,514,515,516",easyocr+ranked_item_row_grouping,0.9132,manual_review,
베트남,1-18,호감 저해요인,음악,다양한 문에 대한 고까마가 부족해세인종 성소수자 종교 히,1순위,4.9,%,487.0,"509,510,511,512,513,514,515,516",easyocr+ranked_item_row_grouping,0.9991,manual_review,
베트남,1-18,호감 저해요인,음악,사회 도덕적 가치에 반하는 내용이어서,1순위,3.1,%,487.0,"509,510,511,512,513,514,515,516",easyocr+ranked_item_row_grouping,0.9971,manual_review,
베트남,1-18,호감 저해요인,음악,흙 디양한 문화에 대한 고로마가 부족해세인종 성소수자 종교 텅,1+2순위(중복),9.0,%,487.0,"509,510,511,512,513,514,515,516",easyocr+ranked_item_row_grouping,0.9999,manual_review,
베트남,1-18,호감 저해요인,음악,음악 자체가 쫓지 않아세수준이 낮아서,1+2순위(중복),8.0,%,487.0,"509,510,511,512,513,514,515,516",easyocr+ranked_item_row_grouping,0.9999,manual_review,
베트남,1-18,호감 저해요인,음악,복 창회-조녀적 가치예 반하분- 대용이어서,1+2순위(중복),7.2,%,487.0,"509,510,511,512,513,514,515,516",easyocr+ranked_item_row_grouping,0.9998,manual_review,
베트남,1-18,호감 저해요인,애니메이션,@행,1순위,11.9,%,478.0,"509,510,511,512,513,514,515,516",easyocr+ranked_item_row_grouping,0.6473,manual_review,
베트남,1-18,호감 저해요인,애니메이션,대부분 유아용의로 제작되며 성인 대상 권렌j 부족해서,1순위,9.2,%,478.0,"509,510,511,512,513,514,515,516",easyocr+ranked_item_row_grouping,0.8382,manual_review,
베트남,1-18,호감 저해요인,애니메이션,번역 자막-더방으로 보기 불편해서,1순위,9.0,%,478.0,"509,510,511,512,513,514,515,516",easyocr+ranked_item_row_grouping,1.0,manual_review,
베트남,1-18,호감 저해요인,애니메이션,} 속토리 요소자 장제응L 존부적부적이성,1순위,6.4,%,478.0,"509,510,511,512,513,514,515,516",easyocr+ranked_item_row_grouping,0.6491,manual_review,
베트남,1-18,호감 저해요인,애니메이션,다양한 문에 대한 고까마가 부족해세인종 성소수자 종교 히,1순위,5.9,%,478.0,"509,510,511,512,513,514,515,516",easyocr+ranked_item_row_grouping,0.9999,manual_review,
베트남,1-18,호감 저해요인,애니메이션,캐릭터가 마음에 들지 않아서,1순위,5.2,%,478.0,"509,510,511,512,513,514,515,516",easyocr+ranked_item_row_grouping,0.9999,manual_review,
베트남,1-18,호감 저해요인,애니메이션,접하기 어려운 환경이어서,1순위,22.6,%,478.0,"509,510,511,512,513,514,515,516",easyocr+ranked_item_row_grouping,0.7574,manual_review,
베트남,1-18,호감 저해요인,애니메이션,유 한국어가 어렵고 생소해서,1+2순위(중복),14.8,%,478.0,"509,510,511,512,513,514,515,516",easyocr+ranked_item_row_grouping,0.955,manual_review,
베트남,1-18,호감 저해요인,애니메이션,한국적 요소가 강해세한국 문화전통스토리 등,1+2순위(중복),12.7,%,478.0,"509,510,511,512,513,514,515,516",easyocr+ranked_item_row_grouping,0.9998,manual_review,
베트남,1-18,호감 저해요인,애니메이션,중 다양한 문회에 대한 교가 부족해세인종 성소수자 종교 등,1+2순위(중복),12.4,%,478.0,"509,510,511,512,513,514,515,516",easyocr+ranked_item_row_grouping,0.9995,manual_review,
베트남,1-18,호감 저해요인,애니메이션,복 캐릭터가 마음에_들지 _않아서,1+2순위(중복),11.3,%,478.0,"509,510,511,512,513,514,515,516",easyocr+ranked_item_row_grouping,0.9974,manual_review,
베트남,1-18,호감 저해요인,애니메이션,남성 여성,1+2순위(중복),10.0,%,478.0,"509,510,511,512,513,514,515,516",easyocr+ranked_item_row_grouping,0.9132,manual_review,
베트남,1-18,호감 저해요인,출판물,소재 장르 등이 진부획일적이어서,1순위,8.3,%,42.0,"509,510,511,512,513,514,515,516",easyocr+ranked_item_row_grouping,0.9754,manual_review,
베트남,1-18,호감 저해요인,출판물,수 근용이 표정적이고 폭국적일어서,1순위,6.6,%,42.0,"509,510,511,512,513,514,515,516",easyocr+ranked_item_row_grouping,0.999,manual_review,
베트남,1-18,호감 저해요인,출판물,디양한 문화에 대한 고로마 부족해세인종 성소수자 종교 등,1순위,5.5,%,42.0,"509,510,511,512,513,514,515,516",easyocr+ranked_item_row_grouping,0.9999,manual_review,
베트남,1-18,호감 저해요인,출판물,출 캐릭터가 맘에 들지 않아서,순위미상(중복4회 중 1번째),5.2,%,42.0,"509,510,511,512,513,514,515,516",easyocr+ranked_item_row_grouping,0.9999,manual_review,순위 불명(순위미상(중복4회 중 1번째))
베트남,1-18,호감 저해요인,출판물,출 캐릭터가 맘에 들지 않아서,순위미상(중복4회 중 2번째),3.8,%,42.0,"509,510,511,512,513,514,515,516",easyocr+ranked_item_row_grouping,0.9997,manual_review,순위 불명(순위미상(중복4회 중 2번째))
베트남,1-18,호감 저해요인,출판물,출 캐릭터가 맘에 들지 않아서,순위미상(중복4회 중 3번째),9.2,%,42.0,"509,510,511,512,513,514,515,516",easyocr+ranked_item_row_grouping,0.9991,manual_review,순위 불명(순위미상(중복4회 중 3번째))
베트남,1-18,호감 저해요인,출판물,출 캐릭터가 맘에 들지 않아서,순위미상(중복4회 중 4번째),8.8,%,42.0,"509,510,511,512,513,514,515,516",easyocr+ranked_item_row_grouping,0.698,manual_review,순위 불명(순위미상(중복4회 중 4번째))
베트남,1-18,호감 저해요인,출판물,내용이 선정적이고 폭력적이어서,1+2순위(중복),14.2,%,42.0,"509,510,511,512,513,514,515,516",easyocr+ranked_item_row_grouping,0.965,manual_review,
베트남,1-18,호감 저해요인,출판물,흙 다양한 문에 대한 고로가 부족해세인종 성소수자 종교 등,1+2순위(중복),11.9,%,42.0,"509,510,511,512,513,514,515,516",easyocr+ranked_item_row_grouping,0.6473,manual_review,
베트남,1-18,호감 저해요인,출판물,남성 여성,1+2순위(중복),10.0,%,42.0,"509,510,511,512,513,514,515,516",easyocr+ranked_item_row_grouping,0.9132,manual_review,
베트남,1-18,호감 저해요인,웹툰,(시청 경로 부족 인터넷 속되망 문제   정보 부족 등,1순위,8.2,%,343.0,"509,510,511,512,513,514,515,516",easyocr+ranked_item_row_grouping,0.9998,manual_review,
베트남,1-18,호감 저해요인,웹툰,수 출정 올J 닿세활국 물래전등스 회콩,1순위,5.6,%,343.0,"509,510,511,512,513,514,515,516",easyocr+ranked_item_row_grouping,1.0,manual_review,
베트남,1-18,호감 저해요인,웹툰,스토리가 맘에 들지 않아서,순위미상(중복4회 중 1번째),3.8,%,343.0,"509,510,511,512,513,514,515,516",easyocr+ranked_item_row_grouping,0.9997,manual_review,순위 불명(순위미상(중복4회 중 1번째))
베트남,1-18,호감 저해요인,웹툰,스토리가 맘에 들지 않아서,순위미상(중복4회 중 2번째),3.2,%,343.0,"509,510,511,512,513,514,515,516",easyocr+ranked_item_row_grouping,0.9977,manual_review,순위 불명(순위미상(중복4회 중 2번째))
베트남,1-18,호감 저해요인,웹툰,스토리가 맘에 들지 않아서,순위미상(중복4회 중 3번째),6.7,%,343.0,"509,510,511,512,513,514,515,516",easyocr+ranked_item_row_grouping,0.9998,manual_review,순위 불명(순위미상(중복4회 중 3번째))
베트남,1-18,호감 저해요인,웹툰,스토리가 맘에 들지 않아서,순위미상(중복4회 중 4번째),5.5,%,343.0,"509,510,511,512,513,514,515,516",easyocr+ranked_item_row_grouping,0.9992,manual_review,순위 불명(순위미상(중복4회 중 4번째))
베트남,1-18,호감 저해요인,웹툰,접하기 어려운 환경이어서,1+2순위(중복),13.4,%,343.0,"509,510,511,512,513,514,515,516",easyocr+ranked_item_row_grouping,0.9985,manual_review,
베트남,1-18,호감 저해요인,웹툰,사용자 환경이 불편해서,1+2순위(중복),12.3,%,343.0,"509,510,511,512,513,514,515,516",easyocr+ranked_item_row_grouping,0.9857,manual_review,
베트남,1-18,호감 저해요인,웹툰,한국적 요소가 강해세한국 문화전통스토리,1+2순위(중복),9.6,%,343.0,"509,510,511,512,513,514,515,516",easyocr+ranked_item_row_grouping,0.9993,manual_review,
베트남,1-18,호감 저해요인,웹툰,Q,1+2순위(중복),2.0,%,343.0,"509,510,511,512,513,514,515,516",easyocr+ranked_item_row_grouping,0.4511,manual_review,
베트남,1-18,호감 저해요인,웹툰,남성 여성,1+2순위(중복),10.0,%,343.0,"509,510,511,512,513,514,515,516",easyocr+ranked_item_row_grouping,0.9132,manual_review,
베트남,1-18,호감 저해요인,게임,위 게임 캐릭터의 매력이 부족정체성이 모호해서,1순위,5.2,%,476.0,"509,510,511,512,513,514,515,516",easyocr+ranked_item_row_grouping,0.9846,manual_review,
베트남,1-18,호감 저해요인,게임,흙 사용자 환경이 불편해서,1+2순위(중복),10.0,%,476.0,"509,510,511,512,513,514,515,516",easyocr+ranked_item_row_grouping,0.9999,manual_review,
베트남,1-18,호감 저해요인,게임,기타,1+2순위(중복),0.2,%,476.0,"509,510,511,512,513,514,515,516",easyocr+ranked_item_row_grouping,0.9998,manual_review,
베트남,1-18,호감 저해요인,게임,남성 여성,1+2순위(중복),10.0,%,476.0,"509,510,511,512,513,514,515,516",easyocr+ranked_item_row_grouping,0.9104,manual_review,
베트남,1-18,호감 저해요인,패션,품질 대비 가격이 비싸서,1순위,12.1,%,480.0,"509,510,511,512,513,514,515,516",easyocr+ranked_item_row_grouping,0.9989,manual_review,
베트남,1-18,호감 저해요인,패션,제품 종류 및 스타일이 다양하지 않아서,순위미상(중복4회 중 1번째),10.0,%,480.0,"509,510,511,512,513,514,515,516",easyocr+ranked_item_row_grouping,0.9999,manual_review,순위 불명(순위미상(중복4회 중 1번째))
베트남,1-18,호감 저해요인,패션,제품 종류 및 스타일이 다양하지 않아서,순위미상(중복4회 중 2번째),3.6,%,480.0,"509,510,511,512,513,514,515,516",easyocr+ranked_item_row_grouping,0.9984,manual_review,순위 불명(순위미상(중복4회 중 2번째))
베트남,1-18,호감 저해요인,패션,제품 종류 및 스타일이 다양하지 않아서,순위미상(중복4회 중 3번째),19.0,%,480.0,"509,510,511,512,513,514,515,516",easyocr+ranked_item_row_grouping,0.7506,manual_review,순위 불명(순위미상(중복4회 중 3번째))
베트남,1-18,호감 저해요인,패션,제품 종류 및 스타일이 다양하지 않아서,순위미상(중복4회 중 4번째),9.2,%,480.0,"509,510,511,512,513,514,515,516",easyocr+ranked_item_row_grouping,0.9999,manual_review,순위 불명(순위미상(중복4회 중 4번째))
베트남,1-18,호감 저해요인,패션,한국에서 제조된 제품이 아니어서,1순위,3.3,%,480.0,"509,510,511,512,513,514,515,516",easyocr+ranked_item_row_grouping,0.961,manual_review,
베트남,1-18,호감 저해요인,패션,(종교 인종 장애 관습 문제 등 다양한 문화에 대한 고려가 부족해서,1+2순위(중복),9.8,%,480.0,"509,510,511,512,513,514,515,516",easyocr+ranked_item_row_grouping,0.9995,manual_review,
베트남,1-18,호감 저해요인,패션,기타,1+2순위(중복),0.4,%,480.0,"509,510,511,512,513,514,515,516",easyocr+ranked_item_row_grouping,0.7918,manual_review,
베트남,1-18,호감 저해요인,뷰티,제품에 정보 표기가 자세하지 않아세성분 생산 방식 등,1순위,4.0,%,481.0,"509,510,511,512,513,514,515,516",easyocr+ranked_item_row_grouping,0.9987,manual_review,
베트남,1-18,호감 저해요인,뷰티,수 말물통생률정의험 자안이물제터서,1순위,3.7,%,481.0,"509,510,511,512,513,514,515,516",easyocr+ranked_item_row_grouping,0.9993,manual_review,
베트남,1-18,호감 저해요인,뷰티,브랜드 이미지가 쫓지 않아서,1순위,3.5,%,481.0,"509,510,511,512,513,514,515,516",easyocr+ranked_item_row_grouping,0.9993,manual_review,
베트남,1-18,호감 저해요인,뷰티,복 불랜드 이미지가 줄지 않아서,1+2순위(중복),7.3,%,481.0,"509,510,511,512,513,514,515,516",easyocr+ranked_item_row_grouping,0.9972,manual_review,
베트남,1-18,호감 저해요인,뷰티,제품 용기포장의 디자인이 별로여서,1+2순위(중복),6.8,%,481.0,"509,510,511,512,513,514,515,516",easyocr+ranked_item_row_grouping,0.9998,manual_review,
베트남,1-18,호감 저해요인,뷰티,Q,1+2순위(중복),2.0,%,481.0,"509,510,511,512,513,514,515,516",easyocr+ranked_item_row_grouping,0.2203,manual_review,
베트남,1-18,호감 저해요인,뷰티,남성 여성,1+2순위(중복),10.0,%,481.0,"509,510,511,512,513,514,515,516",easyocr+ranked_item_row_grouping,0.8876,manual_review,
베트남,1-18,호감 저해요인,음식,재회조리법올 알 수 없어서,1순위,11.1,%,479.0,"509,510,511,512,513,514,515,516",easyocr+ranked_item_row_grouping,0.9998,manual_review,
베트남,1-18,호감 저해요인,음식,(종교할렉 채식 식문화 수 디교물회움스화-표화 부족서,1순위,5.8,%,479.0,"509,510,511,512,513,514,515,516",easyocr+ranked_item_row_grouping,0.8935,manual_review,
베트남,1-18,호감 저해요인,음식,둘,1+2순위(중복),10.3,%,479.0,"509,510,511,512,513,514,515,516",easyocr+ranked_item_row_grouping,0.7072,manual_review,
베트남,1-18,호감 저해요인,한국어,한국어 표기법이 복잡하고 비효율적으로 느껴저서,1순위,13.0,%,309.0,"509,510,511,512,513,514,515,516",easyocr+ranked_item_row_grouping,0.9997,manual_review,
베트남,1-18,호감 저해요인,한국어,슈 한국어-실로이/질 원o서  어색해서,1순위,10.4,%,309.0,"509,510,511,512,513,514,515,516",easyocr+ranked_item_row_grouping,0.9998,manual_review,
베트남,1-18,호감 저해요인,한국어,한국어의 소리가 불편하거나 어색해서,1+2순위(중복),17.1,%,309.0,"509,510,511,512,513,514,515,516",easyocr+ranked_item_row_grouping,0.9996,manual_review,
베트남,1-18,호감 저해요인,한국어,Q,1+2순위(중복),2.0,%,309.0,"509,510,511,512,513,514,515,516",easyocr+ranked_item_row_grouping,0.4776,manual_review,
카자흐스탄,1-17,호감요인,드라마,수 출평등g글화 등 사회 문제들 현실적으로 표현해서,1순위,6.4,%,374.0,"563,564,565,566,567,568",easyocr+ranked_item_row_grouping,0.9796,manual_review,
카자흐스탄,1-17,호감요인,드라마,흙 불평등양극화 등 사회 문제름 현실적으로 표현해서,1+2순위(중복),12.0,%,374.0,"563,564,565,566,567,568",easyocr+ranked_item_row_grouping,0.9999,manual_review,
카자흐스탄,1-17,호감요인,예능,예 프로그램 큰심트 및 포맺이 좋아서 감동적이거나 힘림되는 스토리가 있어서,1순위,5.7,%,230.0,"563,564,565,566,567,568",easyocr+ranked_item_row_grouping,0.668,manual_review,
카자흐스탄,1-17,호감요인,예능,둘 프로그램 큰심트 및 포맺이 좋아서,1+2순위(중복),17.3,%,230.0,"563,564,565,566,567,568",easyocr+ranked_item_row_grouping,0.9928,manual_review,
카자흐스탄,1-17,호감요인,예능,감동적이거나 헬림되는 스토리가 _있어선,1+2순위(중복),12.2,%,230.0,"563,564,565,566,567,568",easyocr+ranked_item_row_grouping,0.9994,manual_review,
카자흐스탄,1-17,호감요인,예능,남성 여성,1+2순위(중복),10.0,%,230.0,"563,564,565,566,567,568",easyocr+ranked_item_row_grouping,0.4444,manual_review,
카자흐스탄,1-17,호감요인,영화,배우의 외모가 매력적이어서,1순위,8.8,%,376.0,"563,564,565,566,567,568",easyocr+ranked_item_row_grouping,0.86,manual_review,
카자흐스탄,1-17,호감요인,영화,선호하는 배우가 출연해서,1순위,6.9,%,376.0,"563,564,565,566,567,568",easyocr+ranked_item_row_grouping,0.9729,manual_review,
카자흐스탄,1-17,호감요인,영화,영 패센볶티 등 한국 최신 트랜드록 볼 수 있어서,1순위,4.8,%,376.0,"563,564,565,566,567,568",easyocr+ranked_item_row_grouping,0.9993,manual_review,
카자흐스탄,1-17,호감요인,영화,복 패션뉴티 등 한국 최신 트렌드록 볼 수 있어서,1+2순위(중복),9.3,%,376.0,"563,564,565,566,567,568",easyocr+ranked_item_row_grouping,0.9905,manual_review,
카자흐스탄,1-17,호감요인,영화,기타,1+2순위(중복),0.3,%,376.0,"563,564,565,566,567,568",easyocr+ranked_item_row_grouping,0.9934,manual_review,
카자흐스탄,1-17,호감요인,음악,다양한 문화인종 성소수자   가치 등지 잘 반영해서,1순위,3.2,%,373.0,"563,564,565,566,567,568",easyocr+ranked_item_row_grouping,0.9263,manual_review,
카자흐스탄,1-17,호감요인,음악,남성 여성,1+2순위(중복),10.0,%,373.0,"563,564,565,566,567,568",easyocr+ranked_item_row_grouping,0.4444,manual_review,
카자흐스탄,1-17,호감요인,애니메이션,다양한 소재 또는 장르름 다리서,1순위,12.4,%,355.0,"563,564,565,566,567,568",easyocr+ranked_item_row_grouping,0.8069,manual_review,
카자흐스탄,1-17,호감요인,애니메이션,캐릭터 생김새디자인이 마음에 들어서,1순위,12.2,%,355.0,"563,564,565,566,567,568",easyocr+ranked_item_row_grouping,0.9999,manual_review,
카자흐스탄,1-17,호감요인,애니메이션,기타,1+2순위(중복),2.0,%,355.0,"563,564,565,566,567,568",easyocr+ranked_item_row_grouping,1.0,manual_review,
카자흐스탄,1-17,호감요인,출판물,Q,1+2순위(중복),2.0,%,190.0,"563,564,565,566,567,568",easyocr+ranked_item_row_grouping,0.3106,manual_review,
카자흐스탄,1-17,호감요인,출판물,남성 여성,1+2순위(중복),10.0,%,190.0,"563,564,565,566,567,568",easyocr+ranked_item_row_grouping,0.4444,manual_review,
카자흐스탄,1-17,호감요인,웹툰,캐릭터의 성격 역할이 마음에 들어서,1순위,10.9,%,120.0,"563,564,565,566,567,568",easyocr+ranked_item_row_grouping,0.9995,manual_review,
카자흐스탄,1-17,호감요인,게임,디른 게pp들과 네트위스름 형성하고햄i 월수 있서,1순위,11.7,%,292.0,"563,564,565,566,567,568",easyocr+ranked_item_row_grouping,0.7305,manual_review,
카자흐스탄,1-17,호감요인,게임,위 숲 좋이하는 스리어가 한국 게임흘 자주 소개해서,1순위,6.9,%,292.0,"563,564,565,566,567,568",easyocr+ranked_item_row_grouping,0.9535,manual_review,
카자흐스탄,1-17,호감요인,게임,디른 게p들과 네트위름 형성히고 햄게 월수 앞서,1+2순위(중복),20.9,%,292.0,"563,564,565,566,567,568",easyocr+ranked_item_row_grouping,0.9083,manual_review,
카자흐스탄,1-17,호감요인,게임,흙 좋아하는 스리어가 한국 게임올 자주 소개해서,1+2순위(중복),13.7,%,292.0,"563,564,565,566,567,568",easyocr+ranked_item_row_grouping,0.9996,manual_review,
카자흐스탄,1-17,호감요인,게임,남성 여성,1+2순위(중복),10.0,%,292.0,"563,564,565,566,567,568",easyocr+ranked_item_row_grouping,0.4444,manual_review,
카자흐스탄,1-17,호감요인,패션,위 주변 사람들 사이에 평판이 좋아서,1순위,6.8,%,339.0,"563,564,565,566,567,568",easyocr+ranked_item_row_grouping,0.9993,manual_review,
카자흐스탄,1-17,호감요인,뷰티,수 접론성이 '출아서,1순위,6.1,%,363.0,"563,564,565,566,567,568",easyocr+ranked_item_row_grouping,0.9733,manual_review,
카자흐스탄,1-17,호감요인,뷰티,접근성이 좋아서,1+2순위(중복),8.3,%,363.0,"563,564,565,566,567,568",easyocr+ranked_item_row_grouping,0.9967,manual_review,
카자흐스탄,1-17,호감요인,뷰티,Q,1+2순위(중복),2.0,%,363.0,"563,564,565,566,567,568",easyocr+ranked_item_row_grouping,0.3106,manual_review,
카자흐스탄,1-17,호감요인,뷰티,남성 여성,1+2순위(중복),10.0,%,363.0,"563,564,565,566,567,568",easyocr+ranked_item_row_grouping,0.4444,manual_review,
카자흐스탄,1-18,호감 저해요인,드라마,같은 배우들이 다른 작품에 반복적으로 출연해서,1순위,9.9,%,374.0,"569,570,571,572,573,574,575,576",easyocr+ranked_item_row_grouping,0.9997,manual_review,
카자흐스탄,1-18,호감 저해요인,드라마,드라마름 보는데 비용이 많이 들어서,1순위,5.6,%,374.0,"569,570,571,572,573,574,575,576",easyocr+ranked_item_row_grouping,0.9999,manual_review,
카자흐스탄,1-18,호감 저해요인,드라마,소 한국적 요소가 강해세한국 문회전통스토리 등,1순위,5.4,%,374.0,"569,570,571,572,573,574,575,576",easyocr+ranked_item_row_grouping,0.9999,manual_review,
카자흐스탄,1-18,호감 저해요인,드라마,한국 드라마 배우 관계자의 부적절한 언행,1순위,1.9,%,374.0,"569,570,571,572,573,574,575,576",easyocr+ranked_item_row_grouping,0.9984,manual_review,
카자흐스탄,1-18,호감 저해요인,드라마,흙 드라마름 보는데 비용이 많이 들어서 한국적 요소가 강해세한국 문화전통스토리 등,1+2순위(중복),9.1,%,374.0,"569,570,571,572,573,574,575,576",easyocr+ranked_item_row_grouping,0.9997,manual_review,
카자흐스탄,1-18,호감 저해요인,예능,방송용 자매텍스 말 풍선 이모티서 덩이 너무 많아서,1순위,9.1,%,230.0,"569,570,571,572,573,574,575,576",easyocr+ranked_item_row_grouping,0.8787,manual_review,
카자흐스탄,1-18,호감 저해요인,예능,접하기 어려운 환경이어서,1순위,9.1,%,230.0,"569,570,571,572,573,574,575,576",easyocr+ranked_item_row_grouping,0.9997,manual_review,
카자흐스탄,1-18,호감 저해요인,예능,순 나오는 사람들이 반복적으로 출연해서,1순위,7.0,%,230.0,"569,570,571,572,573,574,575,576",easyocr+ranked_item_row_grouping,0.719,manual_review,
카자흐스탄,1-18,호감 저해요인,예능,다양한 문에 대한 고까마가 부족해세인종 성소수자 종교 히,1순위,4.8,%,230.0,"569,570,571,572,573,574,575,576",easyocr+ranked_item_row_grouping,0.9983,manual_review,
카자흐스탄,1-18,호감 저해요인,예능,접하기 어려운 환경이어서 (시청 경로 부족 인터넷 속되망 문제   정보 부족 등,1+2순위(중복),17.0,%,230.0,"569,570,571,572,573,574,575,576",easyocr+ranked_item_row_grouping,0.5728,manual_review,
카자흐스탄,1-18,호감 저해요인,예능,옷과또 콤i 대히 사아_ a서안동 샌소수자 중닭,1+2순위(중복),11.8,%,230.0,"569,570,571,572,573,574,575,576",easyocr+ranked_item_row_grouping,0.999,manual_review,
카자흐스탄,1-18,호감 저해요인,예능,중 출연진 관계자의 부적절한 언행,1+2순위(중복),10.5,%,230.0,"569,570,571,572,573,574,575,576",easyocr+ranked_item_row_grouping,0.9999,manual_review,
카자흐스탄,1-18,호감 저해요인,예능,남성 여성,1+2순위(중복),10.0,%,230.0,"569,570,571,572,573,574,575,576",easyocr+ranked_item_row_grouping,0.9132,manual_review,
카자흐스탄,1-18,호감 저해요인,영화,} 영어름-보르데 비용이 닫이 틀업섬,1순위,4.2,%,376.0,"569,570,571,572,573,574,575,576",easyocr+ranked_item_row_grouping,0.6634,manual_review,
카자흐스탄,1-18,호감 저해요인,영화,다양한 문회에 대한 고마가 부족해세인종 성소수자 종교,1순위,3.8,%,376.0,"569,570,571,572,573,574,575,576",easyocr+ranked_item_row_grouping,0.9997,manual_review,
카자흐스탄,1-18,호감 저해요인,영화,영화들 보는데 비용이 많이 들어서,1+2순위(중복),6.9,%,376.0,"569,570,571,572,573,574,575,576",easyocr+ranked_item_row_grouping,0.8994,manual_review,
카자흐스탄,1-18,호감 저해요인,영화,복 다양한 문언에 대안 교까가 부족해세요주 성소수자 종교,1+2순위(중복),5.9,%,376.0,"569,570,571,572,573,574,575,576",easyocr+ranked_item_row_grouping,0.9994,manual_review,
카자흐스탄,1-18,호감 저해요인,영화,Q,1+2순위(중복),2.0,%,376.0,"569,570,571,572,573,574,575,576",easyocr+ranked_item_row_grouping,0.4776,manual_review,
카자흐스탄,1-18,호감 저해요인,영화,구분 전체 남성 성별 여성,1+2순위(중복),10.0,%,376.0,"569,570,571,572,573,574,575,576",easyocr+ranked_item_row_grouping,0.9311,manual_review,
카자흐스탄,1-18,호감 저해요인,음악,지나치게 상업적이어세관련 상품국즈) 포토카드 등),1순위,8.3,%,373.0,"569,570,571,572,573,574,575,576",easyocr+ranked_item_row_grouping,0.9998,manual_review,
카자흐스탄,1-18,호감 저해요인,음악,자국 내 곳즈 구입 경로 부족 위 음악 자체가 줄지 않아세수준이 낮아서,1순위,5.6,%,373.0,"569,570,571,572,573,574,575,576",easyocr+ranked_item_row_grouping,0.9999,manual_review,
카자흐스탄,1-18,호감 저해요인,음악,자국 내 곳즈 구입 경로 부족,1+2순위(중복),14.2,%,373.0,"569,570,571,572,573,574,575,576",easyocr+ranked_item_row_grouping,0.9471,manual_review,
카자흐스탄,1-18,호감 저해요인,음악,음악 자체가 쫓지 않아세수준이 낮아서,1+2순위(중복),8.0,%,373.0,"569,570,571,572,573,574,575,576",easyocr+ranked_item_row_grouping,0.9973,manual_review,
카자흐스탄,1-18,호감 저해요인,애니메이션,스토리 소재 장르 등이 진부획일적이어서,1순위,8.7,%,355.0,"569,570,571,572,573,574,575,576",easyocr+ranked_item_row_grouping,0.9998,manual_review,
카자흐스탄,1-18,호감 저해요인,애니메이션,} 디양전 동예 대안 고가 부주서요공 성j자 종닭,1순위,6.5,%,355.0,"569,570,571,572,573,574,575,576",easyocr+ranked_item_row_grouping,0.8761,manual_review,
카자흐스탄,1-18,호감 저해요인,애니메이션,흙 한국적 요소가 강해세한국 문화전통스토리 등 디양한 문에 대한 고가 부족해세인종 성소수자 종교 텅,1+2순위(중복),10.1,%,355.0,"569,570,571,572,573,574,575,576",easyocr+ranked_item_row_grouping,0.6883,manual_review,
카자흐스탄,1-18,호감 저해요인,애니메이션,남성 여성,1+2순위(중복),10.0,%,355.0,"569,570,571,572,573,574,575,576",easyocr+ranked_item_row_grouping,0.9132,manual_review,
카자흐스탄,1-18,호감 저해요인,출판물,다양한 문에 대한 고까마가 부족해세인종 성소수자 종교 히,1순위,9.0,%,190.0,"569,570,571,572,573,574,575,576",easyocr+ranked_item_row_grouping,0.9999,manual_review,
카자흐스탄,1-18,호감 저해요인,출판물,스토리가 맘에 들지 않아서,순위미상(중복4회 중 1번째),4.7,%,190.0,"569,570,571,572,573,574,575,576",easyocr+ranked_item_row_grouping,0.7109,manual_review,순위 불명(순위미상(중복4회 중 1번째))
카자흐스탄,1-18,호감 저해요인,출판물,스토리가 맘에 들지 않아서,순위미상(중복4회 중 2번째),2.1,%,190.0,"569,570,571,572,573,574,575,576",easyocr+ranked_item_row_grouping,0.9999,manual_review,순위 불명(순위미상(중복4회 중 2번째))
카자흐스탄,1-18,호감 저해요인,출판물,스토리가 맘에 들지 않아서,순위미상(중복4회 중 3번째),7.8,%,190.0,"569,570,571,572,573,574,575,576",easyocr+ranked_item_row_grouping,0.9993,manual_review,순위 불명(순위미상(중복4회 중 3번째))
카자흐스탄,1-18,호감 저해요인,출판물,스토리가 맘에 들지 않아서,순위미상(중복4회 중 4번째),2.1,%,190.0,"569,570,571,572,573,574,575,576",easyocr+ranked_item_row_grouping,0.9999,manual_review,순위 불명(순위미상(중복4회 중 4번째))
카자흐스탄,1-18,호감 저해요인,출판물,Q,1+2순위(중복),2.0,%,190.0,"569,570,571,572,573,574,575,576",easyocr+ranked_item_row_grouping,0.4511,manual_review,
카자흐스탄,1-18,호감 저해요인,출판물,남성 여성,1+2순위(중복),10.0,%,190.0,"569,570,571,572,573,574,575,576",easyocr+ranked_item_row_grouping,0.9132,manual_review,
카자흐스탄,1-18,호감 저해요인,웹툰,접하기 어려운 환경이어서,1순위,10.1,%,12.0,"569,570,571,572,573,574,575,576",easyocr+ranked_item_row_grouping,0.9999,manual_review,
카자흐스탄,1-18,호감 저해요인,웹툰,과도한 광고 노출이 많아서,1순위,5.8,%,12.0,"569,570,571,572,573,574,575,576",easyocr+ranked_item_row_grouping,0.9999,manual_review,
카자흐스탄,1-18,호감 저해요인,웹툰,스토리가 맘에 들지 않아서,순위미상(중복3회 중 1번째),3.3,%,12.0,"569,570,571,572,573,574,575,576",easyocr+ranked_item_row_grouping,0.961,manual_review,순위 불명(순위미상(중복3회 중 1번째))
카자흐스탄,1-18,호감 저해요인,웹툰,스토리가 맘에 들지 않아서,순위미상(중복3회 중 2번째),6.7,%,12.0,"569,570,571,572,573,574,575,576",easyocr+ranked_item_row_grouping,0.9998,manual_review,순위 불명(순위미상(중복3회 중 2번째))
카자흐스탄,1-18,호감 저해요인,웹툰,스토리가 맘에 들지 않아서,순위미상(중복3회 중 3번째),1.7,%,12.0,"569,570,571,572,573,574,575,576",easyocr+ranked_item_row_grouping,0.9982,manual_review,순위 불명(순위미상(중복3회 중 3번째))
카자흐스탄,1-18,호감 저해요인,웹툰,남성 여성,1+2순위(중복),10.0,%,12.0,"569,570,571,572,573,574,575,576",easyocr+ranked_item_row_grouping,0.9132,manual_review,
카자흐스탄,1-18,호감 저해요인,게임,사용자 환경이 불편해서 (단축키 메뉴 회면 구성 등,1순위,8.6,%,292.0,"569,570,571,572,573,574,575,576",easyocr+ranked_item_row_grouping,0.9723,manual_review,
카자흐스탄,1-18,호감 저해요인,게임,사용자 환경이 불편해서,1+2순위(중복),17.8,%,292.0,"569,570,571,572,573,574,575,576",easyocr+ranked_item_row_grouping,0.9994,manual_review,
카자흐스탄,1-18,호감 저해요인,게임,남성 여성,1+2순위(중복),10.0,%,292.0,"569,570,571,572,573,574,575,576",easyocr+ranked_item_row_grouping,0.9132,manual_review,
카자흐스탄,1-18,호감 저해요인,패션,위 제품 종류 및 스타일이 다양하지 않아서,순위미상(중복4회 중 1번째),13.3,%,359.0,"569,570,571,572,573,574,575,576",easyocr+ranked_item_row_grouping,0.5772,manual_review,순위 불명(순위미상(중복4회 중 1번째))
카자흐스탄,1-18,호감 저해요인,패션,위 제품 종류 및 스타일이 다양하지 않아서,순위미상(중복4회 중 2번째),5.6,%,359.0,"569,570,571,572,573,574,575,576",easyocr+ranked_item_row_grouping,1.0,manual_review,순위 불명(순위미상(중복4회 중 2번째))
카자흐스탄,1-18,호감 저해요인,패션,위 제품 종류 및 스타일이 다양하지 않아서,순위미상(중복4회 중 3번째),25.0,%,359.0,"569,570,571,572,573,574,575,576",easyocr+ranked_item_row_grouping,1.0,manual_review,순위 불명(순위미상(중복4회 중 3번째))
카자흐스탄,1-18,호감 저해요인,패션,위 제품 종류 및 스타일이 다양하지 않아서,순위미상(중복4회 중 4번째),11.5,%,359.0,"569,570,571,572,573,574,575,576",easyocr+ranked_item_row_grouping,0.9918,manual_review,순위 불명(순위미상(중복4회 중 4번째))
카자흐스탄,1-18,호감 저해요인,패션,품질 대비 가격이 비싸서,1순위,7.9,%,359.0,"569,570,571,572,573,574,575,576",easyocr+ranked_item_row_grouping,0.9989,manual_review,
카자흐스탄,1-18,호감 저해요인,패션,품질이 떨어저세소재  색상 봉제   단추 등의,1순위,7.3,%,359.0,"569,570,571,572,573,574,575,576",easyocr+ranked_item_row_grouping,0.9963,manual_review,
카자흐스탄,1-18,호감 저해요인,패션,다양한 문화에 대한 고려가 부족해서,1+2순위(중복),10.4,%,359.0,"569,570,571,572,573,574,575,576",easyocr+ranked_item_row_grouping,0.9998,manual_review,
카자흐스탄,1-18,호감 저해요인,뷰티,품질 대비 가격이 비싸서 제품의 홍보가 지나치게 과장된 것 같아서,1순위,8.5,%,363.0,"569,570,571,572,573,574,575,576",easyocr+ranked_item_row_grouping,0.9655,manual_review,
카자흐스탄,1-18,호감 저해요인,뷰티,특정 성>인삼  한방 성분이 기호에 맞지 않아서,1순위,5.3,%,363.0,"569,570,571,572,573,574,575,576",easyocr+ranked_item_row_grouping,0.9999,manual_review,
카자흐스탄,1-18,호감 저해요인,뷰티,} f불료장히적러@병 질출로리 하다 사용,1순위,3.0,%,363.0,"569,570,571,572,573,574,575,576",easyocr+ranked_item_row_grouping,0.7971,manual_review,
카자흐스탄,1-18,호감 저해요인,뷰티,품질 대비 가격이 비싸서,1+2순위(중복),15.7,%,363.0,"569,570,571,572,573,574,575,576",easyocr+ranked_item_row_grouping,0.918,manual_review,
카자흐스탄,1-18,호감 저해요인,뷰티,제품의 홍보가 지나치게 과장원 것 같아서,1+2순위(중복),15.4,%,363.0,"569,570,571,572,573,574,575,576",easyocr+ranked_item_row_grouping,0.9997,manual_review,
카자흐스탄,1-18,호감 저해요인,뷰티,다양한 문화에 대한 고려가 부족해서,1+2순위(중복),7.1,%,363.0,"569,570,571,572,573,574,575,576",easyocr+ranked_item_row_grouping,0.9997,manual_review,
카자흐스탄,1-18,호감 저해요인,뷰티,출,1+2순위(중복),75.0,%,363.0,"569,570,571,572,573,574,575,576",easyocr+ranked_item_row_grouping,0.9334,manual_review,
카자흐스탄,1-18,호감 저해요인,뷰티,제품 포장이 과해세비닐플라스틱 과다 사용 등),1+2순위(중복),5.5,%,363.0,"569,570,571,572,573,574,575,576",easyocr+ranked_item_row_grouping,0.9999,manual_review,
카자흐스탄,1-18,호감 저해요인,뷰티,남성 여성,1+2순위(중복),10.0,%,363.0,"569,570,571,572,573,574,575,576",easyocr+ranked_item_row_grouping,0.8876,manual_review,
카자흐스탄,1-18,호감 저해요인,한국어,한국어 표기법이 복잡하고 비효율적으로 느껴저서,1순위,14.2,%,13.0,"569,570,571,572,573,574,575,576",easyocr+ranked_item_row_grouping,0.9466,manual_review,
카자흐스탄,1-18,호감 저해요인,한국어,향 기타 한국어 자체에 흥미흘 느끼기 어려워서,1순위,6.7,%,13.0,"569,570,571,572,573,574,575,576",easyocr+ranked_item_row_grouping,0.5473,manual_review,
카자흐스탄,1-18,호감 저해요인,한국어,한국어 자체에 흥미름 느끼기 어려워서,1+2순위(중복),13.4,%,13.0,"569,570,571,572,573,574,575,576",easyocr+ranked_item_row_grouping,0.9983,manual_review,
카자흐스탄,1-18,호감 저해요인,한국어,기타,1+2순위(중복),1.5,%,13.0,"569,570,571,572,573,574,575,576",easyocr+ranked_item_row_grouping,0.9252,manual_review,
필리핀,1-17,호감요인,드라마,영상미 연출력 등 작품성이 좋아서 슈 영상멘_밥력 통/l-일해출안설 수 있어서,1순위,6.7,%,388.0,"623,624,625,626,627,628",easyocr+ranked_item_row_grouping,0.8819,manual_review,
필리핀,1-17,호감요인,드라마,영상미 연출력 등 작품성이 좋아서,1+2순위(중복),12.4,%,388.0,"623,624,625,626,627,628",easyocr+ranked_item_row_grouping,0.8069,manual_review,
필리핀,1-17,호감요인,드라마,운 온라인모바일 플랫품올 통해 접할 수 있어서,1+2순위(중복),11.0,%,388.0,"623,624,625,626,627,628",easyocr+ranked_item_row_grouping,0.9999,manual_review,
필리핀,1-17,호감요인,예능,남성 여성,1+2순위(중복),10.0,%,387.0,"623,624,625,626,627,628",easyocr+ranked_item_row_grouping,0.4444,manual_review,
필리핀,1-17,호감요인,영화,배우의 외모가 매력적이어서,1순위,7.0,%,386.0,"623,624,625,626,627,628",easyocr+ranked_item_row_grouping,0.7252,manual_review,
필리핀,1-17,호감요인,영화,한국 생활문회틀 간접 경험하거나 이해할 수 있어서,1순위,6.4,%,386.0,"623,624,625,626,627,628",easyocr+ranked_item_row_grouping,0.9796,manual_review,
필리핀,1-17,호감요인,영화,기타,1+2순위(중복),0.3,%,386.0,"623,624,625,626,627,628",easyocr+ranked_item_row_grouping,0.9934,manual_review,
필리핀,1-17,호감요인,음악,K-pop 가쉬그룹의 인간적인 매력이 좋아서,1순위,13.9,%,396.0,"623,624,625,626,627,628",easyocr+ranked_item_row_grouping,0.796,manual_review,
필리핀,1-17,호감요인,음악,남성 여성,1+2순위(중복),10.0,%,396.0,"623,624,625,626,627,628",easyocr+ranked_item_row_grouping,0.4444,manual_review,
필리핀,1-17,호감요인,애니메이션,수 온라인모바일 플쓸콤흘 통해 접촉 수 있어서,1순위,8.9,%,383.0,"623,624,625,626,627,628",easyocr+ranked_item_row_grouping,0.9997,manual_review,
필리핀,1-17,호감요인,애니메이션,온라인모바일 플렉품올 통해 접할 수 있어서,1+2순위(중복),14.1,%,383.0,"623,624,625,626,627,628",easyocr+ranked_item_row_grouping,0.9686,manual_review,
필리핀,1-17,호감요인,애니메이션,복 폭력적이켜나 현정적인 용이 띄어서,1+2순위(중복),10.2,%,383.0,"623,624,625,626,627,628",easyocr+ranked_item_row_grouping,0.9853,manual_review,
필리핀,1-17,호감요인,출판물,다양한 소재 또는 장르름 다리서,1순위,11.1,%,245.0,"623,624,625,626,627,628",easyocr+ranked_item_row_grouping,0.8839,manual_review,
필리핀,1-17,호감요인,출판물,캐릭터의 성격역할이 마음에 들어서,1+2순위(중복),16.7,%,245.0,"623,624,625,626,627,628",easyocr+ranked_item_row_grouping,0.9998,manual_review,
필리핀,1-17,호감요인,출판물,남성 여성,1+2순위(중복),10.0,%,245.0,"623,624,625,626,627,628",easyocr+ranked_item_row_grouping,0.4444,manual_review,
필리핀,1-17,호감요인,웹툰,캐릭터의 성격역할이 마음에 들어서,1순위,10.2,%,374.0,"623,624,625,626,627,628",easyocr+ranked_item_row_grouping,0.9999,manual_review,
필리핀,1-17,호감요인,웹툰,수 상용자 한약이 표해,1순위,8.6,%,374.0,"623,624,625,626,627,628",easyocr+ranked_item_row_grouping,0.7366,manual_review,
필리핀,1-17,호감요인,웹툰,둘,1+2순위(중복),16.4,%,374.0,"623,624,625,626,627,628",easyocr+ranked_item_row_grouping,0.966,manual_review,
필리핀,1-17,호감요인,게임,디른 게pp들과 네트위스름 형성하고햄i 월수 있서,1순위,9.2,%,316.0,"623,624,625,626,627,628",easyocr+ranked_item_row_grouping,0.9999,manual_review,
필리핀,1-17,호감요인,게임,순,1순위,93.0,%,316.0,"623,624,625,626,627,628",easyocr+ranked_item_row_grouping,0.739,manual_review,
필리핀,1-17,호감요인,게임,다양한 소재 또는 장르름 다리서,1순위,6.7,%,316.0,"623,624,625,626,627,628",easyocr+ranked_item_row_grouping,0.9998,manual_review,
필리핀,1-17,호감요인,게임,디른 게p머들과 네트위크름 형성하고 햄 질수 앞,1+2순위(중복),15.9,%,316.0,"623,624,625,626,627,628",easyocr+ranked_item_row_grouping,0.9999,manual_review,
필리핀,1-17,호감요인,게임,복 화용하임 동왕상 상르길다뒤시',1+2순위(중복),11.4,%,316.0,"623,624,625,626,627,628",easyocr+ranked_item_row_grouping,0.9905,manual_review,
필리핀,1-17,호감요인,게임,남성 여성,1+2순위(중복),10.0,%,316.0,"623,624,625,626,627,628",easyocr+ranked_item_row_grouping,0.4444,manual_review,
필리핀,1-17,호감요인,패션,브랜드 이미지가 좋아서,1순위,11.4,%,387.0,"623,624,625,626,627,628",easyocr+ranked_item_row_grouping,0.9905,manual_review,
필리핀,1-17,호감요인,패션,팬 기타,1순위,0.3,%,387.0,"623,624,625,626,627,628",easyocr+ranked_item_row_grouping,0.9547,manual_review,
필리핀,1-17,호감요인,패션,좋아하는 인플루언서가 직접 사용홍보해서,1+2순위(중복),11.3,%,387.0,"623,624,625,626,627,628",easyocr+ranked_item_row_grouping,0.7778,manual_review,
필리핀,1-17,호감요인,뷰티,좋아하는 인플루언서가 직접 사용홍보해서,1+2순위(중복),15.7,%,387.0,"623,624,625,626,627,628",easyocr+ranked_item_row_grouping,0.9982,manual_review,
필리핀,1-17,호감요인,뷰티,기타,1+2순위(중복),0.3,%,387.0,"623,624,625,626,627,628",easyocr+ranked_item_row_grouping,0.9934,manual_review,
필리핀,1-17,호감요인,뷰티,남성 여성,1+2순위(중복),10.0,%,387.0,"623,624,625,626,627,628",easyocr+ranked_item_row_grouping,0.4444,manual_review,
필리핀,1-17,호감요인,음식,수 출이하튿 오출투어서가 자주 먹거나 도출하기 때문께,1순위,6.3,%,392.0,"623,624,625,626,627,628",easyocr+ranked_item_row_grouping,0.9935,manual_review,
필리핀,1-17,호감요인,음식,둘 좋아하는 인플루언서가 자주 먹거나 노출하기 때문에,1+2순위(중복),11.9,%,392.0,"623,624,625,626,627,628",easyocr+ranked_item_row_grouping,0.9993,manual_review,
필리핀,1-17,호감요인,한국어,한국어 자체가 새롭고 흥미로위서,1순위,12.6,%,155.0,"623,624,625,626,627,628",easyocr+ranked_item_row_grouping,0.9998,manual_review,
필리핀,1-17,호감요인,한국어,슈 한류월 잘히하 다,1순위,8.4,%,155.0,"623,624,625,626,627,628",easyocr+ranked_item_row_grouping,0.9334,manual_review,
필리핀,1-18,호감 저해요인,드라마,과도한 광고 노출이 많아서,1순위,3.3,%,388.0,"629,630,631,632,633,634,635,636",easyocr+ranked_item_row_grouping,0.9781,manual_review,
필리핀,1-18,호감 저해요인,드라마,안,1+2순위(중복),12.7,%,388.0,"629,630,631,632,633,634,635,636",easyocr+ranked_item_row_grouping,0.8632,manual_review,
필리핀,1-18,호감 저해요인,예능,과도한 광고 노출이 많아서,1순위,7.5,%,387.0,"629,630,631,632,633,634,635,636",easyocr+ranked_item_row_grouping,0.9982,manual_review,
필리핀,1-18,호감 저해요인,예능,출연진 관계자의 부적절한 언행,1순위,5.5,%,387.0,"629,630,631,632,633,634,635,636",easyocr+ranked_item_row_grouping,0.9992,manual_review,
필리핀,1-18,호감 저해요인,예능,다양하 문에 대한 고로까가 부족해세인종 성소수자 종교 등,1+2순위(중복),12.2,%,387.0,"629,630,631,632,633,634,635,636",easyocr+ranked_item_row_grouping,0.9992,manual_review,
필리핀,1-18,호감 저해요인,예능,기타,1+2순위(중복),0.5,%,387.0,"629,630,631,632,633,634,635,636",easyocr+ranked_item_row_grouping,0.5851,manual_review,
필리핀,1-18,호감 저해요인,예능,Q,1+2순위(중복),2.0,%,387.0,"629,630,631,632,633,634,635,636",easyocr+ranked_item_row_grouping,0.3216,manual_review,
필리핀,1-18,호감 저해요인,예능,남성 여성,1+2순위(중복),10.0,%,387.0,"629,630,631,632,633,634,635,636",easyocr+ranked_item_row_grouping,0.9132,manual_review,
필리핀,1-18,호감 저해요인,영화,다양한 문에 대한 고까마가 부족해세인종 성소수자 종교 히,1순위,4.6,%,386.0,"629,630,631,632,633,634,635,636",easyocr+ranked_item_row_grouping,0.993,manual_review,
필리핀,1-18,호감 저해요인,영화,다양한 문회에 대한 고려가 부족해세인종 성소수자 종교 등,1+2순위(중복),9.3,%,386.0,"629,630,631,632,633,634,635,636",easyocr+ranked_item_row_grouping,0.9996,manual_review,
필리핀,1-18,호감 저해요인,영화,Q,1+2순위(중복),2.0,%,386.0,"629,630,631,632,633,634,635,636",easyocr+ranked_item_row_grouping,0.4776,manual_review,
필리핀,1-18,호감 저해요인,영화,남성 여성,1+2순위(중복),10.0,%,386.0,"629,630,631,632,633,634,635,636",easyocr+ranked_item_row_grouping,0.9132,manual_review,
필리핀,1-18,호감 저해요인,음악,한국 음악울 튿는 것에 대한 주위 반응이 쫓지 않아서,1순위,7.3,%,396.0,"629,630,631,632,633,634,635,636",easyocr+ranked_item_row_grouping,0.4256,manual_review,
필리핀,1-18,호감 저해요인,음악,기타,1+2순위(중복),0.3,%,396.0,"629,630,631,632,633,634,635,636",easyocr+ranked_item_row_grouping,0.9899,manual_review,
필리핀,1-18,호감 저해요인,애니메이션,다양한 문에 대한 고까마가 부족해세인종 성소수자 종교 히,1순위,6.5,%,385.0,"629,630,631,632,633,634,635,636",easyocr+ranked_item_row_grouping,0.9994,manual_review,
필리핀,1-18,호감 저해요인,애니메이션,접하기 어려운 환경이어서,1순위,23.0,%,385.0,"629,630,631,632,633,634,635,636",easyocr+ranked_item_row_grouping,0.9993,manual_review,
필리핀,1-18,호감 저해요인,애니메이션,다양한 문회에 대한 고려가 부족해세인종 성소수자 종교 등,1+2순위(중복),13.5,%,385.0,"629,630,631,632,633,634,635,636",easyocr+ranked_item_row_grouping,0.9995,manual_review,
필리핀,1-18,호감 저해요인,애니메이션,지나치게 상업적이어서,1+2순위(중복),13.0,%,385.0,"629,630,631,632,633,634,635,636",easyocr+ranked_item_row_grouping,0.998,manual_review,
필리핀,1-18,호감 저해요인,애니메이션,기타,1+2순위(중복),0.3,%,385.0,"629,630,631,632,633,634,635,636",easyocr+ranked_item_row_grouping,0.5002,manual_review,
필리핀,1-18,호감 저해요인,애니메이션,남성 여성,1+2순위(중복),10.0,%,385.0,"629,630,631,632,633,634,635,636",easyocr+ranked_item_row_grouping,0.9132,manual_review,
필리핀,1-18,호감 저해요인,출판물,이용하는데 비용이 많이 들어서,1순위,11.1,%,245.0,"629,630,631,632,633,634,635,636",easyocr+ranked_item_row_grouping,0.9973,manual_review,
필리핀,1-18,호감 저해요인,출판물,캐릭터가 맘에 들지 않아서,순위미상(중복4회 중 1번째),3.7,%,245.0,"629,630,631,632,633,634,635,636",easyocr+ranked_item_row_grouping,0.9974,manual_review,순위 불명(순위미상(중복4회 중 1번째))
필리핀,1-18,호감 저해요인,출판물,캐릭터가 맘에 들지 않아서,순위미상(중복4회 중 2번째),3.6,%,245.0,"629,630,631,632,633,634,635,636",easyocr+ranked_item_row_grouping,0.9984,manual_review,순위 불명(순위미상(중복4회 중 2번째))
필리핀,1-18,호감 저해요인,출판물,캐릭터가 맘에 들지 않아서,순위미상(중복4회 중 3번째),7.4,%,245.0,"629,630,631,632,633,634,635,636",easyocr+ranked_item_row_grouping,0.5978,manual_review,순위 불명(순위미상(중복4회 중 3번째))
필리핀,1-18,호감 저해요인,출판물,캐릭터가 맘에 들지 않아서,순위미상(중복4회 중 4번째),5.7,%,245.0,"629,630,631,632,633,634,635,636",easyocr+ranked_item_row_grouping,0.9994,manual_review,순위 불명(순위미상(중복4회 중 4번째))
필리핀,1-18,호감 저해요인,출판물,Q,1+2순위(중복),2.0,%,245.0,"629,630,631,632,633,634,635,636",easyocr+ranked_item_row_grouping,0.4511,manual_review,
필리핀,1-18,호감 저해요인,출판물,남성 여성,1+2순위(중복),10.0,%,245.0,"629,630,631,632,633,634,635,636",easyocr+ranked_item_row_grouping,0.9132,manual_review,
필리핀,1-18,호감 저해요인,웹툰,이용하늘데 비용이 많이 들어서,1순위,6.9,%,374.0,"629,630,631,632,633,634,635,636",easyocr+ranked_item_row_grouping,0.9717,manual_review,
필리핀,1-18,호감 저해요인,웹툰,(검색 폐이지 넘김 대글 쓰기 결제 편리성 등,1순위,6.7,%,374.0,"629,630,631,632,633,634,635,636",easyocr+ranked_item_row_grouping,0.9615,manual_review,
필리핀,1-18,호감 저해요인,웹툰,스토리가 맘에 들지 않아서,순위미상(중복4회 중 1번째),5.4,%,374.0,"629,630,631,632,633,634,635,636",easyocr+ranked_item_row_grouping,0.9973,manual_review,순위 불명(순위미상(중복4회 중 1번째))
필리핀,1-18,호감 저해요인,웹툰,스토리가 맘에 들지 않아서,순위미상(중복4회 중 2번째),2.2,%,374.0,"629,630,631,632,633,634,635,636",easyocr+ranked_item_row_grouping,0.9995,manual_review,순위 불명(순위미상(중복4회 중 2번째))
필리핀,1-18,호감 저해요인,웹툰,스토리가 맘에 들지 않아서,순위미상(중복4회 중 3번째),10.4,%,374.0,"629,630,631,632,633,634,635,636",easyocr+ranked_item_row_grouping,0.9998,manual_review,순위 불명(순위미상(중복4회 중 3번째))
필리핀,1-18,호감 저해요인,웹툰,스토리가 맘에 들지 않아서,순위미상(중복4회 중 4번째),5.4,%,374.0,"629,630,631,632,633,634,635,636",easyocr+ranked_item_row_grouping,0.9999,manual_review,순위 불명(순위미상(중복4회 중 4번째))
필리핀,1-18,호감 저해요인,웹툰,사용자 환경이 불편해서,1+2순위(중복),13.1,%,374.0,"629,630,631,632,633,634,635,636",easyocr+ranked_item_row_grouping,0.9981,manual_review,
필리핀,1-18,호감 저해요인,웹툰,복 이용하논데 비용이 많이 흩어서,1+2순위(중복),9.9,%,374.0,"629,630,631,632,633,634,635,636",easyocr+ranked_item_row_grouping,0.9997,manual_review,
필리핀,1-18,호감 저해요인,웹툰,Q,1+2순위(중복),2.0,%,374.0,"629,630,631,632,633,634,635,636",easyocr+ranked_item_row_grouping,0.4511,manual_review,
필리핀,1-18,호감 저해요인,웹툰,남성 여성,1+2순위(중복),10.0,%,374.0,"629,630,631,632,633,634,635,636",easyocr+ranked_item_row_grouping,0.9132,manual_review,
필리핀,1-18,호감 저해요인,게임,이용하는데 비용이 많이 들어서,1순위,14.3,%,316.0,"629,630,631,632,633,634,635,636",easyocr+ranked_item_row_grouping,0.9981,manual_review,
필리핀,1-18,호감 저해요인,게임,다양한 문에 대한 고까마가 부족해세인종 성소수자 종교 히,1순위,7.3,%,316.0,"629,630,631,632,633,634,635,636",easyocr+ranked_item_row_grouping,0.9761,manual_review,
필리핀,1-18,호감 저해요인,게임,그래픽의 독창성이 부족하고 어디서 본 듯해서,1순위,6.3,%,316.0,"629,630,631,632,633,634,635,636",easyocr+ranked_item_row_grouping,0.9998,manual_review,
필리핀,1-18,호감 저해요인,게임,디양한 문에 대한 고가 부족해세인종 성소수자 종교 등,1+2순위(중복),13.3,%,316.0,"629,630,631,632,633,634,635,636",easyocr+ranked_item_row_grouping,0.9976,manual_review,
필리핀,1-18,호감 저해요인,게임,남성 여성,1+2순위(중복),10.0,%,316.0,"629,630,631,632,633,634,635,636",easyocr+ranked_item_row_grouping,0.9132,manual_review,
필리핀,1-18,호감 저해요인,패션,제품 종류 및 스타일이 다양하지 않아서,순위미상(중복4회 중 1번째),17.8,%,387.0,"629,630,631,632,633,634,635,636",easyocr+ranked_item_row_grouping,0.9994,manual_review,순위 불명(순위미상(중복4회 중 1번째))
필리핀,1-18,호감 저해요인,패션,제품 종류 및 스타일이 다양하지 않아서,순위미상(중복4회 중 2번째),5.2,%,387.0,"629,630,631,632,633,634,635,636",easyocr+ranked_item_row_grouping,0.9999,manual_review,순위 불명(순위미상(중복4회 중 2번째))
필리핀,1-18,호감 저해요인,패션,제품 종류 및 스타일이 다양하지 않아서,순위미상(중복4회 중 3번째),27.3,%,387.0,"629,630,631,632,633,634,635,636",easyocr+ranked_item_row_grouping,0.9983,manual_review,순위 불명(순위미상(중복4회 중 3번째))
필리핀,1-18,호감 저해요인,패션,제품 종류 및 스타일이 다양하지 않아서,순위미상(중복4회 중 4번째),14.0,%,387.0,"629,630,631,632,633,634,635,636",easyocr+ranked_item_row_grouping,0.9994,manual_review,순위 불명(순위미상(중복4회 중 4번째))
필리핀,1-18,호감 저해요인,패션,수 (종교 인종 장애 관습 문제 등 다양한 문화에 대한 고려가 부족해서,1순위,5.1,%,387.0,"629,630,631,632,633,634,635,636",easyocr+ranked_item_row_grouping,0.9999,manual_review,
필리핀,1-18,호감 저해요인,뷰티,(피부튼 성적 정체성  관습 문제 등 다양한 문화에 대한 고려가 부족해서,1순위,7.0,%,387.0,"629,630,631,632,633,634,635,636",easyocr+ranked_item_row_grouping,0.9383,manual_review,
필리핀,1-18,호감 저해요인,뷰티,수 진중외 록둥가 하양하집 양아서,1순위,5.2,%,387.0,"629,630,631,632,633,634,635,636",easyocr+ranked_item_row_grouping,0.9998,manual_review,
필리핀,1-18,호감 저해요인,뷰티,"특정 성훨인삼  한방 성G이 기호에 맞지 않아서 """,1순위,4.5,%,387.0,"629,630,631,632,633,634,635,636",easyocr+ranked_item_row_grouping,0.9997,manual_review,
필리핀,1-18,호감 저해요인,뷰티,제품의 종류가 다양하지 않아서,1+2순위(중복),8.8,%,387.0,"629,630,631,632,633,634,635,636",easyocr+ranked_item_row_grouping,0.9999,manual_review,
필리핀,1-18,호감 저해요인,뷰티,기타,1+2순위(중복),0.5,%,387.0,"629,630,631,632,633,634,635,636",easyocr+ranked_item_row_grouping,0.5851,manual_review,
필리핀,1-18,호감 저해요인,뷰티,Q,1+2순위(중복),2.0,%,387.0,"629,630,631,632,633,634,635,636",easyocr+ranked_item_row_grouping,0.3216,manual_review,
필리핀,1-18,호감 저해요인,뷰티,남성 여성,1+2순위(중복),10.0,%,387.0,"629,630,631,632,633,634,635,636",easyocr+ranked_item_row_grouping,0.8876,manual_review,
필리핀,1-18,호감 저해요인,음식,제공하는 음식이 다양하지 않아서,1순위,5.8,%,392.0,"629,630,631,632,633,634,635,636",easyocr+ranked_item_row_grouping,0.8935,manual_review,
필리핀,1-18,호감 저해요인,음식,다양한 문화에 대한 펴려가 부족해서,1+2순위(중복),13.6,%,392.0,"629,630,631,632,633,634,635,636",easyocr+ranked_item_row_grouping,0.6646,manual_review,
필리핀,1-18,호감 저해요인,한국어,한글이 만들어진 역사와 원리지 이해하기 어려워세생소해세,1순위,19.0,%,369.0,"629,630,631,632,633,634,635,636",easyocr+ranked_item_row_grouping,0.7535,manual_review,
필리핀,1-18,호감 저해요인,한국어,한국어 실력이 늘지 않아서,1순위,14.1,%,369.0,"629,630,631,632,633,634,635,636",easyocr+ranked_item_row_grouping,0.9998,manual_review,
필리핀,1-18,호감 저해요인,한국어,한국어름 사용할 일이 적어서,1+2순위(중복),27.4,%,369.0,"629,630,631,632,633,634,635,636",easyocr+ranked_item_row_grouping,0.9996,manual_review,
싱가포르,1-17,호감요인,드라마,연애 스토리가 순수해서,1+2순위(중복),15.6,%,398.0,"683,684,685,686,687,688",easyocr+ranked_item_row_grouping,0.5652,manual_review,
싱가포르,1-17,호감요인,드라마,한국 생활문화지 간접 경험하거나 이해할 수 있어서,1+2순위(중복),14.8,%,398.0,"683,684,685,686,687,688",easyocr+ranked_item_row_grouping,0.9666,manual_review,
싱가포르,1-17,호감요인,예능,한국 생활문회름 간접 경험하거나 이해할 수 있어서,1순위,10.4,%,393.0,"683,684,685,686,687,688",easyocr+ranked_item_row_grouping,0.9728,manual_review,
싱가포르,1-17,호감요인,예능,출연진들 간의 팀위크가 동보여서,1순위,6.9,%,393.0,"683,684,685,686,687,688",easyocr+ranked_item_row_grouping,0.9938,manual_review,
싱가포르,1-17,호감요인,예능,순위 |출연진들 간의 팀위크가 돈보여서,1+2순위(중복),15.5,%,393.0,"683,684,685,686,687,688",easyocr+ranked_item_row_grouping,1.0,manual_review,
싱가포르,1-17,호감요인,예능,(중복) 패센분티 등 한국 최신 트럭드록 볼 수 있어서,1+2순위(중복),14.8,%,393.0,"683,684,685,686,687,688",easyocr+ranked_item_row_grouping,0.9608,manual_review,
싱가포르,1-17,호감요인,영화,한국 생활문화지 간접 경험하거나 이해할 수 있어서,1순위,6.3,%,397.0,"683,684,685,686,687,688",easyocr+ranked_item_row_grouping,0.5546,manual_review,
싱가포르,1-17,호감요인,영화,(중복) 한국어에 대한 관심 및 학습 수요가 증가해서,1+2순위(중복),10.3,%,397.0,"683,684,685,686,687,688",easyocr+ranked_item_row_grouping,0.9634,manual_review,
싱가포르,1-17,호감요인,애니메이션,다양한  소재 또는 장르름 다리서,1순위,11.2,%,313.0,"683,684,685,686,687,688",easyocr+ranked_item_row_grouping,0.7377,manual_review,
싱가포르,1-17,호감요인,애니메이션,순위 한국 생활문회름 간접 경험하거나 이해할 수 있어서,1+2순위(중복),17.6,%,313.0,"683,684,685,686,687,688",easyocr+ranked_item_row_grouping,0.9997,manual_review,
싱가포르,1-17,호감요인,애니메이션,기타,1+2순위(중복),0.6,%,313.0,"683,684,685,686,687,688",easyocr+ranked_item_row_grouping,0.7577,manual_review,
싱가포르,1-17,호감요인,출판물,(중복) 좋아하는 작가라서,1+2순위(중복),15.6,%,192.0,"683,684,685,686,687,688",easyocr+ranked_item_row_grouping,0.9234,manual_review,
싱가포르,1-17,호감요인,패션,제품 종류 및 스타일이 다양해서,1순위,9.4,%,394.0,"683,684,685,686,687,688",easyocr+ranked_item_row_grouping,0.9859,manual_review,
싱가포르,1-17,호감요인,패션,순위 |좋아하는 인플루언서가 직접 사용홍보해서,1+2순위(중복),15.5,%,394.0,"683,684,685,686,687,688",easyocr+ranked_item_row_grouping,1.0,manual_review,
싱가포르,1-17,호감요인,뷰티,접근성이 좋아서,1+2순위(중복),13.6,%,397.0,"683,684,685,686,687,688",easyocr+ranked_item_row_grouping,0.727,manual_review,
싱가포르,1-17,호감요인,음식,좋아하는 한류스타가 광괴홍보하기 때문에,1순위,5.5,%,399.0,"683,684,685,686,687,688",easyocr+ranked_item_row_grouping,0.9784,manual_review,
싱가포르,1-17,호감요인,음식,(중복) 좋아하는 한류스타가 광고홍보하기 때문에,1+2순위(중복),12.3,%,399.0,"683,684,685,686,687,688",easyocr+ranked_item_row_grouping,0.9996,manual_review,
싱가포르,1-17,호감요인,한국어,한글이 만들어진 역사흘 알 수 있어서,1순위,8.9,%,247.0,"683,684,685,686,687,688",easyocr+ranked_item_row_grouping,0.8733,manual_review,
싱가포르,1-17,호감요인,한국어,한국어의 소리가 튼기 좋아서,1+2순위(중복),18.6,%,247.0,"683,684,685,686,687,688",easyocr+ranked_item_row_grouping,0.9996,manual_review,
싱가포르,1-17,호감요인,한국어,(중복) 한글이 만들어진 역사틀 알 수 있어서,1+2순위(중복),17.4,%,247.0,"683,684,685,686,687,688",easyocr+ranked_item_row_grouping,0.8631,manual_review,
싱가포르,1-18,호감 저해요인,드라마,한국적 요소가 강해세한국 문화전통스토리 등,1순위,5.0,%,398.0,"689,690,691,692,693,694,695,696",easyocr+ranked_item_row_grouping,0.9964,manual_review,
싱가포르,1-18,호감 저해요인,드라마,접하기 어려운 환경이어서,1+2순위(중복),13.0,%,398.0,"689,690,691,692,693,694,695,696",easyocr+ranked_item_row_grouping,0.9997,manual_review,
싱가포르,1-18,호감 저해요인,드라마,(중복) 한국적 요소가 강해세한국 문화전터스토리 등,1+2순위(중복),9.8,%,398.0,"689,690,691,692,693,694,695,696",easyocr+ranked_item_row_grouping,0.8585,manual_review,
싱가포르,1-18,호감 저해요인,예능,방송용 자매텍스 말 풍선 이모티서 덩이 너무 많아서,1순위,6.4,%,393.0,"689,690,691,692,693,694,695,696",easyocr+ranked_item_row_grouping,0.9921,manual_review,
싱가포르,1-18,호감 저해요인,예능,디양한 문회에 대한 펴가 부족해세인종 성소수자 종교 등,1순위,3.8,%,393.0,"689,690,691,692,693,694,695,696",easyocr+ranked_item_row_grouping,0.9941,manual_review,
싱가포르,1-18,호감 저해요인,예능,게스트들의 토크에 의존하는 포맺이 많아서,1+2순위(중복),14.5,%,393.0,"689,690,691,692,693,694,695,696",easyocr+ranked_item_row_grouping,0.8444,manual_review,
싱가포르,1-18,호감 저해요인,예능,(중복) 방송용 지패텍스 말 표선 이모티서 등이 너무 많아서,1+2순위(중복),10.9,%,393.0,"689,690,691,692,693,694,695,696",easyocr+ranked_item_row_grouping,0.9999,manual_review,
싱가포르,1-18,호감 저해요인,영화,과도한  광고 노출이 많아서,1순위,5.3,%,397.0,"689,690,691,692,693,694,695,696",easyocr+ranked_item_row_grouping,0.3235,manual_review,
싱가포르,1-18,호감 저해요인,영화,스토리의 짜임새가 떨어저서,1+2순위(중복),13.6,%,397.0,"689,690,691,692,693,694,695,696",easyocr+ranked_item_row_grouping,0.6529,manual_review,
싱가포르,1-18,호감 저해요인,영화,(중복) 과도한 광고 '노출이 많아서,1+2순위(중복),10.1,%,397.0,"689,690,691,692,693,694,695,696",easyocr+ranked_item_row_grouping,0.9886,manual_review,
싱가포르,1-18,호감 저해요인,영화,기타,1+2순위(중복),0.3,%,397.0,"689,690,691,692,693,694,695,696",easyocr+ranked_item_row_grouping,0.8663,manual_review,
싱가포르,1-18,호감 저해요인,음악,음악 자체가 쫓지 않아세수준이 낮아서,1순위,4.8,%,398.0,"689,690,691,692,693,694,695,696",easyocr+ranked_item_row_grouping,0.6782,manual_review,
싱가포르,1-18,호감 저해요인,음악,음악의 장르가 확일적이어서 디양한 문회에 대한 펴가 부족해세인종 성소수자 종교,1순위,4.8,%,398.0,"689,690,691,692,693,694,695,696",easyocr+ranked_item_row_grouping,0.9999,manual_review,
싱가포르,1-18,호감 저해요인,음악,음악의 장르가 확일적이어서,1+2순위(중복),9.8,%,398.0,"689,690,691,692,693,694,695,696",easyocr+ranked_item_row_grouping,0.9999,manual_review,
싱가포르,1-18,호감 저해요인,음악,(중복) 음악 자체가 총지 않아세수준이 낮아서,1+2순위(중복),8.8,%,398.0,"689,690,691,692,693,694,695,696",easyocr+ranked_item_row_grouping,0.8459,manual_review,
싱가포르,1-18,호감 저해요인,음악,디양한 문회에 대한 펴가 부족해세인종 성소수자 종교 등,1+2순위(중복),7.3,%,398.0,"689,690,691,692,693,694,695,696",easyocr+ranked_item_row_grouping,0.6336,manual_review,
싱가포르,1-18,호감 저해요인,애니메이션,(시청 경로 부족 인터넷 속되망 문제  정보 부족 등,1순위,9.2,%,313.0,"689,690,691,692,693,694,695,696",easyocr+ranked_item_row_grouping,0.9349,manual_review,
싱가포르,1-18,호감 저해요인,애니메이션,접하기 어려운 환경이어서,1+2순위(중복),19.4,%,313.0,"689,690,691,692,693,694,695,696",easyocr+ranked_item_row_grouping,0.9838,manual_review,
싱가포르,1-18,호감 저해요인,출판물,이용하는데 비용이 많이 들어서,1순위,10.4,%,192.0,"689,690,691,692,693,694,695,696",easyocr+ranked_item_row_grouping,0.9998,manual_review,
싱가포르,1-18,호감 저해요인,출판물,(중복) 스로리하 맘에 들지 않아서,순위미상(중복4회 중 1번째),5.2,%,192.0,"689,690,691,692,693,694,695,696",easyocr+ranked_item_row_grouping,0.9255,manual_review,순위 불명(순위미상(중복4회 중 1번째))
싱가포르,1-18,호감 저해요인,출판물,(중복) 스로리하 맘에 들지 않아서,순위미상(중복4회 중 2번째),4.7,%,192.0,"689,690,691,692,693,694,695,696",easyocr+ranked_item_row_grouping,0.6345,manual_review,순위 불명(순위미상(중복4회 중 2번째))
싱가포르,1-18,호감 저해요인,출판물,(중복) 스로리하 맘에 들지 않아서,순위미상(중복4회 중 3번째),12.0,%,192.0,"689,690,691,692,693,694,695,696",easyocr+ranked_item_row_grouping,0.9937,manual_review,순위 불명(순위미상(중복4회 중 3번째))
싱가포르,1-18,호감 저해요인,출판물,(중복) 스로리하 맘에 들지 않아서,순위미상(중복4회 중 4번째),6.2,%,192.0,"689,690,691,692,693,694,695,696",easyocr+ranked_item_row_grouping,0.7467,manual_review,순위 불명(순위미상(중복4회 중 4번째))
싱가포르,1-18,호감 저해요인,출판물,국가 간 역사 외교적 관계로 인해서,1+2순위(중복),10.4,%,192.0,"689,690,691,692,693,694,695,696",easyocr+ranked_item_row_grouping,0.9728,manual_review,
싱가포르,1-18,호감 저해요인,웹툰,시,1순위,9.0,%,281.0,"689,690,691,692,693,694,695,696",easyocr+ranked_item_row_grouping,0.0379,manual_review,
싱가포르,1-18,호감 저해요인,웹툰,스토리가 맘에 들지 않아서,순위미상(중복4회 중 1번째),6.4,%,281.0,"689,690,691,692,693,694,695,696",easyocr+ranked_item_row_grouping,0.9857,manual_review,순위 불명(순위미상(중복4회 중 1번째))
싱가포르,1-18,호감 저해요인,웹툰,스토리가 맘에 들지 않아서,순위미상(중복4회 중 2번째),2.8,%,281.0,"689,690,691,692,693,694,695,696",easyocr+ranked_item_row_grouping,0.9718,manual_review,순위 불명(순위미상(중복4회 중 2번째))
싱가포르,1-18,호감 저해요인,웹툰,스토리가 맘에 들지 않아서,순위미상(중복4회 중 3번째),13.5,%,281.0,"689,690,691,692,693,694,695,696",easyocr+ranked_item_row_grouping,0.9597,manual_review,순위 불명(순위미상(중복4회 중 3번째))
싱가포르,1-18,호감 저해요인,웹툰,스토리가 맘에 들지 않아서,순위미상(중복4회 중 4번째),7.1,%,281.0,"689,690,691,692,693,694,695,696",easyocr+ranked_item_row_grouping,0.8199,manual_review,순위 불명(순위미상(중복4회 중 4번째))
싱가포르,1-18,호감 저해요인,웹툰,(중복) 소재 장르 등이 진부 획일적이어서,1+2순위(중복),10.0,%,281.0,"689,690,691,692,693,694,695,696",easyocr+ranked_item_row_grouping,0.9985,manual_review,
싱가포르,1-18,호감 저해요인,게임,스토리 소재 장르 등이 진부획일적이어서,1순위,4.4,%,271.0,"689,690,691,692,693,694,695,696",easyocr+ranked_item_row_grouping,0.9076,manual_review,
싱가포르,1-18,호감 저해요인,게임,순위 게임 캐릭터의 매력이 부족정체성이 모호해서,1+2순위(중복),11.5,%,271.0,"689,690,691,692,693,694,695,696",easyocr+ranked_item_row_grouping,0.9641,manual_review,
싱가포르,1-18,호감 저해요인,패션,(중복) 제품 종류 및 스타일이 다양하지 않아서,순위미상(중복3회 중 1번째),10.4,%,394.0,"689,690,691,692,693,694,695,696",easyocr+ranked_item_row_grouping,0.9822,manual_review,순위 불명(순위미상(중복3회 중 1번째))
싱가포르,1-18,호감 저해요인,패션,(중복) 제품 종류 및 스타일이 다양하지 않아서,순위미상(중복3회 중 2번째),19.6,%,394.0,"689,690,691,692,693,694,695,696",easyocr+ranked_item_row_grouping,0.9998,manual_review,순위 불명(순위미상(중복3회 중 2번째))
싱가포르,1-18,호감 저해요인,패션,(중복) 제품 종류 및 스타일이 다양하지 않아서,순위미상(중복3회 중 3번째),11.9,%,394.0,"689,690,691,692,693,694,695,696",easyocr+ranked_item_row_grouping,0.6198,manual_review,순위 불명(순위미상(중복3회 중 3번째))
싱가포르,1-18,호감 저해요인,뷰티,제품에 정보 표기가 자세하지 않아세성분  생산 방식 등,1순위,5.3,%,397.0,"689,690,691,692,693,694,695,696",easyocr+ranked_item_row_grouping,0.7014,manual_review,
싱가포르,1-18,호감 저해요인,뷰티,다양한 문화에 대한 고려가 부족해서 (피부튼  성적 정체성  관습 문제 등,1순위,5.3,%,397.0,"689,690,691,692,693,694,695,696",easyocr+ranked_item_row_grouping,0.89,manual_review,
싱가포르,1-18,호감 저해요인,뷰티,(피부튼 성적 정체성  관습 문제 등 다양한 문화에 대한 고려가 부족해서,1+2순위(중복),13.6,%,397.0,"689,690,691,692,693,694,695,696",easyocr+ranked_item_row_grouping,0.9995,manual_review,
싱가포르,1-18,호감 저해요인,뷰티,국가 간 역사 외교적 관계로 인해서,1+2순위(중복),6.8,%,397.0,"689,690,691,692,693,694,695,696",easyocr+ranked_item_row_grouping,0.9463,manual_review,
싱가포르,1-18,호감 저해요인,음식,디양한 문화에 대한 고려가 부족해서,1순위,7.8,%,399.0,"689,690,691,692,693,694,695,696",easyocr+ranked_item_row_grouping,0.8611,manual_review,
싱가포르,1-18,호감 저해요인,음식,(종피할렉 채식 식문화 등 순위   담양합 물최에 {a 평금가 부족해서,1+2순위(중복),15.0,%,399.0,"689,690,691,692,693,694,695,696",easyocr+ranked_item_row_grouping,1.0,manual_review,
싱가포르,1-18,호감 저해요인,한국어,한국 단어나 표현 방식이 낯설고 불편해서,1순위,10.5,%,247.0,"689,690,691,692,693,694,695,696",easyocr+ranked_item_row_grouping,1.0,manual_review,
싱가포르,1-18,호감 저해요인,한국어,한국어 실력이 늘지 않아서,1+2순위(중복),17.9,%,247.0,"689,690,691,692,693,694,695,696",easyocr+ranked_item_row_grouping,0.9998,manual_review,
싱가포르,1-37,한류 부정적 인식 공감 이유,,자국 굳렌츠 산업의 보호 필요,1순위,9.5,%,315.0,719,easyocr+ranked_item_row_grouping,0.9948,manual_review,
싱가포르,1-37,한류 부정적 인식 공감 이유,,(중복) 한류는 확일적이고 식상,1+2순위(중복),20.0,%,315.0,719,easyocr+ranked_item_row_grouping,1.0,manual_review,
싱가포르,1-37,한류 부정적 인식 공감 이유,,기타,1+2순위(중복),0.3,%,315.0,719,easyocr+ranked_item_row_grouping,0.9892,manual_review,
호주,1-17,호감요인,드라마,패센볶티 등 한국 최신 트럭드록 볼 수 있어서,1순위,5.5,%,311.0,"743,744,745,746,747,748",easyocr+ranked_item_row_grouping,0.9994,manual_review,
호주,1-17,호감요인,드라마,복 패션분티 등 한국 최신 튼렌드틀 불 수 잃어서,1+2순위(중복),12.5,%,311.0,"743,744,745,746,747,748",easyocr+ranked_item_row_grouping,0.9965,manual_review,
호주,1-17,호감요인,예능,유 파센부터 등 한국 최 트달 물 수 인어서,1순위,9.7,%,309.0,"743,744,745,746,747,748",easyocr+ranked_item_row_grouping,0.9875,manual_review,
호주,1-17,호감요인,예능,예,1순위,5.0,%,309.0,"743,744,745,746,747,748",easyocr+ranked_item_row_grouping,0.3679,manual_review,
호주,1-17,호감요인,예능,출연진들 간의 팀위크가 몸보여서,1순위,5.8,%,309.0,"743,744,745,746,747,748",easyocr+ranked_item_row_grouping,0.9999,manual_review,
호주,1-17,호감요인,예능,패센부티 등 한국 최신 트랜드록 볼 수 있어서,1+2순위(중복),17.8,%,309.0,"743,744,745,746,747,748",easyocr+ranked_item_row_grouping,0.9996,manual_review,
호주,1-17,호감요인,예능,출연진들 간의_팀원크가 돈보여서,1+2순위(중복),12.9,%,309.0,"743,744,745,746,747,748",easyocr+ranked_item_row_grouping,0.9981,manual_review,
호주,1-17,호감요인,예능,남성 여성,1+2순위(중복),10.0,%,309.0,"743,744,745,746,747,748",easyocr+ranked_item_row_grouping,0.4444,manual_review,
호주,1-17,호감요인,음악,수 올라인로바일 랫콤흘 통해 접촉 수 있어서,1순위,7.2,%,319.0,"743,744,745,746,747,748",easyocr+ranked_item_row_grouping,0.9995,manual_review,
호주,1-17,호감요인,음악,다양한 문화인종 성소수자 가치 등틀 잘 반영해서,1순위,5.6,%,319.0,"743,744,745,746,747,748",easyocr+ranked_item_row_grouping,0.9999,manual_review,
호주,1-17,호감요인,음악,약악 기타,1순위,3.8,%,319.0,"743,744,745,746,747,748",easyocr+ranked_item_row_grouping,0.9885,manual_review,
호주,1-17,호감요인,음악,중 온라인모바일_플렉품올 통해 접할 수 있어서,1+2순위(중복),11.2,%,319.0,"743,744,745,746,747,748",easyocr+ranked_item_row_grouping,0.974,manual_review,
호주,1-17,호감요인,음악,복 다양a 문화인중 성소수자; 가치 등틀 잘 반영해서,1+2순위(중복),11.2,%,319.0,"743,744,745,746,747,748",easyocr+ranked_item_row_grouping,0.974,manual_review,
호주,1-17,호감요인,음악,기타,1+2순위(중복),4.4,%,319.0,"743,744,745,746,747,748",easyocr+ranked_item_row_grouping,0.7042,manual_review,
호주,1-17,호감요인,음악,남성 여성,1+2순위(중복),10.0,%,319.0,"743,744,745,746,747,748",easyocr+ranked_item_row_grouping,0.4444,manual_review,
호주,1-17,호감요인,애니메이션,캐릭터의 성격 역할이 마음에 들어서,1순위,10.3,%,311.0,"743,744,745,746,747,748",easyocr+ranked_item_row_grouping,0.9994,manual_review,
호주,1-17,호감요인,애니메이션,교육용으로 활용할 수 잇는 내용이 풍부해서 한국 생활문회틀 간접 경험하거나 이해할 수 있어서,1순위,9.3,%,311.0,"743,744,745,746,747,748",easyocr+ranked_item_row_grouping,0.9968,manual_review,
호주,1-17,호감요인,애니메이션,온라인모바일 플렉품올 통해 접할 수 있어서,1+2순위(중복),18.6,%,311.0,"743,744,745,746,747,748",easyocr+ranked_item_row_grouping,0.9787,manual_review,
호주,1-17,호감요인,애니메이션,둘 한국 생활문회름 간접 경험하거나 이해활 수 있어서,1+2순위(중복),18.5,%,311.0,"743,744,745,746,747,748",easyocr+ranked_item_row_grouping,0.9325,manual_review,
호주,1-17,호감요인,애니메이션,교육용으로 활용할 수 잇는 내용이 풍부해서,1+2순위(중복),13.6,%,311.0,"743,744,745,746,747,748",easyocr+ranked_item_row_grouping,0.8708,manual_review,
호주,1-17,호감요인,애니메이션,기타,1+2순위(중복),0.6,%,311.0,"743,744,745,746,747,748",easyocr+ranked_item_row_grouping,0.9985,manual_review,
호주,1-17,호감요인,출판물,한국의 최신 트렌드록 접할 수 있어서,1순위,7.5,%,185.0,"743,744,745,746,747,748",easyocr+ranked_item_row_grouping,0.9995,manual_review,
호주,1-17,호감요인,출판물,복 화국의 최신 스렌드록 접할 수 있어서,1+2순위(중복),15.1,%,185.0,"743,744,745,746,747,748",easyocr+ranked_item_row_grouping,0.8494,manual_review,
호주,1-17,호감요인,출판물,Q,1+2순위(중복),2.0,%,185.0,"743,744,745,746,747,748",easyocr+ranked_item_row_grouping,0.3106,manual_review,
호주,1-17,호감요인,출판물,남성 여성,1+2순위(중복),10.0,%,185.0,"743,744,745,746,747,748",easyocr+ranked_item_row_grouping,0.4444,manual_review,
호주,1-17,호감요인,웹툰,유 사용자 환경이 포로하서,1순위,8.9,%,181.0,"743,744,745,746,747,748",easyocr+ranked_item_row_grouping,0.9666,manual_review,
호주,1-17,호감요인,웹툰,둘 사용자 환경이 편리해서,1+2순위(중복),16.7,%,181.0,"743,744,745,746,747,748",easyocr+ranked_item_row_grouping,0.9997,manual_review,
호주,1-17,호감요인,게임,수 한스타가 광고홍보하기 때문에,1순위,7.4,%,283.0,"743,744,745,746,747,748",easyocr+ranked_item_row_grouping,0.5978,manual_review,
호주,1-17,호감요인,게임,디른 게p미들과 네트위스릎 형성하고 햄 월수 있,1순위,6.3,%,283.0,"743,744,745,746,747,748",easyocr+ranked_item_row_grouping,0.9948,manual_review,
호주,1-17,호감요인,게임,흙 디른 게p머들과 네트위크름 형성하고 햄 질수 앞,1+2순위(중복),16.7,%,283.0,"743,744,745,746,747,748",easyocr+ranked_item_row_grouping,0.9997,manual_review,
호주,1-17,호감요인,게임,복 한류스타가 광괴홍보하기 때문에,1+2순위(중복),13.7,%,283.0,"743,744,745,746,747,748",easyocr+ranked_item_row_grouping,0.9995,manual_review,
호주,1-17,호감요인,게임,남성 여성,1+2순위(중복),10.0,%,283.0,"743,744,745,746,747,748",easyocr+ranked_item_row_grouping,0.4444,manual_review,
호주,1-17,호감요인,패션,수 좋아하튼 _플루어서가 직접 사용홍보해서,1순위,8.1,%,312.0,"743,744,745,746,747,748",easyocr+ranked_item_row_grouping,0.9998,manual_review,
호주,1-17,호감요인,패션,좋아하는 한류스타가 사용홍보하기 때문에,1순위,8.0,%,312.0,"743,744,745,746,747,748",easyocr+ranked_item_row_grouping,1.0,manual_review,
호주,1-17,호감요인,패션,품질 대비 가격이 저럼해서,1순위,7.7,%,312.0,"743,744,745,746,747,748",easyocr+ranked_item_row_grouping,0.9696,manual_review,
호주,1-17,호감요인,패션,제품 종류 및 스타일이 다양해서,1순위,5.7,%,312.0,"743,744,745,746,747,748",easyocr+ranked_item_row_grouping,0.9998,manual_review,
호주,1-17,호감요인,패션,둘 제품 종류 및 스타일이 다양해서 좋아하는 인플루언서가 직접 사용홍보해서,1+2순위(중복),16.1,%,312.0,"743,744,745,746,747,748",easyocr+ranked_item_row_grouping,0.9999,manual_review,
호주,1-17,호감요인,패션,기타,1+2순위(중복),0.3,%,312.0,"743,744,745,746,747,748",easyocr+ranked_item_row_grouping,0.9935,manual_review,
호주,1-17,호감요인,뷰티,남성 여성,1+2순위(중복),10.0,%,317.0,"743,744,745,746,747,748",easyocr+ranked_item_row_grouping,0.4444,manual_review,
호주,1-17,호감요인,음식,영화 드미어서 빛볕 한식식문회름 경험활 수 있어서,1+2순위(중복),17.9,%,322.0,"743,744,745,746,747,748",easyocr+ranked_item_row_grouping,0.9963,manual_review,
호주,1-17,호감요인,한국어,한국 단어나 표현 방식이 좋아서,1순위,12.0,%,159.0,"743,744,745,746,747,748",easyocr+ranked_item_row_grouping,0.9999,manual_review,
호주,1-17,호감요인,한국어,슈 한룻.러중-.해언 한글이 아름다위서,1순위,85.0,%,159.0,"743,744,745,746,747,748",easyocr+ranked_item_row_grouping,0.562,manual_review,
호주,1-18,호감 저해요인,드라마,접하기 어려운 환경이어서,1순위,6.1,%,311.0,"749,750,751,752,753,754,755,756",easyocr+ranked_item_row_grouping,0.9973,manual_review,
호주,1-18,호감 저해요인,드라마,} 플라b 불금데 빗용야 치이 틀어서,1순위,4.8,%,311.0,"749,750,751,752,753,754,755,756",easyocr+ranked_item_row_grouping,0.9998,manual_review,
호주,1-18,호감 저해요인,드라마,다양한 문에 대한 고로마가 부족해세인종 성소수자 종교,1순위,2.3,%,311.0,"749,750,751,752,753,754,755,756",easyocr+ranked_item_row_grouping,0.4193,manual_review,
호주,1-18,호감 저해요인,드라마,드라마큼 보는데 비용이 많이 들어서,1+2순위(중복),10.2,%,311.0,"749,750,751,752,753,754,755,756",easyocr+ranked_item_row_grouping,1.0,manual_review,
호주,1-18,호감 저해요인,드라마,복 다양안 문회에 대안 교마 부족해세요종 성소수자 종교 등,1+2순위(중복),6.2,%,311.0,"749,750,751,752,753,754,755,756",easyocr+ranked_item_row_grouping,0.5088,manual_review,
호주,1-18,호감 저해요인,예능,다양한 문회에 대한 고로가 부족해세인종 성소수자 종교 등,1순위,8.4,%,309.0,"749,750,751,752,753,754,755,756",easyocr+ranked_item_row_grouping,0.9997,manual_review,
호주,1-18,호감 저해요인,예능,국가 간 역사-외교적 관계로 인해서,1순위,8.1,%,309.0,"749,750,751,752,753,754,755,756",easyocr+ranked_item_row_grouping,0.9974,manual_review,
호주,1-18,호감 저해요인,예능,접하기 어려운 환경이어서,1순위,7.5,%,309.0,"749,750,751,752,753,754,755,756",easyocr+ranked_item_row_grouping,0.4035,manual_review,
호주,1-18,호감 저해요인,예능,수 방쨌콩기매터말몇 _모국 덩이 너무 망,1순위,5.5,%,309.0,"749,750,751,752,753,754,755,756",easyocr+ranked_item_row_grouping,1.0,manual_review,
호주,1-18,호감 저해요인,예능,짜임새 있는 포패이 아니고 즉흥적이어서,1순위,3.3,%,309.0,"749,750,751,752,753,754,755,756",easyocr+ranked_item_row_grouping,0.8975,manual_review,
호주,1-18,호감 저해요인,예능,(시청 경로 부족 인터넷 속되망 문제 정보 부족 등,1+2순위(중복),18.1,%,309.0,"749,750,751,752,753,754,755,756",easyocr+ranked_item_row_grouping,1.0,manual_review,
호주,1-18,호감 저해요인,예능,방송용 자매텍스 말 풍선 이모티서 등이 너무 많아서,1+2순위(중복),13.9,%,309.0,"749,750,751,752,753,754,755,756",easyocr+ranked_item_row_grouping,0.9369,manual_review,
호주,1-18,호감 저해요인,예능,흙 과도한 광고 노출이 많아서,1+2순위(중복),12.0,%,309.0,"749,750,751,752,753,754,755,756",easyocr+ranked_item_row_grouping,1.0,manual_review,
호주,1-18,호감 저해요인,예능,복 짜임새 잎늘 포맺이 아니고 즉흥적이어서,1+2순위(중복),8.4,%,309.0,"749,750,751,752,753,754,755,756",easyocr+ranked_item_row_grouping,0.9923,manual_review,
호주,1-18,호감 저해요인,예능,기타,1+2순위(중복),0.7,%,309.0,"749,750,751,752,753,754,755,756",easyocr+ranked_item_row_grouping,0.9625,manual_review,
호주,1-18,호감 저해요인,예능,Q,1+2순위(중복),2.0,%,309.0,"749,750,751,752,753,754,755,756",easyocr+ranked_item_row_grouping,0.2443,manual_review,
호주,1-18,호감 저해요인,예능,남성 여성,1+2순위(중복),10.0,%,309.0,"749,750,751,752,753,754,755,756",easyocr+ranked_item_row_grouping,0.9132,manual_review,
호주,1-18,호감 저해요인,영화,숲 과운한 광고 노출이 '많아서,1순위,4.7,%,317.0,"749,750,751,752,753,754,755,756",easyocr+ranked_item_row_grouping,0.5738,manual_review,
호주,1-18,호감 저해요인,영화,과도한 광고 노출이 많아서,1+2순위(중복),12.6,%,317.0,"749,750,751,752,753,754,755,756",easyocr+ranked_item_row_grouping,0.9722,manual_review,
호주,1-18,호감 저해요인,영화,Q,1+2순위(중복),2.0,%,317.0,"749,750,751,752,753,754,755,756",easyocr+ranked_item_row_grouping,0.4776,manual_review,
호주,1-18,호감 저해요인,영화,남성 여성,1+2순위(중복),10.0,%,317.0,"749,750,751,752,753,754,755,756",easyocr+ranked_item_row_grouping,0.9132,manual_review,
호주,1-18,호감 저해요인,음악,다양한 문에 대한 고까마가 부족해세인종 성소수자 종교 히,1순위,4.3,%,319.0,"749,750,751,752,753,754,755,756",easyocr+ranked_item_row_grouping,0.9918,manual_review,
호주,1-18,호감 저해요인,음악,퍼포먼스 대비 가창 실력이 부족해서,1순위,2.8,%,319.0,"749,750,751,752,753,754,755,756",easyocr+ranked_item_row_grouping,0.9995,manual_review,
호주,1-18,호감 저해요인,음악,디양한 문화에 대한 고로마 부족해세인종 성소수자 종교 등,1+2순위(중복),8.4,%,319.0,"749,750,751,752,753,754,755,756",easyocr+ranked_item_row_grouping,0.9997,manual_review,
호주,1-18,호감 저해요인,애니메이션,(시청 경로 부족 인터넷 속되망 문제   정보 부족 등,1순위,10.3,%,311.0,"749,750,751,752,753,754,755,756",easyocr+ranked_item_row_grouping,0.968,manual_review,
호주,1-18,호감 저해요인,애니메이션,다양한 문에 대한 고까 부족해세인종 성소수자 종교 히,1순위,3.9,%,311.0,"749,750,751,752,753,754,755,756",easyocr+ranked_item_row_grouping,0.9934,manual_review,
호주,1-18,호감 저해요인,애니메이션,접하기 어려운 환경이어서,1+2순위(중복),14.8,%,311.0,"749,750,751,752,753,754,755,756",easyocr+ranked_item_row_grouping,1.0,manual_review,
호주,1-18,호감 저해요인,애니메이션,지나치게 상업적이어서,1+2순위(중복),10.9,%,311.0,"749,750,751,752,753,754,755,756",easyocr+ranked_item_row_grouping,1.0,manual_review,
호주,1-18,호감 저해요인,애니메이션,기타,1+2순위(중복),1.6,%,311.0,"749,750,751,752,753,754,755,756",easyocr+ranked_item_row_grouping,0.5511,manual_review,
호주,1-18,호감 저해요인,애니메이션,남성 여성,1+2순위(중복),10.0,%,311.0,"749,750,751,752,753,754,755,756",easyocr+ranked_item_row_grouping,0.9301,manual_review,
호주,1-18,호감 저해요인,출판물,구매하기 어려워서판매처 등),1순위,10.8,%,185.0,"749,750,751,752,753,754,755,756",easyocr+ranked_item_row_grouping,1.0,manual_review,
호주,1-18,호감 저해요인,출판물,한국적 요소가 강해세한국 문화전통스토리 등),1순위,9.2,%,185.0,"749,750,751,752,753,754,755,756",easyocr+ranked_item_row_grouping,0.6816,manual_review,
호주,1-18,호감 저해요인,출판물,다양하 문에 대한 고로까가 부족해세인종 성소수자 종교 텅,1순위,8.6,%,185.0,"749,750,751,752,753,754,755,756",easyocr+ranked_item_row_grouping,0.9977,manual_review,
호주,1-18,호감 저해요인,출판물,다양한 문화에 대한 고로마가 부족해세인종 성소수자 종교 등,1+2순위(중복),17.9,%,185.0,"749,750,751,752,753,754,755,756",easyocr+ranked_item_row_grouping,0.9589,manual_review,
호주,1-18,호감 저해요인,출판물,남성 여성,1+2순위(중복),10.0,%,185.0,"749,750,751,752,753,754,755,756",easyocr+ranked_item_row_grouping,0.9132,manual_review,
호주,1-18,호감 저해요인,웹툰,접하기 어려운 환경이어서,1순위,8.3,%,181.0,"749,750,751,752,753,754,755,756",easyocr+ranked_item_row_grouping,0.9959,manual_review,
호주,1-18,호감 저해요인,웹툰,이용하는데 비용이 많이 들어서 (검색 폐이지 넘김 대글 쓰기 결제 편리성 등,1순위,7.8,%,181.0,"749,750,751,752,753,754,755,756",easyocr+ranked_item_row_grouping,0.9952,manual_review,
호주,1-18,호감 저해요인,웹툰,} 디양a%예 대륙 국강 분서안동 성수자 종동,1순위,5.1,%,181.0,"749,750,751,752,753,754,755,756",easyocr+ranked_item_row_grouping,0.9183,manual_review,
호주,1-18,호감 저해요인,웹툰,그림체가 마음에 들지 않아서,1순위,3.9,%,181.0,"749,750,751,752,753,754,755,756",easyocr+ranked_item_row_grouping,0.9988,manual_review,
호주,1-18,호감 저해요인,웹툰,흙 스토리가 맘에 들지 않아서,순위미상(중복4회 중 1번째),3.8,%,181.0,"749,750,751,752,753,754,755,756",easyocr+ranked_item_row_grouping,0.9955,manual_review,순위 불명(순위미상(중복4회 중 1번째))
호주,1-18,호감 저해요인,웹툰,흙 스토리가 맘에 들지 않아서,순위미상(중복4회 중 2번째),1.6,%,181.0,"749,750,751,752,753,754,755,756",easyocr+ranked_item_row_grouping,0.6692,manual_review,순위 불명(순위미상(중복4회 중 2번째))
호주,1-18,호감 저해요인,웹툰,흙 스토리가 맘에 들지 않아서,순위미상(중복4회 중 3번째),11.0,%,181.0,"749,750,751,752,753,754,755,756",easyocr+ranked_item_row_grouping,1.0,manual_review,순위 불명(순위미상(중복4회 중 3번째))
호주,1-18,호감 저해요인,웹툰,흙 스토리가 맘에 들지 않아서,순위미상(중복4회 중 4번째),3.2,%,181.0,"749,750,751,752,753,754,755,756",easyocr+ranked_item_row_grouping,0.4137,manual_review,순위 불명(순위미상(중복4회 중 4번째))
호주,1-18,호감 저해요인,웹툰,(시청 경로 부족 인터넷 속되망 문제 정보 부족 등,1+2순위(중복),15.5,%,181.0,"749,750,751,752,753,754,755,756",easyocr+ranked_item_row_grouping,1.0,manual_review,
호주,1-18,호감 저해요인,웹툰,사용자 환경이 불편해서,1+2순위(중복),12.2,%,181.0,"749,750,751,752,753,754,755,756",easyocr+ranked_item_row_grouping,0.9994,manual_review,
호주,1-18,호감 저해요인,웹툰,이용하는데 비용이 많이 들어서,1+2순위(중복),11.0,%,181.0,"749,750,751,752,753,754,755,756",easyocr+ranked_item_row_grouping,0.7005,manual_review,
호주,1-18,호감 저해요인,웹툰,복 그함제가 마음예 지 않아서,1+2순위(중복),9.9,%,181.0,"749,750,751,752,753,754,755,756",easyocr+ranked_item_row_grouping,0.9987,manual_review,
호주,1-18,호감 저해요인,웹툰,다양한 문회에 대한 고가 부족해세인종 성소수자 종교 히,1+2순위(중복),8.4,%,181.0,"749,750,751,752,753,754,755,756",easyocr+ranked_item_row_grouping,0.9997,manual_review,
호주,1-18,호감 저해요인,웹툰,Q,1+2순위(중복),2.0,%,181.0,"749,750,751,752,753,754,755,756",easyocr+ranked_item_row_grouping,0.4511,manual_review,
호주,1-18,호감 저해요인,웹툰,남성 여성,1+2순위(중복),10.0,%,181.0,"749,750,751,752,753,754,755,756",easyocr+ranked_item_row_grouping,0.9132,manual_review,
호주,1-18,호감 저해요인,게임,다양한 문에 대한 고로가 부족해세인종 성소수자 종교 등,1순위,9.9,%,283.0,"749,750,751,752,753,754,755,756",easyocr+ranked_item_row_grouping,0.7114,manual_review,
호주,1-18,호감 저해요인,게임,사용자 환경이 불편해서,1순위,6.3,%,283.0,"749,750,751,752,753,754,755,756",easyocr+ranked_item_row_grouping,0.9999,manual_review,
호주,1-18,호감 저해요인,게임,Q,1+2순위(중복),2.0,%,283.0,"749,750,751,752,753,754,755,756",easyocr+ranked_item_row_grouping,0.269,manual_review,
호주,1-18,호감 저해요인,게임,남성 여성,1+2순위(중복),10.0,%,283.0,"749,750,751,752,753,754,755,756",easyocr+ranked_item_row_grouping,0.9132,manual_review,
호주,1-18,호감 저해요인,패션,제품 종류 및 스타일이 다양하지 않아서,순위미상(중복4회 중 1번째),11.5,%,312.0,"749,750,751,752,753,754,755,756",easyocr+ranked_item_row_grouping,0.9093,manual_review,순위 불명(순위미상(중복4회 중 1번째))
호주,1-18,호감 저해요인,패션,제품 종류 및 스타일이 다양하지 않아서,순위미상(중복4회 중 2번째),6.1,%,312.0,"749,750,751,752,753,754,755,756",easyocr+ranked_item_row_grouping,0.863,manual_review,순위 불명(순위미상(중복4회 중 2번째))
호주,1-18,호감 저해요인,패션,제품 종류 및 스타일이 다양하지 않아서,순위미상(중복4회 중 3번째),20.5,%,312.0,"749,750,751,752,753,754,755,756",easyocr+ranked_item_row_grouping,0.975,manual_review,순위 불명(순위미상(중복4회 중 3번째))
호주,1-18,호감 저해요인,패션,제품 종류 및 스타일이 다양하지 않아서,순위미상(중복4회 중 4번째),12.8,%,312.0,"749,750,751,752,753,754,755,756",easyocr+ranked_item_row_grouping,0.9428,manual_review,순위 불명(순위미상(중복4회 중 4번째))
호주,1-18,호감 저해요인,뷰티,남성 여성,1+2순위(중복),10.0,%,317.0,"749,750,751,752,753,754,755,756",easyocr+ranked_item_row_grouping,0.9132,manual_review,
호주,1-18,호감 저해요인,음식,식사 도귀소가락 젓가렉의 사용이 어려워서,1순위,8.3,%,16.0,"749,750,751,752,753,754,755,756",easyocr+ranked_item_row_grouping,0.9952,manual_review,
호주,1-18,호감 저해요인,음식,슈 다양환 문화에 대한 펴려가 부족해서,1순위,5.3,%,16.0,"749,750,751,752,753,754,755,756",easyocr+ranked_item_row_grouping,0.9971,manual_review,
호주,1-18,호감 저해요인,음식,다양한 문화에 대한 고려가 부족해서,1+2순위(중복),13.3,%,16.0,"749,750,751,752,753,754,755,756",easyocr+ranked_item_row_grouping,0.8077,manual_review,
호주,1-18,호감 저해요인,한국어,한글이 만들어진 역사와 원리름 이해하기 어려워세생소해세,1순위,16.4,%,159.0,"749,750,751,752,753,754,755,756",easyocr+ranked_item_row_grouping,0.9325,manual_review,
호주,1-18,호감 저해요인,한국어,한국 단어나 표현 방식이 낯설고 불편해서,1순위,13.1,%,159.0,"749,750,751,752,753,754,755,756",easyocr+ranked_item_row_grouping,0.9993,manual_review,
호주,1-18,호감 저해요인,한국어,한국어가 배우기 어렵다고 느껴저서,1+2순위(중복),23.9,%,159.0,"749,750,751,752,753,754,755,756",easyocr+ranked_item_row_grouping,0.6584,manual_review,
미국,1-17,호감요인,드라마,유 패체부티 등 한류 최신 튼렉들 볼 수 있어서,1순위,6.7,%,569.0,"803,804,805,806,807,808",easyocr+ranked_item_row_grouping,0.9991,manual_review,
미국,1-17,호감요인,드라마,온라인모바일 플렉품올 통해 접할 수 있어서,1순위,5.8,%,569.0,"803,804,805,806,807,808",easyocr+ranked_item_row_grouping,0.9999,manual_review,
미국,1-17,호감요인,드라마,패션부티 등 한국 최신 트럭드록 볼 수 있어서,1+2순위(중복),13.5,%,569.0,"803,804,805,806,807,808",easyocr+ranked_item_row_grouping,0.9995,manual_review,
미국,1-17,호감요인,드라마,복 온과입모바일_플렉품올 통해 점활 수 잃어서,1+2순위(중복),11.4,%,569.0,"803,804,805,806,807,808",easyocr+ranked_item_row_grouping,0.9998,manual_review,
미국,1-17,호감요인,예능,자막 그래픽 합성 회면구성 등 편집이 재미있어서,1순위,12.0,%,574.0,"803,804,805,806,807,808",easyocr+ranked_item_row_grouping,0.9999,manual_review,
미국,1-17,호감요인,예능,한국 생활문회지 간접 경험하거나 이해할 수 있어서,1순위,23.7,%,574.0,"803,804,805,806,807,808",easyocr+ranked_item_row_grouping,0.9991,manual_review,
미국,1-17,호감요인,예능,기타,1+2순위(중복),0.4,%,574.0,"803,804,805,806,807,808",easyocr+ranked_item_row_grouping,0.9993,manual_review,
미국,1-17,호감요인,예능,남성 여성,1+2순위(중복),10.0,%,574.0,"803,804,805,806,807,808",easyocr+ranked_item_row_grouping,0.4444,manual_review,
미국,1-17,호감요인,영화,선호하는 배우가 출연해서,1+2순위(중복),10.0,%,580.0,"803,804,805,806,807,808",easyocr+ranked_item_row_grouping,0.9999,manual_review,
미국,1-17,호감요인,음악,약악 기타,1순위,0.7,%,581.0,"803,804,805,806,807,808",easyocr+ranked_item_row_grouping,0.8865,manual_review,
미국,1-17,호감요인,음악,슈 온라인모바일 플렉품올 통해 접할 수 있어서,1+2순위(중복),13.9,%,581.0,"803,804,805,806,807,808",easyocr+ranked_item_row_grouping,0.9008,manual_review,
미국,1-17,호감요인,음악,기타,1+2순위(중복),1.0,%,581.0,"803,804,805,806,807,808",easyocr+ranked_item_row_grouping,0.7535,manual_review,
미국,1-17,호감요인,음악,남성 여성,1+2순위(중복),10.0,%,581.0,"803,804,805,806,807,808",easyocr+ranked_item_row_grouping,0.4444,manual_review,
미국,1-17,호감요인,애니메이션,한국 생활문회틀 간접 경험하거나 이해할 수 있어서,1순위,10.8,%,576.0,"803,804,805,806,807,808",easyocr+ranked_item_row_grouping,0.9998,manual_review,
미국,1-17,호감요인,애니메이션,기타,1+2순위(중복),0.3,%,576.0,"803,804,805,806,807,808",easyocr+ranked_item_row_grouping,0.5435,manual_review,
미국,1-17,호감요인,출판물,수 다양하 소재 또든 장르들 다튀서,1순위,8.0,%,422.0,"803,804,805,806,807,808",easyocr+ranked_item_row_grouping,0.9943,manual_review,
미국,1-17,호감요인,출판물,다양한 소재 또는 장르름 다리서,1+2순위(중복),19.0,%,422.0,"803,804,805,806,807,808",easyocr+ranked_item_row_grouping,0.7506,manual_review,
미국,1-17,호감요인,출판물,Q,1+2순위(중복),2.0,%,422.0,"803,804,805,806,807,808",easyocr+ranked_item_row_grouping,0.3106,manual_review,
미국,1-17,호감요인,출판물,남성 여성,1+2순위(중복),10.0,%,422.0,"803,804,805,806,807,808",easyocr+ranked_item_row_grouping,0.4444,manual_review,
미국,1-17,호감요인,웹툰,캐릭터의 성격역할이 마음에 들어서,1순위,8.5,%,459.0,"803,804,805,806,807,808",easyocr+ranked_item_row_grouping,0.9992,manual_review,
미국,1-17,호감요인,게임,위 숲 사용자 환경이 편리해세단축기  메뉴 회면 구성 등,1순위,8.7,%,316.0,"803,804,805,806,807,808",easyocr+ranked_item_row_grouping,0.9103,manual_review,
미국,1-17,호감요인,게임,디른 게p머들과 네트위크름 형성하고 햄 질수 앞,1순위,7.0,%,316.0,"803,804,805,806,807,808",easyocr+ranked_item_row_grouping,0.9999,manual_review,
미국,1-17,호감요인,게임,좋아하는 스트리머가 한국 게임을 자주 소개해서,1순위,5.5,%,316.0,"803,804,805,806,807,808",easyocr+ranked_item_row_grouping,0.9999,manual_review,
미국,1-17,호감요인,게임,순 사용자 환경이 편리해세단축키_메뉴 회면 구성 등,1+2순위(중복),16.4,%,316.0,"803,804,805,806,807,808",easyocr+ranked_item_row_grouping,0.9995,manual_review,
미국,1-17,호감요인,게임,디른 게p미들과 네트위스릎 형성히고 햄 월수 있,1+2순위(중복),16.4,%,316.0,"803,804,805,806,807,808",easyocr+ranked_item_row_grouping,0.9995,manual_review,
미국,1-17,호감요인,게임,복 항유하프로-이가 한악서임올 자주 소개해서,1+2순위(중복),13.1,%,316.0,"803,804,805,806,807,808",easyocr+ranked_item_row_grouping,0.9996,manual_review,
미국,1-17,호감요인,게임,남성 여성,1+2순위(중복),10.0,%,316.0,"803,804,805,806,807,808",easyocr+ranked_item_row_grouping,0.4444,manual_review,
미국,1-17,호감요인,패션,접근성이 좋아서 슈 중겪하등루-한물-스타랗이있웅해하,1순위,8.4,%,572.0,"803,804,805,806,807,808",easyocr+ranked_item_row_grouping,0.7283,manual_review,
미국,1-17,호감요인,패션,제품 종류 및 스타일이 다양해서,1+2순위(중복),20.1,%,572.0,"803,804,805,806,807,808",easyocr+ranked_item_row_grouping,0.9999,manual_review,
미국,1-17,호감요인,패션,접근성이 좋아서,1+2순위(중복),11.7,%,572.0,"803,804,805,806,807,808",easyocr+ranked_item_row_grouping,0.998,manual_review,
미국,1-17,호감요인,뷰티,Q,1+2순위(중복),2.0,%,573.0,"803,804,805,806,807,808",easyocr+ranked_item_row_grouping,0.3106,manual_review,
미국,1-17,호감요인,뷰티,남성 여성,1+2순위(중복),10.0,%,573.0,"803,804,805,806,807,808",easyocr+ranked_item_row_grouping,0.4444,manual_review,
미국,1-17,호감요인,음식,영화 드리미어서 빛년 한식-식문회름 경험할 수 있어서,1+2순위(중복),23.1,%,585.0,"803,804,805,806,807,808",easyocr+ranked_item_row_grouping,0.9998,manual_review,
미국,1-17,호감요인,한국어,한국어 자체가 새롭고 흥미로위서,1순위,10.0,%,319.0,"803,804,805,806,807,808",easyocr+ranked_item_row_grouping,0.9999,manual_review,
미국,1-17,호감요인,한국어,"슈 한국어지체가위랗-하미""다",1순위,9.7,%,319.0,"803,804,805,806,807,808",easyocr+ranked_item_row_grouping,0.9997,manual_review,
미국,1-17,호감요인,한국어,한국 단어나 표현 방식이 좋아서,1+2순위(중복),19.1,%,319.0,"803,804,805,806,807,808",easyocr+ranked_item_row_grouping,0.6724,manual_review,
미국,1-18,호감 저해요인,드라마,한국적 요소가 강해세한국 문화전통스토리 등),1순위,6.5,%,569.0,"809,810,811,812,813,814,815,816",easyocr+ranked_item_row_grouping,0.9995,manual_review,
미국,1-18,호감 저해요인,드라마,(시청 경로 부족 인터넷 속되망 문제  정보 부족 등,1+2순위(중복),13.2,%,569.0,"809,810,811,812,813,814,815,816",easyocr+ranked_item_row_grouping,0.9992,manual_review,
미국,1-18,호감 저해요인,예능,접하기 어려운 환경이어서,1순위,11.2,%,574.0,"809,810,811,812,813,814,815,816",easyocr+ranked_item_row_grouping,0.9387,manual_review,
미국,1-18,호감 저해요인,예능,디양한 문화에 대한 고로가 부족해세인종 성소수자 종교 텅,1순위,8.5,%,574.0,"809,810,811,812,813,814,815,816",easyocr+ranked_item_row_grouping,1.0,manual_review,
미국,1-18,호감 저해요인,예능,게스트들의 토크에 의존하는 포매이 많아서,1순위,5.8,%,574.0,"809,810,811,812,813,814,815,816",easyocr+ranked_item_row_grouping,0.7464,manual_review,
미국,1-18,호감 저해요인,예능,접하기 어려운 환경이어서 (시청 경로 부족 인터넷 속되망 문제   정보 부족 등,1+2순위(중복),18.5,%,574.0,"809,810,811,812,813,814,815,816",easyocr+ranked_item_row_grouping,0.9906,manual_review,
미국,1-18,호감 저해요인,예능,숲 방운용 자콤탕이 만노햄 일모로하없이 너무 맘아,1+2순위(중복),13.6,%,574.0,"809,810,811,812,813,814,815,816",easyocr+ranked_item_row_grouping,0.9624,manual_review,
미국,1-18,호감 저해요인,예능,남성 여성,1+2순위(중복),10.0,%,574.0,"809,810,811,812,813,814,815,816",easyocr+ranked_item_row_grouping,0.9132,manual_review,
미국,1-18,호감 저해요인,영화,숲 과운한 광고 노출이 '많아서,1순위,5.9,%,580.0,"809,810,811,812,813,814,815,816",easyocr+ranked_item_row_grouping,0.9992,manual_review,
미국,1-18,호감 저해요인,영화,과도한  광고 노출이 많아서,1+2순위(중복),12.3,%,580.0,"809,810,811,812,813,814,815,816",easyocr+ranked_item_row_grouping,0.8747,manual_review,
미국,1-18,호감 저해요인,영화,다양한 문회에 대한 고려가 부족해세인종 성소수자 종교 등,1+2순위(중복),10.3,%,580.0,"809,810,811,812,813,814,815,816",easyocr+ranked_item_row_grouping,1.0,manual_review,
미국,1-18,호감 저해요인,영화,Q,1+2순위(중복),2.0,%,580.0,"809,810,811,812,813,814,815,816",easyocr+ranked_item_row_grouping,0.4776,manual_review,
미국,1-18,호감 저해요인,영화,남성 여성,1+2순위(중복),10.0,%,580.0,"809,810,811,812,813,814,815,816",easyocr+ranked_item_row_grouping,0.9132,manual_review,
미국,1-18,호감 저해요인,음악,휴 l러-문화걀 _씩험적 .적이 팬덤 문화가 폐쇄적 배타적이어서,1순위,5.5,%,581.0,"809,810,811,812,813,814,815,816",easyocr+ranked_item_row_grouping,0.8844,manual_review,
미국,1-18,호감 저해요인,음악,음악의 장르가 확일적이어서,1+2순위(중복),10.5,%,581.0,"809,810,811,812,813,814,815,816",easyocr+ranked_item_row_grouping,0.9138,manual_review,
미국,1-18,호감 저해요인,음악,다양한 문회에 대한 고로가 부족해세인종 성소수자 종교 등,1+2순위(중복),9.5,%,581.0,"809,810,811,812,813,814,815,816",easyocr+ranked_item_row_grouping,0.9998,manual_review,
미국,1-18,호감 저해요인,음악,기타,1+2순위(중복),0.7,%,581.0,"809,810,811,812,813,814,815,816",easyocr+ranked_item_row_grouping,0.9978,manual_review,
미국,1-18,호감 저해요인,애니메이션,다양한 문회에 대한 고가 부족해세인종 성소수자 종교 히,1순위,7.1,%,576.0,"809,810,811,812,813,814,815,816",easyocr+ranked_item_row_grouping,0.9985,manual_review,
미국,1-18,호감 저해요인,애니메이션,남성 여성,1+2순위(중복),10.0,%,576.0,"809,810,811,812,813,814,815,816",easyocr+ranked_item_row_grouping,0.9301,manual_review,
미국,1-18,호감 저해요인,출판물,구매하기 어려워서판매처 등),1순위,8.8,%,422.0,"809,810,811,812,813,814,815,816",easyocr+ranked_item_row_grouping,0.9993,manual_review,
미국,1-18,호감 저해요인,출판물,소재 장르 등이 진부획일적이어서,1순위,8.3,%,422.0,"809,810,811,812,813,814,815,816",easyocr+ranked_item_row_grouping,0.9336,manual_review,
미국,1-18,호감 저해요인,출판물,} 이용하때데 비용이 많이 들다적,1순위,6.9,%,422.0,"809,810,811,812,813,814,815,816",easyocr+ranked_item_row_grouping,0.9991,manual_review,
미국,1-18,호감 저해요인,출판물,캐릭터가 맘에 들지 않아서,순위미상(중복4회 중 1번째),5.0,%,422.0,"809,810,811,812,813,814,815,816",easyocr+ranked_item_row_grouping,1.0,manual_review,순위 불명(순위미상(중복4회 중 1번째))
미국,1-18,호감 저해요인,출판물,캐릭터가 맘에 들지 않아서,순위미상(중복4회 중 2번째),4.9,%,422.0,"809,810,811,812,813,814,815,816",easyocr+ranked_item_row_grouping,0.7689,manual_review,순위 불명(순위미상(중복4회 중 2번째))
미국,1-18,호감 저해요인,출판물,캐릭터가 맘에 들지 않아서,순위미상(중복4회 중 3번째),10.6,%,422.0,"809,810,811,812,813,814,815,816",easyocr+ranked_item_row_grouping,1.0,manual_review,순위 불명(순위미상(중복4회 중 3번째))
미국,1-18,호감 저해요인,출판물,캐릭터가 맘에 들지 않아서,순위미상(중복4회 중 4번째),8.6,%,422.0,"809,810,811,812,813,814,815,816",easyocr+ranked_item_row_grouping,0.9872,manual_review,순위 불명(순위미상(중복4회 중 4번째))
미국,1-18,호감 저해요인,출판물,다양한 문회에 대한 고마가 부족해세인종 성소수자 종교,1+2순위(중복),17.3,%,422.0,"809,810,811,812,813,814,815,816",easyocr+ranked_item_row_grouping,0.9996,manual_review,
미국,1-18,호감 저해요인,출판물,흙 이용하는데 비용이 많이 들어서,1+2순위(중복),12.9,%,422.0,"809,810,811,812,813,814,815,816",easyocr+ranked_item_row_grouping,0.9999,manual_review,
미국,1-18,호감 저해요인,출판물,기타,1+2순위(중복),0.5,%,422.0,"809,810,811,812,813,814,815,816",easyocr+ranked_item_row_grouping,0.7206,manual_review,
미국,1-18,호감 저해요인,출판물,남성 여성,1+2순위(중복),10.0,%,422.0,"809,810,811,812,813,814,815,816",easyocr+ranked_item_row_grouping,0.9132,manual_review,
미국,1-18,호감 저해요인,웹툰,한국적 요소가 강해세한국 문화전통스토리 등,1순위,6.8,%,459.0,"809,810,811,812,813,814,815,816",easyocr+ranked_item_row_grouping,0.9177,manual_review,
미국,1-18,호감 저해요인,웹툰,수 파동화 광고 돌들-이망아설,1순위,5.4,%,459.0,"809,810,811,812,813,814,815,816",easyocr+ranked_item_row_grouping,0.4536,manual_review,
미국,1-18,호감 저해요인,웹툰,스토리가 맘에 들지 않아서,순위미상(중복4회 중 1번째),3.9,%,459.0,"809,810,811,812,813,814,815,816",easyocr+ranked_item_row_grouping,0.9934,manual_review,순위 불명(순위미상(중복4회 중 1번째))
미국,1-18,호감 저해요인,웹툰,스토리가 맘에 들지 않아서,순위미상(중복4회 중 2번째),2.8,%,459.0,"809,810,811,812,813,814,815,816",easyocr+ranked_item_row_grouping,0.9997,manual_review,순위 불명(순위미상(중복4회 중 2번째))
미국,1-18,호감 저해요인,웹툰,스토리가 맘에 들지 않아서,순위미상(중복4회 중 3번째),7.6,%,459.0,"809,810,811,812,813,814,815,816",easyocr+ranked_item_row_grouping,0.9986,manual_review,순위 불명(순위미상(중복4회 중 3번째))
미국,1-18,호감 저해요인,웹툰,스토리가 맘에 들지 않아서,순위미상(중복4회 중 4번째),5.4,%,459.0,"809,810,811,812,813,814,815,816",easyocr+ranked_item_row_grouping,1.0,manual_review,순위 불명(순위미상(중복4회 중 4번째))
미국,1-18,호감 저해요인,웹툰,과도한 광고 노출이 많아서,1+2순위(중복),13.3,%,459.0,"809,810,811,812,813,814,815,816",easyocr+ranked_item_row_grouping,0.9991,manual_review,
미국,1-18,호감 저해요인,웹툰,사용자 환경이 불편해서,1+2순위(중복),12.0,%,459.0,"809,810,811,812,813,814,815,816",easyocr+ranked_item_row_grouping,0.994,manual_review,
미국,1-18,호감 저해요인,웹툰,기타,1+2순위(중복),0.2,%,459.0,"809,810,811,812,813,814,815,816",easyocr+ranked_item_row_grouping,0.9998,manual_review,
미국,1-18,호감 저해요인,웹툰,남성 여성,1+2순위(중복),10.0,%,459.0,"809,810,811,812,813,814,815,816",easyocr+ranked_item_row_grouping,0.9132,manual_review,
미국,1-18,호감 저해요인,게임,사용자 환경이 불편해서,1순위,6.9,%,567.0,"809,810,811,812,813,814,815,816",easyocr+ranked_item_row_grouping,0.8857,manual_review,
미국,1-18,호감 저해요인,게임,위 디양한 문에 대한 고까마가 부족해세인종 성소수자 종교 히,1순위,5.8,%,567.0,"809,810,811,812,813,814,815,816",easyocr+ranked_item_row_grouping,0.8017,manual_review,
미국,1-18,호감 저해요인,게임,기타,1+2순위(중복),0.4,%,567.0,"809,810,811,812,813,814,815,816",easyocr+ranked_item_row_grouping,0.9954,manual_review,
미국,1-18,호감 저해요인,게임,남성 여성,1+2순위(중복),10.0,%,567.0,"809,810,811,812,813,814,815,816",easyocr+ranked_item_row_grouping,0.9132,manual_review,
미국,1-18,호감 저해요인,패션,제품 종류 및 스타일이 다양하지 않아서,순위미상(중복4회 중 1번째),13.1,%,572.0,"809,810,811,812,813,814,815,816",easyocr+ranked_item_row_grouping,0.9997,manual_review,순위 불명(순위미상(중복4회 중 1번째))
미국,1-18,호감 저해요인,패션,제품 종류 및 스타일이 다양하지 않아서,순위미상(중복4회 중 2번째),4.7,%,572.0,"809,810,811,812,813,814,815,816",easyocr+ranked_item_row_grouping,0.9996,manual_review,순위 불명(순위미상(중복4회 중 2번째))
미국,1-18,호감 저해요인,패션,제품 종류 및 스타일이 다양하지 않아서,순위미상(중복4회 중 3번째),21.3,%,572.0,"809,810,811,812,813,814,815,816",easyocr+ranked_item_row_grouping,0.9999,manual_review,순위 불명(순위미상(중복4회 중 3번째))
미국,1-18,호감 저해요인,패션,제품 종류 및 스타일이 다양하지 않아서,순위미상(중복4회 중 4번째),11.3,%,572.0,"809,810,811,812,813,814,815,816",easyocr+ranked_item_row_grouping,0.9998,manual_review,순위 불명(순위미상(중복4회 중 4번째))
미국,1-18,호감 저해요인,패션,판매되는 가격이 비싸서,1순위,8.4,%,572.0,"809,810,811,812,813,814,815,816",easyocr+ranked_item_row_grouping,0.9999,manual_review,
미국,1-18,호감 저해요인,패션,순 품질이 떨어저세소재   색상  봉제   단추 등의,1순위,8.6,%,572.0,"809,810,811,812,813,814,815,816",easyocr+ranked_item_row_grouping,0.9998,manual_review,
미국,1-18,호감 저해요인,뷰티,품질 대비 가격이 비싸서,1순위,5.8,%,573.0,"809,810,811,812,813,814,815,816",easyocr+ranked_item_row_grouping,0.8017,manual_review,
미국,1-18,호감 저해요인,뷰티,제품의 홍보가 지나치게 과장된 것 같아서,1순위,4.7,%,573.0,"809,810,811,812,813,814,815,816",easyocr+ranked_item_row_grouping,0.5738,manual_review,
미국,1-18,호감 저해요인,뷰티,품질이 떨어저서,1순위,3.3,%,573.0,"809,810,811,812,813,814,815,816",easyocr+ranked_item_row_grouping,0.7777,manual_review,
미국,1-18,호감 저해요인,뷰티,제품 용기포장의 디자인이 별로여서,1+2순위(중복),8.7,%,573.0,"809,810,811,812,813,814,815,816",easyocr+ranked_item_row_grouping,0.8042,manual_review,
미국,1-18,호감 저해요인,뷰티,남성 여성,1+2순위(중복),10.0,%,573.0,"809,810,811,812,813,814,815,816",easyocr+ranked_item_row_grouping,0.9132,manual_review,
미국,1-18,호감 저해요인,음식,제공하는 음식이 다양하지 않아서,1순위,9.1,%,585.0,"809,810,811,812,813,814,815,816",easyocr+ranked_item_row_grouping,0.4956,manual_review,
미국,1-18,호감 저해요인,음식,슈 (종페할증  채식 '식문화 등,1순위,8.2,%,585.0,"809,810,811,812,813,814,815,816",easyocr+ranked_item_row_grouping,0.8914,manual_review,
미국,1-18,호감 저해요인,음식,다양한 문화에 대한 고려가 부족해서,1+2순위(중복),13.8,%,585.0,"809,810,811,812,813,814,815,816",easyocr+ranked_item_row_grouping,0.8522,manual_review,
미국,1-18,호감 저해요인,한국어,한글이 만들어진 역사와 원리름 이해하기 어려워세생소해세,1순위,17.3,%,319.0,"809,810,811,812,813,814,815,816",easyocr+ranked_item_row_grouping,0.9996,manual_review,
캐나다,1-17,호감요인,드라마,수 표현 방식이 과거독등생생해서,1순위,7.3,%,344.0,"863,864,865,866,867,868",easyocr+ranked_item_row_grouping,0.9001,manual_review,
캐나다,1-17,호감요인,드라마,패센부티 등 한국 최신 트렌드록 볼 수 있어서,1순위,4.3,%,344.0,"863,864,865,866,867,868",easyocr+ranked_item_row_grouping,0.9853,manual_review,
캐나다,1-17,호감요인,드라마,표현 방식이 과감독특생생해서,1+2순위(중복),16.3,%,344.0,"863,864,865,866,867,868",easyocr+ranked_item_row_grouping,0.5629,manual_review,
캐나다,1-17,호감요인,드라마,복 패션분티 등 한국 최신 튼레들틀 볼 수 있어서,1+2순위(중복),9.9,%,344.0,"863,864,865,866,867,868",easyocr+ranked_item_row_grouping,0.8204,manual_review,
캐나다,1-17,호감요인,예능,자막 그래픽 합성  회면구성 등 편집이 재미있어서,1순위,8.4,%,347.0,"863,864,865,866,867,868",easyocr+ranked_item_row_grouping,0.9999,manual_review,
캐나다,1-17,호감요인,예능,패센부티 등 한국 최신 트렌드록 볼 수 있어서,1+2순위(중복),17.0,%,347.0,"863,864,865,866,867,868",easyocr+ranked_item_row_grouping,0.8487,manual_review,
캐나다,1-17,호감요인,예능,남성 여성,1+2순위(중복),10.0,%,347.0,"863,864,865,866,867,868",easyocr+ranked_item_row_grouping,0.9397,manual_review,
캐나다,1-17,호감요인,영화,순 불평등양극화 등 사회 문제름 현실적으로 표현해서,1순위,6.6,%,351.0,"863,864,865,866,867,868",easyocr+ranked_item_row_grouping,0.9999,manual_review,
캐나다,1-17,호감요인,음악,수 가사가 전달하는 뛰의미이 좋아서,1순위,5.3,%,374.0,"863,864,865,866,867,868",easyocr+ranked_item_row_grouping,0.6107,manual_review,
캐나다,1-17,호감요인,음악,복 다}직 현탤하지국햇이어속아서,1+2순위(중복),8.8,%,374.0,"863,864,865,866,867,868",easyocr+ranked_item_row_grouping,0.86,manual_review,
캐나다,1-17,호감요인,음악,남성 여성,1+2순위(중복),10.0,%,374.0,"863,864,865,866,867,868",easyocr+ranked_item_row_grouping,0.9397,manual_review,
캐나다,1-17,호감요인,애니메이션,캐릭터의 성계역할이 마음에 들어서,1순위,12.5,%,345.0,"863,864,865,866,867,868",easyocr+ranked_item_row_grouping,0.9981,manual_review,
캐나다,1-17,호감요인,애니메이션,다양한 소재 또는 장르틀 디팅서,1순위,10.4,%,345.0,"863,864,865,866,867,868",easyocr+ranked_item_row_grouping,0.9997,manual_review,
캐나다,1-17,호감요인,출판물,슈 한국의 최신 트럭드틀 접할 수 있어서,1순위,8.2,%,182.0,"863,864,865,866,867,868",easyocr+ranked_item_row_grouping,0.859,manual_review,
캐나다,1-17,호감요인,출판물,한국의 최신 트랜드록 접할 수 있어서,1+2순위(중복),16.3,%,182.0,"863,864,865,866,867,868",easyocr+ranked_item_row_grouping,0.9711,manual_review,
캐나다,1-17,호감요인,출판물,좋아하는 작가라서,1+2순위(중복),12.1,%,182.0,"863,864,865,866,867,868",easyocr+ranked_item_row_grouping,0.9988,manual_review,
캐나다,1-17,호감요인,출판물,남성 여성,1+2순위(중복),10.0,%,182.0,"863,864,865,866,867,868",easyocr+ranked_item_row_grouping,0.9397,manual_review,
캐나다,1-17,호감요인,웹툰,온라입모바일 플품올 통해 접할 수 있어서,1순위,11.7,%,215.0,"863,864,865,866,867,868",easyocr+ranked_item_row_grouping,0.7305,manual_review,
캐나다,1-17,호감요인,웹툰,다양한 소재 또는 장르틀 디팅서,1순위,10.3,%,215.0,"863,864,865,866,867,868",easyocr+ranked_item_row_grouping,0.9989,manual_review,
캐나다,1-17,호감요인,웹툰,사용자 환경이 편리해서,1순위,7.5,%,215.0,"863,864,865,866,867,868",easyocr+ranked_item_row_grouping,0.8767,manual_review,
캐나다,1-17,호감요인,웹툰,다양한 소재 또는 장르름 다리서,1+2순위(중복),23.3,%,215.0,"863,864,865,866,867,868",easyocr+ranked_item_row_grouping,0.9968,manual_review,
캐나다,1-17,호감요인,웹툰,흙 (검색 폐이지 넘김 대글 쓰기 결제 편리성 등,1+2순위(중복),15.3,%,215.0,"863,864,865,866,867,868",easyocr+ranked_item_row_grouping,0.9756,manual_review,
캐나다,1-17,호감요인,게임,디른 게p들과 네트위름 형성히고 햄게 월수 앞서,1순위,8.1,%,307.0,"863,864,865,866,867,868",easyocr+ranked_item_row_grouping,0.8745,manual_review,
캐나다,1-17,호감요인,게임,수 다양한 소재 또는 장르틀 디팅서,1순위,7.4,%,307.0,"863,864,865,866,867,868",easyocr+ranked_item_row_grouping,0.8679,manual_review,
캐나다,1-17,호감요인,게임,다양한 소재 또는 장르름 다리서,1+2순위(중복),16.6,%,307.0,"863,864,865,866,867,868",easyocr+ranked_item_row_grouping,0.6671,manual_review,
캐나다,1-17,호감요인,게임,디른 게p머들과 네트위크름 형성하고 햄 질수 앞,1+2순위(중복),15.9,%,307.0,"863,864,865,866,867,868",easyocr+ranked_item_row_grouping,1.0,manual_review,
캐나다,1-17,호감요인,게임,남성 여성,1+2순위(중복),10.0,%,307.0,"863,864,865,866,867,868",easyocr+ranked_item_row_grouping,0.9397,manual_review,
캐나다,1-17,호감요인,패션,제품 종류 및 스타일이 다양해서,1순위,10.3,%,341.0,"863,864,865,866,867,868",easyocr+ranked_item_row_grouping,0.9989,manual_review,
캐나다,1-17,호감요인,패션,주변 사람들 사이에 평판이 좋아서,1+2순위(중복),18.2,%,341.0,"863,864,865,866,867,868",easyocr+ranked_item_row_grouping,0.9999,manual_review,
캐나다,1-17,호감요인,뷰티,남성 여성,1+2순위(중복),10.0,%,344.0,"863,864,865,866,867,868",easyocr+ranked_item_row_grouping,0.9397,manual_review,
캐나다,1-17,호감요인,음식,영화 드리미어서 빛볕 한식-식문회름 경험할 있어서,1순위,10.1,%,368.0,"863,864,865,866,867,868",easyocr+ranked_item_row_grouping,0.9994,manual_review,
캐나다,1-17,호감요인,음식,출 영화; 드리미어서 뒷볕 한식-식문회름 경험할 수 있어서,1+2순위(중복),17.2,%,368.0,"863,864,865,866,867,868",easyocr+ranked_item_row_grouping,0.9914,manual_review,
캐나다,1-17,호감요인,한국어,한국어 자체가 새롭고 흥미로위서,1순위,13.0,%,146.0,"863,864,865,866,867,868",easyocr+ranked_item_row_grouping,0.9975,manual_review,
캐나다,1-17,호감요인,한국어,한글이 배우기 쉬위서,1순위,10.2,%,146.0,"863,864,865,866,867,868",easyocr+ranked_item_row_grouping,0.9853,manual_review,
캐나다,1-17,호감요인,한국어,한국어의 소리가 듣기 좋아서 유 한국어외 사i간 탄식하O서,1순위,9.5,%,146.0,"863,864,865,866,867,868",easyocr+ranked_item_row_grouping,0.9993,manual_review,
캐나다,1-17,호감요인,한국어,한국 단어나 표현 방식이 좋아서,1+2순위(중복),23.2,%,146.0,"863,864,865,866,867,868",easyocr+ranked_item_row_grouping,0.9936,manual_review,
캐나다,1-17,호감요인,한국어,한국어의 소리가 듣기 좋아서,1+2순위(중복),18.5,%,146.0,"863,864,865,866,867,868",easyocr+ranked_item_row_grouping,0.8949,manual_review,
캐나다,1-17,호감요인,한국어,복 한국어의 글자인 한글이 아름다위서,1+2순위(중복),13.1,%,146.0,"863,864,865,866,867,868",easyocr+ranked_item_row_grouping,0.9896,manual_review,
캐나다,1-18,호감 저해요인,드라마,드라마름 보는데 비용이 많이 들어서,1순위,7.3,%,3.0,"869,870,871,872,873,874,875,876",easyocr+ranked_item_row_grouping,0.9902,manual_review,
캐나다,1-18,호감 저해요인,드라마,접하기 어려운 환경이어서 (시청 경로 부족 인터넷 속되망 문제  정보 부족 등,1순위,4.6,%,3.0,"869,870,871,872,873,874,875,876",easyocr+ranked_item_row_grouping,0.5643,manual_review,
캐나다,1-18,호감 저해요인,드라마,다양한 문에 대한 고사마가 부족해세인종 성소수자 종교 등,1순위,3.5,%,3.0,"869,870,871,872,873,874,875,876",easyocr+ranked_item_row_grouping,0.9994,manual_review,
캐나다,1-18,호감 저해요인,드라마,접하기 어려운 환경이어서,1+2순위(중복),15.0,%,3.0,"869,870,871,872,873,874,875,876",easyocr+ranked_item_row_grouping,0.997,manual_review,
캐나다,1-18,호감 저해요인,드라마,디양한 문화에 대한 고로가 부족해세인종 성소수자 종교 텅,1+2순위(중복),6.4,%,3.0,"869,870,871,872,873,874,875,876",easyocr+ranked_item_row_grouping,0.9998,manual_review,
캐나다,1-18,호감 저해요인,예능,접하기 어려운 환경이어서 (지청 경로 부족 인터넷 속되망 문제  정보 부족 등,1순위,9.7,%,347.0,"869,870,871,872,873,874,875,876",easyocr+ranked_item_row_grouping,0.9135,manual_review,
캐나다,1-18,호감 저해요인,예능,게스트들의 토크에 의존하는 포매이 많아서,1순위,8.6,%,347.0,"869,870,871,872,873,874,875,876",easyocr+ranked_item_row_grouping,0.9994,manual_review,
캐나다,1-18,호감 저해요인,예능,순 디양한 문화에 대한 고로가 부족해세인종 성소수자 종교 등,1순위,6.1,%,347.0,"869,870,871,872,873,874,875,876",easyocr+ranked_item_row_grouping,0.9999,manual_review,
캐나다,1-18,호감 저해요인,예능,위 매력 있는 스타가 출연하지 않아서,1순위,5.2,%,347.0,"869,870,871,872,873,874,875,876",easyocr+ranked_item_row_grouping,0.9999,manual_review,
캐나다,1-18,호감 저해요인,예능,접하기 어려운 환경이어서,1+2순위(중복),16.1,%,347.0,"869,870,871,872,873,874,875,876",easyocr+ranked_item_row_grouping,0.9999,manual_review,
캐나다,1-18,호감 저해요인,예능,방송용 자매텍스 말 풍선 이모티서 등이 너무 많아서,1+2순위(중복),13.1,%,347.0,"869,870,871,872,873,874,875,876",easyocr+ranked_item_row_grouping,0.9981,manual_review,
캐나다,1-18,호감 저해요인,예능,다양한 문에 대한 고로마가 부족해세인종 성소수자 종교 등,1+2순위(중복),13.0,%,347.0,"869,870,871,872,873,874,875,876",easyocr+ranked_item_row_grouping,0.9995,manual_review,
캐나다,1-18,호감 저해요인,예능,복 매력 윗습스타가 출요하지 않아서,1+2순위(중복),7.8,%,347.0,"869,870,871,872,873,874,875,876",easyocr+ranked_item_row_grouping,0.9995,manual_review,
캐나다,1-18,호감 저해요인,예능,Q,1+2순위(중복),2.0,%,347.0,"869,870,871,872,873,874,875,876",easyocr+ranked_item_row_grouping,0.1723,manual_review,
캐나다,1-18,호감 저해요인,예능,남성 여성,1+2순위(중복),10.0,%,347.0,"869,870,871,872,873,874,875,876",easyocr+ranked_item_row_grouping,0.9548,manual_review,
캐나다,1-18,호감 저해요인,영화,""";",1순위,33.0,%,351.0,"869,870,871,872,873,874,875,876",easyocr+ranked_item_row_grouping,0.6232,manual_review,
캐나다,1-18,호감 저해요인,영화,한국 영화 배우 관계자의 부적절한 언행,1순위,3.1,%,351.0,"869,870,871,872,873,874,875,876",easyocr+ranked_item_row_grouping,0.9998,manual_review,
캐나다,1-18,호감 저해요인,영화,다양한 문회에 대한 고로가 부족해세인종 성소수자 종교,1+2순위(중복),11.1,%,351.0,"869,870,871,872,873,874,875,876",easyocr+ranked_item_row_grouping,0.9999,manual_review,
캐나다,1-18,호감 저해요인,영화,복 한국 영화 배우-관계자의 '부적절한 연행,1+2순위(중복),5.7,%,351.0,"869,870,871,872,873,874,875,876",easyocr+ranked_item_row_grouping,0.9994,manual_review,
캐나다,1-18,호감 저해요인,영화,남성 여성,1+2순위(중복),10.0,%,351.0,"869,870,871,872,873,874,875,876",easyocr+ranked_item_row_grouping,0.9548,manual_review,
캐나다,1-18,호감 저해요인,음악,퍼포먼스 대비 가창 실력이 부족해서,1순위,3.8,%,374.0,"869,870,871,872,873,874,875,876",easyocr+ranked_item_row_grouping,0.9068,manual_review,
캐나다,1-18,호감 저해요인,음악,다양한 문회에 대한 고로마가 부족해세인종 성소수자 종교 히,1순위,3.0,%,374.0,"869,870,871,872,873,874,875,876",easyocr+ranked_item_row_grouping,0.9053,manual_review,
캐나다,1-18,호감 저해요인,애니메이션,지나치게 상업적이어서,1순위,9.0,%,345.0,"869,870,871,872,873,874,875,876",easyocr+ranked_item_row_grouping,0.9999,manual_review,
캐나다,1-18,호감 저해요인,애니메이션,접하기 어려운 환경이어서,1순위,7.9,%,345.0,"869,870,871,872,873,874,875,876",easyocr+ranked_item_row_grouping,0.998,manual_review,
캐나다,1-18,호감 저해요인,애니메이션,대부분 유아용으 제작되며 성인 대상 권렌초가 부족해서,1순위,7.8,%,345.0,"869,870,871,872,873,874,875,876",easyocr+ranked_item_row_grouping,0.9993,manual_review,
캐나다,1-18,호감 저해요인,애니메이션,대부분 유아용의로 제작되며 성인 대상 권렌j 부족해서,1+2순위(중복),17.9,%,345.0,"869,870,871,872,873,874,875,876",easyocr+ranked_item_row_grouping,0.7711,manual_review,
캐나다,1-18,호감 저해요인,애니메이션,주 어려운 환경이어서 경로 부족 인터넷 속되망 문제  정보 부족 등,1+2순위(중복),17.8,%,345.0,"869,870,871,872,873,874,875,876",easyocr+ranked_item_row_grouping,0.9994,manual_review,
캐나다,1-18,호감 저해요인,애니메이션,한국적 요소가 강해세한국 문화전통스토리 등),1+2순위(중복),15.9,%,345.0,"869,870,871,872,873,874,875,876",easyocr+ranked_item_row_grouping,0.8516,manual_review,
캐나다,1-18,호감 저해요인,애니메이션,남성 여성,1+2순위(중복),10.0,%,345.0,"869,870,871,872,873,874,875,876",easyocr+ranked_item_row_grouping,0.9548,manual_review,
캐나다,1-18,호감 저해요인,출판물,이용하는데 비용이 많이 들어서,1순위,7.7,%,821.0,"869,870,871,872,873,874,875,876",easyocr+ranked_item_row_grouping,0.9942,manual_review,
캐나다,1-18,호감 저해요인,출판물,캐릭터가 맘에 들지 않아서,순위미상(중복3회 중 1번째),6.0,%,821.0,"869,870,871,872,873,874,875,876",easyocr+ranked_item_row_grouping,0.9696,manual_review,순위 불명(순위미상(중복3회 중 1번째))
캐나다,1-18,호감 저해요인,출판물,캐릭터가 맘에 들지 않아서,순위미상(중복3회 중 2번째),3.9,%,821.0,"869,870,871,872,873,874,875,876",easyocr+ranked_item_row_grouping,0.9996,manual_review,순위 불명(순위미상(중복3회 중 2번째))
캐나다,1-18,호감 저해요인,출판물,캐릭터가 맘에 들지 않아서,순위미상(중복3회 중 3번째),6.1,%,821.0,"869,870,871,872,873,874,875,876",easyocr+ranked_item_row_grouping,0.9999,manual_review,순위 불명(순위미상(중복3회 중 3번째))
캐나다,1-18,호감 저해요인,출판물,기타,1+2순위(중복),1.1,%,821.0,"869,870,871,872,873,874,875,876",easyocr+ranked_item_row_grouping,0.9996,manual_review,
캐나다,1-18,호감 저해요인,출판물,Q,1+2순위(중복),2.0,%,821.0,"869,870,871,872,873,874,875,876",easyocr+ranked_item_row_grouping,0.3465,manual_review,
캐나다,1-18,호감 저해요인,출판물,남성 여성,1+2순위(중복),10.0,%,821.0,"869,870,871,872,873,874,875,876",easyocr+ranked_item_row_grouping,0.9548,manual_review,
캐나다,1-18,호감 저해요인,웹툰,언어와 문화가 달라 내용올 이해하기 어려워서,1순위,8.8,%,215.0,"869,870,871,872,873,874,875,876",easyocr+ranked_item_row_grouping,0.9999,manual_review,
캐나다,1-18,호감 저해요인,웹툰,(시청 경로 부족 인터넷 속되망 문제  정보 부족 등,1순위,6.6,%,215.0,"869,870,871,872,873,874,875,876",easyocr+ranked_item_row_grouping,0.9998,manual_review,
캐나다,1-18,호감 저해요인,웹툰,스토리가 맘에 들지 않아서,순위미상(중복4회 중 1번째),3.7,%,215.0,"869,870,871,872,873,874,875,876",easyocr+ranked_item_row_grouping,0.8217,manual_review,순위 불명(순위미상(중복4회 중 1번째))
캐나다,1-18,호감 저해요인,웹툰,스토리가 맘에 들지 않아서,순위미상(중복4회 중 2번째),3.7,%,215.0,"869,870,871,872,873,874,875,876",easyocr+ranked_item_row_grouping,0.9865,manual_review,순위 불명(순위미상(중복4회 중 2번째))
캐나다,1-18,호감 저해요인,웹툰,스토리가 맘에 들지 않아서,순위미상(중복4회 중 3번째),8.8,%,215.0,"869,870,871,872,873,874,875,876",easyocr+ranked_item_row_grouping,0.698,manual_review,순위 불명(순위미상(중복4회 중 3번째))
캐나다,1-18,호감 저해요인,웹툰,스토리가 맘에 들지 않아서,순위미상(중복4회 중 4번째),6.0,%,215.0,"869,870,871,872,873,874,875,876",easyocr+ranked_item_row_grouping,0.997,manual_review,순위 불명(순위미상(중복4회 중 4번째))
캐나다,1-18,호감 저해요인,웹툰,접하기 어려운 환경이어서,1+2순위(중복),11.6,%,215.0,"869,870,871,872,873,874,875,876",easyocr+ranked_item_row_grouping,0.9993,manual_review,
캐나다,1-18,호감 저해요인,웹툰,소재 장르 등이 진부획일적이어서,1+2순위(중복),7.0,%,215.0,"869,870,871,872,873,874,875,876",easyocr+ranked_item_row_grouping,0.5647,manual_review,
캐나다,1-18,호감 저해요인,웹툰,남성 여성,1+2순위(중복),10.0,%,215.0,"869,870,871,872,873,874,875,876",easyocr+ranked_item_row_grouping,0.9548,manual_review,
캐나다,1-18,호감 저해요인,게임,게임 스토리의 짜임새가 부족해서,1순위,7.8,%,307.0,"869,870,871,872,873,874,875,876",easyocr+ranked_item_row_grouping,0.9995,manual_review,
캐나다,1-18,호감 저해요인,게임,"수 늙용안-다최이하양울""몰움히성",1순위,6.5,%,307.0,"869,870,871,872,873,874,875,876",easyocr+ranked_item_row_grouping,0.9996,manual_review,
캐나다,1-18,호감 저해요인,게임,디양한 문회에 대한 고로가 부족해세인종 성소수자 종교 등,1순위,5.5,%,307.0,"869,870,871,872,873,874,875,876",easyocr+ranked_item_row_grouping,0.9999,manual_review,
캐나다,1-18,호감 저해요인,게임,흙 다양한 문에 대한 고까마가 부족해세인종 성소수자 종교 히,1+2순위(중복),12.3,%,307.0,"869,870,871,872,873,874,875,876",easyocr+ranked_item_row_grouping,0.9991,manual_review,
캐나다,1-18,호감 저해요인,게임,기타,1+2순위(중복),1.6,%,307.0,"869,870,871,872,873,874,875,876",easyocr+ranked_item_row_grouping,0.9985,manual_review,
캐나다,1-18,호감 저해요인,게임,남성 여성,1+2순위(중복),10.0,%,307.0,"869,870,871,872,873,874,875,876",easyocr+ranked_item_row_grouping,0.9548,manual_review,
캐나다,1-18,호감 저해요인,패션,제품 종류 및 스타일이 다양하지 않아서,순위미상(중복3회 중 1번째),16.1,%,341.0,"869,870,871,872,873,874,875,876",easyocr+ranked_item_row_grouping,1.0,manual_review,순위 불명(순위미상(중복3회 중 1번째))
캐나다,1-18,호감 저해요인,패션,제품 종류 및 스타일이 다양하지 않아서,순위미상(중복3회 중 2번째),5.2,%,341.0,"869,870,871,872,873,874,875,876",easyocr+ranked_item_row_grouping,0.9999,manual_review,순위 불명(순위미상(중복3회 중 2번째))
캐나다,1-18,호감 저해요인,패션,제품 종류 및 스타일이 다양하지 않아서,순위미상(중복3회 중 3번째),13.4,%,341.0,"869,870,871,872,873,874,875,876",easyocr+ranked_item_row_grouping,0.9997,manual_review,순위 불명(순위미상(중복3회 중 3번째))
캐나다,1-18,호감 저해요인,패션,다양한 문화에 대한 고려가 부족해서,1순위,7.5,%,341.0,"869,870,871,872,873,874,875,876",easyocr+ranked_item_row_grouping,0.9982,manual_review,
캐나다,1-18,호감 저해요인,패션,} 활플어설어켜제 제품액 아넷어서 단추 등의 상태,1순위,6.2,%,341.0,"869,870,871,872,873,874,875,876",easyocr+ranked_item_row_grouping,0.9964,manual_review,
캐나다,1-18,호감 저해요인,패션,선 사이즈가 다양하지 않아서,1순위,27.0,%,341.0,"869,870,871,872,873,874,875,876",easyocr+ranked_item_row_grouping,0.8567,manual_review,
캐나다,1-18,호감 저해요인,패션,품질이 떨어저세소재  색상  봉제  단추 등의,1+2순위(중복),11.2,%,341.0,"869,870,871,872,873,874,875,876",easyocr+ranked_item_row_grouping,0.9691,manual_review,
캐나다,1-18,호감 저해요인,패션,기타,1+2순위(중복),0.3,%,341.0,"869,870,871,872,873,874,875,876",easyocr+ranked_item_row_grouping,0.9637,manual_review,
캐나다,1-18,호감 저해요인,뷰티,제품의 홍보가 지나치게 과장된 것 같아서,1순위,6.1,%,344.0,"869,870,871,872,873,874,875,876",easyocr+ranked_item_row_grouping,1.0,manual_review,
캐나다,1-18,호감 저해요인,뷰티,제품의 종류가 다양하지 않아서,1순위,3.5,%,344.0,"869,870,871,872,873,874,875,876",easyocr+ranked_item_row_grouping,0.9971,manual_review,
캐나다,1-18,호감 저해요인,뷰티,브랜드 이미지가 쫓지 않아서,1순위,2.3,%,344.0,"869,870,871,872,873,874,875,876",easyocr+ranked_item_row_grouping,0.9978,manual_review,
캐나다,1-18,호감 저해요인,뷰티,제품 포장이 과해세비닐플라스틱 과다 사용 등,1+2순위(중복),13.1,%,344.0,"869,870,871,872,873,874,875,876",easyocr+ranked_item_row_grouping,0.9996,manual_review,
캐나다,1-18,호감 저해요인,뷰티,품질이 떨어저서 숫표질이 몇어적_양하지 않아서,1+2순위(중복),9.9,%,344.0,"869,870,871,872,873,874,875,876",easyocr+ranked_item_row_grouping,0.405,manual_review,
캐나다,1-18,호감 저해요인,뷰티,남성 여성,1+2순위(중복),10.0,%,344.0,"869,870,871,872,873,874,875,876",easyocr+ranked_item_row_grouping,0.9686,manual_review,
캐나다,1-18,호감 저해요인,음식,좋아하는 맛과 향이 아니어서,1순위,7.1,%,179.0,"869,870,871,872,873,874,875,876",easyocr+ranked_item_row_grouping,0.9092,manual_review,
캐나다,1-18,호감 저해요인,음식,} 담l 률증째 다안끊- 부족해서,1순위,5.7,%,179.0,"869,870,871,872,873,874,875,876",easyocr+ranked_item_row_grouping,0.7192,manual_review,
캐나다,1-18,호감 저해요인,음식,다양환 문화에 대한 펴려가 부족해서,1+2순위(중복),10.1,%,179.0,"869,870,871,872,873,874,875,876",easyocr+ranked_item_row_grouping,0.7826,manual_review,
캐나다,1-18,호감 저해요인,한국어,한국어가 배우기 어렵다고 느껴저서,1순위,22.5,%,146.0,"869,870,871,872,873,874,875,876",easyocr+ranked_item_row_grouping,0.9922,manual_review,
멕시코,1-17,호감요인,예능,유 패션분리 등 헌국 최심 플근물 물수 있어서,1순위,10.4,%,469.0,"923,924,925,926,927,928",easyocr+ranked_item_row_grouping,0.9601,manual_review,
멕시코,1-17,호감요인,예능,패센부티 등 한국 최신 트렌드록 볼 수 있어서,1+2순위(중복),22.2,%,469.0,"923,924,925,926,927,928",easyocr+ranked_item_row_grouping,0.9765,manual_review,
멕시코,1-17,호감요인,예능,남성 여성,1+2순위(중복),10.0,%,469.0,"923,924,925,926,927,928",easyocr+ranked_item_row_grouping,0.4444,manual_review,
멕시코,1-17,호감요인,영화,영상매연출력 등 작품성이 좋아서,1순위,8.2,%,476.0,"923,924,925,926,927,928",easyocr+ranked_item_row_grouping,0.9742,manual_review,
멕시코,1-17,호감요인,영화,배우의 연기력이 뛰어나서,1+2순위(중복),14.5,%,476.0,"923,924,925,926,927,928",easyocr+ranked_item_row_grouping,0.9979,manual_review,
멕시코,1-17,호감요인,음악,수 가취-물과 편 사O 유ca이 좋아서,1순위,6.3,%,475.0,"923,924,925,926,927,928",easyocr+ranked_item_row_grouping,0.9935,manual_review,
멕시코,1-17,호감요인,음악,온라인모바일 플품올 통해 접할 수 있어서,1순위,5.9,%,475.0,"923,924,925,926,927,928",easyocr+ranked_item_row_grouping,0.9898,manual_review,
멕시코,1-17,호감요인,음악,세계관스토리텔랗이 좋아서,1순위,3.8,%,475.0,"923,924,925,926,927,928",easyocr+ranked_item_row_grouping,0.9946,manual_review,
멕시코,1-17,호감요인,음악,약악 기타,1순위,1.5,%,475.0,"923,924,925,926,927,928",easyocr+ranked_item_row_grouping,0.9998,manual_review,
멕시코,1-17,호감요인,음악,가쉬그룹과 팬 사이에 유대감이 좋아서,1+2순위(중복),14.7,%,475.0,"923,924,925,926,927,928",easyocr+ranked_item_row_grouping,0.9199,manual_review,
멕시코,1-17,호감요인,음악,중 온라입모바일 플렉패올 통해 접할 수 있어서,1+2순위(중복),10.9,%,475.0,"923,924,925,926,927,928",easyocr+ranked_item_row_grouping,0.9643,manual_review,
멕시코,1-17,호감요인,음악,기타,1+2순위(중복),1.5,%,475.0,"923,924,925,926,927,928",easyocr+ranked_item_row_grouping,0.9998,manual_review,
멕시코,1-17,호감요인,음악,남성 여성,1+2순위(중복),10.0,%,475.0,"923,924,925,926,927,928",easyocr+ranked_item_row_grouping,0.4444,manual_review,
멕시코,1-17,호감요인,애니메이션,슈 현국인 -물렉h-경언하U}이 버다숙,1순위,7.3,%,477.0,"923,924,925,926,927,928",easyocr+ranked_item_row_grouping,0.8988,manual_review,
멕시코,1-17,호감요인,애니메이션,둘 온라인모바일 플렉품올 통해 접할 수 있어서,1+2순위(중복),14.7,%,477.0,"923,924,925,926,927,928",easyocr+ranked_item_row_grouping,0.9199,manual_review,
멕시코,1-17,호감요인,애니메이션,기타,1+2순위(중복),0.4,%,477.0,"923,924,925,926,927,928",easyocr+ranked_item_row_grouping,0.9998,manual_review,
멕시코,1-17,호감요인,출판물,수 한국의 최 스l출 출율 수 있어서,1순위,7.8,%,448.0,"923,924,925,926,927,928",easyocr+ranked_item_row_grouping,0.5485,manual_review,
멕시코,1-17,호감요인,출판물,흙 한국의 최신 트렌드틀 접할 수 있어서,1+2순위(중복),15.6,%,448.0,"923,924,925,926,927,928",easyocr+ranked_item_row_grouping,0.9999,manual_review,
멕시코,1-17,호감요인,출판물,남성 여성,1+2순위(중복),10.0,%,448.0,"923,924,925,926,927,928",easyocr+ranked_item_row_grouping,0.4444,manual_review,
멕시코,1-17,호감요인,웹툰,사용자 환경이 편리해서,1순위,11.3,%,478.0,"923,924,925,926,927,928",easyocr+ranked_item_row_grouping,0.9903,manual_review,
멕시코,1-17,호감요인,웹툰,유 현기 청늘 한류 물러추의 운직인 경우가 Bo,1순위,8.6,%,478.0,"923,924,925,926,927,928",easyocr+ranked_item_row_grouping,0.9618,manual_review,
멕시코,1-17,호감요인,웹툰,"인기 있는 한류 ,렌즈의 원작인 경우가 많아서",1+2순위(중복),17.8,%,478.0,"923,924,925,926,927,928",easyocr+ranked_item_row_grouping,0.9997,manual_review,
멕시코,1-17,호감요인,웹툰,기타,1+2순위(중복),0.4,%,478.0,"923,924,925,926,927,928",easyocr+ranked_item_row_grouping,0.8749,manual_review,
멕시코,1-17,호감요인,게임,디른 게pp들과 네트위스름 형성하고 햄게 질수 엇,1순위,8.7,%,460.0,"923,924,925,926,927,928",easyocr+ranked_item_row_grouping,0.5933,manual_review,
멕시코,1-17,호감요인,게임,좋아하는 스리어가 한국 게임올 자주 소개해서,1순위,7.1,%,460.0,"923,924,925,926,927,928",easyocr+ranked_item_row_grouping,0.9435,manual_review,
멕시코,1-17,호감요인,게임,스토리가 짜임새 잇고 탄단해서,1순위,7.0,%,460.0,"923,924,925,926,927,928",easyocr+ranked_item_row_grouping,0.9979,manual_review,
멕시코,1-17,호감요인,게임,디른 게p들과 네트위f름 형성하고 햄게 월수 앞서,1+2순위(중복),15.7,%,460.0,"923,924,925,926,927,928",easyocr+ranked_item_row_grouping,0.9999,manual_review,
멕시코,1-17,호감요인,게임,흙 스토리가 찌임새 있고 탄단해서,1+2순위(중복),14.6,%,460.0,"923,924,925,926,927,928",easyocr+ranked_item_row_grouping,0.7735,manual_review,
멕시코,1-17,호감요인,게임,복 중@하늘 스톱리머가 한국 게임올 자주 소개해서,1+2순위(중복),12.8,%,460.0,"923,924,925,926,927,928",easyocr+ranked_item_row_grouping,0.9996,manual_review,
멕시코,1-17,호감요인,게임,남성 여성,1+2순위(중복),10.0,%,460.0,"923,924,925,926,927,928",easyocr+ranked_item_row_grouping,0.4444,manual_review,
멕시코,1-17,호감요인,패션,품질이 우수해세소재  색상 봉제  단추 등의 상태),1순위,12.6,%,476.0,"923,924,925,926,927,928",easyocr+ranked_item_row_grouping,0.9995,manual_review,
멕시코,1-17,호감요인,패션,신제품이 자주 나외서,1순위,10.5,%,476.0,"923,924,925,926,927,928",easyocr+ranked_item_row_grouping,0.6435,manual_review,
멕시코,1-17,호감요인,패션,좋아하는 한류스타가 사용홍보하기 때문에,1+2순위(중복),20.6,%,476.0,"923,924,925,926,927,928",easyocr+ranked_item_row_grouping,0.9547,manual_review,
멕시코,1-17,호감요인,뷰티,수 도이하듣 한류지되가 직접 사용동호하서,1순위,7.0,%,474.0,"923,924,925,926,927,928",easyocr+ranked_item_row_grouping,0.9979,manual_review,
멕시코,1-17,호감요인,뷰티,좋아하는 한류스타가 직접 사용홍보해서,1+2순위(중복),15.6,%,474.0,"923,924,925,926,927,928",easyocr+ranked_item_row_grouping,1.0,manual_review,
멕시코,1-17,호감요인,뷰티,남성 여성,1+2순위(중복),10.0,%,474.0,"923,924,925,926,927,928",easyocr+ranked_item_row_grouping,0.4444,manual_review,
멕시코,1-17,호감요인,음식,수 출이하듣오출록안마가 자주 먹건 노출하기 때문께,1순위,7.3,%,478.0,"923,924,925,926,927,928",easyocr+ranked_item_row_grouping,0.9001,manual_review,
멕시코,1-17,호감요인,음식,; 좋이하는 인풀루언서가 자주 먹거나 노출하기 때문에,1+2순위(중복),12.8,%,478.0,"923,924,925,926,927,928",easyocr+ranked_item_row_grouping,0.9996,manual_review,
멕시코,1-17,호감요인,한국어,한국어 자체가 새롭고 흥미로위서,1순위,13.3,%,218.0,"923,924,925,926,927,928",easyocr+ranked_item_row_grouping,0.9965,manual_review,
멕시코,1-17,호감요인,한국어,슈 한국어 의켓자연인어 아름다위서,1순위,6.4,%,218.0,"923,924,925,926,927,928",easyocr+ranked_item_row_grouping,0.9999,manual_review,
멕시코,1-17,호감요인,한국어,흙 한국어의 글자인 한글이 아름다위서,1+2순위(중복),12.4,%,218.0,"923,924,925,926,927,928",easyocr+ranked_item_row_grouping,0.8069,manual_review,
멕시코,1-18,호감 저해요인,드라마,소재 스토리 장르 등이 진부획일적이어서,1순위,9.6,%,476.0,"929,930,931,932,933,934,935,936",easyocr+ranked_item_row_grouping,0.9992,manual_review,
멕시코,1-18,호감 저해요인,드라마,수 접하기 어려운 환경이어서 (시청 경로 부족 인터넷 속되망 문제   정보 부족 등,1순위,3.1,%,476.0,"929,930,931,932,933,934,935,936",easyocr+ranked_item_row_grouping,0.9971,manual_review,
멕시코,1-18,호감 저해요인,드라마,주합,1+2순위(중복),8.8,%,476.0,"929,930,931,932,933,934,935,936",easyocr+ranked_item_row_grouping,0.9998,manual_review,
멕시코,1-18,호감 저해요인,예능,위 다양한 문회에 대한 교마 부족해세요종 성소수자 종교 히,1순위,5.1,%,469.0,"929,930,931,932,933,934,935,936",easyocr+ranked_item_row_grouping,1.0,manual_review,
멕시코,1-18,호감 저해요인,예능,게스트들의 토크에 의존하는 포매이 많아서,1+2순위(중복),11.5,%,469.0,"929,930,931,932,933,934,935,936",easyocr+ranked_item_row_grouping,0.9918,manual_review,
멕시코,1-18,호감 저해요인,예능,다양한 문최에 대한 고로가 부족해세인종 성소수자 종교,1+2순위(중복),9.8,%,469.0,"929,930,931,932,933,934,935,936",easyocr+ranked_item_row_grouping,0.9995,manual_review,
멕시코,1-18,호감 저해요인,예능,남성 여성,1+2순위(중복),10.0,%,469.0,"929,930,931,932,933,934,935,936",easyocr+ranked_item_row_grouping,0.9132,manual_review,
멕시코,1-18,호감 저해요인,영화,다양한 문회에 대한 고마가 부족해세인종 성소수자 종교,1순위,2.9,%,476.0,"929,930,931,932,933,934,935,936",easyocr+ranked_item_row_grouping,0.9998,manual_review,
멕시코,1-18,호감 저해요인,영화,과도한 광고 노출이 많아서,1+2순위(중복),14.7,%,476.0,"929,930,931,932,933,934,935,936",easyocr+ranked_item_row_grouping,0.9149,manual_review,
멕시코,1-18,호감 저해요인,영화,디양한 문화에 대한 고로가 부족해세인종 성소수자 종교 등,1+2순위(중복),9.0,%,476.0,"929,930,931,932,933,934,935,936",easyocr+ranked_item_row_grouping,0.9999,manual_review,
멕시코,1-18,호감 저해요인,영화,Q,1+2순위(중복),2.0,%,476.0,"929,930,931,932,933,934,935,936",easyocr+ranked_item_row_grouping,0.4776,manual_review,
멕시코,1-18,호감 저해요인,영화,구분 전체 남성 여성,1+2순위(중복),10.0,%,476.0,"929,930,931,932,933,934,935,936",easyocr+ranked_item_row_grouping,0.9301,manual_review,
멕시코,1-18,호감 저해요인,음악,숲 자국 내 곳즈 구입 경로 부족,1순위,4.6,%,475.0,"929,930,931,932,933,934,935,936",easyocr+ranked_item_row_grouping,0.993,manual_review,
멕시코,1-18,호감 저해요인,음악,디양한 문화에 대한 고로마 부족해세인종 성소수자 종교 등,1순위,4.0,%,475.0,"929,930,931,932,933,934,935,936",easyocr+ranked_item_row_grouping,0.9997,manual_review,
멕시코,1-18,호감 저해요인,음악,음악 자체가 쫓지 않아세수준이 낮아서,1순위,2.7,%,475.0,"929,930,931,932,933,934,935,936",easyocr+ranked_item_row_grouping,0.5625,manual_review,
멕시코,1-18,호감 저해요인,음악,복 음악 -자체가 놓지 않아세수준이 낮아서 다양한 문회에 대한 고로가 부족해세인종 성소수자 종교 등,1+2순위(중복),7.4,%,475.0,"929,930,931,932,933,934,935,936",easyocr+ranked_item_row_grouping,0.9985,manual_review,
멕시코,1-18,호감 저해요인,애니메이션,접하기 어려운 환경이어서,1순위,13.6,%,477.0,"929,930,931,932,933,934,935,936",easyocr+ranked_item_row_grouping,0.8708,manual_review,
멕시코,1-18,호감 저해요인,애니메이션,국가 간 역사 외교적 관계로 인해서,1순위,3.8,%,477.0,"929,930,931,932,933,934,935,936",easyocr+ranked_item_row_grouping,0.9957,manual_review,
멕시코,1-18,호감 저해요인,애니메이션,(시청 경로 부족 인터넷 속되망 문제  정보 부족 등,1+2순위(중복),23.7,%,477.0,"929,930,931,932,933,934,935,936",easyocr+ranked_item_row_grouping,0.9997,manual_review,
멕시코,1-18,호감 저해요인,애니메이션,한국적 요소가 강해세한국 문화전통스토리 등),1+2순위(중복),13.2,%,477.0,"929,930,931,932,933,934,935,936",easyocr+ranked_item_row_grouping,0.9975,manual_review,
멕시코,1-18,호감 저해요인,애니메이션,복 국가 간 역사-외교적 관계로- 인해서,1+2순위(중복),8.8,%,477.0,"929,930,931,932,933,934,935,936",easyocr+ranked_item_row_grouping,1.0,manual_review,
멕시코,1-18,호감 저해요인,애니메이션,남성 여성,1+2순위(중복),10.0,%,477.0,"929,930,931,932,933,934,935,936",easyocr+ranked_item_row_grouping,0.9132,manual_review,
멕시코,1-18,호감 저해요인,출판물,이용하는데 비용이 많이 들어서,1순위,12.7,%,48.0,"929,930,931,932,933,934,935,936",easyocr+ranked_item_row_grouping,0.9998,manual_review,
멕시코,1-18,호감 저해요인,출판물,캐릭터가 맘에 들지 않아서,순위미상(중복4회 중 1번째),3.1,%,48.0,"929,930,931,932,933,934,935,936",easyocr+ranked_item_row_grouping,0.9998,manual_review,순위 불명(순위미상(중복4회 중 1번째))
멕시코,1-18,호감 저해요인,출판물,캐릭터가 맘에 들지 않아서,순위미상(중복4회 중 2번째),3.1,%,48.0,"929,930,931,932,933,934,935,936",easyocr+ranked_item_row_grouping,0.9971,manual_review,순위 불명(순위미상(중복4회 중 2번째))
멕시코,1-18,호감 저해요인,출판물,캐릭터가 맘에 들지 않아서,순위미상(중복4회 중 3번째),6.0,%,48.0,"929,930,931,932,933,934,935,936",easyocr+ranked_item_row_grouping,0.9998,manual_review,순위 불명(순위미상(중복4회 중 3번째))
멕시코,1-18,호감 저해요인,출판물,캐릭터가 맘에 들지 않아서,순위미상(중복4회 중 4번째),6.0,%,48.0,"929,930,931,932,933,934,935,936",easyocr+ranked_item_row_grouping,0.997,manual_review,순위 불명(순위미상(중복4회 중 4번째))
멕시코,1-18,호감 저해요인,출판물,Q,1+2순위(중복),2.0,%,48.0,"929,930,931,932,933,934,935,936",easyocr+ranked_item_row_grouping,0.4511,manual_review,
멕시코,1-18,호감 저해요인,출판물,남성 여성,1+2순위(중복),10.0,%,48.0,"929,930,931,932,933,934,935,936",easyocr+ranked_item_row_grouping,0.9132,manual_review,
멕시코,1-18,호감 저해요인,웹툰,수 연재 주기가 불규칙해세유재 변경 등,1순위,4.8,%,478.0,"929,930,931,932,933,934,935,936",easyocr+ranked_item_row_grouping,0.6011,manual_review,
멕시코,1-18,호감 저해요인,웹툰,다양한 문회에 대한 고마가 부족해세인종 성소수자,1순위,2.9,%,478.0,"929,930,931,932,933,934,935,936",easyocr+ranked_item_row_grouping,0.7816,manual_review,
멕시코,1-18,호감 저해요인,웹툰,스토리가 맘에 들지 않아서,순위미상(중복4회 중 1번째),2.7,%,478.0,"929,930,931,932,933,934,935,936",easyocr+ranked_item_row_grouping,0.5625,manual_review,순위 불명(순위미상(중복4회 중 1번째))
멕시코,1-18,호감 저해요인,웹툰,스토리가 맘에 들지 않아서,순위미상(중복4회 중 2번째),2.5,%,478.0,"929,930,931,932,933,934,935,936",easyocr+ranked_item_row_grouping,0.9999,manual_review,순위 불명(순위미상(중복4회 중 2번째))
멕시코,1-18,호감 저해요인,웹툰,스토리가 맘에 들지 않아서,순위미상(중복4회 중 3번째),6.5,%,478.0,"929,930,931,932,933,934,935,936",easyocr+ranked_item_row_grouping,0.9841,manual_review,순위 불명(순위미상(중복4회 중 3번째))
멕시코,1-18,호감 저해요인,웹툰,스토리가 맘에 들지 않아서,순위미상(중복4회 중 4번째),4.8,%,478.0,"929,930,931,932,933,934,935,936",easyocr+ranked_item_row_grouping,0.9992,manual_review,순위 불명(순위미상(중복4회 중 4번째))
멕시코,1-18,호감 저해요인,웹툰,흙 다양한 문회에 대한 고마가 부족해세인종 성소수자 종교 등,1+2순위(중복),8.2,%,478.0,"929,930,931,932,933,934,935,936",easyocr+ranked_item_row_grouping,1.0,manual_review,
멕시코,1-18,호감 저해요인,웹툰,남성 여성,1+2순위(중복),10.0,%,478.0,"929,930,931,932,933,934,935,936",easyocr+ranked_item_row_grouping,0.9132,manual_review,
멕시코,1-18,호감 저해요인,게임,다양한 문에 대한 고까마가 부족해세인종 성소수자 종교 히,1순위,5.4,%,460.0,"929,930,931,932,933,934,935,936",easyocr+ranked_item_row_grouping,0.9999,manual_review,
멕시코,1-18,호감 저해요인,게임,게임 캐릭터의 매력이 부족정체성이 모호해서,1순위,4.1,%,460.0,"929,930,931,932,933,934,935,936",easyocr+ranked_item_row_grouping,0.5638,manual_review,
멕시코,1-18,호감 저해요인,게임,사용자 환경이 불편해서,1순위,4.1,%,460.0,"929,930,931,932,933,934,935,936",easyocr+ranked_item_row_grouping,0.9992,manual_review,
멕시코,1-18,호감 저해요인,게임,디양한 문에 대한 고가 부족해세인종 성소수자 종교 등,1+2순위(중복),10.0,%,460.0,"929,930,931,932,933,934,935,936",easyocr+ranked_item_row_grouping,0.9817,manual_review,
멕시코,1-18,호감 저해요인,게임,(단축키 메뉴 회면 구성 등,1+2순위(중복),8.5,%,460.0,"929,930,931,932,933,934,935,936",easyocr+ranked_item_row_grouping,0.9858,manual_review,
멕시코,1-18,호감 저해요인,게임,남성 여성,1+2순위(중복),10.0,%,460.0,"929,930,931,932,933,934,935,936",easyocr+ranked_item_row_grouping,0.9132,manual_review,
멕시코,1-18,호감 저해요인,패션,제품 종류 및 스타일이 다양하지 않아서,순위미상(중복4회 중 1번째),10.9,%,476.0,"929,930,931,932,933,934,935,936",easyocr+ranked_item_row_grouping,0.9098,manual_review,순위 불명(순위미상(중복4회 중 1번째))
멕시코,1-18,호감 저해요인,패션,제품 종류 및 스타일이 다양하지 않아서,순위미상(중복4회 중 2번째),4.4,%,476.0,"929,930,931,932,933,934,935,936",easyocr+ranked_item_row_grouping,0.9754,manual_review,순위 불명(순위미상(중복4회 중 2번째))
멕시코,1-18,호감 저해요인,패션,제품 종류 및 스타일이 다양하지 않아서,순위미상(중복4회 중 3번째),19.7,%,476.0,"929,930,931,932,933,934,935,936",easyocr+ranked_item_row_grouping,0.7119,manual_review,순위 불명(순위미상(중복4회 중 3번째))
멕시코,1-18,호감 저해요인,패션,제품 종류 및 스타일이 다양하지 않아서,순위미상(중복4회 중 4번째),11.1,%,476.0,"929,930,931,932,933,934,935,936",easyocr+ranked_item_row_grouping,0.9973,manual_review,순위 불명(순위미상(중복4회 중 4번째))
멕시코,1-18,호감 저해요인,패션,수 훈국예서체조뒷 제름이 아니어서,1순위,5.2,%,476.0,"929,930,931,932,933,934,935,936",easyocr+ranked_item_row_grouping,1.0,manual_review,
멕시코,1-18,호감 저해요인,패션,다양한 문화에 대한 고려가 부족해서,1+2순위(중복),11.3,%,476.0,"929,930,931,932,933,934,935,936",easyocr+ranked_item_row_grouping,0.9963,manual_review,
멕시코,1-18,호감 저해요인,뷰티,제품의 종류가 다양하지 않아서,1순위,4.6,%,474.0,"929,930,931,932,933,934,935,936",easyocr+ranked_item_row_grouping,0.9815,manual_review,
멕시코,1-18,호감 저해요인,뷰티,다양한 문화에 대한 고려가 부족해서,1순위,4.4,%,474.0,"929,930,931,932,933,934,935,936",easyocr+ranked_item_row_grouping,0.6607,manual_review,
멕시코,1-18,호감 저해요인,뷰티,제품 포장이 과해세비닐플라스틱 과다 사용 등),1순위,3.4,%,474.0,"929,930,931,932,933,934,935,936",easyocr+ranked_item_row_grouping,0.9976,manual_review,
멕시코,1-18,호감 저해요인,뷰티,품질 대비 가격이 비싸서,1+2순위(중복),10.5,%,474.0,"929,930,931,932,933,934,935,936",easyocr+ranked_item_row_grouping,0.9999,manual_review,
멕시코,1-18,호감 저해요인,뷰티,둘 꽃정 포장이 과해세비닐플라스틱 과다 사용 등,1+2순위(중복),7.6,%,474.0,"929,930,931,932,933,934,935,936",easyocr+ranked_item_row_grouping,0.9969,manual_review,
멕시코,1-18,호감 저해요인,뷰티,남성 여성,1+2순위(중복),10.0,%,474.0,"929,930,931,932,933,934,935,936",easyocr+ranked_item_row_grouping,0.8876,manual_review,
멕시코,1-18,호감 저해요인,음식,제공하는 음식이 다양하지 않아서,1순위,5.9,%,478.0,"929,930,931,932,933,934,935,936",easyocr+ranked_item_row_grouping,0.9108,manual_review,
멕시코,1-18,호감 저해요인,음식,슈 다양환 문화에 대한 펴려가 부족해서,1순위,4.2,%,478.0,"929,930,931,932,933,934,935,936",easyocr+ranked_item_row_grouping,0.9999,manual_review,
멕시코,1-18,호감 저해요인,음식,"둘 (종괴할월, 채식 식문화 등",1+2순위(중복),9.0,%,478.0,"929,930,931,932,933,934,935,936",easyocr+ranked_item_row_grouping,0.9974,manual_review,
멕시코,1-18,호감 저해요인,한국어,한국어가 배우기 어렵다고 느껴저서,1순위,18.3,%,218.0,"929,930,931,932,933,934,935,936",easyocr+ranked_item_row_grouping,0.999,manual_review,
멕시코,1-18,호감 저해요인,한국어,한국 단어나 표현 방식이 낯설고 불편해서,1순위,8.3,%,218.0,"929,930,931,932,933,934,935,936",easyocr+ranked_item_row_grouping,0.7001,manual_review,
멕시코,1-18,호감 저해요인,한국어,한국어 실력이 늘지 않아서,1+2순위(중복),18.8,%,218.0,"929,930,931,932,933,934,935,936",easyocr+ranked_item_row_grouping,0.9998,manual_review,
브라질,1-17,호감요인,드라마,한국 생활문회틀 간접 경험하거나 이해할 수 있어서,1+2순위(중복),16.6,%,536.0,"983,984,985,986,987,988",easyocr+ranked_item_row_grouping,0.6671,manual_review,
브라질,1-17,호감요인,예능,감동적이거나 힘립되는 스토리가 있어서,1순위,12.2,%,248.0,"983,984,985,986,987,988",easyocr+ranked_item_row_grouping,0.9976,manual_review,
브라질,1-17,호감요인,예능,출연진의 캐릭터 및 역할 등이 개성 있어서,1순위,11.3,%,248.0,"983,984,985,986,987,988",easyocr+ranked_item_row_grouping,0.9903,manual_review,
브라질,1-17,호감요인,예능,슈 램뱃하티 생가- 따핏 웬진올로 듯징하,1순위,7.7,%,248.0,"983,984,985,986,987,988",easyocr+ranked_item_row_grouping,0.9654,manual_review,
브라질,1-17,호감요인,예능,한국 생활문회름 간접 경험하거나 이해할 수 있어서,1+2순위(중복),21.9,%,248.0,"983,984,985,986,987,988",easyocr+ranked_item_row_grouping,0.6309,manual_review,
브라질,1-17,호감요인,예능,패센부티 등 한국 최신 트렌드록 볼 수 있어서,1+2순위(중복),16.8,%,248.0,"983,984,985,986,987,988",easyocr+ranked_item_row_grouping,0.9999,manual_review,
브라질,1-17,호감요인,예능,남성 여성,1+2순위(중복),10.0,%,248.0,"983,984,985,986,987,988",easyocr+ranked_item_row_grouping,0.4444,manual_review,
브라질,1-17,호감요인,영화,다양한 소재 또는 장르틀 디팅서,1순위,7.2,%,539.0,"983,984,985,986,987,988",easyocr+ranked_item_row_grouping,0.6651,manual_review,
브라질,1-17,호감요인,영화,영상매연출력 등 작품성이 좋아서,1순위,7.1,%,539.0,"983,984,985,986,987,988",easyocr+ranked_item_row_grouping,0.9107,manual_review,
브라질,1-17,호감요인,영화,순 배우의 연기력이 뛰어나서,1순위,6.5,%,539.0,"983,984,985,986,987,988",easyocr+ranked_item_row_grouping,0.9775,manual_review,
브라질,1-17,호감요인,영화,영,1순위,60.0,%,539.0,"983,984,985,986,987,988",easyocr+ranked_item_row_grouping,0.7513,manual_review,
브라질,1-17,호감요인,영화,다양한 소재 또는 장르름 다리서,1+2순위(중복),16.3,%,539.0,"983,984,985,986,987,988",easyocr+ranked_item_row_grouping,0.9711,manual_review,
브라질,1-17,호감요인,영화,불평등양국화 등 사회 문제름 현실적으로 표현해서,1+2순위(중복),12.2,%,539.0,"983,984,985,986,987,988",easyocr+ranked_item_row_grouping,0.9976,manual_review,
브라질,1-17,호감요인,음악,수 Kpop T취물회 외도나 스말이 매략력적이어서,1순위,6.7,%,535.0,"983,984,985,986,987,988",easyocr+ranked_item_row_grouping,0.9998,manual_review,
브라질,1-17,호감요인,음악,약악 기타,1순위,2.1,%,535.0,"983,984,985,986,987,988",easyocr+ranked_item_row_grouping,0.9993,manual_review,
브라질,1-17,호감요인,음악,K-pop 가쉬그룹의 외모나 스타일이 매력적이어서,1+2순위(중복),16.8,%,535.0,"983,984,985,986,987,988",easyocr+ranked_item_row_grouping,0.5837,manual_review,
브라질,1-17,호감요인,음악,기타,1+2순위(중복),2.3,%,535.0,"983,984,985,986,987,988",easyocr+ranked_item_row_grouping,0.9954,manual_review,
브라질,1-17,호감요인,음악,남성 여성,1+2순위(중복),10.0,%,535.0,"983,984,985,986,987,988",easyocr+ranked_item_row_grouping,0.4444,manual_review,
브라질,1-17,호감요인,애니메이션,둘 온라인모바일 플렉품올 통해 접할 수 있어서,1+2순위(중복),13.1,%,532.0,"983,984,985,986,987,988",easyocr+ranked_item_row_grouping,0.9976,manual_review,
브라질,1-17,호감요인,애니메이션,기타,1+2순위(중복),0.6,%,532.0,"983,984,985,986,987,988",easyocr+ranked_item_row_grouping,0.9989,manual_review,
브라질,1-17,호감요인,출판물,다양한 소재 또는 장르틀 디팅서,1순위,10.3,%,505.0,"983,984,985,986,987,988",easyocr+ranked_item_row_grouping,0.9989,manual_review,
브라질,1-17,호감요인,출판물,수 한국어에 대안 관심 맛 @A 수요가 종기해서,1순위,7.3,%,505.0,"983,984,985,986,987,988",easyocr+ranked_item_row_grouping,0.9001,manual_review,
브라질,1-17,호감요인,출판물,다양한 소재 또는 장르름 다리서,1+2순위(중복),20.0,%,505.0,"983,984,985,986,987,988",easyocr+ranked_item_row_grouping,0.9998,manual_review,
브라질,1-17,호감요인,출판물,한국 생활문회틀 간접 경험하거나 이해할 수 있어서,1+2순위(중복),20.0,%,505.0,"983,984,985,986,987,988",easyocr+ranked_item_row_grouping,0.9924,manual_review,
브라질,1-17,호감요인,출판물,한국어에 대한 관심 및 학습 수요가 증기해서,1+2순위(중복),14.5,%,505.0,"983,984,985,986,987,988",easyocr+ranked_item_row_grouping,0.9979,manual_review,
브라질,1-17,호감요인,출판물,남성 여성,1+2순위(중복),10.0,%,505.0,"983,984,985,986,987,988",easyocr+ranked_item_row_grouping,0.4444,manual_review,
브라질,1-17,호감요인,웹툰,슈 (검색 폐이지 넘김 글 쓰기 결제 편리성 등,1순위,7.3,%,317.0,"983,984,985,986,987,988",easyocr+ranked_item_row_grouping,0.8988,manual_review,
브라질,1-17,호감요인,웹툰,온라인모바일 플렉품올 통해 접할 수 있어서,1순위,7.2,%,317.0,"983,984,985,986,987,988",easyocr+ranked_item_row_grouping,0.9997,manual_review,
브라질,1-17,호감요인,웹툰,흙 사용자 환경이 편리해서,1+2순위(중복),13.9,%,317.0,"983,984,985,986,987,988",easyocr+ranked_item_row_grouping,0.654,manual_review,
브라질,1-17,호감요인,웹툰,불 온라왜로일 플렉푹올 통해 접할 수 있어서,1+2순위(중복),13.2,%,317.0,"983,984,985,986,987,988",easyocr+ranked_item_row_grouping,0.9878,manual_review,
브라질,1-17,호감요인,게임,디른 게p머들과 네트위크름 형성하고 햄 질수 앞,1순위,8.6,%,521.0,"983,984,985,986,987,988",easyocr+ranked_item_row_grouping,0.9618,manual_review,
브라질,1-17,호감요인,게임,슈 다양a 소대 또 장플플다처서,1순위,8.4,%,521.0,"983,984,985,986,987,988",easyocr+ranked_item_row_grouping,0.9999,manual_review,
브라질,1-17,호감요인,게임,다양한 소재 또는 장르름 다리서,1+2순위(중복),18.0,%,521.0,"983,984,985,986,987,988",easyocr+ranked_item_row_grouping,0.9937,manual_review,
브라질,1-17,호감요인,게임,디른 게p미들과 네트위스릎 형성히고 햄 월수 있,1+2순위(중복),17.2,%,521.0,"983,984,985,986,987,988",easyocr+ranked_item_row_grouping,0.8994,manual_review,
브라질,1-17,호감요인,게임,남성 여성,1+2순위(중복),10.0,%,521.0,"983,984,985,986,987,988",easyocr+ranked_item_row_grouping,0.4444,manual_review,
브라질,1-17,호감요인,패션,슈 죽 하홀록이h 불용불하 좋아하는 한류스타가 사용홍보하기 때문에,1순위,6.9,%,520.0,"983,984,985,986,987,988",easyocr+ranked_item_row_grouping,0.5164,manual_review,
브라질,1-17,호감요인,패션,주변 사람들 사이에 평판이 좋아서,1+2순위(중복),11.3,%,520.0,"983,984,985,986,987,988",easyocr+ranked_item_row_grouping,0.7778,manual_review,
브라질,1-17,호감요인,뷰티,남성 여성,1+2순위(중복),10.0,%,527.0,"983,984,985,986,987,988",easyocr+ranked_item_row_grouping,0.4444,manual_review,
브라질,1-17,호감요인,음식,영화 드리미어서 빛년 한식-식문회름 경험할 수 있어서,1순위,19.7,%,504.0,"983,984,985,986,987,988",easyocr+ranked_item_row_grouping,0.9993,manual_review,
브라질,1-17,호감요인,음식,영화 드리미어서 빛볕 한식식문회틀 경험활 수 있어서,1+2순위(중복),38.9,%,504.0,"983,984,985,986,987,988",easyocr+ranked_item_row_grouping,0.9947,manual_review,
브라질,1-17,호감요인,한국어,한국어의 글자인 한글이 아름다위서,1순위,11.3,%,222.0,"983,984,985,986,987,988",easyocr+ranked_item_row_grouping,0.9903,manual_review,
브라질,1-17,호감요인,한국어,기타,1+2순위(중복),1.4,%,222.0,"983,984,985,986,987,988",easyocr+ranked_item_row_grouping,0.9998,manual_review,
브라질,1-17,호감요인,한국어,Q,1+2순위(중복),2.0,%,222.0,"983,984,985,986,987,988",easyocr+ranked_item_row_grouping,0.3106,manual_review,
브라질,1-18,호감 저해요인,드라마,같은 배우들이 다른 작품에 반복적으로 출연해서,1순위,7.7,%,536.0,"989,990,991,992,993,994,995,996",easyocr+ranked_item_row_grouping,0.9282,manual_review,
브라질,1-18,호감 저해요인,드라마,숲 과도한 광고 노출이 많아서,1순위,4.8,%,536.0,"989,990,991,992,993,994,995,996",easyocr+ranked_item_row_grouping,0.9983,manual_review,
브라질,1-18,호감 저해요인,드라마,위 다양한 문에 대한 교마 부족해세요종 성소소자 종교,1순위,3.7,%,536.0,"989,990,991,992,993,994,995,996",easyocr+ranked_item_row_grouping,0.9116,manual_review,
브라질,1-18,호감 저해요인,드라마,주 어려운 환경이어서,1+2순위(중복),11.2,%,536.0,"989,990,991,992,993,994,995,996",easyocr+ranked_item_row_grouping,0.9691,manual_review,
브라질,1-18,호감 저해요인,드라마,출 과도한 광고 노출이 많아서 디양한 문화에 대한 고로마 부족해세인종 성소수자 종교 등,1+2순위(중복),11.1,%,536.0,"989,990,991,992,993,994,995,996",easyocr+ranked_item_row_grouping,0.9973,manual_review,
브라질,1-18,호감 저해요인,예능,방송용 자매텍스트 말 풍선 이모티서 등이 너무 많아서,1순위,6.5,%,522.0,"989,990,991,992,993,994,995,996",easyocr+ranked_item_row_grouping,0.9994,manual_review,
브라질,1-18,호감 저해요인,예능,위 디양한 문최에 대한 고로가 부족해세인종 성소수자 종교 등,1순위,5.4,%,522.0,"989,990,991,992,993,994,995,996",easyocr+ranked_item_row_grouping,1.0,manual_review,
브라질,1-18,호감 저해요인,예능,번역 자막-더방으로 보기 불편해서,1+2순위(중복),13.2,%,522.0,"989,990,991,992,993,994,995,996",easyocr+ranked_item_row_grouping,0.9975,manual_review,
브라질,1-18,호감 저해요인,예능,남성 여성,1+2순위(중복),10.0,%,522.0,"989,990,991,992,993,994,995,996",easyocr+ranked_item_row_grouping,0.9132,manual_review,
브라질,1-18,호감 저해요인,영화,Q,1+2순위(중복),2.0,%,539.0,"989,990,991,992,993,994,995,996",easyocr+ranked_item_row_grouping,0.4776,manual_review,
브라질,1-18,호감 저해요인,영화,남성 여성,1+2순위(중복),10.0,%,539.0,"989,990,991,992,993,994,995,996",easyocr+ranked_item_row_grouping,0.9301,manual_review,
브라질,1-18,호감 저해요인,음악,자국 내 곳즈 구입 경로 부족,1순위,5.4,%,535.0,"989,990,991,992,993,994,995,996",easyocr+ranked_item_row_grouping,1.0,manual_review,
브라질,1-18,호감 저해요인,음악,} 품물 하이들 간회하의 중장 시스템이 심해서,1순위,4.9,%,535.0,"989,990,991,992,993,994,995,996",easyocr+ranked_item_row_grouping,0.9991,manual_review,
브라질,1-18,호감 저해요인,음악,음 기타 다양한 문에 대한 고마가 부족해세인종 성소수자 종교 등,1순위,1.7,%,535.0,"989,990,991,992,993,994,995,996",easyocr+ranked_item_row_grouping,0.9991,manual_review,
브라질,1-18,호감 저해요인,음악,둘 한국 아이돌 기획사의 경쟁 시스템이 심해서,1+2순위(중복),8.2,%,535.0,"989,990,991,992,993,994,995,996",easyocr+ranked_item_row_grouping,0.9471,manual_review,
브라질,1-18,호감 저해요인,음악,다양한 문에 대한 고까마가 부족해세인종 성소수자 종교 히,1+2순위(중복),2.8,%,535.0,"989,990,991,992,993,994,995,996",easyocr+ranked_item_row_grouping,0.9993,manual_review,
브라질,1-18,호감 저해요인,음악,기타,1+2순위(중복),1.3,%,535.0,"989,990,991,992,993,994,995,996",easyocr+ranked_item_row_grouping,0.9965,manual_review,
브라질,1-18,호감 저해요인,애니메이션,슈 디양a 동화예대안 주강 서임털 습자 종문,1순위,4.5,%,532.0,"989,990,991,992,993,994,995,996",easyocr+ranked_item_row_grouping,0.9958,manual_review,
브라질,1-18,호감 저해요인,애니메이션,캐릭터가 마음에 들지 않아서,1순위,3.9,%,532.0,"989,990,991,992,993,994,995,996",easyocr+ranked_item_row_grouping,0.9997,manual_review,
브라질,1-18,호감 저해요인,애니메이션,국가 간 역사 외교적 관계로 인해서,1순위,2.4,%,532.0,"989,990,991,992,993,994,995,996",easyocr+ranked_item_row_grouping,0.9997,manual_review,
브라질,1-18,호감 저해요인,애니메이션,중 캐릭터감 마음예 들지 않아서,1+2순위(중복),7.7,%,532.0,"989,990,991,992,993,994,995,996",easyocr+ranked_item_row_grouping,0.7151,manual_review,
브라질,1-18,호감 저해요인,애니메이션,다양한 문에 대한 고까과가 부족해세인종 성소수자 종교 히,1+2순위(중복),7.5,%,532.0,"989,990,991,992,993,994,995,996",easyocr+ranked_item_row_grouping,0.9976,manual_review,
브라질,1-18,호감 저해요인,애니메이션,복 국차 간 역사-외교적 관계로 인해e,1+2순위(중복),5.0,%,532.0,"989,990,991,992,993,994,995,996",easyocr+ranked_item_row_grouping,1.0,manual_review,
브라질,1-18,호감 저해요인,애니메이션,남성 여성,1+2순위(중복),10.0,%,532.0,"989,990,991,992,993,994,995,996",easyocr+ranked_item_row_grouping,0.9132,manual_review,
브라질,1-18,호감 저해요인,출판물,번역이 미롭해서,1순위,10.5,%,505.0,"989,990,991,992,993,994,995,996",easyocr+ranked_item_row_grouping,0.9999,manual_review,
브라질,1-18,호감 저해요인,출판물,한국적 요소가 강해세한국 문화전통스토리 등,1순위,5.3,%,505.0,"989,990,991,992,993,994,995,996",easyocr+ranked_item_row_grouping,0.9978,manual_review,
브라질,1-18,호감 저해요인,출판물,스토리가 맘에 들지 않아서,순위미상(중복4회 중 1번째),2.6,%,505.0,"989,990,991,992,993,994,995,996",easyocr+ranked_item_row_grouping,0.9999,manual_review,순위 불명(순위미상(중복4회 중 1번째))
브라질,1-18,호감 저해요인,출판물,스토리가 맘에 들지 않아서,순위미상(중복4회 중 2번째),2.4,%,505.0,"989,990,991,992,993,994,995,996",easyocr+ranked_item_row_grouping,0.9997,manual_review,순위 불명(순위미상(중복4회 중 2번째))
브라질,1-18,호감 저해요인,출판물,스토리가 맘에 들지 않아서,순위미상(중복4회 중 3번째),5.5,%,505.0,"989,990,991,992,993,994,995,996",easyocr+ranked_item_row_grouping,0.9962,manual_review,순위 불명(순위미상(중복4회 중 3번째))
브라질,1-18,호감 저해요인,출판물,스토리가 맘에 들지 않아서,순위미상(중복4회 중 4번째),5.2,%,505.0,"989,990,991,992,993,994,995,996",easyocr+ranked_item_row_grouping,0.9999,manual_review,순위 불명(순위미상(중복4회 중 4번째))
브라질,1-18,호감 저해요인,출판물,다양한 문에 대한 고로가 부족해세인종 성소수자 종교 등,1+2순위(중복),9.3,%,505.0,"989,990,991,992,993,994,995,996",easyocr+ranked_item_row_grouping,0.9996,manual_review,
브라질,1-18,호감 저해요인,출판물,남성 여성,1+2순위(중복),10.0,%,505.0,"989,990,991,992,993,994,995,996",easyocr+ranked_item_row_grouping,0.9132,manual_review,
브라질,1-18,호감 저해요인,웹툰,접하기 어려운 환경이어서,1순위,9.8,%,317.0,"989,990,991,992,993,994,995,996",easyocr+ranked_item_row_grouping,0.9062,manual_review,
브라질,1-18,호감 저해요인,웹툰,연재 주기가 불규칙해세유재 변경 등,1순위,5.9,%,317.0,"989,990,991,992,993,994,995,996",easyocr+ranked_item_row_grouping,0.9999,manual_review,
브라질,1-18,호감 저해요인,웹툰,흙 스토리가 맘에 들지 않아서,순위미상(중복4회 중 1번째),4.1,%,317.0,"989,990,991,992,993,994,995,996",easyocr+ranked_item_row_grouping,0.9999,manual_review,순위 불명(순위미상(중복4회 중 1번째))
브라질,1-18,호감 저해요인,웹툰,흙 스토리가 맘에 들지 않아서,순위미상(중복4회 중 2번째),3.1,%,317.0,"989,990,991,992,993,994,995,996",easyocr+ranked_item_row_grouping,0.9971,manual_review,순위 불명(순위미상(중복4회 중 2번째))
브라질,1-18,호감 저해요인,웹툰,흙 스토리가 맘에 들지 않아서,순위미상(중복4회 중 3번째),7.0,%,317.0,"989,990,991,992,993,994,995,996",easyocr+ranked_item_row_grouping,0.88,manual_review,순위 불명(순위미상(중복4회 중 3번째))
브라질,1-18,호감 저해요인,웹툰,흙 스토리가 맘에 들지 않아서,순위미상(중복4회 중 4번째),4.4,%,317.0,"989,990,991,992,993,994,995,996",easyocr+ranked_item_row_grouping,0.8608,manual_review,순위 불명(순위미상(중복4회 중 4번째))
브라질,1-18,호감 저해요인,웹툰,(시청 경로 부족 인터넷 속되망 문제   정보 부족 등,1순위,16.8,%,317.0,"989,990,991,992,993,994,995,996",easyocr+ranked_item_row_grouping,0.9996,manual_review,
브라질,1-18,호감 저해요인,웹툰,사용자 환경이 불편해서,1+2순위(중복),8.6,%,317.0,"989,990,991,992,993,994,995,996",easyocr+ranked_item_row_grouping,0.9999,manual_review,
브라질,1-18,호감 저해요인,웹툰,남성 여성,1+2순위(중복),10.0,%,317.0,"989,990,991,992,993,994,995,996",easyocr+ranked_item_row_grouping,0.9132,manual_review,
브라질,1-18,호감 저해요인,게임,다양한 문회에 대한 고마가 부족해세인종 성소수자 종교,1순위,3.1,%,521.0,"989,990,991,992,993,994,995,996",easyocr+ranked_item_row_grouping,0.9888,manual_review,
브라질,1-18,호감 저해요인,게임,흙 다양한 문에 대한 고로마 부족해세인종 성소수자 종교 등,1+2순위(중복),6.9,%,521.0,"989,990,991,992,993,994,995,996",easyocr+ranked_item_row_grouping,0.8765,manual_review,
브라질,1-18,호감 저해요인,게임,복 소토리  소재 장르 등이 진부획일적이어서,1+2순위(중복),6.2,%,521.0,"989,990,991,992,993,994,995,996",easyocr+ranked_item_row_grouping,0.9125,manual_review,
브라질,1-18,호감 저해요인,게임,남성 여성,1+2순위(중복),10.0,%,521.0,"989,990,991,992,993,994,995,996",easyocr+ranked_item_row_grouping,0.9132,manual_review,
브라질,1-18,호감 저해요인,패션,제품 종류 및 스타일이 다양하지 않아서,순위미상(중복4회 중 1번째),11.8,%,52.0,"989,990,991,992,993,994,995,996",easyocr+ranked_item_row_grouping,0.999,manual_review,순위 불명(순위미상(중복4회 중 1번째))
브라질,1-18,호감 저해요인,패션,제품 종류 및 스타일이 다양하지 않아서,순위미상(중복4회 중 2번째),4.4,%,52.0,"989,990,991,992,993,994,995,996",easyocr+ranked_item_row_grouping,0.9984,manual_review,순위 불명(순위미상(중복4회 중 2번째))
브라질,1-18,호감 저해요인,패션,제품 종류 및 스타일이 다양하지 않아서,순위미상(중복4회 중 3번째),21.2,%,52.0,"989,990,991,992,993,994,995,996",easyocr+ranked_item_row_grouping,0.9999,manual_review,순위 불명(순위미상(중복4회 중 3번째))
브라질,1-18,호감 저해요인,패션,제품 종류 및 스타일이 다양하지 않아서,순위미상(중복4회 중 4번째),6.9,%,52.0,"989,990,991,992,993,994,995,996",easyocr+ranked_item_row_grouping,0.9717,manual_review,순위 불명(순위미상(중복4회 중 4번째))
브라질,1-18,호감 저해요인,패션,한국에서 제조된 제품이 아니어서,1순위,4.2,%,52.0,"989,990,991,992,993,994,995,996",easyocr+ranked_item_row_grouping,0.7111,manual_review,
브라질,1-18,호감 저해요인,패션,다양한 문화에 대한 고려가 부족해서,1순위,1.5,%,52.0,"989,990,991,992,993,994,995,996",easyocr+ranked_item_row_grouping,0.999,manual_review,
브라질,1-18,호감 저해요인,뷰티,남성 여성,1+2순위(중복),10.0,%,527.0,"989,990,991,992,993,994,995,996",easyocr+ranked_item_row_grouping,0.8876,manual_review,
브라질,1-18,호감 저해요인,음식,좋아하는 맛과 향이 아니어서,1순위,10.0,%,5.0,"989,990,991,992,993,994,995,996",easyocr+ranked_item_row_grouping,0.9009,manual_review,
브라질,1-18,호감 저해요인,음식,식사 도귀순가락 젓가렉의 사용이 어려워서,1순위,7.0,%,5.0,"989,990,991,992,993,994,995,996",easyocr+ranked_item_row_grouping,0.9761,manual_review,
브라질,1-18,호감 저해요인,음식,다양한 문화에 대한 펴려가 부족해서,1순위,5.0,%,5.0,"989,990,991,992,993,994,995,996",easyocr+ranked_item_row_grouping,0.9977,manual_review,
브라질,1-18,호감 저해요인,음식,"둘 (종괴할월, 채식 식문화 등",1+2순위(중복),9.1,%,5.0,"989,990,991,992,993,994,995,996",easyocr+ranked_item_row_grouping,0.9948,manual_review,
브라질,1-18,호감 저해요인,한국어,한국어가 배우기 어렵다고 느껴저서,1순위,18.9,%,222.0,"989,990,991,992,993,994,995,996",easyocr+ranked_item_row_grouping,0.9975,manual_review,
아르헨티나,1-17,호감요인,예능,휴 집중적p다 환장되 환오님등 R찌이,1순위,8.7,%,161.0,"1043,1044,1045,1046,1047,1048",easyocr+ranked_item_row_grouping,0.5933,manual_review,
아르헨티나,1-17,호감요인,예능,남성 여성,1+2순위(중복),10.0,%,161.0,"1043,1044,1045,1046,1047,1048",easyocr+ranked_item_row_grouping,0.9397,manual_review,
아르헨티나,1-17,호감요인,영화,스토리가 찌임새 있고 탄단해서,1순위,13.5,%,345.0,"1043,1044,1045,1046,1047,1048",easyocr+ranked_item_row_grouping,0.949,manual_review,
아르헨티나,1-17,호감요인,영화,다양한 소재 또는 장르름 다리서,1순위,7.2,%,345.0,"1043,1044,1045,1046,1047,1048",easyocr+ranked_item_row_grouping,0.8894,manual_review,
아르헨티나,1-17,호감요인,영화,위 배우의 연기력이 뛰어나서,1순위,5.3,%,345.0,"1043,1044,1045,1046,1047,1048",easyocr+ranked_item_row_grouping,0.9385,manual_review,
아르헨티나,1-17,호감요인,영화,스토리가 짜임새 잇고 단단해서,1순위,25.2,%,345.0,"1043,1044,1045,1046,1047,1048",easyocr+ranked_item_row_grouping,1.0,manual_review,
아르헨티나,1-17,호감요인,영화,다양한 소재 또는 장르틀 디팅서,1+2순위(중복),16.1,%,345.0,"1043,1044,1045,1046,1047,1048",easyocr+ranked_item_row_grouping,0.9999,manual_review,
아르헨티나,1-17,호감요인,음악,유 K ppp 가수소출의 외도다 스되p이 매력적이어서,1순위,7.1,%,354.0,"1043,1044,1045,1046,1047,1048",easyocr+ranked_item_row_grouping,0.9435,manual_review,
아르헨티나,1-17,호감요인,음악,K-pop 가쉬그룹의 외모나 스타일이 매력적이어서,1+2순위(중복),16.1,%,354.0,"1043,1044,1045,1046,1047,1048",easyocr+ranked_item_row_grouping,0.9999,manual_review,
아르헨티나,1-17,호감요인,음악,남성 여성,1+2순위(중복),10.0,%,354.0,"1043,1044,1045,1046,1047,1048",easyocr+ranked_item_row_grouping,0.9397,manual_review,
아르헨티나,1-17,호감요인,애니메이션,캐릭터 생김새디지인이 마음에 들어서,1순위,13.1,%,352.0,"1043,1044,1045,1046,1047,1048",easyocr+ranked_item_row_grouping,0.9976,manual_review,
아르헨티나,1-17,호감요인,애니메이션,다양한 소재 또는 장르틀 디팅서,1순위,13.1,%,352.0,"1043,1044,1045,1046,1047,1048",easyocr+ranked_item_row_grouping,0.9976,manual_review,
아르헨티나,1-17,호감요인,애니메이션,수 스토리가 찌임새 있고 탄단해서,1순위,8.0,%,352.0,"1043,1044,1045,1046,1047,1048",easyocr+ranked_item_row_grouping,0.8964,manual_review,
아르헨티나,1-17,호감요인,애니메이션,다양한 소재 또는 장르름 다리서,1+2순위(중복),22.5,%,352.0,"1043,1044,1045,1046,1047,1048",easyocr+ranked_item_row_grouping,0.543,manual_review,
아르헨티나,1-17,호감요인,애니메이션,흙 한국 생활문회지 간접 경험하거나 이해할 수 있어서,1+2순위(중복),15.6,%,352.0,"1043,1044,1045,1046,1047,1048",easyocr+ranked_item_row_grouping,0.9982,manual_review,
아르헨티나,1-17,호감요인,출판물,다양한 소재 또는 장르틀 디팅서,1순위,10.5,%,295.0,"1043,1044,1045,1046,1047,1048",easyocr+ranked_item_row_grouping,0.9994,manual_review,
아르헨티나,1-17,호감요인,출판물,슈 한국의 최신 트럭드틀 접할 수 있어서,1순위,6.8,%,295.0,"1043,1044,1045,1046,1047,1048",easyocr+ranked_item_row_grouping,0.9993,manual_review,
아르헨티나,1-17,호감요인,출판물,다양한 소재 또는 장르름 다리서,1+2순위(중복),19.0,%,295.0,"1043,1044,1045,1046,1047,1048",easyocr+ranked_item_row_grouping,1.0,manual_review,
아르헨티나,1-17,호감요인,출판물,한국의 최신 트랜드록 접할 수 있어서,1+2순위(중복),13.0,%,295.0,"1043,1044,1045,1046,1047,1048",easyocr+ranked_item_row_grouping,0.9975,manual_review,
아르헨티나,1-17,호감요인,출판물,남성 여성,1+2순위(중복),10.0,%,295.0,"1043,1044,1045,1046,1047,1048",easyocr+ranked_item_row_grouping,0.9397,manual_review,
아르헨티나,1-17,호감요인,웹툰,다양한 소재 또는 장르틀 디팅서,1순위,9.9,%,351.0,"1043,1044,1045,1046,1047,1048",easyocr+ranked_item_row_grouping,0.8204,manual_review,
아르헨티나,1-17,호감요인,웹툰,인기 있는 한류 굳렌의의 원작인 경우가 많아서,1순위,8.2,%,351.0,"1043,1044,1045,1046,1047,1048",easyocr+ranked_item_row_grouping,0.859,manual_review,
아르헨티나,1-17,호감요인,게임,디른 게들과 네트위크름 형성하고햄 질수 앞어서,1순위,11.4,%,351.0,"1043,1044,1045,1046,1047,1048",easyocr+ranked_item_row_grouping,0.9998,manual_review,
아르헨티나,1-17,호감요인,게임,스토리가 찌임새 있고 탄단해서,1순위,5.7,%,351.0,"1043,1044,1045,1046,1047,1048",easyocr+ranked_item_row_grouping,0.9997,manual_review,
아르헨티나,1-17,호감요인,게임,디른 게p머들과 네트위크름 형성하고 햄 질수 앞,1+2순위(중복),19.4,%,351.0,"1043,1044,1045,1046,1047,1048",easyocr+ranked_item_row_grouping,0.9999,manual_review,
아르헨티나,1-17,호감요인,게임,다양한 소재 또는 장르름 다리서,1+2순위(중복),17.1,%,351.0,"1043,1044,1045,1046,1047,1048",easyocr+ranked_item_row_grouping,0.6509,manual_review,
아르헨티나,1-17,호감요인,게임,스토리가 짜임새 잇고 단단해서,1+2순위(중복),14.6,%,351.0,"1043,1044,1045,1046,1047,1048",easyocr+ranked_item_row_grouping,0.9973,manual_review,
아르헨티나,1-17,호감요인,게임,남성 여성,1+2순위(중복),10.0,%,351.0,"1043,1044,1045,1046,1047,1048",easyocr+ranked_item_row_grouping,0.9397,manual_review,
아르헨티나,1-17,호감요인,패션,품질이 우수해세소재  색상  봉제  단추 등의 상태),1순위,11.4,%,345.0,"1043,1044,1045,1046,1047,1048",easyocr+ranked_item_row_grouping,0.9998,manual_review,
아르헨티나,1-17,호감요인,뷰티,남성 여성,1+2순위(중복),10.0,%,355.0,"1043,1044,1045,1046,1047,1048",easyocr+ranked_item_row_grouping,0.9397,manual_review,
아르헨티나,1-17,호감요인,음식,욕 기타,1순위,0.6,%,352.0,"1043,1044,1045,1046,1047,1048",easyocr+ranked_item_row_grouping,0.9989,manual_review,
아르헨티나,1-17,호감요인,한국어,한국어의 소리가 듣기 좋아서,1순위,14.1,%,120.0,"1043,1044,1045,1046,1047,1048",easyocr+ranked_item_row_grouping,0.9686,manual_review,
아르헨티나,1-17,호감요인,한국어,유 한류터 춧)하_물고 흥미로위서,1순위,9.1,%,120.0,"1043,1044,1045,1046,1047,1048",easyocr+ranked_item_row_grouping,0.9903,manual_review,
아르헨티나,1-17,호감요인,한국어,한국어 자체가 새롭고 흥미로위서,1+2순위(중복),21.6,%,120.0,"1043,1044,1045,1046,1047,1048",easyocr+ranked_item_row_grouping,0.9999,manual_review,
아르헨티나,1-17,호감요인,한국어,한글이 배우기 쉬위서,1+2순위(중복),15.8,%,120.0,"1043,1044,1045,1046,1047,1048",easyocr+ranked_item_row_grouping,1.0,manual_review,
아르헨티나,1-18,호감 저해요인,드라마,(시청 경로 부족 인터넷 속되망 문제  정보 부족 등,1순위,6.0,%,352.0,"1049,1050,1051,1052,1053,1054,1055,1056",easyocr+ranked_item_row_grouping,0.6651,manual_review,
아르헨티나,1-18,호감 저해요인,드라마,접하기 어려운 환경이어서,1+2순위(중복),15.2,%,352.0,"1049,1050,1051,1052,1053,1054,1055,1056",easyocr+ranked_item_row_grouping,1.0,manual_review,
아르헨티나,1-18,호감 저해요인,드라마,한 회당 방영 시간이 길어서,1+2순위(중복),13.0,%,352.0,"1049,1050,1051,1052,1053,1054,1055,1056",easyocr+ranked_item_row_grouping,0.998,manual_review,
아르헨티나,1-18,호감 저해요인,드라마,폭력노출 등 표현방식이 너무 강해서,1+2순위(중복),2.9,%,352.0,"1049,1050,1051,1052,1053,1054,1055,1056",easyocr+ranked_item_row_grouping,0.7816,manual_review,
아르헨티나,1-18,호감 저해요인,예능,방송용 자매텍스트 말 풍선 이모티로 등이 너무 많아서,1순위,8.0,%,557.0,"1049,1050,1051,1052,1053,1054,1055,1056",easyocr+ranked_item_row_grouping,0.9096,manual_review,
아르헨티나,1-18,호감 저해요인,예능,다양한 문에 대한 고까마가 부족해세인종 성소수자 종교 히,1순위,5.3,%,557.0,"1049,1050,1051,1052,1053,1054,1055,1056",easyocr+ranked_item_row_grouping,0.9992,manual_review,
아르헨티나,1-18,호감 저해요인,예능,게스트들의 토크에 의존하는 포매이 많아서,1+2순위(중복),14.2,%,557.0,"1049,1050,1051,1052,1053,1054,1055,1056",easyocr+ranked_item_row_grouping,0.9471,manual_review,
아르헨티나,1-18,호감 저해요인,예능,방송용 지맥텍스 말 풍선 이모티롬 등이 너무 많서,1+2순위(중복),13.6,%,557.0,"1049,1050,1051,1052,1053,1054,1055,1056",easyocr+ranked_item_row_grouping,0.8708,manual_review,
아르헨티나,1-18,호감 저해요인,예능,복 다양한 문회에 대한 고가 부족해세인종 성소수자 종교등,1+2순위(중복),8.9,%,557.0,"1049,1050,1051,1052,1053,1054,1055,1056",easyocr+ranked_item_row_grouping,1.0,manual_review,
아르헨티나,1-18,호감 저해요인,예능,기타,1+2순위(중복),0.6,%,557.0,"1049,1050,1051,1052,1053,1054,1055,1056",easyocr+ranked_item_row_grouping,0.9985,manual_review,
아르헨티나,1-18,호감 저해요인,예능,남성 여성,1+2순위(중복),10.0,%,557.0,"1049,1050,1051,1052,1053,1054,1055,1056",easyocr+ranked_item_row_grouping,0.9548,manual_review,
아르헨티나,1-18,호감 저해요인,영화,과도한 광고 노출이 많아서,1+2순위(중복),10.4,%,35.0,"1049,1050,1051,1052,1053,1054,1055,1056",easyocr+ranked_item_row_grouping,0.9998,manual_review,
아르헨티나,1-18,호감 저해요인,영화,남성 여성,1+2순위(중복),10.0,%,35.0,"1049,1050,1051,1052,1053,1054,1055,1056",easyocr+ranked_item_row_grouping,0.9548,manual_review,
아르헨티나,1-18,호감 저해요인,음악,퍼포먼스 대비 가창 실력이 부족해서,1순위,6.2,%,354.0,"1049,1050,1051,1052,1053,1054,1055,1056",easyocr+ranked_item_row_grouping,0.6514,manual_review,
아르헨티나,1-18,호감 저해요인,음악,}출학 자체  줄지@옳아체숙-이 탓아,1순위,4.8,%,354.0,"1049,1050,1051,1052,1053,1054,1055,1056",easyocr+ranked_item_row_grouping,0.9993,manual_review,
아르헨티나,1-18,호감 저해요인,음악,다양한 문에 대한 고로마가 부족해세인종 성소수자 종교 히,1순위,2.0,%,354.0,"1049,1050,1051,1052,1053,1054,1055,1056",easyocr+ranked_item_row_grouping,0.9999,manual_review,
아르헨티나,1-18,호감 저해요인,음악,흙 음악 자체가 쫓지 않아세수준이 낮아서,1+2순위(중복),8.2,%,354.0,"1049,1050,1051,1052,1053,1054,1055,1056",easyocr+ranked_item_row_grouping,0.9998,manual_review,
아르헨티나,1-18,호감 저해요인,애니메이션,(시청 경로 부족 인터넷 속되망 문제  정보 부족 등,1순위,12.2,%,352.0,"1049,1050,1051,1052,1053,1054,1055,1056",easyocr+ranked_item_row_grouping,0.9106,manual_review,
아르헨티나,1-18,호감 저해요인,애니메이션,한국적 요소가 강해세한국 문화전통스토리 등,1순위,8.2,%,352.0,"1049,1050,1051,1052,1053,1054,1055,1056",easyocr+ranked_item_row_grouping,1.0,manual_review,
아르헨티나,1-18,호감 저해요인,애니메이션,캐릭터가 마음에 들지 않아서,1순위,4.0,%,352.0,"1049,1050,1051,1052,1053,1054,1055,1056",easyocr+ranked_item_row_grouping,0.9987,manual_review,
아르헨티나,1-18,호감 저해요인,애니메이션,접하기 어려운 환경이어서,1+2순위(중복),18.8,%,352.0,"1049,1050,1051,1052,1053,1054,1055,1056",easyocr+ranked_item_row_grouping,0.7927,manual_review,
아르헨티나,1-18,호감 저해요인,애니메이션,지나치게 상업적이어서,1+2순위(중복),13.9,%,352.0,"1049,1050,1051,1052,1053,1054,1055,1056",easyocr+ranked_item_row_grouping,0.9697,manual_review,
아르헨티나,1-18,호감 저해요인,애니메이션,복 캐릭터가 사음예 들지 않아서,1+2순위(중복),7.1,%,352.0,"1049,1050,1051,1052,1053,1054,1055,1056",easyocr+ranked_item_row_grouping,0.9997,manual_review,
아르헨티나,1-18,호감 저해요인,애니메이션,남성 여성,1+2순위(중복),10.0,%,352.0,"1049,1050,1051,1052,1053,1054,1055,1056",easyocr+ranked_item_row_grouping,0.9548,manual_review,
아르헨티나,1-18,호감 저해요인,출판물,이용하는데 비용이 많이 들어서,1순위,10.2,%,295.0,"1049,1050,1051,1052,1053,1054,1055,1056",easyocr+ranked_item_row_grouping,0.9964,manual_review,
아르헨티나,1-18,호감 저해요인,출판물,위 스토리가 맘에 들지 않아서,순위미상(중복4회 중 1번째),3.4,%,295.0,"1049,1050,1051,1052,1053,1054,1055,1056",easyocr+ranked_item_row_grouping,0.9976,manual_review,순위 불명(순위미상(중복4회 중 1번째))
아르헨티나,1-18,호감 저해요인,출판물,위 스토리가 맘에 들지 않아서,순위미상(중복4회 중 2번째),2.4,%,295.0,"1049,1050,1051,1052,1053,1054,1055,1056",easyocr+ranked_item_row_grouping,0.9994,manual_review,순위 불명(순위미상(중복4회 중 2번째))
아르헨티나,1-18,호감 저해요인,출판물,위 스토리가 맘에 들지 않아서,순위미상(중복4회 중 3번째),7.1,%,295.0,"1049,1050,1051,1052,1053,1054,1055,1056",easyocr+ranked_item_row_grouping,0.9997,manual_review,순위 불명(순위미상(중복4회 중 3번째))
아르헨티나,1-18,호감 저해요인,출판물,위 스토리가 맘에 들지 않아서,순위미상(중복4회 중 4번째),4.4,%,295.0,"1049,1050,1051,1052,1053,1054,1055,1056",easyocr+ranked_item_row_grouping,0.9984,manual_review,순위 불명(순위미상(중복4회 중 4번째))
아르헨티나,1-18,호감 저해요인,출판물,디양한 문에 대한 고가 부족해세인종 성소수자 종교 텅,1+2순위(중복),12.2,%,295.0,"1049,1050,1051,1052,1053,1054,1055,1056",easyocr+ranked_item_row_grouping,0.9992,manual_review,
아르헨티나,1-18,호감 저해요인,출판물,남성 여성,1+2순위(중복),10.0,%,295.0,"1049,1050,1051,1052,1053,1054,1055,1056",easyocr+ranked_item_row_grouping,0.9548,manual_review,
아르헨티나,1-18,호감 저해요인,웹툰,이용하는데 비용이 많이 들어서 꿈,1순위,6.8,%,351.0,"1049,1050,1051,1052,1053,1054,1055,1056",easyocr+ranked_item_row_grouping,0.9989,manual_review,
아르헨티나,1-18,호감 저해요인,웹툰,다양한 문회에 대한 고까마가 부족해세인종 성소수자 종교 등,1순위,3.4,%,351.0,"1049,1050,1051,1052,1053,1054,1055,1056",easyocr+ranked_item_row_grouping,0.9998,manual_review,
아르헨티나,1-18,호감 저해요인,웹툰,캐릭터가 맘에 들지 않아서,순위미상(중복4회 중 1번째),2.8,%,351.0,"1049,1050,1051,1052,1053,1054,1055,1056",easyocr+ranked_item_row_grouping,0.9999,manual_review,순위 불명(순위미상(중복4회 중 1번째))
아르헨티나,1-18,호감 저해요인,웹툰,캐릭터가 맘에 들지 않아서,순위미상(중복4회 중 2번째),2.0,%,351.0,"1049,1050,1051,1052,1053,1054,1055,1056",easyocr+ranked_item_row_grouping,1.0,manual_review,순위 불명(순위미상(중복4회 중 2번째))
아르헨티나,1-18,호감 저해요인,웹툰,캐릭터가 맘에 들지 않아서,순위미상(중복4회 중 3번째),5.7,%,351.0,"1049,1050,1051,1052,1053,1054,1055,1056",easyocr+ranked_item_row_grouping,0.9997,manual_review,순위 불명(순위미상(중복4회 중 3번째))
아르헨티나,1-18,호감 저해요인,웹툰,캐릭터가 맘에 들지 않아서,순위미상(중복4회 중 4번째),4.6,%,351.0,"1049,1050,1051,1052,1053,1054,1055,1056",easyocr+ranked_item_row_grouping,0.993,manual_review,순위 불명(순위미상(중복4회 중 4번째))
아르헨티나,1-18,호감 저해요인,웹툰,둘 디양한 문화에 대한 고로마가 부족해세인종 성소수자 종교 텅,1+2순위(중복),7.4,%,351.0,"1049,1050,1051,1052,1053,1054,1055,1056",easyocr+ranked_item_row_grouping,0.9821,manual_review,
아르헨티나,1-18,호감 저해요인,웹툰,국가 간 역사 외교적 관계로 인해서,1+2순위(중복),6.5,%,351.0,"1049,1050,1051,1052,1053,1054,1055,1056",easyocr+ranked_item_row_grouping,0.9996,manual_review,
아르헨티나,1-18,호감 저해요인,웹툰,남성 여성,1+2순위(중복),10.0,%,351.0,"1049,1050,1051,1052,1053,1054,1055,1056",easyocr+ranked_item_row_grouping,0.9548,manual_review,
아르헨티나,1-18,호감 저해요인,게임,게임 서비스 운영이 잘 이루어지지 않아서,1순위,5.2,%,351.0,"1049,1050,1051,1052,1053,1054,1055,1056",easyocr+ranked_item_row_grouping,0.9998,manual_review,
아르헨티나,1-18,호감 저해요인,게임,숲 사용자 환경이 불편해서 (단축키 메뉴 회면 구성 등,1순위,4.8,%,351.0,"1049,1050,1051,1052,1053,1054,1055,1056",easyocr+ranked_item_row_grouping,0.5177,manual_review,
아르헨티나,1-18,호감 저해요인,게임,다양한 문회에 대한 고가 부족해세인종 성소수자 종교 히,1순위,4.6,%,351.0,"1049,1050,1051,1052,1053,1054,1055,1056",easyocr+ranked_item_row_grouping,0.5557,manual_review,
아르헨티나,1-18,호감 저해요인,게임,사용자 환경이 불편해서,1+2순위(중복),12.3,%,351.0,"1049,1050,1051,1052,1053,1054,1055,1056",easyocr+ranked_item_row_grouping,0.9857,manual_review,
아르헨티나,1-18,호감 저해요인,게임,다양하 문에 대한 고로까가 부족해세인종 성소수자 종교 텅,1+2순위(중복),8.3,%,351.0,"1049,1050,1051,1052,1053,1054,1055,1056",easyocr+ranked_item_row_grouping,0.9972,manual_review,
아르헨티나,1-18,호감 저해요인,게임,남성 여성,1+2순위(중복),10.0,%,351.0,"1049,1050,1051,1052,1053,1054,1055,1056",easyocr+ranked_item_row_grouping,0.9548,manual_review,
아르헨티나,1-18,호감 저해요인,패션,흙 한국에서 제조된 제품이 아니어서 제품 종류 및 스타일이 다양하지 않아서,순위미상(중복4회 중 1번째),12.1,%,345.0,"1049,1050,1051,1052,1053,1054,1055,1056",easyocr+ranked_item_row_grouping,0.9987,manual_review,순위 불명(순위미상(중복4회 중 1번째))
아르헨티나,1-18,호감 저해요인,패션,흙 한국에서 제조된 제품이 아니어서 제품 종류 및 스타일이 다양하지 않아서,순위미상(중복4회 중 2번째),4.3,%,345.0,"1049,1050,1051,1052,1053,1054,1055,1056",easyocr+ranked_item_row_grouping,0.9826,manual_review,순위 불명(순위미상(중복4회 중 2번째))
아르헨티나,1-18,호감 저해요인,패션,흙 한국에서 제조된 제품이 아니어서 제품 종류 및 스타일이 다양하지 않아서,순위미상(중복4회 중 3번째),19.0,%,345.0,"1049,1050,1051,1052,1053,1054,1055,1056",easyocr+ranked_item_row_grouping,0.7506,manual_review,순위 불명(순위미상(중복4회 중 3번째))
아르헨티나,1-18,호감 저해요인,패션,흙 한국에서 제조된 제품이 아니어서 제품 종류 및 스타일이 다양하지 않아서,순위미상(중복4회 중 4번째),9.0,%,345.0,"1049,1050,1051,1052,1053,1054,1055,1056",easyocr+ranked_item_row_grouping,0.9999,manual_review,순위 불명(순위미상(중복4회 중 4번째))
아르헨티나,1-18,호감 저해요인,패션,품질이 떨어저세소재   색상  봉제   단추 등의 상태),1순위,9.0,%,345.0,"1049,1050,1051,1052,1053,1054,1055,1056",easyocr+ranked_item_row_grouping,0.994,manual_review,
아르헨티나,1-18,호감 저해요인,패션,한국에서 제조된 제품이 아니어서,1순위,5.2,%,345.0,"1049,1050,1051,1052,1053,1054,1055,1056",easyocr+ranked_item_row_grouping,0.9999,manual_review,
아르헨티나,1-18,호감 저해요인,패션,수 (종교 인종 장애 관습 문제 등 다양한 문화에 대한 고려가 부족해서,1순위,4.4,%,345.0,"1049,1050,1051,1052,1053,1054,1055,1056",easyocr+ranked_item_row_grouping,0.6607,manual_review,
아르헨티나,1-18,호감 저해요인,패션,국가 간 역사-외교적 관계로 인해서,1순위,3.8,%,345.0,"1049,1050,1051,1052,1053,1054,1055,1056",easyocr+ranked_item_row_grouping,0.9957,manual_review,
아르헨티나,1-18,호감 저해요인,패션,(종교 인종 장애 관습 문제 등,1+2순위(중복),2.0,%,345.0,"1049,1050,1051,1052,1053,1054,1055,1056",easyocr+ranked_item_row_grouping,0.0554,manual_review,
아르헨티나,1-18,호감 저해요인,패션,복 국가 간 역사-외교적 '관계로 '인해서,1+2순위(중복),7.3,%,345.0,"1049,1050,1051,1052,1053,1054,1055,1056",easyocr+ranked_item_row_grouping,0.9681,manual_review,
아르헨티나,1-18,호감 저해요인,뷰티,나의 가치와 맞지 않아세할활  동물 실험 등,1순위,5.1,%,355.0,"1049,1050,1051,1052,1053,1054,1055,1056",easyocr+ranked_item_row_grouping,0.9997,manual_review,
아르헨티나,1-18,호감 저해요인,뷰티,다양한 문화에 대한 고려가 부족해서,1순위,5.1,%,355.0,"1049,1050,1051,1052,1053,1054,1055,1056",easyocr+ranked_item_row_grouping,1.0,manual_review,
아르헨티나,1-18,호감 저해요인,뷰티,수 콜걀이 평외다,1순위,4.2,%,355.0,"1049,1050,1051,1052,1053,1054,1055,1056",easyocr+ranked_item_row_grouping,0.98,manual_review,
아르헨티나,1-18,호감 저해요인,뷰티,잎,1순위,4.0,%,355.0,"1049,1050,1051,1052,1053,1054,1055,1056",easyocr+ranked_item_row_grouping,0.9318,manual_review,
아르헨티나,1-18,호감 저해요인,뷰티,브랜드 이미지가 쫓지 않아서,1순위,2.3,%,355.0,"1049,1050,1051,1052,1053,1054,1055,1056",easyocr+ranked_item_row_grouping,0.9995,manual_review,
아르헨티나,1-18,호감 저해요인,뷰티,흙 품질이 떨어저서,1+2순위(중복),7.6,%,355.0,"1049,1050,1051,1052,1053,1054,1055,1056",easyocr+ranked_item_row_grouping,0.9969,manual_review,
아르헨티나,1-18,호감 저해요인,뷰티,복 밝랜다 이밀지가 종지_않아서,1+2순위(중복),6.8,%,355.0,"1049,1050,1051,1052,1053,1054,1055,1056",easyocr+ranked_item_row_grouping,0.9997,manual_review,
아르헨티나,1-18,호감 저해요인,뷰티,남성 여성,1+2순위(중복),10.0,%,355.0,"1049,1050,1051,1052,1053,1054,1055,1056",easyocr+ranked_item_row_grouping,0.9686,manual_review,
아르헨티나,1-18,호감 저해요인,음식,좋아하는 맛과 향이 아니어서,1순위,6.5,%,174.0,"1049,1050,1051,1052,1053,1054,1055,1056",easyocr+ranked_item_row_grouping,0.8831,manual_review,
아르헨티나,1-18,호감 저해요인,음식,"(종피길, 채식 식문화 등",1순위,4.9,%,174.0,"1049,1050,1051,1052,1053,1054,1055,1056",easyocr+ranked_item_row_grouping,0.9549,manual_review,
아르헨티나,1-18,호감 저해요인,음식,제공하는 음식이 다양하지 않아서,1+2순위(중복),10.2,%,174.0,"1049,1050,1051,1052,1053,1054,1055,1056",easyocr+ranked_item_row_grouping,1.0,manual_review,
아르헨티나,1-18,호감 저해요인,음식,다양환 문화에 대한 펴려가 부족해서,1+2순위(중복),10.0,%,174.0,"1049,1050,1051,1052,1053,1054,1055,1056",easyocr+ranked_item_row_grouping,0.9009,manual_review,
아르헨티나,1-18,호감 저해요인,한국어,한국어름 사용할 일이 적어서,1순위,16.7,%,12.0,"1049,1050,1051,1052,1053,1054,1055,1056",easyocr+ranked_item_row_grouping,0.9412,manual_review,
아르헨티나,1-18,호감 저해요인,한국어,한국어 실력이 늘지 않아서,1순위,14.2,%,12.0,"1049,1050,1051,1052,1053,1054,1055,1056",easyocr+ranked_item_row_grouping,0.9987,manual_review,
아르헨티나,1-18,호감 저해요인,한국어,한국어 표기법이 복잡하고 비효율적으로 느껴저서,1+2순위(중복),24.0,%,12.0,"1049,1050,1051,1052,1053,1054,1055,1056",easyocr+ranked_item_row_grouping,1.0,manual_review,
아르헨티나,1-18,호감 저해요인,한국어,한국어의 소리가 불편하거나 어색해서,1+2순위(중복),15.0,%,12.0,"1049,1050,1051,1052,1053,1054,1055,1056",easyocr+ranked_item_row_grouping,0.6029,manual_review,
칠레,1-17,호감요인,드라마,배우의 연기력이 뛰어나서,1+2순위(중복),15.3,%,242.0,"1103,1104,1105,1106,1107,1108",easyocr+ranked_item_row_grouping,0.7844,manual_review,
칠레,1-17,호감요인,예능,패센분티 등 한국 최신 트렌드록 볼 수 있어서,1순위,11.6,%,232.0,"1103,1104,1105,1106,1107,1108",easyocr+ranked_item_row_grouping,0.999,manual_review,
칠레,1-17,호감요인,예능,순위 재미있는 게임 및 소재록 사용해서,1+2순위(중복),19.8,%,232.0,"1103,1104,1105,1106,1107,1108",easyocr+ranked_item_row_grouping,0.9998,manual_review,
칠레,1-17,호감요인,영화,%금,1순위,85.0,%,235.0,"1103,1104,1105,1106,1107,1108",easyocr+ranked_item_row_grouping,0.6703,manual_review,
칠레,1-17,호감요인,영화,화 패션볶티 등 한국 최신 트랜드록 볼 수 있어서,1순위,3.4,%,235.0,"1103,1104,1105,1106,1107,1108",easyocr+ranked_item_row_grouping,0.9704,manual_review,
칠레,1-17,호감요인,영화,표현 방식이 사실적이어서,1+2순위(중복),10.2,%,235.0,"1103,1104,1105,1106,1107,1108",easyocr+ranked_item_row_grouping,0.5973,manual_review,
칠레,1-17,호감요인,영화,패센부티 등 한국 최신 트렌드록 볼 수 있어서,1+2순위(중복),8.9,%,235.0,"1103,1104,1105,1106,1107,1108",easyocr+ranked_item_row_grouping,0.9487,manual_review,
칠레,1-17,호감요인,애니메이션,다양한 소재 또는 장르름 다리서,1순위,10.9,%,239.0,"1103,1104,1105,1106,1107,1108",easyocr+ranked_item_row_grouping,0.9697,manual_review,
칠레,1-17,호감요인,애니메이션,순위 한국 생활문회름 간접 경험하거나 이해할 수 있어서,1+2순위(중복),17.6,%,239.0,"1103,1104,1105,1106,1107,1108",easyocr+ranked_item_row_grouping,0.9965,manual_review,
칠레,1-17,호감요인,애니메이션,기타,1+2순위(중복),1.2,%,239.0,"1103,1104,1105,1106,1107,1108",easyocr+ranked_item_row_grouping,0.6942,manual_review,
칠레,1-17,호감요인,출판물,한국어에 대한 관심 및 학습 수요가 증가해서,1+2순위(중복),15.6,%,205.0,"1103,1104,1105,1106,1107,1108",easyocr+ranked_item_row_grouping,1.0,manual_review,
칠레,1-17,호감요인,웹툰,캐릭터의 성격역할이 마음에 들어서,1순위,10.0,%,231.0,"1103,1104,1105,1106,1107,1108",easyocr+ranked_item_row_grouping,0.9979,manual_review,
칠레,1-17,호감요인,웹툰,한국 생활문회름 간접 경험하거나 이해할 수 있어서,1순위,8.2,%,231.0,"1103,1104,1105,1106,1107,1108",easyocr+ranked_item_row_grouping,0.7378,manual_review,
칠레,1-17,호감요인,웹툰,(중복) 한국 생활문화름 간접 경험하거나 이해활 수 있어서,1+2순위(중복),16.0,%,231.0,"1103,1104,1105,1106,1107,1108",easyocr+ranked_item_row_grouping,1.0,manual_review,
칠레,1-17,호감요인,웹툰,사용자 환경이 편리해서,1+2순위(중복),15.1,%,231.0,"1103,1104,1105,1106,1107,1108",easyocr+ranked_item_row_grouping,0.9231,manual_review,
칠레,1-17,호감요인,게임,디른 게b들과 네트위f름 형성하고 햄게 질수 있서,1순위,8.0,%,236.0,"1103,1104,1105,1106,1107,1108",easyocr+ranked_item_row_grouping,0.9967,manual_review,
칠레,1-17,호감요인,게임,디른 게p들과 네트위크름 형성하고 햄 질수 잇서,1+2순위(중복),17.0,%,236.0,"1103,1104,1105,1106,1107,1108",easyocr+ranked_item_row_grouping,0.7599,manual_review,
칠레,1-17,호감요인,패션,좋아하는 한류스타가 사용홍보하기 때문에,1순위,9.3,%,237.0,"1103,1104,1105,1106,1107,1108",easyocr+ranked_item_row_grouping,0.754,manual_review,
칠레,1-17,호감요인,패션,순위 좋아하는 인플루언서가 직접 사용 홍보해서,1+2순위(중복),15.2,%,237.0,"1103,1104,1105,1106,1107,1108",easyocr+ranked_item_row_grouping,0.814,manual_review,
칠레,1-17,호감요인,패션,(중복) 신제품이 자주 나와서,1+2순위(중복),12.6,%,237.0,"1103,1104,1105,1106,1107,1108",easyocr+ranked_item_row_grouping,0.9884,manual_review,
칠레,1-17,호감요인,뷰티,접근성이 좋아서,1+2순위(중복),11.4,%,237.0,"1103,1104,1105,1106,1107,1108",easyocr+ranked_item_row_grouping,0.8737,manual_review,
칠레,1-17,호감요인,음식,좋아하는 한류스타가 광괴홍보하기 때문에,1순위,5.1,%,236.0,"1103,1104,1105,1106,1107,1108",easyocr+ranked_item_row_grouping,0.9733,manual_review,
칠레,1-17,호감요인,음식,(중복) 좋아하는 한류스타가 광고홍보하기 때문에,1+2순위(중복),9.8,%,236.0,"1103,1104,1105,1106,1107,1108",easyocr+ranked_item_row_grouping,0.8794,manual_review,
칠레,1-17,호감요인,한국어,한국어 자체가 새롭고 흥미로위서,1순위,8.6,%,105.0,"1103,1104,1105,1106,1107,1108",easyocr+ranked_item_row_grouping,0.5871,manual_review,
칠레,1-17,호감요인,한국어,순위   한류름 좋아해서,1+2순위(중복),20.0,%,105.0,"1103,1104,1105,1106,1107,1108",easyocr+ranked_item_row_grouping,1.0,manual_review,
칠레,1-18,호감 저해요인,드라마,같은 배우들이 다른 작품에 반복적으로 출연해서,1순위,8.2,%,242.0,"1109,1110,1111,1112,1113,1114,1115,1116",easyocr+ranked_item_row_grouping,0.7378,manual_review,
칠레,1-18,호감 저해요인,드라마,(중복) 다양한 문회에 대한 고가 부족해세인종 성소수자 총교 등,1+2순위(중복),9.5,%,242.0,"1109,1110,1111,1112,1113,1114,1115,1116",easyocr+ranked_item_row_grouping,0.549,manual_review,
칠레,1-18,호감 저해요인,예능,출연진 관계자의 부적절한 언행,1순위,8.2,%,232.0,"1109,1110,1111,1112,1113,1114,1115,1116",easyocr+ranked_item_row_grouping,0.7378,manual_review,
칠레,1-18,호감 저해요인,예능,디양한 문회에 대한 펴가 부족해세인종 성소수자 종교 등,1+2순위(중복),16.0,%,232.0,"1109,1110,1111,1112,1113,1114,1115,1116",easyocr+ranked_item_row_grouping,0.5643,manual_review,
칠레,1-18,호감 저해요인,영화,한국 영화 배우 관계자의 부적절한  언행,1순위,3.8,%,235.0,"1109,1110,1111,1112,1113,1114,1115,1116",easyocr+ranked_item_row_grouping,0.9605,manual_review,
칠레,1-18,호감 저해요인,영화,과도한 광고 노출이 많아서,1+2순위(중복),14.5,%,235.0,"1109,1110,1111,1112,1113,1114,1115,1116",easyocr+ranked_item_row_grouping,0.8444,manual_review,
칠레,1-18,호감 저해요인,영화,(중복) 한국 영화 배우-관계자의 부적절한 언행,1+2순위(중복),7.3,%,235.0,"1109,1110,1111,1112,1113,1114,1115,1116",easyocr+ranked_item_row_grouping,0.6336,manual_review,
칠레,1-18,호감 저해요인,영화,기타,1+2순위(중복),0.8,%,235.0,"1109,1110,1111,1112,1113,1114,1115,1116",easyocr+ranked_item_row_grouping,0.7859,manual_review,
칠레,1-18,호감 저해요인,음악,음악 자체가 쫓지 않아세수준이 낮아서,1순위,3.8,%,238.0,"1109,1110,1111,1112,1113,1114,1115,1116",easyocr+ranked_item_row_grouping,0.7037,manual_review,
칠레,1-18,호감 저해요인,음악,(중복) 음악 자체가 줄지 않아세수준이 낮아서,1+2순위(중복),8.4,%,238.0,"1109,1110,1111,1112,1113,1114,1115,1116",easyocr+ranked_item_row_grouping,0.9572,manual_review,
칠레,1-18,호감 저해요인,애니메이션,디양한 문회에 대한 펴려가 부족해세인종 성소수자 종교 등,1순위,7.1,%,239.0,"1109,1110,1111,1112,1113,1114,1115,1116",easyocr+ranked_item_row_grouping,0.5302,manual_review,
칠레,1-18,호감 저해요인,애니메이션,순위 한국적 요소가 강해세한국 문화전통스토리 등 디양한 문회에 대한 고가 부족해세인종 성소수자 종교 등,1+2순위(중복),14.2,%,239.0,"1109,1110,1111,1112,1113,1114,1115,1116",easyocr+ranked_item_row_grouping,0.687,manual_review,
칠레,1-18,호감 저해요인,출판물,번역이 미롭해서,1순위,13.2,%,205.0,"1109,1110,1111,1112,1113,1114,1115,1116",easyocr+ranked_item_row_grouping,0.929,manual_review,
칠레,1-18,호감 저해요인,출판물,한국적 요소가 강해세한국 문화전통스토리 등,1순위,7.8,%,205.0,"1109,1110,1111,1112,1113,1114,1115,1116",easyocr+ranked_item_row_grouping,0.545,manual_review,
칠레,1-18,호감 저해요인,출판물,스토리가 맘에 들지 않아서,순위미상(중복4회 중 1번째),3.4,%,205.0,"1109,1110,1111,1112,1113,1114,1115,1116",easyocr+ranked_item_row_grouping,0.6675,manual_review,순위 불명(순위미상(중복4회 중 1번째))
칠레,1-18,호감 저해요인,출판물,스토리가 맘에 들지 않아서,순위미상(중복4회 중 2번째),1.9,%,205.0,"1109,1110,1111,1112,1113,1114,1115,1116",easyocr+ranked_item_row_grouping,0.9594,manual_review,순위 불명(순위미상(중복4회 중 2번째))
칠레,1-18,호감 저해요인,출판물,스토리가 맘에 들지 않아서,순위미상(중복4회 중 3번째),7.3,%,205.0,"1109,1110,1111,1112,1113,1114,1115,1116",easyocr+ranked_item_row_grouping,0.6336,manual_review,순위 불명(순위미상(중복4회 중 3번째))
칠레,1-18,호감 저해요인,출판물,스토리가 맘에 들지 않아서,순위미상(중복4회 중 4번째),5.4,%,205.0,"1109,1110,1111,1112,1113,1114,1115,1116",easyocr+ranked_item_row_grouping,0.9965,manual_review,순위 불명(순위미상(중복4회 중 4번째))
칠레,1-18,호감 저해요인,출판물,물 번역이 미혼해서,1순위,27.3,%,205.0,"1109,1110,1111,1112,1113,1114,1115,1116",easyocr+ranked_item_row_grouping,0.8056,manual_review,
칠레,1-18,호감 저해요인,출판물,디양한 문회에 대한 펴마가 부족해세인종 성소수자 종교 등,1+2순위(중복),16.1,%,205.0,"1109,1110,1111,1112,1113,1114,1115,1116",easyocr+ranked_item_row_grouping,0.8548,manual_review,
칠레,1-18,호감 저해요인,웹툰,한국적 요소가 강해세한국 문화전통스토리 등,1순위,4.3,%,231.0,"1109,1110,1111,1112,1113,1114,1115,1116",easyocr+ranked_item_row_grouping,0.7564,manual_review,
칠레,1-18,호감 저해요인,웹툰,캐릭터가 맘에 들지 않아서,순위미상(중복4회 중 1번째),3.0,%,231.0,"1109,1110,1111,1112,1113,1114,1115,1116",easyocr+ranked_item_row_grouping,0.9632,manual_review,순위 불명(순위미상(중복4회 중 1번째))
칠레,1-18,호감 저해요인,웹툰,캐릭터가 맘에 들지 않아서,순위미상(중복4회 중 2번째),0.9,%,231.0,"1109,1110,1111,1112,1113,1114,1115,1116",easyocr+ranked_item_row_grouping,0.5528,manual_review,순위 불명(순위미상(중복4회 중 2번째))
칠레,1-18,호감 저해요인,웹툰,캐릭터가 맘에 들지 않아서,순위미상(중복4회 중 3번째),4.8,%,231.0,"1109,1110,1111,1112,1113,1114,1115,1116",easyocr+ranked_item_row_grouping,0.6782,manual_review,순위 불명(순위미상(중복4회 중 3번째))
칠레,1-18,호감 저해요인,웹툰,캐릭터가 맘에 들지 않아서,순위미상(중복4회 중 4번째),4.3,%,231.0,"1109,1110,1111,1112,1113,1114,1115,1116",easyocr+ranked_item_row_grouping,0.9839,manual_review,순위 불명(순위미상(중복4회 중 4번째))
칠레,1-18,호감 저해요인,웹툰,사용자 환경이 불편해서,1+2순위(중복),8.2,%,231.0,"1109,1110,1111,1112,1113,1114,1115,1116",easyocr+ranked_item_row_grouping,0.5431,manual_review,
칠레,1-18,호감 저해요인,웹툰,그림체가 마음에 들지 않아서,1+2순위(중복),8.2,%,231.0,"1109,1110,1111,1112,1113,1114,1115,1116",easyocr+ranked_item_row_grouping,0.8153,manual_review,
칠레,1-18,호감 저해요인,게임,그래픽의 독창성이 부족하고 어디서 본 듯해서,1순위,5.1,%,236.0,"1109,1110,1111,1112,1113,1114,1115,1116",easyocr+ranked_item_row_grouping,0.974,manual_review,
칠레,1-18,호감 저해요인,게임,스토리 소재 장르 등이 진부획일적이어서,1+2순위(중복),12.3,%,236.0,"1109,1110,1111,1112,1113,1114,1115,1116",easyocr+ranked_item_row_grouping,0.7897,manual_review,
칠레,1-18,호감 저해요인,패션,순위 제품 종류 및 스타일이 다양하지 않아서,순위미상(중복4회 중 1번째),12.6,%,237.0,"1109,1110,1111,1112,1113,1114,1115,1116",easyocr+ranked_item_row_grouping,0.9192,manual_review,순위 불명(순위미상(중복4회 중 1번째))
칠레,1-18,호감 저해요인,패션,순위 제품 종류 및 스타일이 다양하지 않아서,순위미상(중복4회 중 2번째),4.2,%,237.0,"1109,1110,1111,1112,1113,1114,1115,1116",easyocr+ranked_item_row_grouping,0.9469,manual_review,순위 불명(순위미상(중복4회 중 2번째))
칠레,1-18,호감 저해요인,패션,순위 제품 종류 및 스타일이 다양하지 않아서,순위미상(중복4회 중 3번째),19.4,%,237.0,"1109,1110,1111,1112,1113,1114,1115,1116",easyocr+ranked_item_row_grouping,0.9334,manual_review,순위 불명(순위미상(중복4회 중 3번째))
칠레,1-18,호감 저해요인,패션,순위 제품 종류 및 스타일이 다양하지 않아서,순위미상(중복4회 중 4번째),11.4,%,237.0,"1109,1110,1111,1112,1113,1114,1115,1116",easyocr+ranked_item_row_grouping,0.9944,manual_review,순위 불명(순위미상(중복4회 중 4번째))
칠레,1-18,호감 저해요인,패션,디양한 문화에 대한 고려가 부족해서,1순위,8.9,%,237.0,"1109,1110,1111,1112,1113,1114,1115,1116",easyocr+ranked_item_row_grouping,0.9986,manual_review,
칠레,1-18,호감 저해요인,패션,국가 간 역사 외교적 관계로 인해서,1+2순위(중복),9.7,%,237.0,"1109,1110,1111,1112,1113,1114,1115,1116",easyocr+ranked_item_row_grouping,0.5664,manual_review,
칠레,1-18,호감 저해요인,뷰티,품질이 떨어저서,1순위,7.6,%,237.0,"1109,1110,1111,1112,1113,1114,1115,1116",easyocr+ranked_item_row_grouping,0.8636,manual_review,
칠레,1-18,호감 저해요인,뷰티,제품 포장이 과해세비닐플라스틱 과다 사용 등,1순위,4.6,%,237.0,"1109,1110,1111,1112,1113,1114,1115,1116",easyocr+ranked_item_row_grouping,0.6385,manual_review,
칠레,1-18,호감 저해요인,뷰티,디양한 문화에 대한 고려가 부족해서,1+2순위(중복),9.3,%,237.0,"1109,1110,1111,1112,1113,1114,1115,1116",easyocr+ranked_item_row_grouping,0.754,manual_review,
칠레,1-18,호감 저해요인,뷰티,(중복) 제품 포장이 과해세비닐플라스틱 괴다 사용 등,1+2순위(중복),8.0,%,237.0,"1109,1110,1111,1112,1113,1114,1115,1116",easyocr+ranked_item_row_grouping,1.0,manual_review,
칠레,1-18,호감 저해요인,음식,제공하는 음식이 다양하지 않아서,1순위,9.8,%,236.0,"1109,1110,1111,1112,1113,1114,1115,1116",easyocr+ranked_item_row_grouping,0.8794,manual_review,
칠레,1-18,호감 저해요인,음식,다양한 문화에 대한 고려가 부족해서,1순위,5.5,%,236.0,"1109,1110,1111,1112,1113,1114,1115,1116",easyocr+ranked_item_row_grouping,0.8007,manual_review,
칠레,1-18,호감 저해요인,음식,(중복) 당양활 문회다 대화금려가 부족해서,1+2순위(중복),8.0,%,236.0,"1109,1110,1111,1112,1113,1114,1115,1116",easyocr+ranked_item_row_grouping,0.9967,manual_review,
칠레,1-18,호감 저해요인,한국어,한글이 만들어진 역사와 원리지 이해하기 어워세생소해세,1순위,13.4,%,105.0,"1109,1110,1111,1112,1113,1114,1115,1116",easyocr+ranked_item_row_grouping,0.9794,manual_review,
칠레,1-18,호감 저해요인,한국어,순위  한국어의 소리가 불편하거나 어색해서,1+2순위(중복),22.9,%,105.0,"1109,1110,1111,1112,1113,1114,1115,1116",easyocr+ranked_item_row_grouping,0.9051,manual_review,
칠레,1-37,한류 부정적 인식 공감 이유,,한류스타의 부적절한 언행 비운리적인 행동,1순위,8.5,%,166.0,1139,easyocr+ranked_item_row_grouping,0.8668,manual_review,
영국,1-17,호감요인,드라마,한국 생활문회틀 간접 경험하거나 이해할 수 있어서,1+2순위(중복),15.4,%,385.0,"1163,1164,1165,1166,1167,1168",easyocr+ranked_item_row_grouping,0.9923,manual_review,
영국,1-17,호감요인,예능,휴 제만전계판학불-위국 성:여_,1순위,8.3,%,387.0,"1163,1164,1165,1166,1167,1168",easyocr+ranked_item_row_grouping,0.9966,manual_review,
영국,1-17,호감요인,예능,출연진들 간의 팀위크가 돌보여서,1+2순위(중복),14.6,%,387.0,"1163,1164,1165,1166,1167,1168",easyocr+ranked_item_row_grouping,0.9634,manual_review,
영국,1-17,호감요인,예능,남성 여성,1+2순위(중복),10.0,%,387.0,"1163,1164,1165,1166,1167,1168",easyocr+ranked_item_row_grouping,0.4444,manual_review,
영국,1-17,호감요인,영화,순 배우의 외모가 매력적이어서,1순위,5.9,%,389.0,"1163,1164,1165,1166,1167,1168",easyocr+ranked_item_row_grouping,1.0,manual_review,
영국,1-17,호감요인,영화,흙 표현 방식이 사실적이어서,1+2순위(중복),10.8,%,389.0,"1163,1164,1165,1166,1167,1168",easyocr+ranked_item_row_grouping,0.9998,manual_review,
영국,1-17,호감요인,음악,남성 여성,1+2순위(중복),10.0,%,403.0,"1163,1164,1165,1166,1167,1168",easyocr+ranked_item_row_grouping,0.4444,manual_review,
영국,1-17,호감요인,애니메이션,둘 온라인모바일 플렉품올 통해 접할 수 있어서,1+2순위(중복),16.5,%,395.0,"1163,1164,1165,1166,1167,1168",easyocr+ranked_item_row_grouping,0.9998,manual_review,
영국,1-17,호감요인,애니메이션,기타,1+2순위(중복),0.8,%,395.0,"1163,1164,1165,1166,1167,1168",easyocr+ranked_item_row_grouping,0.9984,manual_review,
영국,1-17,호감요인,출판물,왼오프라인올 통해 쉽제 구매할 수 있어서,1순위,6.5,%,260.0,"1163,1164,1165,1166,1167,1168",easyocr+ranked_item_row_grouping,0.9994,manual_review,
영국,1-17,호감요인,출판물,복 왼오프라입올_통해 슬제 구매할 수 있어서,1+2순위(중복),14.6,%,260.0,"1163,1164,1165,1166,1167,1168",easyocr+ranked_item_row_grouping,0.9634,manual_review,
영국,1-17,호감요인,출판물,남성 여성,1+2순위(중복),10.0,%,260.0,"1163,1164,1165,1166,1167,1168",easyocr+ranked_item_row_grouping,0.4444,manual_review,
영국,1-17,호감요인,웹툰,인기 있는 한류 굳렌츠의 원작인 경우가 많아서,1순위,9.1,%,209.0,"1163,1164,1165,1166,1167,1168",easyocr+ranked_item_row_grouping,1.0,manual_review,
영국,1-17,호감요인,게임,디른 게pp들과 네트위스름 형성하고햄i 월수 있서,1순위,9.8,%,359.0,"1163,1164,1165,1166,1167,1168",easyocr+ranked_item_row_grouping,0.9995,manual_review,
영국,1-17,호감요인,게임,디른 게p미들과 네트위스릎 형성히고 햄 월수 있,1+2순위(중복),15.9,%,359.0,"1163,1164,1165,1166,1167,1168",easyocr+ranked_item_row_grouping,0.8516,manual_review,
영국,1-17,호감요인,게임,남성 여성,1+2순위(중복),10.0,%,359.0,"1163,1164,1165,1166,1167,1168",easyocr+ranked_item_row_grouping,0.4444,manual_review,
영국,1-17,호감요인,패션,주변 사람들 사이에 평판이 좋아서,1순위,11.4,%,386.0,"1163,1164,1165,1166,1167,1168",easyocr+ranked_item_row_grouping,0.9998,manual_review,
영국,1-17,호감요인,패션,신제품이 자주 나와서,1+2순위(중복),13.9,%,386.0,"1163,1164,1165,1166,1167,1168",easyocr+ranked_item_row_grouping,0.9697,manual_review,
영국,1-17,호감요인,뷰티,제품 패키지의 주 제중하기진월_L장p이 주아성 홍보해서  디자인이 좋아서,1순위,6.8,%,381.0,"1163,1164,1165,1166,1167,1168",easyocr+ranked_item_row_grouping,0.9992,manual_review,
영국,1-17,호감요인,뷰티,좋아하는 한류스타가 직접 사용 홍보해서,1+2순위(중복),13.4,%,381.0,"1163,1164,1165,1166,1167,1168",easyocr+ranked_item_row_grouping,0.9997,manual_review,
영국,1-17,호감요인,뷰티,흙 제품 때키지의 디자인이 좋아서,1+2순위(중복),13.1,%,381.0,"1163,1164,1165,1166,1167,1168",easyocr+ranked_item_row_grouping,0.9981,manual_review,
영국,1-17,호감요인,뷰티,기타,1+2순위(중복),0.3,%,381.0,"1163,1164,1165,1166,1167,1168",easyocr+ranked_item_row_grouping,0.5435,manual_review,
영국,1-17,호감요인,뷰티,남성 여성,1+2순위(중복),10.0,%,381.0,"1163,1164,1165,1166,1167,1168",easyocr+ranked_item_row_grouping,0.4444,manual_review,
영국,1-18,호감 저해요인,드라마,접하기 어려운 환경이어서 (지청 '경로 부족 인터넷 속되망 문제  정보 부족 등,1순위,5.0,%,385.0,"1169,1170,1171,1172,1173,1174,1175,1176",easyocr+ranked_item_row_grouping,0.6218,manual_review,
영국,1-18,호감 저해요인,드라마,숲 과도한 광고 노술이 많아서,1순위,4.4,%,385.0,"1169,1170,1171,1172,1173,1174,1175,1176",easyocr+ranked_item_row_grouping,0.9998,manual_review,
영국,1-18,호감 저해요인,드라마,위 드라마틀 보는데 비용이 '많이 들어서,1순위,4.4,%,385.0,"1169,1170,1171,1172,1173,1174,1175,1176",easyocr+ranked_item_row_grouping,0.7534,manual_review,
영국,1-18,호감 저해요인,드라마,접하기 어려운 환경이어서,1+2순위(중복),13.0,%,385.0,"1169,1170,1171,1172,1173,1174,1175,1176",easyocr+ranked_item_row_grouping,0.9557,manual_review,
영국,1-18,호감 저해요인,드라마,출 과도한 광고 노출이 많아서 드라마을 보는데 비용이 많이 들어서,1+2순위(중복),9.1,%,385.0,"1169,1170,1171,1172,1173,1174,1175,1176",easyocr+ranked_item_row_grouping,0.9993,manual_review,
영국,1-18,호감 저해요인,예능,과도한 광고 노출이 많아서,1순위,6.2,%,387.0,"1169,1170,1171,1172,1173,1174,1175,1176",easyocr+ranked_item_row_grouping,0.5088,manual_review,
영국,1-18,호감 저해요인,예능,순 디양한 문에 대한 고로마 부족해세인종 성소수자 종교 등,1순위,4.6,%,387.0,"1169,1170,1171,1172,1173,1174,1175,1176",easyocr+ranked_item_row_grouping,0.4976,manual_review,
영국,1-18,호감 저해요인,예능,수 게스트들의 토크에 의존하는 포매이 많아서,1+2순위(중복),10.6,%,387.0,"1169,1170,1171,1172,1173,1174,1175,1176",easyocr+ranked_item_row_grouping,0.9769,manual_review,
영국,1-18,호감 저해요인,예능,남성 여성,1+2순위(중복),10.0,%,387.0,"1169,1170,1171,1172,1173,1174,1175,1176",easyocr+ranked_item_row_grouping,0.9132,manual_review,
영국,1-18,호감 저해요인,영화,다양하 문에 대한 고로까가 부족해세인종 성소수자 종교 텅,1순위,3.3,%,389.0,"1169,1170,1171,1172,1173,1174,1175,1176",easyocr+ranked_item_row_grouping,0.8285,manual_review,
영국,1-18,호감 저해요인,영화,흙 다양한 문회에 대한 고려가 부족해세인종 성소수자 종교 등,1+2순위(중복),8.7,%,389.0,"1169,1170,1171,1172,1173,1174,1175,1176",easyocr+ranked_item_row_grouping,0.9541,manual_review,
영국,1-18,호감 저해요인,영화,남성 여성,1+2순위(중복),10.0,%,389.0,"1169,1170,1171,1172,1173,1174,1175,1176",easyocr+ranked_item_row_grouping,0.9104,manual_review,
영국,1-18,호감 저해요인,음악,음악의 장르가 확일적이어서,1순위,6.9,%,403.0,"1169,1170,1171,1172,1173,1174,1175,1176",easyocr+ranked_item_row_grouping,0.9913,manual_review,
영국,1-18,호감 저해요인,음악,음악 자체가 쫓지 않아세수준이 낮아서,1순위,5.9,%,403.0,"1169,1170,1171,1172,1173,1174,1175,1176",easyocr+ranked_item_row_grouping,0.9632,manual_review,
영국,1-18,호감 저해요인,음악,수 흐록 아이y기렇사의 출정 치스템이 심해서,1순위,5.3,%,403.0,"1169,1170,1171,1172,1173,1174,1175,1176",easyocr+ranked_item_row_grouping,0.9417,manual_review,
영국,1-18,호감 저해요인,음악,한국 아이돌 기획사의 경쟁 시스템이 심해서,1+2순위(중복),9.7,%,403.0,"1169,1170,1171,1172,1173,1174,1175,1176",easyocr+ranked_item_row_grouping,0.9993,manual_review,
영국,1-18,호감 저해요인,애니메이션,지나치게 상업적이어서,1순위,8.1,%,395.0,"1169,1170,1171,1172,1173,1174,1175,1176",easyocr+ranked_item_row_grouping,0.9955,manual_review,
영국,1-18,호감 저해요인,애니메이션,접하기 어려운 환경이어서,1순위,7.5,%,395.0,"1169,1170,1171,1172,1173,1174,1175,1176",easyocr+ranked_item_row_grouping,0.4035,manual_review,
영국,1-18,호감 저해요인,애니메이션,대부분 유아용의로 제작되며 성인 대상 권렌초가 부족해서,1순위,6.9,%,395.0,"1169,1170,1171,1172,1173,1174,1175,1176",easyocr+ranked_item_row_grouping,0.9794,manual_review,
영국,1-18,호감 저해요인,애니메이션,"대부분 유이용의로 제작되며 성인 대상 ,렌j 부족해서",1+2순위(중복),16.1,%,395.0,"1169,1170,1171,1172,1173,1174,1175,1176",easyocr+ranked_item_row_grouping,0.5807,manual_review,
영국,1-18,호감 저해요인,애니메이션,없음,1+2순위(중복),25.1,%,395.0,"1169,1170,1171,1172,1173,1174,1175,1176",easyocr+ranked_item_row_grouping,1.0,manual_review,
영국,1-18,호감 저해요인,애니메이션,남성 여성,1+2순위(중복),10.0,%,395.0,"1169,1170,1171,1172,1173,1174,1175,1176",easyocr+ranked_item_row_grouping,0.9548,manual_review,
영국,1-18,호감 저해요인,출판물,다양한 문에 대한 고로가 부족해세인종 성소수자 종교 등,1순위,7.0,%,260.0,"1169,1170,1171,1172,1173,1174,1175,1176",easyocr+ranked_item_row_grouping,0.9989,manual_review,
영국,1-18,호감 저해요인,출판물,수 국매하기 어쨌워세문매철 통,1순위,5.7,%,260.0,"1169,1170,1171,1172,1173,1174,1175,1176",easyocr+ranked_item_row_grouping,0.9975,manual_review,
영국,1-18,호감 저해요인,출판물,스토리가 맘에 들지 않아서,순위미상(중복3회 중 1번째),3.8,%,260.0,"1169,1170,1171,1172,1173,1174,1175,1176",easyocr+ranked_item_row_grouping,0.999,manual_review,순위 불명(순위미상(중복3회 중 1번째))
영국,1-18,호감 저해요인,출판물,스토리가 맘에 들지 않아서,순위미상(중복3회 중 2번째),1.9,%,260.0,"1169,1170,1171,1172,1173,1174,1175,1176",easyocr+ranked_item_row_grouping,0.9999,manual_review,순위 불명(순위미상(중복3회 중 2번째))
영국,1-18,호감 저해요인,출판물,스토리가 맘에 들지 않아서,순위미상(중복3회 중 3번째),6.1,%,260.0,"1169,1170,1171,1172,1173,1174,1175,1176",easyocr+ranked_item_row_grouping,0.9973,manual_review,순위 불명(순위미상(중복3회 중 3번째))
영국,1-18,호감 저해요인,출판물,구매하기 어려워서판매처 등),1+2순위(중복),11.8,%,260.0,"1169,1170,1171,1172,1173,1174,1175,1176",easyocr+ranked_item_row_grouping,0.9993,manual_review,
영국,1-18,호감 저해요인,출판물,캐릭터가 많에 들지 않아서,1+2순위(중복),6.1,%,260.0,"1169,1170,1171,1172,1173,1174,1175,1176",easyocr+ranked_item_row_grouping,0.9987,manual_review,
영국,1-18,호감 저해요인,출판물,남성 여성,1+2순위(중복),10.0,%,260.0,"1169,1170,1171,1172,1173,1174,1175,1176",easyocr+ranked_item_row_grouping,0.9132,manual_review,
영국,1-18,호감 저해요인,웹툰,수 치용자 환경이 룩해,1순위,4.3,%,29.0,"1169,1170,1171,1172,1173,1174,1175,1176",easyocr+ranked_item_row_grouping,0.9995,manual_review,
영국,1-18,호감 저해요인,웹툰,국가 간 역사-외교적 관계로 인해서,1순위,2.9,%,29.0,"1169,1170,1171,1172,1173,1174,1175,1176",easyocr+ranked_item_row_grouping,1.0,manual_review,
영국,1-18,호감 저해요인,웹툰,스토리가 맘에 들지 않아서,순위미상(중복4회 중 1번째),1.4,%,29.0,"1169,1170,1171,1172,1173,1174,1175,1176",easyocr+ranked_item_row_grouping,0.9988,manual_review,순위 불명(순위미상(중복4회 중 1번째))
영국,1-18,호감 저해요인,웹툰,스토리가 맘에 들지 않아서,순위미상(중복4회 중 2번째),1.0,%,29.0,"1169,1170,1171,1172,1173,1174,1175,1176",easyocr+ranked_item_row_grouping,0.6163,manual_review,순위 불명(순위미상(중복4회 중 2번째))
영국,1-18,호감 저해요인,웹툰,스토리가 맘에 들지 않아서,순위미상(중복4회 중 3번째),2.8,%,29.0,"1169,1170,1171,1172,1173,1174,1175,1176",easyocr+ranked_item_row_grouping,0.7079,manual_review,순위 불명(순위미상(중복4회 중 3번째))
영국,1-18,호감 저해요인,웹툰,스토리가 맘에 들지 않아서,순위미상(중복4회 중 4번째),1.9,%,29.0,"1169,1170,1171,1172,1173,1174,1175,1176",easyocr+ranked_item_row_grouping,0.9987,manual_review,순위 불명(순위미상(중복4회 중 4번째))
영국,1-18,호감 저해요인,웹툰,다양한 문회에 대한 고려가 부족해세인종 성소수자 종교 등,1+2순위(중복),12.1,%,29.0,"1169,1170,1171,1172,1173,1174,1175,1176",easyocr+ranked_item_row_grouping,0.9999,manual_review,
영국,1-18,호감 저해요인,웹툰,복 육하안 역사 회교적 관계로' 인해서,1+2순위(중복),6.7,%,29.0,"1169,1170,1171,1172,1173,1174,1175,1176",easyocr+ranked_item_row_grouping,0.9485,manual_review,
영국,1-18,호감 저해요인,웹툰,Q,1+2순위(중복),2.0,%,29.0,"1169,1170,1171,1172,1173,1174,1175,1176",easyocr+ranked_item_row_grouping,0.4511,manual_review,
영국,1-18,호감 저해요인,웹툰,남성 여성,1+2순위(중복),10.0,%,29.0,"1169,1170,1171,1172,1173,1174,1175,1176",easyocr+ranked_item_row_grouping,0.9132,manual_review,
영국,1-18,호감 저해요인,게임,이용하는데 비용이 많이 들어서,1순위,7.5,%,359.0,"1169,1170,1171,1172,1173,1174,1175,1176",easyocr+ranked_item_row_grouping,0.4035,manual_review,
영국,1-18,호감 저해요인,게임,다양한 문에 대한 고까마가 부족해세인종 성소수자 종교 히,1순위,4.2,%,359.0,"1169,1170,1171,1172,1173,1174,1175,1176",easyocr+ranked_item_row_grouping,0.7299,manual_review,
영국,1-18,호감 저해요인,게임,흙 다양한 문회에 대한 고로가 부족해세인종 성소수자 종교,1+2순위(중복),10.3,%,359.0,"1169,1170,1171,1172,1173,1174,1175,1176",easyocr+ranked_item_row_grouping,1.0,manual_review,
영국,1-18,호감 저해요인,게임,남성 여성,1+2순위(중복),10.0,%,359.0,"1169,1170,1171,1172,1173,1174,1175,1176",easyocr+ranked_item_row_grouping,0.9132,manual_review,
영국,1-18,호감 저해요인,패션,(종교 인종 장애 관습 문제 등,1순위,11.6,%,386.0,"1169,1170,1171,1172,1173,1174,1175,1176",easyocr+ranked_item_row_grouping,0.7956,manual_review,
영국,1-18,호감 저해요인,패션,제품 종류 및 스타일이 다양하지 않아서,순위미상(중복4회 중 1번째),9.1,%,386.0,"1169,1170,1171,1172,1173,1174,1175,1176",easyocr+ranked_item_row_grouping,0.9993,manual_review,순위 불명(순위미상(중복4회 중 1번째))
영국,1-18,호감 저해요인,패션,제품 종류 및 스타일이 다양하지 않아서,순위미상(중복4회 중 2번째),4.4,%,386.0,"1169,1170,1171,1172,1173,1174,1175,1176",easyocr+ranked_item_row_grouping,0.9998,manual_review,순위 불명(순위미상(중복4회 중 2번째))
영국,1-18,호감 저해요인,패션,제품 종류 및 스타일이 다양하지 않아서,순위미상(중복4회 중 3번째),17.7,%,386.0,"1169,1170,1171,1172,1173,1174,1175,1176",easyocr+ranked_item_row_grouping,0.5707,manual_review,순위 불명(순위미상(중복4회 중 3번째))
영국,1-18,호감 저해요인,패션,제품 종류 및 스타일이 다양하지 않아서,순위미상(중복4회 중 4번째),7.5,%,386.0,"1169,1170,1171,1172,1173,1174,1175,1176",easyocr+ranked_item_row_grouping,0.5177,manual_review,순위 불명(순위미상(중복4회 중 4번째))
영국,1-18,호감 저해요인,패션,수 끓닫이 떨어적세소새 액상 훨제외충 등의 상태),1순위,4.6,%,386.0,"1169,1170,1171,1172,1173,1174,1175,1176",easyocr+ranked_item_row_grouping,0.9525,manual_review,
영국,1-18,호감 저해요인,패션,브랜드 이미지가 쫓지 않아서,1순위,3.9,%,386.0,"1169,1170,1171,1172,1173,1174,1175,1176",easyocr+ranked_item_row_grouping,0.876,manual_review,
영국,1-18,호감 저해요인,패션,(종교 인종 장애 관습 문제 다양한 문화에 대한 고려가 부족해서,1+2순위(중복),17.7,%,386.0,"1169,1170,1171,1172,1173,1174,1175,1176",easyocr+ranked_item_row_grouping,0.5707,manual_review,
영국,1-18,호감 저해요인,패션,흙 품질이 떨어저세소재   색상 봉제   단추 등의,1+2순위(중복),10.6,%,386.0,"1169,1170,1171,1172,1173,1174,1175,1176",easyocr+ranked_item_row_grouping,0.9769,manual_review,
영국,1-18,호감 저해요인,패션,복 브랜드 이미지가 놓치 '않아서,1+2순위(중복),5.9,%,386.0,"1169,1170,1171,1172,1173,1174,1175,1176",easyocr+ranked_item_row_grouping,0.9992,manual_review,
영국,1-18,호감 저해요인,뷰티,제품에 정보 표기가 자세하지 않아세성분 생산 방식 등,1순위,6.6,%,381.0,"1169,1170,1171,1172,1173,1174,1175,1176",easyocr+ranked_item_row_grouping,0.9992,manual_review,
영국,1-18,호감 저해요인,뷰티,나의 가치와 맞지 않아세할활  동물 실험,1순위,2.6,%,381.0,"1169,1170,1171,1172,1173,1174,1175,1176",easyocr+ranked_item_row_grouping,0.6776,manual_review,
영국,1-18,호감 저해요인,뷰티,품질이 떨어저서,1+2순위(중복),6.0,%,381.0,"1169,1170,1171,1172,1173,1174,1175,1176",easyocr+ranked_item_row_grouping,0.6577,manual_review,
영국,1-18,호감 저해요인,뷰티,남성 여성,1+2순위(중복),10.0,%,381.0,"1169,1170,1171,1172,1173,1174,1175,1176",easyocr+ranked_item_row_grouping,0.9132,manual_review,
영국,1-18,호감 저해요인,음식,제공하는 음식이 다양하지 않아서,1순위,6.8,%,399.0,"1169,1170,1171,1172,1173,1174,1175,1176",easyocr+ranked_item_row_grouping,0.9999,manual_review,
영국,1-18,호감 저해요인,음식,}u달물 사식 로화&,1순위,6.5,%,399.0,"1169,1170,1171,1172,1173,1174,1175,1176",easyocr+ranked_item_row_grouping,0.9998,manual_review,
영국,1-18,호감 저해요인,음식,다양한 문화에 대한 고려가 부족해서,1+2순위(중복),13.6,%,399.0,"1169,1170,1171,1172,1173,1174,1175,1176",easyocr+ranked_item_row_grouping,0.9624,manual_review,
영국,1-18,호감 저해요인,한국어,한국어가 배우기 어렵다고 느껴저서,1순위,19.7,%,183.0,"1169,1170,1171,1172,1173,1174,1175,1176",easyocr+ranked_item_row_grouping,0.9073,manual_review,
영국,1-18,호감 저해요인,한국어,수,1순위,8.0,%,183.0,"1169,1170,1171,1172,1173,1174,1175,1176",easyocr+ranked_item_row_grouping,0.2781,manual_review,
영국,1-18,호감 저해요인,한국어,한국어 실력이 늘지 않아서,1순위,9.3,%,183.0,"1169,1170,1171,1172,1173,1174,1175,1176",easyocr+ranked_item_row_grouping,0.9948,manual_review,
영국,1-18,호감 저해요인,한국어,한국 단어나 표현 방식이 낯설고 불편해서,1+2순위(중복),20.6,%,183.0,"1169,1170,1171,1172,1173,1174,1175,1176",easyocr+ranked_item_row_grouping,1.0,manual_review,
프랑스,1-17,호감요인,드라마,유 온라인도비일 쫓기품흘 통해 접말 수 있어서,1순위,6.0,%,366.0,"1223,1224,1225,1226,1227,1228",easyocr+ranked_item_row_grouping,0.7034,manual_review,
프랑스,1-17,호감요인,드라마,온라엔모바일 플스올 통해 접할 수 있어서,1+2순위(중복),14.0,%,366.0,"1223,1224,1225,1226,1227,1228",easyocr+ranked_item_row_grouping,0.9384,manual_review,
프랑스,1-17,호감요인,예능,패센분티 등 한국 최신 트럭드록 볼 수 있어서,1순위,10.3,%,271.0,"1223,1224,1225,1226,1227,1228",easyocr+ranked_item_row_grouping,0.9989,manual_review,
프랑스,1-17,호감요인,예능,수 강동적이거나 할외되등-설리가 오멋서,1순위,9.9,%,271.0,"1223,1224,1225,1226,1227,1228",easyocr+ranked_item_row_grouping,0.6955,manual_review,
프랑스,1-17,호감요인,예능,감동적이거나 힘립되는 스토리가 있어서,1+2순위(중복),16.9,%,271.0,"1223,1224,1225,1226,1227,1228",easyocr+ranked_item_row_grouping,0.9999,manual_review,
프랑스,1-17,호감요인,예능,기타,1+2순위(중복),0.7,%,271.0,"1223,1224,1225,1226,1227,1228",easyocr+ranked_item_row_grouping,0.6269,manual_review,
프랑스,1-17,호감요인,예능,남성 여성,1+2순위(중복),10.0,%,271.0,"1223,1224,1225,1226,1227,1228",easyocr+ranked_item_row_grouping,0.4444,manual_review,
프랑스,1-17,호감요인,영화,관심있는 감독작가의 작품이라서,1순위,4.1,%,365.0,"1223,1224,1225,1226,1227,1228",easyocr+ranked_item_row_grouping,0.9957,manual_review,
프랑스,1-17,호감요인,영화,영 화 기타,1순위,0.5,%,365.0,"1223,1224,1225,1226,1227,1228",easyocr+ranked_item_row_grouping,0.9997,manual_review,
프랑스,1-17,호감요인,영화,온라인모바일 플품올 통해 접할 수 있어서,1+2순위(중복),11.3,%,365.0,"1223,1224,1225,1226,1227,1228",easyocr+ranked_item_row_grouping,0.7778,manual_review,
프랑스,1-17,호감요인,영화,기타,1+2순위(중복),1.1,%,365.0,"1223,1224,1225,1226,1227,1228",easyocr+ranked_item_row_grouping,0.6637,manual_review,
프랑스,1-17,호감요인,음악,수 올라인도비일 플라잔올-통해 집알 수 있어서,1순위,8.3,%,373.0,"1223,1224,1225,1226,1227,1228",easyocr+ranked_item_row_grouping,0.9952,manual_review,
프랑스,1-17,호감요인,음악,온라인모바일 플품올 통해 접할 수 있어서,1+2순위(중복),15.5,%,373.0,"1223,1224,1225,1226,1227,1228",easyocr+ranked_item_row_grouping,0.9852,manual_review,
프랑스,1-17,호감요인,음악,남성 여성,1+2순위(중복),10.0,%,373.0,"1223,1224,1225,1226,1227,1228",easyocr+ranked_item_row_grouping,0.4444,manual_review,
프랑스,1-17,호감요인,애니메이션,캐릭터 생감새디지인이 마음에 들어서,1순위,12.5,%,360.0,"1223,1224,1225,1226,1227,1228",easyocr+ranked_item_row_grouping,0.628,manual_review,
프랑스,1-17,호감요인,애니메이션,스토리가 짜임새 잇고 단단해서,1순위,9.2,%,360.0,"1223,1224,1225,1226,1227,1228",easyocr+ranked_item_row_grouping,0.9878,manual_review,
프랑스,1-17,호감요인,애니메이션,온라인모바일 플품올 통해 접할 수 있어서,1+2순위(중복),14.8,%,360.0,"1223,1224,1225,1226,1227,1228",easyocr+ranked_item_row_grouping,0.9995,manual_review,
프랑스,1-17,호감요인,애니메이션,기타,1+2순위(중복),0.3,%,360.0,"1223,1224,1225,1226,1227,1228",easyocr+ranked_item_row_grouping,0.9934,manual_review,
프랑스,1-17,호감요인,출판물,한국의 최신 트럭드록 접할 수 있어서,1순위,7.6,%,237.0,"1223,1224,1225,1226,1227,1228",easyocr+ranked_item_row_grouping,0.9658,manual_review,
프랑스,1-17,호감요인,출판물,흙 한국의 최신 트랜드틀 접할 수 있어서,1+2순위(중복),14.8,%,237.0,"1223,1224,1225,1226,1227,1228",easyocr+ranked_item_row_grouping,0.9995,manual_review,
프랑스,1-17,호감요인,출판물,한국어에 대한 관심 및 학습 수요가 증가해서,1+2순위(중복),14.4,%,237.0,"1223,1224,1225,1226,1227,1228",easyocr+ranked_item_row_grouping,0.8565,manual_review,
프랑스,1-17,호감요인,출판물,Q,1+2순위(중복),2.0,%,237.0,"1223,1224,1225,1226,1227,1228",easyocr+ranked_item_row_grouping,0.3106,manual_review,
프랑스,1-17,호감요인,출판물,남성 여성,1+2순위(중복),10.0,%,237.0,"1223,1224,1225,1226,1227,1228",easyocr+ranked_item_row_grouping,0.4444,manual_review,
프랑스,1-17,호감요인,웹툰,한국 생활문회틀 간접 경험하거나 이해할 수 있어서,1순위,9.3,%,259.0,"1223,1224,1225,1226,1227,1228",easyocr+ranked_item_row_grouping,0.9905,manual_review,
프랑스,1-17,호감요인,웹툰,슈 옷플외숙-이 플라품움,1순위,7.7,%,259.0,"1223,1224,1225,1226,1227,1228",easyocr+ranked_item_row_grouping,0.9652,manual_review,
프랑스,1-17,호감요인,웹툰,사용자 환경이 편리해서,1+2순위(중복),13.1,%,259.0,"1223,1224,1225,1226,1227,1228",easyocr+ranked_item_row_grouping,0.9998,manual_review,
프랑스,1-17,호감요인,게임,디른 게p머들과 네트위크름 형성하고 햄 질수 앞,1순위,9.2,%,358.0,"1223,1224,1225,1226,1227,1228",easyocr+ranked_item_row_grouping,0.9999,manual_review,
프랑스,1-17,호감요인,게임,휴 캐릭터의 성계없할이 개상 있어서,1순위,9.2,%,358.0,"1223,1224,1225,1226,1227,1228",easyocr+ranked_item_row_grouping,0.9999,manual_review,
프랑스,1-17,호감요인,게임,한국 게임 동영상 스트리머가 좋아서,1순위,5.9,%,358.0,"1223,1224,1225,1226,1227,1228",easyocr+ranked_item_row_grouping,0.8486,manual_review,
프랑스,1-17,호감요인,게임,디른 게p미들과 네트위스릎 형성하고 햄 월수 있,1+2순위(중복),17.3,%,358.0,"1223,1224,1225,1226,1227,1228",easyocr+ranked_item_row_grouping,0.9854,manual_review,
프랑스,1-17,호감요인,게임,흙 캐릭터의 성계역할이 개성 있어서,1+2순위(중복),14.2,%,358.0,"1223,1224,1225,1226,1227,1228",easyocr+ranked_item_row_grouping,0.9995,manual_review,
프랑스,1-17,호감요인,게임,복 한x_암 굉굉콩소하리-마아서,1+2순위(중복),9.8,%,358.0,"1223,1224,1225,1226,1227,1228",easyocr+ranked_item_row_grouping,0.6757,manual_review,
프랑스,1-17,호감요인,게임,남성 여성,1+2순위(중복),10.0,%,358.0,"1223,1224,1225,1226,1227,1228",easyocr+ranked_item_row_grouping,0.4444,manual_review,
프랑스,1-17,호감요인,패션,브랜드 이미지가 좋아서,1순위,8.9,%,292.0,"1223,1224,1225,1226,1227,1228",easyocr+ranked_item_row_grouping,0.9997,manual_review,
프랑스,1-17,호감요인,패션,좋아하는 한류스타가 사용홍보하기 때문에,1+2순위(중복),15.8,%,292.0,"1223,1224,1225,1226,1227,1228",easyocr+ranked_item_row_grouping,0.8909,manual_review,
프랑스,1-17,호감요인,뷰티,수 출 하듣 한류-다가 직접 사용홍보해서,1순위,7.4,%,351.0,"1223,1224,1225,1226,1227,1228",easyocr+ranked_item_row_grouping,0.6474,manual_review,
프랑스,1-17,호감요인,뷰티,자연 친화적 성분 및 재료름 사용해서,1순위,6.6,%,351.0,"1223,1224,1225,1226,1227,1228",easyocr+ranked_item_row_grouping,0.9996,manual_review,
프랑스,1-17,호감요인,뷰티,흙 좋아하는 한류스타가 직접 사용홍보해서,1+2순위(중복),13.4,%,351.0,"1223,1224,1225,1226,1227,1228",easyocr+ranked_item_row_grouping,0.9973,manual_review,
프랑스,1-17,호감요인,뷰티,복 자연 친회적 성분 및 재료틀 사용해서,1+2순위(중복),11.8,%,351.0,"1223,1224,1225,1226,1227,1228",easyocr+ranked_item_row_grouping,0.9968,manual_review,
프랑스,1-17,호감요인,뷰티,남성 여성,1+2순위(중복),10.0,%,351.0,"1223,1224,1225,1226,1227,1228",easyocr+ranked_item_row_grouping,0.4444,manual_review,
프랑스,1-17,호감요인,음식,표,1순위,6.0,%,369.0,"1223,1224,1225,1226,1227,1228",easyocr+ranked_item_row_grouping,0.6117,manual_review,
프랑스,1-17,호감요인,한국어,한국어 자체가 멋있어서,1순위,6.4,%,149.0,"1223,1224,1225,1226,1227,1228",easyocr+ranked_item_row_grouping,0.9884,manual_review,
프랑스,1-17,호감요인,한국어,값 한글이 과학적인 표기법 체제틀 갖추고 있어서,1+2순위(중복),113.0,%,149.0,"1223,1224,1225,1226,1227,1228",easyocr+ranked_item_row_grouping,0.9997,manual_review,"값 범위 이상: 113.0 (기대범위 0.0~100.0, 단위=%) — 소수점 누락(예: 3.3->33) 또는 자릿수 오류 의심; %인데 113.0 > 100 — 소수점 누락 또는 자릿수 오류 의심"
프랑스,1-17,호감요인,한국어,복 헌국어릿계자 멋있어여,1+2순위(중복),13.4,%,149.0,"1223,1224,1225,1226,1227,1228",easyocr+ranked_item_row_grouping,0.9999,manual_review,
프랑스,1-18,호감 저해요인,드라마,숲 접하기 어려운 환경이어서 (시청 경로 부족 인터넷 속되망 문제   정보 부족 등,1순위,4.4,%,366.0,"1229,1230,1231,1232,1233,1234,1235,1236",easyocr+ranked_item_row_grouping,0.9984,manual_review,
프랑스,1-18,호감 저해요인,드라마,기타,1+2순위(중복),0.5,%,366.0,"1229,1230,1231,1232,1233,1234,1235,1236",easyocr+ranked_item_row_grouping,0.5851,manual_review,
프랑스,1-18,호감 저해요인,예능,출연진 관계자의 부적절한 언행,1순위,8.1,%,271.0,"1229,1230,1231,1232,1233,1234,1235,1236",easyocr+ranked_item_row_grouping,0.967,manual_review,
프랑스,1-18,호감 저해요인,예능,(시청 경로 부족 인터넷 속되망 문제   정보 부족 등,1순위,1.0,%,271.0,"1229,1230,1231,1232,1233,1234,1235,1236",easyocr+ranked_item_row_grouping,0.3099,manual_review,
프랑스,1-18,호감 저해요인,예능,순 게스트들의 토크에 의존하는 포패이 많아서,1순위,7.0,%,271.0,"1229,1230,1231,1232,1233,1234,1235,1236",easyocr+ranked_item_row_grouping,0.88,manual_review,
프랑스,1-18,호감 저해요인,예능,위 디양한 문에 대한 고가 부족해세인종 성소수자 종교 등,1순위,7.0,%,271.0,"1229,1230,1231,1232,1233,1234,1235,1236",easyocr+ranked_item_row_grouping,0.9383,manual_review,
프랑스,1-18,호감 저해요인,예능,흙 방송용 지맥텍스 말 풍선 이모티롬 등이 너무 많서,1+2순위(중복),12.2,%,271.0,"1229,1230,1231,1232,1233,1234,1235,1236",easyocr+ranked_item_row_grouping,0.9106,manual_review,
프랑스,1-18,호감 저해요인,예능,복 또양환 문화에 대한 펴굽마 부족해세요종 성소수자 종교 등,1+2순위(중복),11.1,%,271.0,"1229,1230,1231,1232,1233,1234,1235,1236",easyocr+ranked_item_row_grouping,0.9999,manual_review,
프랑스,1-18,호감 저해요인,예능,Q,1+2순위(중복),2.0,%,271.0,"1229,1230,1231,1232,1233,1234,1235,1236",easyocr+ranked_item_row_grouping,0.2203,manual_review,
프랑스,1-18,호감 저해요인,예능,남성 여성,1+2순위(중복),10.0,%,271.0,"1229,1230,1231,1232,1233,1234,1235,1236",easyocr+ranked_item_row_grouping,0.9132,manual_review,
프랑스,1-18,호감 저해요인,영화,(시청 경로 부족 인터넷 속되망 문제   정보 부족 등,1순위,8.5,%,365.0,"1229,1230,1231,1232,1233,1234,1235,1236",easyocr+ranked_item_row_grouping,0.9858,manual_review,
프랑스,1-18,호감 저해요인,영화,숲 과도한 광고 '노출이 않아서,1순위,3.6,%,365.0,"1229,1230,1231,1232,1233,1234,1235,1236",easyocr+ranked_item_row_grouping,0.9975,manual_review,
프랑스,1-18,호감 저해요인,영화,접하기 어려운 환경이어서,1+2순위(중복),12.8,%,365.0,"1229,1230,1231,1232,1233,1234,1235,1236",easyocr+ranked_item_row_grouping,0.9988,manual_review,
프랑스,1-18,호감 저해요인,영화,과도한 광고 노출이 많아서,1+2순위(중복),9.6,%,365.0,"1229,1230,1231,1232,1233,1234,1235,1236",easyocr+ranked_item_row_grouping,0.9995,manual_review,
프랑스,1-18,호감 저해요인,영화,Q,1+2순위(중복),2.0,%,365.0,"1229,1230,1231,1232,1233,1234,1235,1236",easyocr+ranked_item_row_grouping,0.4776,manual_review,
프랑스,1-18,호감 저해요인,영화,남성 여성,1+2순위(중복),10.0,%,365.0,"1229,1230,1231,1232,1233,1234,1235,1236",easyocr+ranked_item_row_grouping,0.9132,manual_review,
프랑스,1-18,호감 저해요인,음악,기타,1+2순위(중복),0.5,%,373.0,"1229,1230,1231,1232,1233,1234,1235,1236",easyocr+ranked_item_row_grouping,0.9991,manual_review,
프랑스,1-18,호감 저해요인,애니메이션,숲 한국적 요소가 강해세한국 문화전통스토리 등 다양한 문에 대한 고까가 부족해세인종 성소수자 종교 히,1순위,5.9,%,360.0,"1229,1230,1231,1232,1233,1234,1235,1236",easyocr+ranked_item_row_grouping,0.6146,manual_review,
프랑스,1-18,호감 저해요인,애니메이션,다양한 문회에 대한 고려가 부족해세인종 성소수자 종교 등,1+2순위(중복),12.5,%,360.0,"1229,1230,1231,1232,1233,1234,1235,1236",easyocr+ranked_item_row_grouping,0.9965,manual_review,
프랑스,1-18,호감 저해요인,애니메이션,한국적 요소가 강해세한국 문화전통스토리 등,1+2순위(중복),11.4,%,360.0,"1229,1230,1231,1232,1233,1234,1235,1236",easyocr+ranked_item_row_grouping,0.99,manual_review,
프랑스,1-18,호감 저해요인,애니메이션,Q,1+2순위(중복),2.0,%,360.0,"1229,1230,1231,1232,1233,1234,1235,1236",easyocr+ranked_item_row_grouping,0.4776,manual_review,
프랑스,1-18,호감 저해요인,애니메이션,남성 여성,1+2순위(중복),10.0,%,360.0,"1229,1230,1231,1232,1233,1234,1235,1236",easyocr+ranked_item_row_grouping,0.9132,manual_review,
프랑스,1-18,호감 저해요인,출판물,한국적 요소가 강해세한국 문화전통스토리 등,1순위,8.4,%,257.0,"1229,1230,1231,1232,1233,1234,1235,1236",easyocr+ranked_item_row_grouping,0.9999,manual_review,
프랑스,1-18,호감 저해요인,출판물,디양한 문에 대한 고가 부족해세인종 성소수자 종교 등,1순위,8.0,%,257.0,"1229,1230,1231,1232,1233,1234,1235,1236",easyocr+ranked_item_row_grouping,0.9943,manual_review,
프랑스,1-18,호감 저해요인,출판물,수 한닭 l 연사외교적 관계로 인해석,1순위,7.6,%,257.0,"1229,1230,1231,1232,1233,1234,1235,1236",easyocr+ranked_item_row_grouping,0.9961,manual_review,
프랑스,1-18,호감 저해요인,출판물,언어와 문화가 달라 내용올 이해하기 어려워서,1순위,7.2,%,257.0,"1229,1230,1231,1232,1233,1234,1235,1236",easyocr+ranked_item_row_grouping,0.9995,manual_review,
프랑스,1-18,호감 저해요인,출판물,스토리가 맘에 들지 않아서,순위미상(중복4회 중 1번째),4.2,%,257.0,"1229,1230,1231,1232,1233,1234,1235,1236",easyocr+ranked_item_row_grouping,0.7111,manual_review,순위 불명(순위미상(중복4회 중 1번째))
프랑스,1-18,호감 저해요인,출판물,스토리가 맘에 들지 않아서,순위미상(중복4회 중 2번째),3.8,%,257.0,"1229,1230,1231,1232,1233,1234,1235,1236",easyocr+ranked_item_row_grouping,0.9885,manual_review,순위 불명(순위미상(중복4회 중 2번째))
프랑스,1-18,호감 저해요인,출판물,스토리가 맘에 들지 않아서,순위미상(중복4회 중 3번째),9.7,%,257.0,"1229,1230,1231,1232,1233,1234,1235,1236",easyocr+ranked_item_row_grouping,0.9986,manual_review,순위 불명(순위미상(중복4회 중 3번째))
프랑스,1-18,호감 저해요인,출판물,스토리가 맘에 들지 않아서,순위미상(중복4회 중 4번째),6.8,%,257.0,"1229,1230,1231,1232,1233,1234,1235,1236",easyocr+ranked_item_row_grouping,0.9998,manual_review,순위 불명(순위미상(중복4회 중 4번째))
프랑스,1-18,호감 저해요인,출판물,다양한 문회에 대한 고마가 부족해세인종 성소수자 종교,1+2순위(중복),19.0,%,257.0,"1229,1230,1231,1232,1233,1234,1235,1236",easyocr+ranked_item_row_grouping,1.0,manual_review,
프랑스,1-18,호감 저해요인,출판물,국가 간 역사-외교적 관계로 인해서,1+2순위(중복),12.2,%,257.0,"1229,1230,1231,1232,1233,1234,1235,1236",easyocr+ranked_item_row_grouping,0.9992,manual_review,
프랑스,1-18,호감 저해요인,출판물,기타,1+2순위(중복),0.4,%,257.0,"1229,1230,1231,1232,1233,1234,1235,1236",easyocr+ranked_item_row_grouping,0.7918,manual_review,
프랑스,1-18,호감 저해요인,출판물,남성 여성,1+2순위(중복),10.0,%,257.0,"1229,1230,1231,1232,1233,1234,1235,1236",easyocr+ranked_item_row_grouping,0.9132,manual_review,
프랑스,1-18,호감 저해요인,웹툰,그림체가 마음에 들지 않아서,1순위,5.4,%,259.0,"1229,1230,1231,1232,1233,1234,1235,1236",easyocr+ranked_item_row_grouping,0.9999,manual_review,
프랑스,1-18,호감 저해요인,웹툰,스토리가 맘에 들지 않아서,순위미상(중복4회 중 1번째),4.2,%,259.0,"1229,1230,1231,1232,1233,1234,1235,1236",easyocr+ranked_item_row_grouping,0.7111,manual_review,순위 불명(순위미상(중복4회 중 1번째))
프랑스,1-18,호감 저해요인,웹툰,스토리가 맘에 들지 않아서,순위미상(중복4회 중 2번째),1.9,%,259.0,"1229,1230,1231,1232,1233,1234,1235,1236",easyocr+ranked_item_row_grouping,0.9996,manual_review,순위 불명(순위미상(중복4회 중 2번째))
프랑스,1-18,호감 저해요인,웹툰,스토리가 맘에 들지 않아서,순위미상(중복4회 중 3번째),7.3,%,259.0,"1229,1230,1231,1232,1233,1234,1235,1236",easyocr+ranked_item_row_grouping,0.9972,manual_review,순위 불명(순위미상(중복4회 중 3번째))
프랑스,1-18,호감 저해요인,웹툰,스토리가 맘에 들지 않아서,순위미상(중복4회 중 4번째),2.7,%,259.0,"1229,1230,1231,1232,1233,1234,1235,1236",easyocr+ranked_item_row_grouping,0.5625,manual_review,순위 불명(순위미상(중복4회 중 4번째))
프랑스,1-18,호감 저해요인,웹툰,복 그림제가 마음예 들지 않아서,1+2순위(중복),7.7,%,259.0,"1229,1230,1231,1232,1233,1234,1235,1236",easyocr+ranked_item_row_grouping,0.9984,manual_review,
프랑스,1-18,호감 저해요인,웹툰,Q,1+2순위(중복),2.0,%,259.0,"1229,1230,1231,1232,1233,1234,1235,1236",easyocr+ranked_item_row_grouping,0.4411,manual_review,
프랑스,1-18,호감 저해요인,웹툰,남성 여성,1+2순위(중복),10.0,%,259.0,"1229,1230,1231,1232,1233,1234,1235,1236",easyocr+ranked_item_row_grouping,0.9132,manual_review,
프랑스,1-18,호감 저해요인,게임,사용자 환경이 불편해서 (단축키 메뉴 회면 구성 등,1순위,4.8,%,358.0,"1229,1230,1231,1232,1233,1234,1235,1236",easyocr+ranked_item_row_grouping,0.5177,manual_review,
프랑스,1-18,호감 저해요인,게임,남성 여성,1+2순위(중복),10.0,%,358.0,"1229,1230,1231,1232,1233,1234,1235,1236",easyocr+ranked_item_row_grouping,0.9132,manual_review,
프랑스,1-18,호감 저해요인,패션,제품 종류 및 스타일이 다양하지 않아서,순위미상(중복4회 중 1번째),10.3,%,292.0,"1229,1230,1231,1232,1233,1234,1235,1236",easyocr+ranked_item_row_grouping,0.9994,manual_review,순위 불명(순위미상(중복4회 중 1번째))
프랑스,1-18,호감 저해요인,패션,제품 종류 및 스타일이 다양하지 않아서,순위미상(중복4회 중 2번째),45.0,%,292.0,"1229,1230,1231,1232,1233,1234,1235,1236",easyocr+ranked_item_row_grouping,0.3813,manual_review,순위 불명(순위미상(중복4회 중 2번째))
프랑스,1-18,호감 저해요인,패션,제품 종류 및 스타일이 다양하지 않아서,순위미상(중복4회 중 3번째),20.9,%,292.0,"1229,1230,1231,1232,1233,1234,1235,1236",easyocr+ranked_item_row_grouping,0.6031,manual_review,순위 불명(순위미상(중복4회 중 3번째))
프랑스,1-18,호감 저해요인,패션,제품 종류 및 스타일이 다양하지 않아서,순위미상(중복4회 중 4번째),11.7,%,292.0,"1229,1230,1231,1232,1233,1234,1235,1236",easyocr+ranked_item_row_grouping,0.9998,manual_review,순위 불명(순위미상(중복4회 중 4번째))
프랑스,1-18,호감 저해요인,패션,(종교 인종 장애 관습 문제 다양한 문화에 대한 고려가 부족해서,1순위,10.8,%,292.0,"1229,1230,1231,1232,1233,1234,1235,1236",easyocr+ranked_item_row_grouping,0.9992,manual_review,
프랑스,1-18,호감 저해요인,패션,수 탤장인이 별로분철,1순위,5.1,%,292.0,"1229,1230,1231,1232,1233,1234,1235,1236",easyocr+ranked_item_row_grouping,0.9998,manual_review,
프랑스,1-18,호감 저해요인,패션,품질 대비 가격이 비싸서,1+2순위(중복),9.9,%,292.0,"1229,1230,1231,1232,1233,1234,1235,1236",easyocr+ranked_item_row_grouping,0.9997,manual_review,
프랑스,1-18,호감 저해요인,패션,디자인이 별로여서,1+2순위(중복),9.2,%,292.0,"1229,1230,1231,1232,1233,1234,1235,1236",easyocr+ranked_item_row_grouping,0.9999,manual_review,
프랑스,1-18,호감 저해요인,뷰티,제품 포장이 과해세비닐플라스틱 과다 사용 등,1순위,6.0,%,351.0,"1229,1230,1231,1232,1233,1234,1235,1236",easyocr+ranked_item_row_grouping,0.9999,manual_review,
프랑스,1-18,호감 저해요인,뷰티,나의 가치와 맞지 않아세할활  동물 실험 등,1+2순위(중복),10.3,%,351.0,"1229,1230,1231,1232,1233,1234,1235,1236",easyocr+ranked_item_row_grouping,0.9994,manual_review,
프랑스,1-18,호감 저해요인,뷰티,남성 여성,1+2순위(중복),10.0,%,351.0,"1229,1230,1231,1232,1233,1234,1235,1236",easyocr+ranked_item_row_grouping,0.8876,manual_review,
프랑스,1-18,호감 저해요인,음식,매운 맛이 강해서,1순위,7.4,%,369.0,"1229,1230,1231,1232,1233,1234,1235,1236",easyocr+ranked_item_row_grouping,0.5306,manual_review,
프랑스,1-18,호감 저해요인,음식,"(종피할길, 채식 식문화 등",1순위,1.0,%,369.0,"1229,1230,1231,1232,1233,1234,1235,1236",easyocr+ranked_item_row_grouping,0.0306,manual_review,
프랑스,1-18,호감 저해요인,음식,다양한 문화에 대한 고려가 부족해서,1+2순위(중복),11.9,%,369.0,"1229,1230,1231,1232,1233,1234,1235,1236",easyocr+ranked_item_row_grouping,0.9951,manual_review,
프랑스,1-18,호감 저해요인,한국어,한국어가 배우기 어렵다고 느껴저서,1순위,19.4,%,149.0,"1229,1230,1231,1232,1233,1234,1235,1236",easyocr+ranked_item_row_grouping,0.9999,manual_review,
프랑스,1-18,호감 저해요인,한국어,한국어 자체에 흥미름 느끼기 어려워서,1순위,8.7,%,149.0,"1229,1230,1231,1232,1233,1234,1235,1236",easyocr+ranked_item_row_grouping,0.9505,manual_review,
프랑스,1-18,호감 저해요인,한국어,복 한국어되자젠예 흥미풀안끼기 어어러워서,1+2순위(중복),15.4,%,149.0,"1229,1230,1231,1232,1233,1234,1235,1236",easyocr+ranked_item_row_grouping,0.7218,manual_review,
이탈리아,1-17,호감요인,드라마,다양한 소재 또는 장르틀 디팅서,1순위,16.3,%,382.0,"1283,1284,1285,1286,1287,1288",easyocr+ranked_item_row_grouping,0.5629,manual_review,
이탈리아,1-17,호감요인,드라마,유 패션부리 등 호국 최신 트러듯들물수 있어서,1순위,6.0,%,382.0,"1283,1284,1285,1286,1287,1288",easyocr+ranked_item_row_grouping,0.7034,manual_review,
이탈리아,1-17,호감요인,드라마,다양한 소재 또는 장르름 다리서,1+2순위(중복),25.4,%,382.0,"1283,1284,1285,1286,1287,1288",easyocr+ranked_item_row_grouping,0.9982,manual_review,
이탈리아,1-17,호감요인,드라마,흙 패센부티 등 한국 최신 트렌드록 볼 수 있어서,1+2순위(중복),12.0,%,382.0,"1283,1284,1285,1286,1287,1288",easyocr+ranked_item_row_grouping,0.9999,manual_review,
이탈리아,1-17,호감요인,예능,출연진의 캐릭터 및 역할 등이 개성 있어서,1순위,14.1,%,256.0,"1283,1284,1285,1286,1287,1288",easyocr+ranked_item_row_grouping,0.7932,manual_review,
이탈리아,1-17,호감요인,예능,자막 그래픽 합성 회면구성 등 편집이 재미있어서,1순위,10.1,%,256.0,"1283,1284,1285,1286,1287,1288",easyocr+ranked_item_row_grouping,0.9994,manual_review,
이탈리아,1-17,호감요인,예능,슈 전로하 호:류 및 포이 중어)로 등장해서,1순위,7.8,%,256.0,"1283,1284,1285,1286,1287,1288",easyocr+ranked_item_row_grouping,0.9689,manual_review,
이탈리아,1-17,호감요인,예능,선호하는 스타가 MC 및 출연진으로 등장해서,1+2순위(중복),12.5,%,256.0,"1283,1284,1285,1286,1287,1288",easyocr+ranked_item_row_grouping,0.628,manual_review,
이탈리아,1-17,호감요인,예능,남성 여성,1+2순위(중복),10.0,%,256.0,"1283,1284,1285,1286,1287,1288",easyocr+ranked_item_row_grouping,0.4444,manual_review,
이탈리아,1-17,호감요인,영화,다양한 소재 또는 장르틀 디팅서,1순위,12.5,%,385.0,"1283,1284,1285,1286,1287,1288",easyocr+ranked_item_row_grouping,0.9981,manual_review,
이탈리아,1-17,호감요인,영화,패센부티 등 한국 최신 트렌드록 볼 수 있어서,1순위,8.8,%,385.0,"1283,1284,1285,1286,1287,1288",easyocr+ranked_item_row_grouping,0.9842,manual_review,
이탈리아,1-17,호감요인,영화,영 화 기타,1순위,0.5,%,385.0,"1283,1284,1285,1286,1287,1288",easyocr+ranked_item_row_grouping,0.9997,manual_review,
이탈리아,1-17,호감요인,영화,다양한 소재 또는 장르름 다리서,1+2순위(중복),20.8,%,385.0,"1283,1284,1285,1286,1287,1288",easyocr+ranked_item_row_grouping,0.9997,manual_review,
이탈리아,1-17,호감요인,영화,불평등양국화 등 사회 문제름 현실적으로 표현해서,1+2순위(중복),16.9,%,385.0,"1283,1284,1285,1286,1287,1288",easyocr+ranked_item_row_grouping,0.9704,manual_review,
이탈리아,1-17,호감요인,영화,기타,1+2순위(중복),0.5,%,385.0,"1283,1284,1285,1286,1287,1288",easyocr+ranked_item_row_grouping,0.9993,manual_review,
이탈리아,1-17,호감요인,음악,수 자}꽂출과 편 사이 유대즉이 출아서,1순위,6.9,%,390.0,"1283,1284,1285,1286,1287,1288",easyocr+ranked_item_row_grouping,0.9997,manual_review,
이탈리아,1-17,호감요인,음악,다양한 문화인종 성소수자  가치 등틀 잘 반영해서,1순위,5.6,%,390.0,"1283,1284,1285,1286,1287,1288",easyocr+ranked_item_row_grouping,0.6385,manual_review,
이탈리아,1-17,호감요인,음악,약악 기타,1순위,1.3,%,390.0,"1283,1284,1285,1286,1287,1288",easyocr+ranked_item_row_grouping,0.3363,manual_review,
이탈리아,1-17,호감요인,음악,슈 가쉬그룹과 팬 사이에 유대감이 좋아서,1+2순위(중복),13.8,%,390.0,"1283,1284,1285,1286,1287,1288",easyocr+ranked_item_row_grouping,0.8794,manual_review,
이탈리아,1-17,호감요인,음악,복 다양a 문화요주 성소수자; 가치 등틀 잘 반영해서,1+2순위(중복),10.8,%,390.0,"1283,1284,1285,1286,1287,1288",easyocr+ranked_item_row_grouping,0.9217,manual_review,
이탈리아,1-17,호감요인,음악,기타,1+2순위(중복),1.6,%,390.0,"1283,1284,1285,1286,1287,1288",easyocr+ranked_item_row_grouping,0.5097,manual_review,
이탈리아,1-17,호감요인,음악,남성 여성,1+2순위(중복),10.0,%,390.0,"1283,1284,1285,1286,1287,1288",easyocr+ranked_item_row_grouping,0.4444,manual_review,
이탈리아,1-17,호감요인,애니메이션,복 자국j의 문화 호상와 잘/아서,1+2순위(중복),10.1,%,201.0,"1283,1284,1285,1286,1287,1288",easyocr+ranked_item_row_grouping,0.9947,manual_review,
이탈리아,1-17,호감요인,출판물,한국의 최신 트럭드록 접할 수 있어서,1+2순위(중복),17.1,%,245.0,"1283,1284,1285,1286,1287,1288",easyocr+ranked_item_row_grouping,0.6509,manual_review,
이탈리아,1-17,호감요인,출판물,남성 여성,1+2순위(중복),10.0,%,245.0,"1283,1284,1285,1286,1287,1288",easyocr+ranked_item_row_grouping,0.4444,manual_review,
이탈리아,1-17,호감요인,웹툰,캐릭터의 성계역할이 마음에 들어서,1순위,12.7,%,142.0,"1283,1284,1285,1286,1287,1288",easyocr+ranked_item_row_grouping,0.9996,manual_review,
이탈리아,1-17,호감요인,웹툰,사용자 환경이 편리해서,1순위,9.2,%,142.0,"1283,1284,1285,1286,1287,1288",easyocr+ranked_item_row_grouping,0.9828,manual_review,
이탈리아,1-17,호감요인,게임,수 스토리가 찌임새 있고 탄단해서,1순위,7.6,%,70.0,"1283,1284,1285,1286,1287,1288",easyocr+ranked_item_row_grouping,0.9923,manual_review,
이탈리아,1-17,호감요인,게임,좋아하는 스리머가 한국 게임올 자주 소개해서,1순위,6.7,%,70.0,"1283,1284,1285,1286,1287,1288",easyocr+ranked_item_row_grouping,0.9998,manual_review,
이탈리아,1-17,호감요인,게임,스토리가 짜임새 잇고 단단해서,1+2순위(중복),17.3,%,70.0,"1283,1284,1285,1286,1287,1288",easyocr+ranked_item_row_grouping,0.7452,manual_review,
이탈리아,1-17,호감요인,게임,복 활국하 로시 남마가안석 게임올 자주 소개하서,1+2순위(중복),11.6,%,70.0,"1283,1284,1285,1286,1287,1288",easyocr+ranked_item_row_grouping,0.6343,manual_review,
이탈리아,1-17,호감요인,게임,남성 여성,1+2순위(중복),10.0,%,70.0,"1283,1284,1285,1286,1287,1288",easyocr+ranked_item_row_grouping,0.4444,manual_review,
이탈리아,1-17,호감요인,패션,순 신제품이 자주 나외서,1순위,8.3,%,301.0,"1283,1284,1285,1286,1287,1288",easyocr+ranked_item_row_grouping,0.9952,manual_review,
이탈리아,1-17,호감요인,뷰티,Q,1+2순위(중복),2.0,%,368.0,"1283,1284,1285,1286,1287,1288",easyocr+ranked_item_row_grouping,0.3106,manual_review,
이탈리아,1-17,호감요인,뷰티,남성 여성,1+2순위(중복),10.0,%,368.0,"1283,1284,1285,1286,1287,1288",easyocr+ranked_item_row_grouping,0.4444,manual_review,
이탈리아,1-17,호감요인,음식,건강에 중은 식재료나 조리법올 사용해서,1+2순위(중복),23.3,%,378.0,"1283,1284,1285,1286,1287,1288",easyocr+ranked_item_row_grouping,0.9116,manual_review,
이탈리아,1-17,호감요인,한국어,한국어의 글자인 한글이 아름다위서,1순위,12.7,%,41.0,"1283,1284,1285,1286,1287,1288",easyocr+ranked_item_row_grouping,0.9996,manual_review,
이탈리아,1-17,호감요인,한국어,한국 단어나 표현 방식이 좋아서,1순위,5.8,%,41.0,"1283,1284,1285,1286,1287,1288",easyocr+ranked_item_row_grouping,0.9993,manual_review,
이탈리아,1-17,호감요인,한국어,한글이 만들어진 역사틀 알 수 있어서,1순위,4.6,%,41.0,"1283,1284,1285,1286,1287,1288",easyocr+ranked_item_row_grouping,0.9984,manual_review,
이탈리아,1-17,호감요인,한국어,(복 한글이 만들어진 역사흘 알 수 있어서,1+2순위(중복),9.2,%,41.0,"1283,1284,1285,1286,1287,1288",easyocr+ranked_item_row_grouping,0.9999,manual_review,
이탈리아,1-18,호감 저해요인,드라마,국가 간 역사-외교적 관계로 인해서,1순위,2.6,%,382.0,"1289,1290,1291,1292,1293,1294,1295,1296",easyocr+ranked_item_row_grouping,0.9985,manual_review,
이탈리아,1-18,호감 저해요인,드라마,디양한 문화에 대한 고로마가 부족해세인종 성소수자 종교 등,1순위,1.6,%,382.0,"1289,1290,1291,1292,1293,1294,1295,1296",easyocr+ranked_item_row_grouping,0.9986,manual_review,
이탈리아,1-18,호감 저해요인,드라마,정 어려운 환경이어서,1+2순위(중복),8.6,%,382.0,"1289,1290,1291,1292,1293,1294,1295,1296",easyocr+ranked_item_row_grouping,0.9998,manual_review,
이탈리아,1-18,호감 저해요인,드라마,다양한 문회에 대한 고로가 부족해세인종 성소수자 종교,1+2순위(중복),6.0,%,382.0,"1289,1290,1291,1292,1293,1294,1295,1296",easyocr+ranked_item_row_grouping,0.9399,manual_review,
이탈리아,1-18,호감 저해요인,예능,디양한 문화에 대한 고로마 부족해세인종 성소수자 종교 등,1순위,7.8,%,256.0,"1289,1290,1291,1292,1293,1294,1295,1296",easyocr+ranked_item_row_grouping,0.9964,manual_review,
이탈리아,1-18,호감 저해요인,예능,다양한 문에 대한 고까마가 부족해세인종 성소수자 종교 히,1+2순위(중복),12.1,%,256.0,"1289,1290,1291,1292,1293,1294,1295,1296",easyocr+ranked_item_row_grouping,0.5749,manual_review,
이탈리아,1-18,호감 저해요인,예능,남성 여성,1+2순위(중복),10.0,%,256.0,"1289,1290,1291,1292,1293,1294,1295,1296",easyocr+ranked_item_row_grouping,0.9132,manual_review,
이탈리아,1-18,호감 저해요인,영화,다양한 문에 대한 고까마가 부족해세인종 성소수자 종교 히,1순위,5.2,%,385.0,"1289,1290,1291,1292,1293,1294,1295,1296",easyocr+ranked_item_row_grouping,0.9997,manual_review,
이탈리아,1-18,호감 저해요인,영화,다양한 문회에 대한 고로가 부족해세인종 성소수자,1+2순위(중복),10.7,%,385.0,"1289,1290,1291,1292,1293,1294,1295,1296",easyocr+ranked_item_row_grouping,0.8611,manual_review,
이탈리아,1-18,호감 저해요인,영화,영화름 보는데 비용이 많이 들어서,1+2순위(중복),7.6,%,385.0,"1289,1290,1291,1292,1293,1294,1295,1296",easyocr+ranked_item_row_grouping,0.9989,manual_review,
이탈리아,1-18,호감 저해요인,영화,Q,1+2순위(중복),2.0,%,385.0,"1289,1290,1291,1292,1293,1294,1295,1296",easyocr+ranked_item_row_grouping,0.4776,manual_review,
이탈리아,1-18,호감 저해요인,영화,남성 여성,1+2순위(중복),10.0,%,385.0,"1289,1290,1291,1292,1293,1294,1295,1296",easyocr+ranked_item_row_grouping,0.9132,manual_review,
이탈리아,1-18,호감 저해요인,음악,팬덤 문화가 폐쇄적 배타적이어서,1순위,5.4,%,390.0,"1289,1290,1291,1292,1293,1294,1295,1296",easyocr+ranked_item_row_grouping,0.9999,manual_review,
이탈리아,1-18,호감 저해요인,음악,다양한 문회에 대한 고로가 부족해세인종 성소수자 종교 등,1순위,3.3,%,390.0,"1289,1290,1291,1292,1293,1294,1295,1296",easyocr+ranked_item_row_grouping,0.961,manual_review,
이탈리아,1-18,호감 저해요인,음악,음악의 장르가 확일적이어서,1+2순위(중복),12.3,%,390.0,"1289,1290,1291,1292,1293,1294,1295,1296",easyocr+ranked_item_row_grouping,0.9857,manual_review,
이탈리아,1-18,호감 저해요인,음악,음악 자체가 쫓지 않아세수준이 낮아서,1+2순위(중복),10.0,%,390.0,"1289,1290,1291,1292,1293,1294,1295,1296",easyocr+ranked_item_row_grouping,0.9817,manual_review,
이탈리아,1-18,호감 저해요인,음악,다양한 문에 대한 고까마가 부족해세인종 성소수자 종교 히,1+2순위(중복),7.2,%,390.0,"1289,1290,1291,1292,1293,1294,1295,1296",easyocr+ranked_item_row_grouping,0.9985,manual_review,
이탈리아,1-18,호감 저해요인,음악,기타,1+2순위(중복),0.2,%,390.0,"1289,1290,1291,1292,1293,1294,1295,1296",easyocr+ranked_item_row_grouping,0.9997,manual_review,
이탈리아,1-18,호감 저해요인,애니메이션,수 긴안소 표대 다 포마가 강하Q품 성퍼자 종닭,1순위,4.8,%,377.0,"1289,1290,1291,1292,1293,1294,1295,1296",easyocr+ranked_item_row_grouping,0.9763,manual_review,
이탈리아,1-18,호감 저해요인,애니메이션,흙 다양한 문회에 대한 고려가 부족해세인종 성소수자 종교 등,1+2순위(중복),10.3,%,377.0,"1289,1290,1291,1292,1293,1294,1295,1296",easyocr+ranked_item_row_grouping,0.9994,manual_review,
이탈리아,1-18,호감 저해요인,애니메이션,남성 여성,1+2순위(중복),10.0,%,377.0,"1289,1290,1291,1292,1293,1294,1295,1296",easyocr+ranked_item_row_grouping,0.9132,manual_review,
이탈리아,1-18,호감 저해요인,출판물,이용하는데 비용이 많이 들어서,1순위,9.4,%,245.0,"1289,1290,1291,1292,1293,1294,1295,1296",easyocr+ranked_item_row_grouping,0.5626,manual_review,
이탈리아,1-18,호감 저해요인,출판물,캐릭터가 맘에 들지 않아서,순위미상(중복4회 중 1번째),2.6,%,245.0,"1289,1290,1291,1292,1293,1294,1295,1296",easyocr+ranked_item_row_grouping,0.9998,manual_review,순위 불명(순위미상(중복4회 중 1번째))
이탈리아,1-18,호감 저해요인,출판물,캐릭터가 맘에 들지 않아서,순위미상(중복4회 중 2번째),1.6,%,245.0,"1289,1290,1291,1292,1293,1294,1295,1296",easyocr+ranked_item_row_grouping,0.9986,manual_review,순위 불명(순위미상(중복4회 중 2번째))
이탈리아,1-18,호감 저해요인,출판물,캐릭터가 맘에 들지 않아서,순위미상(중복4회 중 3번째),9.4,%,245.0,"1289,1290,1291,1292,1293,1294,1295,1296",easyocr+ranked_item_row_grouping,0.9859,manual_review,순위 불명(순위미상(중복4회 중 3번째))
이탈리아,1-18,호감 저해요인,출판물,캐릭터가 맘에 들지 않아서,순위미상(중복4회 중 4번째),4.9,%,245.0,"1289,1290,1291,1292,1293,1294,1295,1296",easyocr+ranked_item_row_grouping,0.4893,manual_review,순위 불명(순위미상(중복4회 중 4번째))
이탈리아,1-18,호감 저해요인,출판물,Q,1+2순위(중복),2.0,%,245.0,"1289,1290,1291,1292,1293,1294,1295,1296",easyocr+ranked_item_row_grouping,0.4511,manual_review,
이탈리아,1-18,호감 저해요인,출판물,남성 여성,1+2순위(중복),10.0,%,245.0,"1289,1290,1291,1292,1293,1294,1295,1296",easyocr+ranked_item_row_grouping,0.9132,manual_review,
이탈리아,1-18,호감 저해요인,웹툰,이용하는데 비용이 많이 들어서,1순위,5.6,%,142.0,"1289,1290,1291,1292,1293,1294,1295,1296",easyocr+ranked_item_row_grouping,1.0,manual_review,
이탈리아,1-18,호감 저해요인,웹툰,스토리가 맘에 들지 않아서,순위미상(중복4회 중 1번째),2.9,%,142.0,"1289,1290,1291,1292,1293,1294,1295,1296",easyocr+ranked_item_row_grouping,0.5103,manual_review,순위 불명(순위미상(중복4회 중 1번째))
이탈리아,1-18,호감 저해요인,웹툰,스토리가 맘에 들지 않아서,순위미상(중복4회 중 2번째),1.4,%,142.0,"1289,1290,1291,1292,1293,1294,1295,1296",easyocr+ranked_item_row_grouping,0.9041,manual_review,순위 불명(순위미상(중복4회 중 2번째))
이탈리아,1-18,호감 저해요인,웹툰,스토리가 맘에 들지 않아서,순위미상(중복4회 중 3번째),7.1,%,142.0,"1289,1290,1291,1292,1293,1294,1295,1296",easyocr+ranked_item_row_grouping,0.9999,manual_review,순위 불명(순위미상(중복4회 중 3번째))
이탈리아,1-18,호감 저해요인,웹툰,스토리가 맘에 들지 않아서,순위미상(중복4회 중 4번째),2.8,%,142.0,"1289,1290,1291,1292,1293,1294,1295,1296",easyocr+ranked_item_row_grouping,0.9999,manual_review,순위 불명(순위미상(중복4회 중 4번째))
이탈리아,1-18,호감 저해요인,웹툰,한국적 요소가 강해세한국 문화전통스토리,1+2순위(중복),7.0,%,142.0,"1289,1290,1291,1292,1293,1294,1295,1296",easyocr+ranked_item_row_grouping,0.9383,manual_review,
이탈리아,1-18,호감 저해요인,웹툰,남성 여성,1+2순위(중복),10.0,%,142.0,"1289,1290,1291,1292,1293,1294,1295,1296",easyocr+ranked_item_row_grouping,0.9132,manual_review,
이탈리아,1-18,호감 저해요인,게임,다양한 문회에 대한 고가 부족해세인종 성소수자 종교 히,1순위,8.2,%,370.0,"1289,1290,1291,1292,1293,1294,1295,1296",easyocr+ranked_item_row_grouping,0.9999,manual_review,
이탈리아,1-18,호감 저해요인,게임,이용하는데 비용이 많이 들어서,1순위,8.1,%,370.0,"1289,1290,1291,1292,1293,1294,1295,1296",easyocr+ranked_item_row_grouping,0.9998,manual_review,
이탈리아,1-18,호감 저해요인,게임,남성 여성,1+2순위(중복),10.0,%,370.0,"1289,1290,1291,1292,1293,1294,1295,1296",easyocr+ranked_item_row_grouping,0.9132,manual_review,
이탈리아,1-18,호감 저해요인,패션,판매되는 가격이 비싸서 제품 종류 및 스타일이 다양하지 않아서,순위미상(중복4회 중 1번째),9.3,%,301.0,"1289,1290,1291,1292,1293,1294,1295,1296",easyocr+ranked_item_row_grouping,0.9996,manual_review,순위 불명(순위미상(중복4회 중 1번째))
이탈리아,1-18,호감 저해요인,패션,판매되는 가격이 비싸서 제품 종류 및 스타일이 다양하지 않아서,순위미상(중복4회 중 2번째),8.3,%,301.0,"1289,1290,1291,1292,1293,1294,1295,1296",easyocr+ranked_item_row_grouping,0.9997,manual_review,순위 불명(순위미상(중복4회 중 2번째))
이탈리아,1-18,호감 저해요인,패션,판매되는 가격이 비싸서 제품 종류 및 스타일이 다양하지 않아서,순위미상(중복4회 중 3번째),16.6,%,301.0,"1289,1290,1291,1292,1293,1294,1295,1296",easyocr+ranked_item_row_grouping,0.9999,manual_review,순위 불명(순위미상(중복4회 중 3번째))
이탈리아,1-18,호감 저해요인,패션,판매되는 가격이 비싸서 제품 종류 및 스타일이 다양하지 않아서,순위미상(중복4회 중 4번째),12.3,%,301.0,"1289,1290,1291,1292,1293,1294,1295,1296",easyocr+ranked_item_row_grouping,0.9991,manual_review,순위 불명(순위미상(중복4회 중 4번째))
이탈리아,1-18,호감 저해요인,패션,판매되는 가격이 비싸서,1+2순위(중복),15.6,%,301.0,"1289,1290,1291,1292,1293,1294,1295,1296",easyocr+ranked_item_row_grouping,0.999,manual_review,
이탈리아,1-18,호감 저해요인,뷰티,제품 포장이 과해세비닐플라스틱 과다 사용 등,1순위,5.1,%,368.0,"1289,1290,1291,1292,1293,1294,1295,1296",easyocr+ranked_item_row_grouping,0.9998,manual_review,
이탈리아,1-18,호감 저해요인,뷰티,제품의 홍보가 지나치게 과장된 것 같아서,1+2순위(중복),7.9,%,368.0,"1289,1290,1291,1292,1293,1294,1295,1296",easyocr+ranked_item_row_grouping,0.9992,manual_review,
이탈리아,1-18,호감 저해요인,뷰티,품질이 떨어저서,1+2순위(중복),5.2,%,368.0,"1289,1290,1291,1292,1293,1294,1295,1296",easyocr+ranked_item_row_grouping,0.9999,manual_review,
이탈리아,1-18,호감 저해요인,뷰티,남성 여성,1+2순위(중복),10.0,%,368.0,"1289,1290,1291,1292,1293,1294,1295,1296",easyocr+ranked_item_row_grouping,0.8876,manual_review,
이탈리아,1-18,호감 저해요인,음식,} 담안종물째다안끊가 부쪽서',1순위,7.4,%,378.0,"1289,1290,1291,1292,1293,1294,1295,1296",easyocr+ranked_item_row_grouping,0.5306,manual_review,
이탈리아,1-18,호감 저해요인,음식,(종피할/  채식 식문화 등,1+2순위(중복),2.0,%,378.0,"1289,1290,1291,1292,1293,1294,1295,1296",easyocr+ranked_item_row_grouping,0.2721,manual_review,
이탈리아,1-18,호감 저해요인,한국어,한글이 만들어진 역사와 원리지 이해하기 어려워세생소해세,1순위,9.2,%,41.0,"1289,1290,1291,1292,1293,1294,1295,1296",easyocr+ranked_item_row_grouping,0.9804,manual_review,
스페인,1-17,호감요인,드라마,다양한 소재 또는 장르틀 디팅서,1순위,12.2,%,345.0,"1343,1344,1345,1346,1347,1348",easyocr+ranked_item_row_grouping,0.9994,manual_review,
스페인,1-17,호감요인,드라마,유 영어a언결려 등 작히정이 중아,1순위,6.7,%,345.0,"1343,1344,1345,1346,1347,1348",easyocr+ranked_item_row_grouping,0.9436,manual_review,
스페인,1-17,호감요인,드라마,다양한 소재 또는 장르름 다리서,1+2순위(중복),21.4,%,345.0,"1343,1344,1345,1346,1347,1348",easyocr+ranked_item_row_grouping,0.5842,manual_review,
스페인,1-17,호감요인,드라마,영상매연출력 등 작품성이 좋아서,1+2순위(중복),13.6,%,345.0,"1343,1344,1345,1346,1347,1348",easyocr+ranked_item_row_grouping,0.9921,manual_review,
스페인,1-17,호감요인,예능,수 줄진들 리의 위위_가 훌러어서,1순위,9.4,%,285.0,"1343,1344,1345,1346,1347,1348",easyocr+ranked_item_row_grouping,0.9999,manual_review,
스페인,1-17,호감요인,예능,출연진들 간의 팀위크가 동보여서,1+2순위(중복),15.1,%,285.0,"1343,1344,1345,1346,1347,1348",easyocr+ranked_item_row_grouping,0.9981,manual_review,
스페인,1-17,호감요인,예능,남성 여성,1+2순위(중복),10.0,%,285.0,"1343,1344,1345,1346,1347,1348",easyocr+ranked_item_row_grouping,0.4444,manual_review,
스페인,1-17,호감요인,영화,국제 영화제 수상으로 관심이 생겨서,1순위,4.9,%,349.0,"1343,1344,1345,1346,1347,1348",easyocr+ranked_item_row_grouping,0.9964,manual_review,
스페인,1-17,호감요인,영화,배우의 연기력이 뛰어나서,1+2순위(중복),10.9,%,349.0,"1343,1344,1345,1346,1347,1348",easyocr+ranked_item_row_grouping,0.9643,manual_review,
스페인,1-17,호감요인,음악,약악 기타,1순위,2.3,%,350.0,"1343,1344,1345,1346,1347,1348",easyocr+ranked_item_row_grouping,0.8548,manual_review,
스페인,1-17,호감요인,음악,기타,1+2순위(중복),2.3,%,350.0,"1343,1344,1345,1346,1347,1348",easyocr+ranked_item_row_grouping,0.8548,manual_review,
스페인,1-17,호감요인,음악,남성 여성,1+2순위(중복),10.0,%,350.0,"1343,1344,1345,1346,1347,1348",easyocr+ranked_item_row_grouping,0.4444,manual_review,
스페인,1-17,호감요인,애니메이션,한국 생활문회지 간접 경험하거나 이해할 있어서,1+2순위(중복),18.4,%,349.0,"1343,1344,1345,1346,1347,1348",easyocr+ranked_item_row_grouping,0.9999,manual_review,
스페인,1-17,호감요인,애니메이션,기타,1+2순위(중복),1.4,%,349.0,"1343,1344,1345,1346,1347,1348",easyocr+ranked_item_row_grouping,0.9998,manual_review,
스페인,1-17,호감요인,출판물,왼오프라인올 통해 쉽제 구매할 수 있어서,1+2순위(중복),15.5,%,277.0,"1343,1344,1345,1346,1347,1348",easyocr+ranked_item_row_grouping,0.9999,manual_review,
스페인,1-17,호감요인,출판물,남성 여성,1+2순위(중복),10.0,%,277.0,"1343,1344,1345,1346,1347,1348",easyocr+ranked_item_row_grouping,0.4444,manual_review,
스페인,1-17,호감요인,게임,다양한 소재 또는 장르틀 디팅서,1순위,11.2,%,349.0,"1343,1344,1345,1346,1347,1348",easyocr+ranked_item_row_grouping,0.9993,manual_review,
스페인,1-17,호감요인,게임,디른 게p들과 네트위f릎 형성하고 햄 월수 있서,1순위,10.5,%,349.0,"1343,1344,1345,1346,1347,1348",easyocr+ranked_item_row_grouping,0.6435,manual_review,
스페인,1-17,호감요인,게임,디른 게p머들과 네트위크름 형성하고 햄 질수 앞,1+2순위(중복),17.8,%,349.0,"1343,1344,1345,1346,1347,1348",easyocr+ranked_item_row_grouping,0.6247,manual_review,
스페인,1-17,호감요인,게임,다양한 소재 또는 장르름 다리서,1+2순위(중복),17.5,%,349.0,"1343,1344,1345,1346,1347,1348",easyocr+ranked_item_row_grouping,0.5423,manual_review,
스페인,1-17,호감요인,게임,남성 여성,1+2순위(중복),10.0,%,349.0,"1343,1344,1345,1346,1347,1348",easyocr+ranked_item_row_grouping,0.4444,manual_review,
스페인,1-17,호감요인,패션,신제품이 자주 나외서,1순위,10.2,%,332.0,"1343,1344,1345,1346,1347,1348",easyocr+ranked_item_row_grouping,0.9999,manual_review,
스페인,1-17,호감요인,패션,수 출 하논 안플렉언서가 직접 사용홍노해서,1순위,8.8,%,332.0,"1343,1344,1345,1346,1347,1348",easyocr+ranked_item_row_grouping,0.9966,manual_review,
스페인,1-17,호감요인,패션,좋아하는 한류스타가 사용홍보하기 때문에,1순위,8.4,%,332.0,"1343,1344,1345,1346,1347,1348",easyocr+ranked_item_row_grouping,0.9334,manual_review,
스페인,1-17,호감요인,패션,둘 좋아하는 한류스타가 사용홍보하기 때문에 좋아하는 인플루언서가 직접 사용홍보해서,1+2순위(중복),16.9,%,332.0,"1343,1344,1345,1346,1347,1348",easyocr+ranked_item_row_grouping,0.9999,manual_review,
스페인,1-17,호감요인,패션,기타,1+2순위(중복),0.3,%,332.0,"1343,1344,1345,1346,1347,1348",easyocr+ranked_item_row_grouping,0.5845,manual_review,
스페인,1-17,호감요인,뷰티,남성 여성,1+2순위(중복),10.0,%,348.0,"1343,1344,1345,1346,1347,1348",easyocr+ranked_item_row_grouping,0.4444,manual_review,
스페인,1-17,호감요인,음식,수 출이하튿 @말렉언가 자주 먹나 노출하기 때문게,1순위,7.8,%,348.0,"1343,1344,1345,1346,1347,1348",easyocr+ranked_item_row_grouping,0.5485,manual_review,
스페인,1-17,호감요인,음식,종이하는 인풀루언서가 지주 먹거나 노출하기 때문에,1+2순위(중복),13.2,%,348.0,"1343,1344,1345,1346,1347,1348",easyocr+ranked_item_row_grouping,0.9984,manual_review,
스페인,1-17,호감요인,한국어,슈 한류름 좋아해서,1순위,8.5,%,130.0,"1343,1344,1345,1346,1347,1348",easyocr+ranked_item_row_grouping,0.7808,manual_review,
스페인,1-17,호감요인,한국어,둘 한글이 만들어진 역사름 알 수 있어서,1+2순위(중복),16.1,%,130.0,"1343,1344,1345,1346,1347,1348",easyocr+ranked_item_row_grouping,0.9999,manual_review,
스페인,1-17,호감요인,한국어,기타,1+2순위(중복),0.8,%,130.0,"1343,1344,1345,1346,1347,1348",easyocr+ranked_item_row_grouping,0.9981,manual_review,
스페인,1-17,호감요인,한국어,Q,1+2순위(중복),2.0,%,130.0,"1343,1344,1345,1346,1347,1348",easyocr+ranked_item_row_grouping,0.3106,manual_review,
스페인,1-18,호감 저해요인,드라마,숲 소재 스토리 '장물 '등이 진위획일적이어서,1순위,6.4,%,35.0,"1349,1350,1351,1352,1353,1354,1355,1356",easyocr+ranked_item_row_grouping,0.6491,manual_review,
스페인,1-18,호감 저해요인,드라마,위 국가 간 역사-외교적 관계로 인해서,1순위,2.6,%,35.0,"1349,1350,1351,1352,1353,1354,1355,1356",easyocr+ranked_item_row_grouping,0.5523,manual_review,
스페인,1-18,호감 저해요인,드라마,접하기 어려운 환경이어서,1+2순위(중복),20.0,%,35.0,"1349,1350,1351,1352,1353,1354,1355,1356",easyocr+ranked_item_row_grouping,1.0,manual_review,
스페인,1-18,호감 저해요인,드라마,출 국가 간 역사-외교적 관계로 인해서 소재 스토리 장르 등이 진부획일적이어서,1+2순위(중복),10.7,%,35.0,"1349,1350,1351,1352,1353,1354,1355,1356",easyocr+ranked_item_row_grouping,0.8611,manual_review,
스페인,1-18,호감 저해요인,예능,방송용 자매텍스 말 풍선 이모티 등이 너무 많아서,1순위,9.1,%,285.0,"1349,1350,1351,1352,1353,1354,1355,1356",easyocr+ranked_item_row_grouping,0.9997,manual_review,
스페인,1-18,호감 저해요인,예능,게스트들의 토크에 의존하는 포매이 많아서,1순위,8.1,%,285.0,"1349,1350,1351,1352,1353,1354,1355,1356",easyocr+ranked_item_row_grouping,0.9817,manual_review,
스페인,1-18,호감 저해요인,예능,숲 방퍼옷 진패끗의 부똑증 @쪽E론 덩이 너무 맘아,1+2순위(중복),15.0,%,285.0,"1349,1350,1351,1352,1353,1354,1355,1356",easyocr+ranked_item_row_grouping,0.9893,manual_review,
스페인,1-18,호감 저해요인,예능,남성 여성,1+2순위(중복),10.0,%,285.0,"1349,1350,1351,1352,1353,1354,1355,1356",easyocr+ranked_item_row_grouping,0.9132,manual_review,
스페인,1-18,호감 저해요인,영화,} 용화출-보노데 비용이 _입 들어서,1순위,4.9,%,39.0,"1349,1350,1351,1352,1353,1354,1355,1356",easyocr+ranked_item_row_grouping,0.9991,manual_review,
스페인,1-18,호감 저해요인,영화,; 영화들 보는데 비용이 많이 들어서,1+2순위(중복),7.4,%,39.0,"1349,1350,1351,1352,1353,1354,1355,1356",easyocr+ranked_item_row_grouping,0.8504,manual_review,
스페인,1-18,호감 저해요인,영화,Q,1+2순위(중복),2.0,%,39.0,"1349,1350,1351,1352,1353,1354,1355,1356",easyocr+ranked_item_row_grouping,0.4776,manual_review,
스페인,1-18,호감 저해요인,영화,남성 여성,1+2순위(중복),10.0,%,39.0,"1349,1350,1351,1352,1353,1354,1355,1356",easyocr+ranked_item_row_grouping,0.9132,manual_review,
스페인,1-18,호감 저해요인,음악,한국 음악울 튿는 것에 대한 주위 반응이 쫓지 않아서,1순위,6.5,%,350.0,"1349,1350,1351,1352,1353,1354,1355,1356",easyocr+ranked_item_row_grouping,0.9979,manual_review,
스페인,1-18,호감 저해요인,음악,다양한 문회에 대한 고마가 부족해세인종 성소수자 종교,1순위,3.7,%,350.0,"1349,1350,1351,1352,1353,1354,1355,1356",easyocr+ranked_item_row_grouping,0.9993,manual_review,
스페인,1-18,호감 저해요인,음악,자국 내 곳즈 구입 경로 부족,1순위,3.1,%,350.0,"1349,1350,1351,1352,1353,1354,1355,1356",easyocr+ranked_item_row_grouping,0.9971,manual_review,
스페인,1-18,호감 저해요인,음악,디양한 문화에 대한 고로마가 부족해세인종 성소수자 종교 텅,1+2순위(중복),8.9,%,350.0,"1349,1350,1351,1352,1353,1354,1355,1356",easyocr+ranked_item_row_grouping,0.9998,manual_review,
스페인,1-18,호감 저해요인,음악,"복 자육 내 포즈""무입 로 부족",1+2순위(중복),8.3,%,350.0,"1349,1350,1351,1352,1353,1354,1355,1356",easyocr+ranked_item_row_grouping,0.9988,manual_review,
스페인,1-18,호감 저해요인,애니메이션,기타,1+2순위(중복),0.3,%,349.0,"1349,1350,1351,1352,1353,1354,1355,1356",easyocr+ranked_item_row_grouping,0.5435,manual_review,
스페인,1-18,호감 저해요인,애니메이션,남성 여성,1+2순위(중복),10.0,%,349.0,"1349,1350,1351,1352,1353,1354,1355,1356",easyocr+ranked_item_row_grouping,0.9132,manual_review,
스페인,1-18,호감 저해요인,출판물,스토리가 맘에 들지 않아서,순위미상(중복4회 중 1번째),7.2,%,277.0,"1349,1350,1351,1352,1353,1354,1355,1356",easyocr+ranked_item_row_grouping,0.9911,manual_review,순위 불명(순위미상(중복4회 중 1번째))
스페인,1-18,호감 저해요인,출판물,스토리가 맘에 들지 않아서,순위미상(중복4회 중 2번째),5.0,%,277.0,"1349,1350,1351,1352,1353,1354,1355,1356",easyocr+ranked_item_row_grouping,0.9999,manual_review,순위 불명(순위미상(중복4회 중 2번째))
스페인,1-18,호감 저해요인,출판물,스토리가 맘에 들지 않아서,순위미상(중복4회 중 3번째),10.8,%,277.0,"1349,1350,1351,1352,1353,1354,1355,1356",easyocr+ranked_item_row_grouping,0.9995,manual_review,순위 불명(순위미상(중복4회 중 3번째))
스페인,1-18,호감 저해요인,출판물,스토리가 맘에 들지 않아서,순위미상(중복4회 중 4번째),10.1,%,277.0,"1349,1350,1351,1352,1353,1354,1355,1356",easyocr+ranked_item_row_grouping,0.9999,manual_review,순위 불명(순위미상(중복4회 중 4번째))
스페인,1-18,호감 저해요인,출판물,슈 잇용하보 비용이방이 둘어선텅스퇴리 등,1순위,6.2,%,277.0,"1349,1350,1351,1352,1353,1354,1355,1356",easyocr+ranked_item_row_grouping,0.9998,manual_review,
스페인,1-18,호감 저해요인,출판물,다양한 문회에 대한 고로가 부족해세인종 성소수자 종교 등,1순위,5.8,%,277.0,"1349,1350,1351,1352,1353,1354,1355,1356",easyocr+ranked_item_row_grouping,0.9999,manual_review,
스페인,1-18,호감 저해요인,출판물,내용이 선정적이고 폭력적이어서,1순위,5.0,%,277.0,"1349,1350,1351,1352,1353,1354,1355,1356",easyocr+ranked_item_row_grouping,0.9992,manual_review,
스페인,1-18,호감 저해요인,출판물,한국적 요소가 강해세한국 문화전통스토리 등,1+2순위(중복),11.6,%,277.0,"1349,1350,1351,1352,1353,1354,1355,1356",easyocr+ranked_item_row_grouping,0.9993,manual_review,
스페인,1-18,호감 저해요인,출판물,국가 간 역사-외교적 관계로 인해서,1+2순위(중복),11.4,%,277.0,"1349,1350,1351,1352,1353,1354,1355,1356",easyocr+ranked_item_row_grouping,0.9998,manual_review,
스페인,1-18,호감 저해요인,출판물,Q,1+2순위(중복),2.0,%,277.0,"1349,1350,1351,1352,1353,1354,1355,1356",easyocr+ranked_item_row_grouping,0.4511,manual_review,
스페인,1-18,호감 저해요인,출판물,남성 여성,1+2순위(중복),10.0,%,277.0,"1349,1350,1351,1352,1353,1354,1355,1356",easyocr+ranked_item_row_grouping,0.9132,manual_review,
스페인,1-18,호감 저해요인,웹툰,스토리가 맘에 들지 않아서,순위미상(중복4회 중 1번째),4.1,%,268.0,"1349,1350,1351,1352,1353,1354,1355,1356",easyocr+ranked_item_row_grouping,0.9999,manual_review,순위 불명(순위미상(중복4회 중 1번째))
스페인,1-18,호감 저해요인,웹툰,스토리가 맘에 들지 않아서,순위미상(중복4회 중 2번째),2.3,%,268.0,"1349,1350,1351,1352,1353,1354,1355,1356",easyocr+ranked_item_row_grouping,0.9993,manual_review,순위 불명(순위미상(중복4회 중 2번째))
스페인,1-18,호감 저해요인,웹툰,스토리가 맘에 들지 않아서,순위미상(중복4회 중 3번째),5.6,%,268.0,"1349,1350,1351,1352,1353,1354,1355,1356",easyocr+ranked_item_row_grouping,1.0,manual_review,순위 불명(순위미상(중복4회 중 3번째))
스페인,1-18,호감 저해요인,웹툰,스토리가 맘에 들지 않아서,순위미상(중복4회 중 4번째),4.1,%,268.0,"1349,1350,1351,1352,1353,1354,1355,1356",easyocr+ranked_item_row_grouping,0.9992,manual_review,순위 불명(순위미상(중복4회 중 4번째))
스페인,1-18,호감 저해요인,웹툰,한국적 요소가 강해세한국 문화전통스토리 등,1+2순위(중복),14.7,%,268.0,"1349,1350,1351,1352,1353,1354,1355,1356",easyocr+ranked_item_row_grouping,0.9149,manual_review,
스페인,1-18,호감 저해요인,웹툰,사용자 환경이 불편해서,1+2순위(중복),12.4,%,268.0,"1349,1350,1351,1352,1353,1354,1355,1356",easyocr+ranked_item_row_grouping,0.9882,manual_review,
스페인,1-18,호감 저해요인,웹툰,과도한 광고 노출이 많아서,1+2순위(중복),9.0,%,268.0,"1349,1350,1351,1352,1353,1354,1355,1356",easyocr+ranked_item_row_grouping,1.0,manual_review,
스페인,1-18,호감 저해요인,웹툰,Q,1+2순위(중복),2.0,%,268.0,"1349,1350,1351,1352,1353,1354,1355,1356",easyocr+ranked_item_row_grouping,0.4511,manual_review,
스페인,1-18,호감 저해요인,웹툰,남성 여성,1+2순위(중복),10.0,%,268.0,"1349,1350,1351,1352,1353,1354,1355,1356",easyocr+ranked_item_row_grouping,0.9132,manual_review,
스페인,1-18,호감 저해요인,게임,남성 여성,1+2순위(중복),10.0,%,39.0,"1349,1350,1351,1352,1353,1354,1355,1356",easyocr+ranked_item_row_grouping,0.9104,manual_review,
스페인,1-18,호감 저해요인,패션,제품 종류 및 스타일이 다양하지 않아서,순위미상(중복4회 중 1번째),8.1,%,151.0,"1349,1350,1351,1352,1353,1354,1355,1356",easyocr+ranked_item_row_grouping,0.9998,manual_review,순위 불명(순위미상(중복4회 중 1번째))
스페인,1-18,호감 저해요인,패션,제품 종류 및 스타일이 다양하지 않아서,순위미상(중복4회 중 2번째),6.0,%,151.0,"1349,1350,1351,1352,1353,1354,1355,1356",easyocr+ranked_item_row_grouping,0.9964,manual_review,순위 불명(순위미상(중복4회 중 2번째))
스페인,1-18,호감 저해요인,패션,제품 종류 및 스타일이 다양하지 않아서,순위미상(중복4회 중 3번째),15.4,%,151.0,"1349,1350,1351,1352,1353,1354,1355,1356",easyocr+ranked_item_row_grouping,0.9923,manual_review,순위 불명(순위미상(중복4회 중 3번째))
스페인,1-18,호감 저해요인,패션,제품 종류 및 스타일이 다양하지 않아서,순위미상(중복4회 중 4번째),12.0,%,151.0,"1349,1350,1351,1352,1353,1354,1355,1356",easyocr+ranked_item_row_grouping,0.9999,manual_review,순위 불명(순위미상(중복4회 중 4번째))
스페인,1-18,호감 저해요인,패션,순 (종교 인종 장애,1순위,1.0,%,151.0,"1349,1350,1351,1352,1353,1354,1355,1356",easyocr+ranked_item_row_grouping,0.6446,manual_review,
스페인,1-18,호감 저해요인,패션,위 한국에서 제조된 제품이 아니어서,1순위,6.6,%,151.0,"1349,1350,1351,1352,1353,1354,1355,1356",easyocr+ranked_item_row_grouping,0.9998,manual_review,
스페인,1-18,호감 저해요인,패션,(종교 인종 장애 관습 문제 등,1+2순위(중복),1.0,%,151.0,"1349,1350,1351,1352,1353,1354,1355,1356",easyocr+ranked_item_row_grouping,0.4488,manual_review,
스페인,1-18,호감 저해요인,패션,기타,1+2순위(중복),0.6,%,151.0,"1349,1350,1351,1352,1353,1354,1355,1356",easyocr+ranked_item_row_grouping,0.9979,manual_review,
스페인,1-18,호감 저해요인,뷰티,제품의 홍보가 지나치게 과장원 것 같아서,1순위,46.0,%,348.0,"1349,1350,1351,1352,1353,1354,1355,1356",easyocr+ranked_item_row_grouping,0.4078,manual_review,
스페인,1-18,호감 저해요인,뷰티,(피부튼  성적 정체성 편걀 문제 등,1순위,4.3,%,348.0,"1349,1350,1351,1352,1353,1354,1355,1356",easyocr+ranked_item_row_grouping,0.959,manual_review,
스페인,1-18,호감 저해요인,뷰티,품질이 떨어저서,1순위,1.6,%,348.0,"1349,1350,1351,1352,1353,1354,1355,1356",easyocr+ranked_item_row_grouping,0.9732,manual_review,
스페인,1-18,호감 저해요인,뷰티,슈 (피부튼  성적 정체성 문제 등),1+2순위(중복),9.5,%,348.0,"1349,1350,1351,1352,1353,1354,1355,1356",easyocr+ranked_item_row_grouping,0.8001,manual_review,
스페인,1-18,호감 저해요인,뷰티,중 한국에서 제조한 제품이 아니어서,1+2순위(중복),9.2,%,348.0,"1349,1350,1351,1352,1353,1354,1355,1356",easyocr+ranked_item_row_grouping,0.9876,manual_review,
스페인,1-18,호감 저해요인,뷰티,Q,1+2순위(중복),2.0,%,348.0,"1349,1350,1351,1352,1353,1354,1355,1356",easyocr+ranked_item_row_grouping,0.2203,manual_review,
스페인,1-18,호감 저해요인,뷰티,남성 여성,1+2순위(중복),10.0,%,348.0,"1349,1350,1351,1352,1353,1354,1355,1356",easyocr+ranked_item_row_grouping,0.8876,manual_review,
스페인,1-18,호감 저해요인,음식,} 통아하듣 -맛과 향일 하니어서,1순위,6.9,%,38.0,"1349,1350,1351,1352,1353,1354,1355,1356",easyocr+ranked_item_row_grouping,0.9998,manual_review,
스페인,1-18,호감 저해요인,음식,제공하는 음식이 다양하지 않아서,1순위,6.0,%,38.0,"1349,1350,1351,1352,1353,1354,1355,1356",easyocr+ranked_item_row_grouping,0.9982,manual_review,
스페인,1-18,호감 저해요인,음식,둘 (종괴할렉 채식 식문화 등,1+2순위(중복),12.3,%,38.0,"1349,1350,1351,1352,1353,1354,1355,1356",easyocr+ranked_item_row_grouping,0.9986,manual_review,
스페인,1-18,호감 저해요인,한국어,한국어가 배우기 어렵다고 느껴저서,1순위,18.4,%,1.0,"1349,1350,1351,1352,1353,1354,1355,1356",easyocr+ranked_item_row_grouping,0.9924,manual_review,
스페인,1-18,호감 저해요인,한국어,한국어의 소리가 불편하거나 어색해서,1순위,9.3,%,1.0,"1349,1350,1351,1352,1353,1354,1355,1356",easyocr+ranked_item_row_grouping,0.876,manual_review,
스페인,1-18,호감 저해요인,한국어,한글이 만들어진 역사와 원리지 이해하기 어려워세생소해세,1+2순위(중복),20.0,%,1.0,"1349,1350,1351,1352,1353,1354,1355,1356",easyocr+ranked_item_row_grouping,0.9855,manual_review,
독일,1-17,호감요인,드라마,연애 스토리가 순수해서,1순위,9.6,%,367.0,"1403,1404,1405,1406,1407,1408",easyocr+ranked_item_row_grouping,0.9981,manual_review,
독일,1-17,호감요인,드라마,영상미 연출력 등 작품성이 좋아서 슈 영상멘_밥력 통/l-일해출안설 수 있어서,1순위,7.9,%,367.0,"1403,1404,1405,1406,1407,1408",easyocr+ranked_item_row_grouping,0.9992,manual_review,
독일,1-17,호감요인,드라마,패센뷰티 등 한국 최신 트랜드록 볼 수 있어서,1순위,6.3,%,367.0,"1403,1404,1405,1406,1407,1408",easyocr+ranked_item_row_grouping,0.9967,manual_review,
독일,1-17,호감요인,드라마,영상미 연출력 등 작품성이 좋아서,1+2순위(중복),15.0,%,367.0,"1403,1404,1405,1406,1407,1408",easyocr+ranked_item_row_grouping,0.997,manual_review,
독일,1-17,호감요인,드라마,온라인모바일 플렉품올 통해 접할 수 있어서,1+2순위(중복),12.8,%,367.0,"1403,1404,1405,1406,1407,1408",easyocr+ranked_item_row_grouping,0.9997,manual_review,
독일,1-17,호감요인,드라마,복 패센분티 등 한국-최신 튼레스틀 불 수 잃어서,1+2순위(중복),12.0,%,367.0,"1403,1404,1405,1406,1407,1408",easyocr+ranked_item_row_grouping,0.9999,manual_review,
독일,1-17,호감요인,드라마,기타,1+2순위(중복),0.3,%,367.0,"1403,1404,1405,1406,1407,1408",easyocr+ranked_item_row_grouping,0.9336,manual_review,
독일,1-17,호감요인,예능,프로그램 큰심트 및 포맺이 좋아서,1순위,15.3,%,289.0,"1403,1404,1405,1406,1407,1408",easyocr+ranked_item_row_grouping,0.9997,manual_review,
독일,1-17,호감요인,예능,수 출연진의 캐릭터 뜻 향굴 퉁이 개성 햄어서,1순위,9.4,%,289.0,"1403,1404,1405,1406,1407,1408",easyocr+ranked_item_row_grouping,0.5626,manual_review,
독일,1-17,호감요인,예능,능 프로그램 큰센트 및 포패이 좋아서,1순위,27.0,%,289.0,"1403,1404,1405,1406,1407,1408",easyocr+ranked_item_row_grouping,0.9999,manual_review,
독일,1-17,호감요인,예능,출연진의 캐릭터 및 역할 등이 개성 있어서,1+2순위(중복),19.2,%,289.0,"1403,1404,1405,1406,1407,1408",easyocr+ranked_item_row_grouping,0.9782,manual_review,
독일,1-17,호감요인,예능,기타,1+2순위(중복),0.3,%,289.0,"1403,1404,1405,1406,1407,1408",easyocr+ranked_item_row_grouping,0.5435,manual_review,
독일,1-17,호감요인,예능,남성 여성,1+2순위(중복),10.0,%,289.0,"1403,1404,1405,1406,1407,1408",easyocr+ranked_item_row_grouping,0.4444,manual_review,
독일,1-17,호감요인,영화,표현 방식이 사실적이어서,1순위,9.1,%,191.0,"1403,1404,1405,1406,1407,1408",easyocr+ranked_item_row_grouping,0.9997,manual_review,
독일,1-17,호감요인,음악,수 K-pop 가}물물의 피m가 뛰어나,1순위,9.0,%,378.0,"1403,1404,1405,1406,1407,1408",easyocr+ranked_item_row_grouping,0.9999,manual_review,
독일,1-17,호감요인,음악,약악 기타,1순위,2.7,%,378.0,"1403,1404,1405,1406,1407,1408",easyocr+ranked_item_row_grouping,0.9996,manual_review,
독일,1-17,호감요인,음악,K-pop 가쉬그룹의 퍼포언스가 뛰어나서,1+2순위(중복),20.7,%,378.0,"1403,1404,1405,1406,1407,1408",easyocr+ranked_item_row_grouping,0.5523,manual_review,
독일,1-17,호감요인,음악,기타,1+2순위(중복),4.0,%,378.0,"1403,1404,1405,1406,1407,1408",easyocr+ranked_item_row_grouping,0.9995,manual_review,
독일,1-17,호감요인,음악,남성 여성,1+2순위(중복),10.0,%,378.0,"1403,1404,1405,1406,1407,1408",easyocr+ranked_item_row_grouping,0.4444,manual_review,
독일,1-17,호감요인,애니메이션,캐릭터의 성격역할이 마음에 들어서,1순위,10.8,%,373.0,"1403,1404,1405,1406,1407,1408",easyocr+ranked_item_row_grouping,0.9998,manual_review,
독일,1-17,호감요인,애니메이션,스토리가 짜임새 있고 단단해서,1순위,10.2,%,373.0,"1403,1404,1405,1406,1407,1408",easyocr+ranked_item_row_grouping,0.9964,manual_review,
독일,1-17,호감요인,애니메이션,기타,1+2순위(중복),0.8,%,373.0,"1403,1404,1405,1406,1407,1408",easyocr+ranked_item_row_grouping,0.9984,manual_review,
독일,1-17,호감요인,출판물,Q,1+2순위(중복),2.0,%,239.0,"1403,1404,1405,1406,1407,1408",easyocr+ranked_item_row_grouping,0.3106,manual_review,
독일,1-17,호감요인,출판물,남성 여성,1+2순위(중복),10.0,%,239.0,"1403,1404,1405,1406,1407,1408",easyocr+ranked_item_row_grouping,0.4444,manual_review,
독일,1-17,호감요인,게임,남성 여성,1+2순위(중복),10.0,%,362.0,"1403,1404,1405,1406,1407,1408",easyocr+ranked_item_row_grouping,0.4444,manual_review,
독일,1-17,호감요인,패션,신제품이 자주 나외서,1+2순위(중복),15.6,%,354.0,"1403,1404,1405,1406,1407,1408",easyocr+ranked_item_row_grouping,0.999,manual_review,
독일,1-17,호감요인,패션,기타,1+2순위(중복),0.3,%,354.0,"1403,1404,1405,1406,1407,1408",easyocr+ranked_item_row_grouping,0.9935,manual_review,
독일,1-17,호감요인,뷰티,남성 여성,1+2순위(중복),10.0,%,372.0,"1403,1404,1405,1406,1407,1408",easyocr+ranked_item_row_grouping,0.4444,manual_review,
독일,1-17,호감요인,음식,가격이 적당해서,1+2순위(중복),24.8,%,439.0,"1403,1404,1405,1406,1407,1408",easyocr+ranked_item_row_grouping,0.9879,manual_review,
독일,1-17,호감요인,한국어,위 한글이 과학적인 표기법 체제틀 갖추고 있어서,1순위,8.8,%,172.0,"1403,1404,1405,1406,1407,1408",easyocr+ranked_item_row_grouping,0.9994,manual_review,
독일,1-17,호감요인,한국어,한국어 자체가 새롭고 흥미로워서,1+2순위(중복),22.8,%,172.0,"1403,1404,1405,1406,1407,1408",easyocr+ranked_item_row_grouping,0.928,manual_review,
독일,1-17,호감요인,한국어,Q,1+2순위(중복),2.0,%,172.0,"1403,1404,1405,1406,1407,1408",easyocr+ranked_item_row_grouping,0.3106,manual_review,
독일,1-18,호감 저해요인,드라마,"소재 스토리 , 장르 등이 진부 획일적이어서",1순위,8.2,%,367.0,"1409,1410,1411,1412,1413,1414,1415,1416",easyocr+ranked_item_row_grouping,0.8914,manual_review,
독일,1-18,호감 저해요인,드라마,수 주학기 업울환중@다서,1순위,2.8,%,367.0,"1409,1410,1411,1412,1413,1414,1415,1416",easyocr+ranked_item_row_grouping,1.0,manual_review,
독일,1-18,호감 저해요인,드라마,(시청 경로 부족 인터넷 속되망 문제  정보 부족 등,1+2순위(중복),11.2,%,367.0,"1409,1410,1411,1412,1413,1414,1415,1416",easyocr+ranked_item_row_grouping,0.9999,manual_review,
독일,1-18,호감 저해요인,예능,다양한 문회에 대한 고려마가 부족해세인종 성소수자 종교,1순위,10.0,%,289.0,"1409,1410,1411,1412,1413,1414,1415,1416",easyocr+ranked_item_row_grouping,1.0,manual_review,
독일,1-18,호감 저해요인,예능,접하기 어려운 환경이어서,1순위,9.0,%,289.0,"1409,1410,1411,1412,1413,1414,1415,1416",easyocr+ranked_item_row_grouping,0.9995,manual_review,
독일,1-18,호감 저해요인,예능,방송용 자매텍스트 말 풍선 이모티로 등이 너무 많아서,1순위,8.0,%,289.0,"1409,1410,1411,1412,1413,1414,1415,1416",easyocr+ranked_item_row_grouping,0.9998,manual_review,
독일,1-18,호감 저해요인,예능,짜임새 있는 포패이 아니고 즉흥적이어서,1순위,5.9,%,289.0,"1409,1410,1411,1412,1413,1414,1415,1416",easyocr+ranked_item_row_grouping,0.7343,manual_review,
독일,1-18,호감 저해요인,예능,접하기 어려운 환경이어서 (시청 경로 부족 인터넷 속되망 문제   정보 부족 등,1+2순위(중복),19.8,%,289.0,"1409,1410,1411,1412,1413,1414,1415,1416",easyocr+ranked_item_row_grouping,0.8553,manual_review,
독일,1-18,호감 저해요인,예능,과도한 광고 노출이 많아서,1+2순위(중복),15.6,%,289.0,"1409,1410,1411,1412,1413,1414,1415,1416",easyocr+ranked_item_row_grouping,0.9886,manual_review,
독일,1-18,호감 저해요인,예능,복 짜임새 잎는_포매이 _아니고 즉흥적이어서,1+2순위(중복),12.1,%,289.0,"1409,1410,1411,1412,1413,1414,1415,1416",easyocr+ranked_item_row_grouping,0.9999,manual_review,
독일,1-18,호감 저해요인,예능,남성 여성,1+2순위(중복),10.0,%,289.0,"1409,1410,1411,1412,1413,1414,1415,1416",easyocr+ranked_item_row_grouping,0.9132,manual_review,
독일,1-18,호감 저해요인,영화,수 @혹 영합 배우관계자잎 부직질화 연행,1순위,5.6,%,191.0,"1409,1410,1411,1412,1413,1414,1415,1416",easyocr+ranked_item_row_grouping,0.7468,manual_review,
독일,1-18,호감 저해요인,영화,디양한 문화에 대한 고로마가 부족해세인종 성소수자 종교 텅,1순위,4.0,%,191.0,"1409,1410,1411,1412,1413,1414,1415,1416",easyocr+ranked_item_row_grouping,0.9987,manual_review,
독일,1-18,호감 저해요인,영화,작품성이나 예술적 가치가 떨어진다고 생각해서,1+2순위(중복),12.0,%,191.0,"1409,1410,1411,1412,1413,1414,1415,1416",easyocr+ranked_item_row_grouping,0.994,manual_review,
독일,1-18,호감 저해요인,영화,한국 영화 배우 관계자의 부적절한 언행,1+2순위(중복),9.0,%,191.0,"1409,1410,1411,1412,1413,1414,1415,1416",easyocr+ranked_item_row_grouping,0.9995,manual_review,
독일,1-18,호감 저해요인,영화,다양한 문회에 대한 고로가 부족해세인종 성소수자 종교 등,1+2순위(중복),8.8,%,191.0,"1409,1410,1411,1412,1413,1414,1415,1416",easyocr+ranked_item_row_grouping,0.9995,manual_review,
독일,1-18,호감 저해요인,영화,Q,1+2순위(중복),2.0,%,191.0,"1409,1410,1411,1412,1413,1414,1415,1416",easyocr+ranked_item_row_grouping,0.4776,manual_review,
독일,1-18,호감 저해요인,영화,남성 여성,1+2순위(중복),10.0,%,191.0,"1409,1410,1411,1412,1413,1414,1415,1416",easyocr+ranked_item_row_grouping,0.9132,manual_review,
독일,1-18,호감 저해요인,음악,다양한 문회에 대한 고마가 부족해세인종 성소수자 종교,1순위,4.8,%,518.0,"1409,1410,1411,1412,1413,1414,1415,1416",easyocr+ranked_item_row_grouping,0.9998,manual_review,
독일,1-18,호감 저해요인,음악,퍼포먼스 대비 가창 실력이 부족해서,1+2순위(중복),13.2,%,518.0,"1409,1410,1411,1412,1413,1414,1415,1416",easyocr+ranked_item_row_grouping,0.994,manual_review,
독일,1-18,호감 저해요인,음악,운 디양한 문화에 대한 고로마가 부족해세인종 성소수자 종교 텅,1+2순위(중복),9.0,%,518.0,"1409,1410,1411,1412,1413,1414,1415,1416",easyocr+ranked_item_row_grouping,0.9997,manual_review,
독일,1-18,호감 저해요인,음악,기타,1+2순위(중복),0.8,%,518.0,"1409,1410,1411,1412,1413,1414,1415,1416",easyocr+ranked_item_row_grouping,0.9992,manual_review,
독일,1-18,호감 저해요인,애니메이션,접하기 어려운 환경이어서,1순위,12.3,%,573.0,"1409,1410,1411,1412,1413,1414,1415,1416",easyocr+ranked_item_row_grouping,0.9999,manual_review,
독일,1-18,호감 저해요인,애니메이션,대부분 유아용의로 제작되며 성인 대상 권렌j 부족해서,1순위,9.6,%,573.0,"1409,1410,1411,1412,1413,1414,1415,1416",easyocr+ranked_item_row_grouping,0.9989,manual_review,
독일,1-18,호감 저해요인,애니메이션,수 지나치게 상업적이어서,1순위,7.0,%,573.0,"1409,1410,1411,1412,1413,1414,1415,1416",easyocr+ranked_item_row_grouping,0.9989,manual_review,
독일,1-18,호감 저해요인,애니메이션,(시청 경로 부족 인터넷 속되망 문제  정보 부족 등,1순위,22.3,%,573.0,"1409,1410,1411,1412,1413,1414,1415,1416",easyocr+ranked_item_row_grouping,0.9999,manual_review,
독일,1-18,호감 저해요인,애니메이션,"대부분 유아용으 제작되다 성인 대상 ,기j가 부족해서",1+2순위(중복),17.9,%,573.0,"1409,1410,1411,1412,1413,1414,1415,1416",easyocr+ranked_item_row_grouping,0.7751,manual_review,
독일,1-18,호감 저해요인,애니메이션,캐릭터가 마음에 들지 않아서,1+2순위(중복),12.4,%,573.0,"1409,1410,1411,1412,1413,1414,1415,1416",easyocr+ranked_item_row_grouping,0.9584,manual_review,
독일,1-18,호감 저해요인,애니메이션,남성 여성,1+2순위(중복),10.0,%,573.0,"1409,1410,1411,1412,1413,1414,1415,1416",easyocr+ranked_item_row_grouping,0.9548,manual_review,
독일,1-18,호감 저해요인,출판물,다양한 문에 대한 고까마가 부족해세인종 성소수자 종교 히,1순위,10.1,%,153.0,"1409,1410,1411,1412,1413,1414,1415,1416",easyocr+ranked_item_row_grouping,0.8405,manual_review,
독일,1-18,호감 저해요인,출판물,구매하기 어려워서판매처 등),1순위,9.2,%,153.0,"1409,1410,1411,1412,1413,1414,1415,1416",easyocr+ranked_item_row_grouping,0.9996,manual_review,
독일,1-18,호감 저해요인,출판물,수 소재 상물 등이 진텔적일적이어서,1순위,8.0,%,153.0,"1409,1410,1411,1412,1413,1414,1415,1416",easyocr+ranked_item_row_grouping,1.0,manual_review,
독일,1-18,호감 저해요인,출판물,디양한 문화에 대한 고로마 부족해세인종 성소수자 종교 등,1+2순위(중복),21.0,%,153.0,"1409,1410,1411,1412,1413,1414,1415,1416",easyocr+ranked_item_row_grouping,0.6393,manual_review,
독일,1-18,호감 저해요인,출판물,국가 간 역사-외교적 관계로 인해서,1+2순위(중복),15.1,%,153.0,"1409,1410,1411,1412,1413,1414,1415,1416",easyocr+ranked_item_row_grouping,0.6866,manual_review,
독일,1-18,호감 저해요인,출판물,둘 소재  장르 등이 진부획일적이어서,1+2순위(중복),13.1,%,153.0,"1409,1410,1411,1412,1413,1414,1415,1416",easyocr+ranked_item_row_grouping,0.9997,manual_review,
독일,1-18,호감 저해요인,출판물,남성 여성,1+2순위(중복),10.0,%,153.0,"1409,1410,1411,1412,1413,1414,1415,1416",easyocr+ranked_item_row_grouping,0.9132,manual_review,
독일,1-18,호감 저해요인,웹툰,이용하는데 비용이 많이 들어서,1순위,6.5,%,187.0,"1409,1410,1411,1412,1413,1414,1415,1416",easyocr+ranked_item_row_grouping,0.9999,manual_review,
독일,1-18,호감 저해요인,웹툰,수 덧망화 올픽에 다화 곳잡 분어서이터 수자 올닭,1순위,6.4,%,187.0,"1409,1410,1411,1412,1413,1414,1415,1416",easyocr+ranked_item_row_grouping,0.502,manual_review,
독일,1-18,호감 저해요인,웹툰,연재 주기가 불규칙해세유재 변경 등,1순위,5.4,%,187.0,"1409,1410,1411,1412,1413,1414,1415,1416",easyocr+ranked_item_row_grouping,0.7789,manual_review,
독일,1-18,호감 저해요인,웹툰,캐릭터가 맘에 들지 않아서,순위미상(중복4회 중 1번째),3.2,%,187.0,"1409,1410,1411,1412,1413,1414,1415,1416",easyocr+ranked_item_row_grouping,0.4137,manual_review,순위 불명(순위미상(중복4회 중 1번째))
독일,1-18,호감 저해요인,웹툰,캐릭터가 맘에 들지 않아서,순위미상(중복4회 중 2번째),1.6,%,187.0,"1409,1410,1411,1412,1413,1414,1415,1416",easyocr+ranked_item_row_grouping,0.6692,manual_review,순위 불명(순위미상(중복4회 중 2번째))
독일,1-18,호감 저해요인,웹툰,캐릭터가 맘에 들지 않아서,순위미상(중복4회 중 3번째),5.4,%,187.0,"1409,1410,1411,1412,1413,1414,1415,1416",easyocr+ranked_item_row_grouping,1.0,manual_review,순위 불명(순위미상(중복4회 중 3번째))
독일,1-18,호감 저해요인,웹툰,캐릭터가 맘에 들지 않아서,순위미상(중복4회 중 4번째),3.7,%,187.0,"1409,1410,1411,1412,1413,1414,1415,1416",easyocr+ranked_item_row_grouping,0.481,manual_review,순위 불명(순위미상(중복4회 중 4번째))
독일,1-18,호감 저해요인,웹툰,다양한 문회에 대한 고려가 부족해세인종 성소수자 종교 등,1+2순위(중복),14.5,%,187.0,"1409,1410,1411,1412,1413,1414,1415,1416",easyocr+ranked_item_row_grouping,0.6181,manual_review,
독일,1-18,호감 저해요인,웹툰,흙 접하기 어려운 환경이어서,1+2순위(중복),10.7,%,187.0,"1409,1410,1411,1412,1413,1414,1415,1416",easyocr+ranked_item_row_grouping,0.9767,manual_review,
독일,1-18,호감 저해요인,웹툰,기타,1+2순위(중복),0.6,%,187.0,"1409,1410,1411,1412,1413,1414,1415,1416",easyocr+ranked_item_row_grouping,0.994,manual_review,
독일,1-18,호감 저해요인,웹툰,남성 여성,1+2순위(중복),10.0,%,187.0,"1409,1410,1411,1412,1413,1414,1415,1416",easyocr+ranked_item_row_grouping,0.9132,manual_review,
독일,1-18,호감 저해요인,게임,그래픽의 독창성이 부족하고 어디서 본 듯해서,1순위,7.7,%,362.0,"1409,1410,1411,1412,1413,1414,1415,1416",easyocr+ranked_item_row_grouping,0.99,manual_review,
독일,1-18,호감 저해요인,게임,위 디양하 문에 대한 고로마 부족해세인종 성소수자 종교 히,1순위,6.4,%,362.0,"1409,1410,1411,1412,1413,1414,1415,1416",easyocr+ranked_item_row_grouping,0.502,manual_review,
독일,1-18,호감 저해요인,게임,다양한 문회에 대한 고로가 부족해세인종 성소수자 종교,1+2순위(중복),14.4,%,362.0,"1409,1410,1411,1412,1413,1414,1415,1416",easyocr+ranked_item_row_grouping,0.9997,manual_review,
독일,1-18,호감 저해요인,게임,남성 여성,1+2순위(중복),10.0,%,362.0,"1409,1410,1411,1412,1413,1414,1415,1416",easyocr+ranked_item_row_grouping,0.9132,manual_review,
독일,1-18,호감 저해요인,패션,순 제품 종류 및 스타일이 다양하지 않아서,순위미상(중복3회 중 1번째),11.1,%,354.0,"1409,1410,1411,1412,1413,1414,1415,1416",easyocr+ranked_item_row_grouping,0.9653,manual_review,순위 불명(순위미상(중복3회 중 1번째))
독일,1-18,호감 저해요인,패션,순 제품 종류 및 스타일이 다양하지 않아서,순위미상(중복3회 중 2번째),8.2,%,354.0,"1409,1410,1411,1412,1413,1414,1415,1416",easyocr+ranked_item_row_grouping,0.504,manual_review,순위 불명(순위미상(중복3회 중 2번째))
독일,1-18,호감 저해요인,패션,순 제품 종류 및 스타일이 다양하지 않아서,순위미상(중복3회 중 3번째),15.0,%,354.0,"1409,1410,1411,1412,1413,1414,1415,1416",easyocr+ranked_item_row_grouping,1.0,manual_review,순위 불명(순위미상(중복3회 중 3번째))
독일,1-18,호감 저해요인,패션,선 사이즈가 다양하지 않아서,1순위,21.8,%,354.0,"1409,1410,1411,1412,1413,1414,1415,1416",easyocr+ranked_item_row_grouping,0.9999,manual_review,
독일,1-18,호감 저해요인,패션,둘 국가 간 역사 외교적 관계로 인해서,1+2순위(중복),13.6,%,354.0,"1409,1410,1411,1412,1413,1414,1415,1416",easyocr+ranked_item_row_grouping,0.9624,manual_review,
독일,1-18,호감 저해요인,뷰티,다양한 문화에 대한 고려가 부족해서,1순위,7.0,%,12.0,"1409,1410,1411,1412,1413,1414,1415,1416",easyocr+ranked_item_row_grouping,0.9999,manual_review,
독일,1-18,호감 저해요인,뷰티,나의 가치와 맞지 않아세할활 동물 실험 등,1순위,6.5,%,12.0,"1409,1410,1411,1412,1413,1414,1415,1416",easyocr+ranked_item_row_grouping,0.9995,manual_review,
독일,1-18,호감 저해요인,뷰티,수 클 성G인심 호방 성G이 기호에 맞지 안,1순위,5.4,%,12.0,"1409,1410,1411,1412,1413,1414,1415,1416",easyocr+ranked_item_row_grouping,0.9868,manual_review,
독일,1-18,호감 저해요인,뷰티,(피부론'성적 정체성 관습 문제 등),1+2순위(중복),12.9,%,12.0,"1409,1410,1411,1412,1413,1414,1415,1416",easyocr+ranked_item_row_grouping,1.0,manual_review,
독일,1-18,호감 저해요인,뷰티,성G인삼 한방 성분이 기호에 맞지 않아서,1+2순위(중복),12.9,%,12.0,"1409,1410,1411,1412,1413,1414,1415,1416",easyocr+ranked_item_row_grouping,0.9999,manual_review,
독일,1-18,호감 저해요인,뷰티,특울 생뒷요앞자방 득일-때 및&,1+2순위(중복),12.7,%,12.0,"1409,1410,1411,1412,1413,1414,1415,1416",easyocr+ranked_item_row_grouping,0.9999,manual_review,
독일,1-18,호감 저해요인,뷰티,둘 품질 대비 가격이 비싸서,1+2순위(중복),10.5,%,12.0,"1409,1410,1411,1412,1413,1414,1415,1416",easyocr+ranked_item_row_grouping,0.9138,manual_review,
독일,1-18,호감 저해요인,뷰티,남성 여성,1+2순위(중복),10.0,%,12.0,"1409,1410,1411,1412,1413,1414,1415,1416",easyocr+ranked_item_row_grouping,0.9132,manual_review,
독일,1-18,호감 저해요인,음식,휴 제공하튼 음식이 다양하지 용아서,1순위,5.9,%,439.0,"1409,1410,1411,1412,1413,1414,1415,1416",easyocr+ranked_item_row_grouping,0.7343,manual_review,
독일,1-18,호감 저해요인,음식,제공하는 음식이 다양하지 않아서,1+2순위(중복),11.6,%,439.0,"1409,1410,1411,1412,1413,1414,1415,1416",easyocr+ranked_item_row_grouping,0.9997,manual_review,
독일,1-18,호감 저해요인,한국어,한글이 만들어진 역사와 원리지 이해하기 어려워세생소해세,1순위,15.7,%,172.0,"1409,1410,1411,1412,1413,1414,1415,1416",easyocr+ranked_item_row_grouping,0.9229,manual_review,
독일,1-18,호감 저해요인,한국어,한국어 표기법이 복잡하고 비효율적으로 느껴저서,1순위,12.7,%,172.0,"1409,1410,1411,1412,1413,1414,1415,1416",easyocr+ranked_item_row_grouping,0.9999,manual_review,
독일,1-18,호감 저해요인,한국어,한국어가 배우기 어렵다고 느껴저서,1+2순위(중복),25.5,%,172.0,"1409,1410,1411,1412,1413,1414,1415,1416",easyocr+ranked_item_row_grouping,1.0,manual_review,
러시아,1-17,호감요인,드라마,기타,1순위,0.6,%,502.0,"1463,1464,1465,1466,1467,1468",easyocr+ranked_item_row_grouping,0.9996,manual_review,
러시아,1-17,호감요인,예능,출연진의 캐릭터 및 역할 등이 개성 있어서,1순위,12.2,%,0.8,"1463,1464,1465,1466,1467,1468",easyocr+ranked_item_row_grouping,0.9992,manual_review,
러시아,1-17,호감요인,예능,남성 여성,1+2순위(중복),10.0,%,0.8,"1463,1464,1465,1466,1467,1468",easyocr+ranked_item_row_grouping,0.9397,manual_review,
러시아,1-17,호감요인,영화,순 표현 방식이 사실적이어서,1순위,5.8,%,499.0,"1463,1464,1465,1466,1467,1468",easyocr+ranked_item_row_grouping,0.9999,manual_review,
러시아,1-17,호감요인,영화,둘 온라인모바일 플렉품올 통해 접할 수 있어서,1+2순위(중복),9.4,%,499.0,"1463,1464,1465,1466,1467,1468",easyocr+ranked_item_row_grouping,0.5626,manual_review,
러시아,1-17,호감요인,음악,유 가수 그출과 팬 사이예 유대감이 좋아서,1순위,4.8,%,508.0,"1463,1464,1465,1466,1467,1468",easyocr+ranked_item_row_grouping,0.9992,manual_review,
러시아,1-17,호감요인,음악,가사가 전달하는  뜻의미)이 좋아서,1순위,2.6,%,508.0,"1463,1464,1465,1466,1467,1468",easyocr+ranked_item_row_grouping,0.9998,manual_review,
러시아,1-17,호감요인,음악,흙 가쉬그룹과 팬 사이에 유대감이 좋아서,1+2순위(중복),9.9,%,508.0,"1463,1464,1465,1466,1467,1468",easyocr+ranked_item_row_grouping,0.9998,manual_review,
러시아,1-17,호감요인,음악,복 가사가 전달하는_뜻(의미이 좋아서,1+2순위(중복),7.1,%,508.0,"1463,1464,1465,1466,1467,1468",easyocr+ranked_item_row_grouping,0.9999,manual_review,
러시아,1-17,호감요인,음악,남성 여성,1+2순위(중복),10.0,%,508.0,"1463,1464,1465,1466,1467,1468",easyocr+ranked_item_row_grouping,0.9397,manual_review,
러시아,1-17,호감요인,애니메이션,다양한  소재 또는 장르름 다리서,1순위,13.3,%,503.0,"1463,1464,1465,1466,1467,1468",easyocr+ranked_item_row_grouping,0.9976,manual_review,
러시아,1-17,호감요인,애니메이션,한국 생활문화름 간접 경험하거나 이해활 수 있어서,1순위,12.5,%,503.0,"1463,1464,1465,1466,1467,1468",easyocr+ranked_item_row_grouping,0.9997,manual_review,
러시아,1-17,호감요인,출판물,좋아하는 작가라서,1+2순위(중복),13.4,%,306.0,"1463,1464,1465,1466,1467,1468",easyocr+ranked_item_row_grouping,0.9997,manual_review,
러시아,1-17,호감요인,출판물,남성 여성,1+2순위(중복),10.0,%,306.0,"1463,1464,1465,1466,1467,1468",easyocr+ranked_item_row_grouping,0.9397,manual_review,
러시아,1-17,호감요인,웹툰,"인기 있는 한류 ,렌즈의 원작인 경우가 많아서",1순위,10.5,%,124.0,"1463,1464,1465,1466,1467,1468",easyocr+ranked_item_row_grouping,0.9999,manual_review,
러시아,1-17,호감요인,웹툰,사용자 환경이 편리해서,1순위,9.6,%,124.0,"1463,1464,1465,1466,1467,1468",easyocr+ranked_item_row_grouping,0.742,manual_review,
러시아,1-17,호감요인,웹툰,위 캐릭터의 성격 역할이 마음에 들어서,1순위,8.0,%,124.0,"1463,1464,1465,1466,1467,1468",easyocr+ranked_item_row_grouping,0.9993,manual_review,
러시아,1-17,호감요인,웹툰,흙 (검색 폐이지 넘김 대글 쓰기 결제 편리성 등,1+2순위(중복),17.7,%,124.0,"1463,1464,1465,1466,1467,1468",easyocr+ranked_item_row_grouping,0.9994,manual_review,
러시아,1-17,호감요인,게임,디른 게p들과 네트위치름 형하고햄 질수 왜,1순위,8.0,%,448.0,"1463,1464,1465,1466,1467,1468",easyocr+ranked_item_row_grouping,1.0,manual_review,
러시아,1-17,호감요인,게임,디른 게p머들과 네트위크름 형성하고 햄 질수 앞,1+2순위(중복),15.8,%,448.0,"1463,1464,1465,1466,1467,1468",easyocr+ranked_item_row_grouping,0.7755,manual_review,
러시아,1-17,호감요인,게임,남성 여성,1+2순위(중복),10.0,%,448.0,"1463,1464,1465,1466,1467,1468",easyocr+ranked_item_row_grouping,0.9397,manual_review,
러시아,1-17,호감요인,패션,제품 종류 및 스타일이 다양해서,1순위,15.2,%,415.0,"1463,1464,1465,1466,1467,1468",easyocr+ranked_item_row_grouping,1.0,manual_review,
러시아,1-17,호감요인,패션,좋아하는 한류스타가 사용홍보하기 때문에,1+2순위(중복),9.7,%,415.0,"1463,1464,1465,1466,1467,1468",easyocr+ranked_item_row_grouping,0.3561,manual_review,
러시아,1-17,호감요인,뷰티,남성 여성,1+2순위(중복),10.0,%,498.0,"1463,1464,1465,1466,1467,1468",easyocr+ranked_item_row_grouping,0.9397,manual_review,
러시아,1-17,호감요인,한국어,한류름 좋아해서,1순위,12.8,%,101.0,"1463,1464,1465,1466,1467,1468",easyocr+ranked_item_row_grouping,0.9997,manual_review,
러시아,1-17,호감요인,한국어,휴 한글이 쾌화적증원서법 체제틀 갖추고 있어서,1순위,6.9,%,101.0,"1463,1464,1465,1466,1467,1468",easyocr+ranked_item_row_grouping,0.9998,manual_review,
러시아,1-17,호감요인,한국어,한국어의 소리가 듣기 좋아서,1+2순위(중복),19.9,%,101.0,"1463,1464,1465,1466,1467,1468",easyocr+ranked_item_row_grouping,0.9965,manual_review,
러시아,1-17,호감요인,한국어,복 한글이 과학적인 표기법 체제틀 갖추고 있어서,1+2순위(중복),8.9,%,101.0,"1463,1464,1465,1466,1467,1468",easyocr+ranked_item_row_grouping,1.0,manual_review,
러시아,1-18,호감 저해요인,드라마,위 과도한 광고 노출이 많아서,1순위,4.2,%,502.0,"1469,1470,1471,1472,1473,1474,1475,1476",easyocr+ranked_item_row_grouping,0.6292,manual_review,
러시아,1-18,호감 저해요인,예능,접하기 어려운 환경이어서,1순위,10.2,%,305.0,"1469,1470,1471,1472,1473,1474,1475,1476",easyocr+ranked_item_row_grouping,1.0,manual_review,
러시아,1-18,호감 저해요인,예능,위 게스트들의 토크에 의존하는 포맺이 많아서,1순위,5.3,%,305.0,"1469,1470,1471,1472,1473,1474,1475,1476",easyocr+ranked_item_row_grouping,0.657,manual_review,
러시아,1-18,호감 저해요인,예능,다양한 문회에 대한 고가 부족해세인종 성소수자 종교 등,1순위,4.2,%,305.0,"1469,1470,1471,1472,1473,1474,1475,1476",easyocr+ranked_item_row_grouping,0.9995,manual_review,
러시아,1-18,호감 저해요인,예능,흙 국가 간 역사-외교적 관계로 인해서,1+2순위(중복),8.5,%,305.0,"1469,1470,1471,1472,1473,1474,1475,1476",easyocr+ranked_item_row_grouping,0.9991,manual_review,
러시아,1-18,호감 저해요인,예능,복 또양황 문화에 대한 품 부족해세요종 성소수자 종교 등,1+2순위(중복),7.5,%,305.0,"1469,1470,1471,1472,1473,1474,1475,1476",easyocr+ranked_item_row_grouping,0.9998,manual_review,
러시아,1-18,호감 저해요인,예능,남성 여성,1+2순위(중복),10.0,%,305.0,"1469,1470,1471,1472,1473,1474,1475,1476",easyocr+ranked_item_row_grouping,0.9548,manual_review,
러시아,1-18,호감 저해요인,영화,소재 스토리 장르 등이 진부 획일적이어서,1순위,5.4,%,499.0,"1469,1470,1471,1472,1473,1474,1475,1476",easyocr+ranked_item_row_grouping,0.7789,manual_review,
러시아,1-18,호감 저해요인,영화,유 영화숨 보는대 비용이 많이 들어서,1순위,4.6,%,499.0,"1469,1470,1471,1472,1473,1474,1475,1476",easyocr+ranked_item_row_grouping,0.4976,manual_review,
러시아,1-18,호감 저해요인,영화,다양한 문에 대한 고까마가 부족해세인종 성소수자 종교 히,1순위,4.0,%,499.0,"1469,1470,1471,1472,1473,1474,1475,1476",easyocr+ranked_item_row_grouping,0.9994,manual_review,
러시아,1-18,호감 저해요인,영화,영화름 보는데 비용이 많이 들어서,1+2순위(중복),6.6,%,499.0,"1469,1470,1471,1472,1473,1474,1475,1476",easyocr+ranked_item_row_grouping,0.9995,manual_review,
러시아,1-18,호감 저해요인,영화,복 되양안 문회에 대안 효가 부직해세요팎 성소수자 종교 히,1+2순위(중복),6.6,%,499.0,"1469,1470,1471,1472,1473,1474,1475,1476",easyocr+ranked_item_row_grouping,0.9999,manual_review,
러시아,1-18,호감 저해요인,영화,남성 여성,1+2순위(중복),10.0,%,499.0,"1469,1470,1471,1472,1473,1474,1475,1476",easyocr+ranked_item_row_grouping,0.9548,manual_review,
러시아,1-18,호감 저해요인,음악,지나치게 상업적이어세관련 상품국직) 포토카드 등),1순위,5.7,%,50.0,"1469,1470,1471,1472,1473,1474,1475,1476",easyocr+ranked_item_row_grouping,0.6762,manual_review,
러시아,1-18,호감 저해요인,음악,한국 음악울 튿는 것에 대한 주위 반응이 쫓지 않아서,1순위,4.1,%,50.0,"1469,1470,1471,1472,1473,1474,1475,1476",easyocr+ranked_item_row_grouping,0.9996,manual_review,
러시아,1-18,호감 저해요인,음악,다양한 문회에 대한 고려가 부족해세인종 성소수자 종교,1순위,3.3,%,50.0,"1469,1470,1471,1472,1473,1474,1475,1476",easyocr+ranked_item_row_grouping,0.8562,manual_review,
러시아,1-18,호감 저해요인,음악,한국 가수의 외모가 친숙하지 않아서,1+2순위(중복),10.2,%,50.0,"1469,1470,1471,1472,1473,1474,1475,1476",easyocr+ranked_item_row_grouping,0.8083,manual_review,
러시아,1-18,호감 저해요인,음악,한국 음악울 튿는 것에 대한 주위 반응이 쫓지 않아서 복 다양한 문회에 다한 국문마 부족해세요이 생수자 %교 등,1+2순위(중복),8.7,%,50.0,"1469,1470,1471,1472,1473,1474,1475,1476",easyocr+ranked_item_row_grouping,0.6522,manual_review,
러시아,1-18,호감 저해요인,애니메이션,접하기 어려운 환경이어서 (시청 경로 부족 인터넷 속되망 문제   정보 부족 등,1순위,10.1,%,503.0,"1469,1470,1471,1472,1473,1474,1475,1476",easyocr+ranked_item_row_grouping,0.8405,manual_review,
러시아,1-18,호감 저해요인,애니메이션,교육적이지 않아서,1순위,6.1,%,503.0,"1469,1470,1471,1472,1473,1474,1475,1476",easyocr+ranked_item_row_grouping,0.9997,manual_review,
러시아,1-18,호감 저해요인,애니메이션,수 함-적 용유 경하세한국 문화전틱스토리팅,1순위,5.5,%,503.0,"1469,1470,1471,1472,1473,1474,1475,1476",easyocr+ranked_item_row_grouping,0.9997,manual_review,
러시아,1-18,호감 저해요인,애니메이션,캐릭터가 마음에 들지 않아서,1순위,5.2,%,503.0,"1469,1470,1471,1472,1473,1474,1475,1476",easyocr+ranked_item_row_grouping,0.4968,manual_review,
러시아,1-18,호감 저해요인,애니메이션,접하기 어려운 환경이어서,1+2순위(중복),18.1,%,503.0,"1469,1470,1471,1472,1473,1474,1475,1476",easyocr+ranked_item_row_grouping,0.9961,manual_review,
러시아,1-18,호감 저해요인,애니메이션,흙 한국적 요소가 강해세한국 문화전통스토리 등),1+2순위(중복),10.3,%,503.0,"1469,1470,1471,1472,1473,1474,1475,1476",easyocr+ranked_item_row_grouping,0.968,manual_review,
러시아,1-18,호감 저해요인,애니메이션,"복 캐릭터가 마음예 ""틀지 않아서",1+2순위(중복),8.6,%,503.0,"1469,1470,1471,1472,1473,1474,1475,1476",easyocr+ranked_item_row_grouping,0.9977,manual_review,
러시아,1-18,호감 저해요인,애니메이션,남성 여성,1+2순위(중복),10.0,%,503.0,"1469,1470,1471,1472,1473,1474,1475,1476",easyocr+ranked_item_row_grouping,0.9548,manual_review,
러시아,1-18,호감 저해요인,출판물,한국적 요소가 강해세한국 문화전통스토리 등),1순위,10.1,%,306.0,"1469,1470,1471,1472,1473,1474,1475,1476",easyocr+ranked_item_row_grouping,0.8405,manual_review,
러시아,1-18,호감 저해요인,출판물,다양한 문에 대한 고까가 부족해세인종 성소수자 종교 히,1순위,5.9,%,306.0,"1469,1470,1471,1472,1473,1474,1475,1476",easyocr+ranked_item_row_grouping,0.9992,manual_review,
러시아,1-18,호감 저해요인,출판물,수 스토리가 맘에 들지 않아서,순위미상(중복4회 중 1번째),4.9,%,306.0,"1469,1470,1471,1472,1473,1474,1475,1476",easyocr+ranked_item_row_grouping,0.8153,manual_review,순위 불명(순위미상(중복4회 중 1번째))
러시아,1-18,호감 저해요인,출판물,수 스토리가 맘에 들지 않아서,순위미상(중복4회 중 2번째),4.3,%,306.0,"1469,1470,1471,1472,1473,1474,1475,1476",easyocr+ranked_item_row_grouping,0.9857,manual_review,순위 불명(순위미상(중복4회 중 2번째))
러시아,1-18,호감 저해요인,출판물,수 스토리가 맘에 들지 않아서,순위미상(중복4회 중 3번째),8.5,%,306.0,"1469,1470,1471,1472,1473,1474,1475,1476",easyocr+ranked_item_row_grouping,0.8856,manual_review,순위 불명(순위미상(중복4회 중 3번째))
러시아,1-18,호감 저해요인,출판물,수 스토리가 맘에 들지 않아서,순위미상(중복4회 중 4번째),5.2,%,306.0,"1469,1470,1471,1472,1473,1474,1475,1476",easyocr+ranked_item_row_grouping,0.8992,manual_review,순위 불명(순위미상(중복4회 중 4번째))
러시아,1-18,호감 저해요인,출판물,국가 간 역사 외교적 관계로 인해서,1순위,4.5,%,306.0,"1469,1470,1471,1472,1473,1474,1475,1476",easyocr+ranked_item_row_grouping,0.9959,manual_review,
러시아,1-18,호감 저해요인,출판물,숲 조가_가 영사외질적 한계로 인해서,1+2순위(중복),9.1,%,306.0,"1469,1470,1471,1472,1473,1474,1475,1476",easyocr+ranked_item_row_grouping,0.9993,manual_review,
러시아,1-18,호감 저해요인,출판물,기타,1+2순위(중복),0.7,%,306.0,"1469,1470,1471,1472,1473,1474,1475,1476",easyocr+ranked_item_row_grouping,0.9978,manual_review,
러시아,1-18,호감 저해요인,출판물,남성 여성,1+2순위(중복),10.0,%,306.0,"1469,1470,1471,1472,1473,1474,1475,1476",easyocr+ranked_item_row_grouping,0.9548,manual_review,
러시아,1-18,호감 저해요인,웹툰,한국적 요소가 강해세한국 문화전통스토리 등,1순위,4.9,%,124.0,"1469,1470,1471,1472,1473,1474,1475,1476",easyocr+ranked_item_row_grouping,0.9929,manual_review,
러시아,1-18,호감 저해요인,웹툰,과도한 광고 노출이 많아서 연재 주기가 불규칙해세유재 변경 등,1순위,4.8,%,124.0,"1469,1470,1471,1472,1473,1474,1475,1476",easyocr+ranked_item_row_grouping,0.9998,manual_review,
러시아,1-18,호감 저해요인,웹툰,스토리가 맘에 들지 않아서,순위미상(중복4회 중 1번째),4.0,%,124.0,"1469,1470,1471,1472,1473,1474,1475,1476",easyocr+ranked_item_row_grouping,0.9987,manual_review,순위 불명(순위미상(중복4회 중 1번째))
러시아,1-18,호감 저해요인,웹툰,스토리가 맘에 들지 않아서,순위미상(중복4회 중 2번째),3.2,%,124.0,"1469,1470,1471,1472,1473,1474,1475,1476",easyocr+ranked_item_row_grouping,0.9429,manual_review,순위 불명(순위미상(중복4회 중 2번째))
러시아,1-18,호감 저해요인,웹툰,스토리가 맘에 들지 않아서,순위미상(중복4회 중 3번째),4.8,%,124.0,"1469,1470,1471,1472,1473,1474,1475,1476",easyocr+ranked_item_row_grouping,0.9998,manual_review,순위 불명(순위미상(중복4회 중 3번째))
러시아,1-18,호감 저해요인,웹툰,스토리가 맘에 들지 않아서,순위미상(중복4회 중 4번째),4.0,%,124.0,"1469,1470,1471,1472,1473,1474,1475,1476",easyocr+ranked_item_row_grouping,0.9937,manual_review,순위 불명(순위미상(중복4회 중 4번째))
러시아,1-18,호감 저해요인,웹툰,연재 주기가 불규칙해세휴재 변경 등,1+2순위(중복),14.5,%,124.0,"1469,1470,1471,1472,1473,1474,1475,1476",easyocr+ranked_item_row_grouping,0.8978,manual_review,
러시아,1-18,호감 저해요인,웹툰,사용자 환경이 불편해서,1+2순위(중복),13.7,%,124.0,"1469,1470,1471,1472,1473,1474,1475,1476",easyocr+ranked_item_row_grouping,0.7155,manual_review,
러시아,1-18,호감 저해요인,웹툰,과도한 광고 노출이 많아서,1+2순위(중복),11.3,%,124.0,"1469,1470,1471,1472,1473,1474,1475,1476",easyocr+ranked_item_row_grouping,0.9998,manual_review,
러시아,1-18,호감 저해요인,웹툰,기타,1+2순위(중복),0.8,%,124.0,"1469,1470,1471,1472,1473,1474,1475,1476",easyocr+ranked_item_row_grouping,0.9861,manual_review,
러시아,1-18,호감 저해요인,웹툰,Q,1+2순위(중복),2.0,%,124.0,"1469,1470,1471,1472,1473,1474,1475,1476",easyocr+ranked_item_row_grouping,0.3419,manual_review,
러시아,1-18,호감 저해요인,웹툰,남성 여성,1+2순위(중복),10.0,%,124.0,"1469,1470,1471,1472,1473,1474,1475,1476",easyocr+ranked_item_row_grouping,0.9548,manual_review,
러시아,1-18,호감 저해요인,게임,수 국강 칼 여사 외교적 '제로 인해처,1순위,4.6,%,448.0,"1469,1470,1471,1472,1473,1474,1475,1476",easyocr+ranked_item_row_grouping,0.5407,manual_review,
러시아,1-18,호감 저해요인,게임,둘 국가 간 역사 외교적 관계로 인해서,1+2순위(중복),8.2,%,448.0,"1469,1470,1471,1472,1473,1474,1475,1476",easyocr+ranked_item_row_grouping,0.4403,manual_review,
러시아,1-18,호감 저해요인,게임,Q,1+2순위(중복),2.0,%,448.0,"1469,1470,1471,1472,1473,1474,1475,1476",easyocr+ranked_item_row_grouping,0.3237,manual_review,
러시아,1-18,호감 저해요인,게임,남성 여성,1+2순위(중복),10.0,%,448.0,"1469,1470,1471,1472,1473,1474,1475,1476",easyocr+ranked_item_row_grouping,0.9761,manual_review,
러시아,1-18,호감 저해요인,패션,제품 종류 및 스타일이 다양하지 않아서,순위미상(중복4회 중 1번째),14.7,%,415.0,"1469,1470,1471,1472,1473,1474,1475,1476",easyocr+ranked_item_row_grouping,0.9999,manual_review,순위 불명(순위미상(중복4회 중 1번째))
러시아,1-18,호감 저해요인,패션,제품 종류 및 스타일이 다양하지 않아서,순위미상(중복4회 중 2번째),6.3,%,415.0,"1469,1470,1471,1472,1473,1474,1475,1476",easyocr+ranked_item_row_grouping,0.9957,manual_review,순위 불명(순위미상(중복4회 중 2번째))
러시아,1-18,호감 저해요인,패션,제품 종류 및 스타일이 다양하지 않아서,순위미상(중복4회 중 3번째),27.0,%,415.0,"1469,1470,1471,1472,1473,1474,1475,1476",easyocr+ranked_item_row_grouping,0.9997,manual_review,순위 불명(순위미상(중복4회 중 3번째))
러시아,1-18,호감 저해요인,패션,제품 종류 및 스타일이 다양하지 않아서,순위미상(중복4회 중 4번째),11.3,%,415.0,"1469,1470,1471,1472,1473,1474,1475,1476",easyocr+ranked_item_row_grouping,0.9998,manual_review,순위 불명(순위미상(중복4회 중 4번째))
러시아,1-18,호감 저해요인,패션,한국에서 제조된 제품이 아니어서,1순위,6.0,%,415.0,"1469,1470,1471,1472,1473,1474,1475,1476",easyocr+ranked_item_row_grouping,0.997,manual_review,
러시아,1-18,호감 저해요인,패션,품질 대비 가격이 비싸서,1순위,4.8,%,415.0,"1469,1470,1471,1472,1473,1474,1475,1476",easyocr+ranked_item_row_grouping,0.9988,manual_review,
러시아,1-18,호감 저해요인,패션,} 주하 '화렉닭안지표로걀 -부족해서,1순위,4.8,%,415.0,"1469,1470,1471,1472,1473,1474,1475,1476",easyocr+ranked_item_row_grouping,0.9988,manual_review,
러시아,1-18,호감 저해요인,패션,국가 간 역사-외교적 관계로 인해서,1순위,3.9,%,415.0,"1469,1470,1471,1472,1473,1474,1475,1476",easyocr+ranked_item_row_grouping,0.9988,manual_review,
러시아,1-18,호감 저해요인,패션,디자인이 별로여서,1순위,3.6,%,415.0,"1469,1470,1471,1472,1473,1474,1475,1476",easyocr+ranked_item_row_grouping,0.9944,manual_review,
러시아,1-18,호감 저해요인,패션,디자인이 별로여서 순 품질이 떨어저세소재   색상 봉제   단추 등의 상태),1+2순위(중복),8.4,%,415.0,"1469,1470,1471,1472,1473,1474,1475,1476",easyocr+ranked_item_row_grouping,0.9923,manual_review,
러시아,1-18,호감 저해요인,패션,흙 다양한 문화에 대한 고려가 부족해서,1+2순위(중복),7.7,%,415.0,"1469,1470,1471,1472,1473,1474,1475,1476",easyocr+ranked_item_row_grouping,0.99,manual_review,
러시아,1-18,호감 저해요인,패션,복 축가 간 역사-외교적 관계로 '인해서,1+2순위(중복),7.5,%,415.0,"1469,1470,1471,1472,1473,1474,1475,1476",easyocr+ranked_item_row_grouping,0.4035,manual_review,
러시아,1-18,호감 저해요인,뷰티,특정 성>인삼  한방 성분이 기호에 맞지 않아서,1순위,5.9,%,498.0,"1469,1470,1471,1472,1473,1474,1475,1476",easyocr+ranked_item_row_grouping,0.9632,manual_review,
러시아,1-18,호감 저해요인,뷰티,(피부튼 성적 정체성  관습 문제 등),1순위,3.2,%,498.0,"1469,1470,1471,1472,1473,1474,1475,1476",easyocr+ranked_item_row_grouping,0.9988,manual_review,
러시아,1-18,호감 저해요인,뷰티,제품 포장이 과해세비닐플라스틱 과다 사용 등),1+2순위(중복),7.0,%,498.0,"1469,1470,1471,1472,1473,1474,1475,1476",easyocr+ranked_item_row_grouping,0.9999,manual_review,
러시아,1-18,호감 저해요인,뷰티,(피부튼  성적 정체성 편걀 문제 등,1+2순위(중복),6.6,%,498.0,"1469,1470,1471,1472,1473,1474,1475,1476",easyocr+ranked_item_row_grouping,0.9999,manual_review,
러시아,1-18,호감 저해요인,뷰티,남성 여성,1+2순위(중복),10.0,%,498.0,"1469,1470,1471,1472,1473,1474,1475,1476",easyocr+ranked_item_row_grouping,0.9548,manual_review,
러시아,1-18,호감 저해요인,음식,재료조리법올 알 수 없어서,1순위,6.0,%,5.0,"1469,1470,1471,1472,1473,1474,1475,1476",easyocr+ranked_item_row_grouping,0.6577,manual_review,
러시아,1-18,호감 저해요인,음식,} 담l플률증- 다@ 품중안-퍼서',1순위,4.2,%,5.0,"1469,1470,1471,1472,1473,1474,1475,1476",easyocr+ranked_item_row_grouping,0.7299,manual_review,
러시아,1-18,호감 저해요인,음식,둘 (종피할길  채식 식문화 등 다양환 문화에 대한 펴려가 부족해서,1+2순위(중복),7.8,%,5.0,"1469,1470,1471,1472,1473,1474,1475,1476",easyocr+ranked_item_row_grouping,0.9986,manual_review,
러시아,1-18,호감 저해요인,한국어,한국어가 배우기 어렵다고 느껴저서,1순위,13.9,%,101.0,"1469,1470,1471,1472,1473,1474,1475,1476",easyocr+ranked_item_row_grouping,0.9411,manual_review,
러시아,1-18,호감 저해요인,한국어,} 한국어의지없다 불질하고-하확적~,1순위,10.9,%,101.0,"1469,1470,1471,1472,1473,1474,1475,1476",easyocr+ranked_item_row_grouping,1.0,manual_review,
러시아,1-18,호감 저해요인,한국어,한글이 만들어진 역사와 원리v 이해하기 어려워세생소해세,1순위,8.8,%,101.0,"1469,1470,1471,1472,1473,1474,1475,1476",easyocr+ranked_item_row_grouping,0.9993,manual_review,
러시아,1-18,호감 저해요인,한국어,흙 한국어의 소리가 불편하거나 어색해서,1+2순위(중복),21.7,%,101.0,"1469,1470,1471,1472,1473,1474,1475,1476",easyocr+ranked_item_row_grouping,0.9978,manual_review,
러시아,1-18,호감 저해요인,한국어,복 한글이 만들어진 역사와 운리지 이해하기 어러워세생소해세,1+2순위(중복),9.8,%,101.0,"1469,1470,1471,1472,1473,1474,1475,1476",easyocr+ranked_item_row_grouping,0.9988,manual_review,
튀르키예,1-17,호감요인,드라마,유 배우의 여기적이 뛰어나썩,1순위,6.6,%,420.0,"1523,1524,1525,1526,1527,1528",easyocr+ranked_item_row_grouping,0.9993,manual_review,
튀르키예,1-17,호감요인,드라마,흙 배우의 연기력이 뛰어나서,1+2순위(중복),13.0,%,420.0,"1523,1524,1525,1526,1527,1528",easyocr+ranked_item_row_grouping,0.9958,manual_review,
튀르키예,1-17,호감요인,예능,선호하는 스타가 MC 및 출연진으로 등장해서,1순위,9.0,%,56.0,"1523,1524,1525,1526,1527,1528",easyocr+ranked_item_row_grouping,0.9997,manual_review,
튀르키예,1-17,호감요인,예능,기타,1+2순위(중복),0.3,%,56.0,"1523,1524,1525,1526,1527,1528",easyocr+ranked_item_row_grouping,0.9934,manual_review,
튀르키예,1-17,호감요인,예능,남성 여성,1+2순위(중복),10.0,%,56.0,"1523,1524,1525,1526,1527,1528",easyocr+ranked_item_row_grouping,0.4444,manual_review,
튀르키예,1-17,호감요인,영화,수,1순위,65.0,%,408.0,"1523,1524,1525,1526,1527,1528",easyocr+ranked_item_row_grouping,0.1456,manual_review,
튀르키예,1-17,호감요인,영화,배우의 외모가 매력적이어서,1+2순위(중복),13.0,%,408.0,"1523,1524,1525,1526,1527,1528",easyocr+ranked_item_row_grouping,0.9958,manual_review,
튀르키예,1-17,호감요인,음악,수 가소구롭과 편 사이쎄 유다f이 출아서,1순위,7.1,%,413.0,"1523,1524,1525,1526,1527,1528",easyocr+ranked_item_row_grouping,0.9993,manual_review,
튀르키예,1-17,호감요인,음악,약악 기타,1순위,1.0,%,413.0,"1523,1524,1525,1526,1527,1528",easyocr+ranked_item_row_grouping,0.9297,manual_review,
튀르키예,1-17,호감요인,음악,가쉬그룹과 팬 사이에 유감이 좋아서,1+2순위(중복),18.6,%,413.0,"1523,1524,1525,1526,1527,1528",easyocr+ranked_item_row_grouping,0.9888,manual_review,
튀르키예,1-17,호감요인,음악,기타,1+2순위(중복),1.0,%,413.0,"1523,1524,1525,1526,1527,1528",easyocr+ranked_item_row_grouping,1.0,manual_review,
튀르키예,1-17,호감요인,음악,남성 여성,1+2순위(중복),10.0,%,413.0,"1523,1524,1525,1526,1527,1528",easyocr+ranked_item_row_grouping,0.4444,manual_review,
튀르키예,1-17,호감요인,애니메이션,다양한 소재 또는 장르름 다리서,1순위,12.6,%,412.0,"1523,1524,1525,1526,1527,1528",easyocr+ranked_item_row_grouping,0.8424,manual_review,
튀르키예,1-17,호감요인,애니메이션,한국 생활문회틀 간접 경험하거나 이해할 수 있어서,1순위,12.2,%,412.0,"1523,1524,1525,1526,1527,1528",easyocr+ranked_item_row_grouping,0.9976,manual_review,
튀르키예,1-17,호감요인,애니메이션,다양한 소재 또는 장르틀 디팅서,1+2순위(중복),24.5,%,412.0,"1523,1524,1525,1526,1527,1528",easyocr+ranked_item_row_grouping,0.5458,manual_review,
튀르키예,1-17,호감요인,애니메이션,캐릭터의 성계역할이 마음에 들어서,1+2순위(중복),24.1,%,412.0,"1523,1524,1525,1526,1527,1528",easyocr+ranked_item_row_grouping,0.9999,manual_review,
튀르키예,1-17,호감요인,애니메이션,기타,1+2순위(중복),0.5,%,412.0,"1523,1524,1525,1526,1527,1528",easyocr+ranked_item_row_grouping,0.9993,manual_review,
튀르키예,1-17,호감요인,출판물,수 왼오요랫인올 통해 실계 국매말 수 인어서,1순위,7.9,%,301.0,"1523,1524,1525,1526,1527,1528",easyocr+ranked_item_row_grouping,0.6594,manual_review,
튀르키예,1-17,호감요인,출판물,왼오프리인올 통해 쉽제 구매할 수 있어서,1+2순위(중복),12.6,%,301.0,"1523,1524,1525,1526,1527,1528",easyocr+ranked_item_row_grouping,0.9995,manual_review,
튀르키예,1-17,호감요인,출판물,남성 여성,1+2순위(중복),10.0,%,301.0,"1523,1524,1525,1526,1527,1528",easyocr+ranked_item_row_grouping,0.4444,manual_review,
튀르키예,1-17,호감요인,웹툰,사용자 환경이 편리해서,1순위,9.4,%,383.0,"1523,1524,1525,1526,1527,1528",easyocr+ranked_item_row_grouping,0.9999,manual_review,
튀르키예,1-17,호감요인,웹툰,다양한 소재 또는 장르름 다리서,1순위,8.6,%,383.0,"1523,1524,1525,1526,1527,1528",easyocr+ranked_item_row_grouping,0.9618,manual_review,
튀르키예,1-17,호감요인,웹툰,한국 생활문회지 간접 경험하거나 이해할 있어서,1+2순위(중복),19.6,%,383.0,"1523,1524,1525,1526,1527,1528",easyocr+ranked_item_row_grouping,0.5905,manual_review,
튀르키예,1-17,호감요인,웹툰,둘,1+2순위(중복),16.9,%,383.0,"1523,1524,1525,1526,1527,1528",easyocr+ranked_item_row_grouping,0.9704,manual_review,
튀르키예,1-17,호감요인,게임,디른 게p미들과 네트위f틀 형성하고 햄 월수 있,1순위,11.3,%,407.0,"1523,1524,1525,1526,1527,1528",easyocr+ranked_item_row_grouping,0.7778,manual_review,
튀르키예,1-17,호감요인,게임,수 한국 푹로-이다가 중o,1순위,9.3,%,407.0,"1523,1524,1525,1526,1527,1528",easyocr+ranked_item_row_grouping,0.6571,manual_review,
튀르키예,1-17,호감요인,게임,흙 한국 프로게이머가 좋아서,1+2순위(중복),16.7,%,407.0,"1523,1524,1525,1526,1527,1528",easyocr+ranked_item_row_grouping,0.9978,manual_review,
튀르키예,1-17,호감요인,게임,남성 여성,1+2순위(중복),10.0,%,407.0,"1523,1524,1525,1526,1527,1528",easyocr+ranked_item_row_grouping,0.4444,manual_review,
튀르키예,1-17,호감요인,패션,신제품이 자주 나외서,1순위,10.3,%,407.0,"1523,1524,1525,1526,1527,1528",easyocr+ranked_item_row_grouping,0.934,manual_review,
튀르키예,1-17,호감요인,패션,품질 대비 가격이 저럼해서,1+2순위(중복),15.2,%,407.0,"1523,1524,1525,1526,1527,1528",easyocr+ranked_item_row_grouping,0.9026,manual_review,
튀르키예,1-17,호감요인,뷰티,수 제품 따기지의 디re이 좋아서,1순위,7.4,%,408.0,"1523,1524,1525,1526,1527,1528",easyocr+ranked_item_row_grouping,0.6474,manual_review,
튀르키예,1-17,호감요인,뷰티,품질 대비 가격이 저럼해서,1+2순위(중복),15.6,%,408.0,"1523,1524,1525,1526,1527,1528",easyocr+ranked_item_row_grouping,0.9294,manual_review,
튀르키예,1-17,호감요인,뷰티,제품 때키지의 디자인이 좋아서,1+2순위(중복),12.3,%,408.0,"1523,1524,1525,1526,1527,1528",easyocr+ranked_item_row_grouping,0.5514,manual_review,
튀르키예,1-17,호감요인,뷰티,남성 여성,1+2순위(중복),10.0,%,408.0,"1523,1524,1525,1526,1527,1528",easyocr+ranked_item_row_grouping,0.4444,manual_review,
튀르키예,1-17,호감요인,음식,영화 드리미어서 빛년 한식-식문회름 경험할 수 있어서,1순위,19.6,%,410.0,"1523,1524,1525,1526,1527,1528",easyocr+ranked_item_row_grouping,0.8946,manual_review,
튀르키예,1-17,호감요인,음식,수 좋아하듣 한x스되가 광고통로하기 때문께,1순위,10.0,%,410.0,"1523,1524,1525,1526,1527,1528",easyocr+ranked_item_row_grouping,1.0,manual_review,
튀르키예,1-17,호감요인,음식,영화 드리미어서 빛볕 한식식문회틀 경험활 수 있어서,1+2순위(중복),36.6,%,410.0,"1523,1524,1525,1526,1527,1528",easyocr+ranked_item_row_grouping,0.9962,manual_review,
튀르키예,1-17,호감요인,음식,주변 사람들 사이에 평판이 좋아서,1+2순위(중복),21.5,%,410.0,"1523,1524,1525,1526,1527,1528",easyocr+ranked_item_row_grouping,0.6957,manual_review,
튀르키예,1-17,호감요인,음식,좋아하는 한류스타가 광괴홍보하기 때문에,1+2순위(중복),20.6,%,410.0,"1523,1524,1525,1526,1527,1528",easyocr+ranked_item_row_grouping,0.9927,manual_review,
튀르키예,1-17,호감요인,음식,가격이 적당해서,1+2순위(중복),12.4,%,410.0,"1523,1524,1525,1526,1527,1528",easyocr+ranked_item_row_grouping,0.8069,manual_review,
튀르키예,1-17,호감요인,한국어,한류름 좋아해서,1순위,9.9,%,153.0,"1523,1524,1525,1526,1527,1528",easyocr+ranked_item_row_grouping,0.8204,manual_review,
튀르키예,1-17,호감요인,한국어,한국어름 통해 한국 문화지 이해할 수 있어서,1+2순위(중복),21.6,%,153.0,"1523,1524,1525,1526,1527,1528",easyocr+ranked_item_row_grouping,0.9987,manual_review,
튀르키예,1-17,호감요인,한국어,출 한류름 좋이해서,1+2순위(중복),17.0,%,153.0,"1523,1524,1525,1526,1527,1528",easyocr+ranked_item_row_grouping,0.9998,manual_review,
튀르키예,1-18,호감 저해요인,드라마,과도한 광고 노출이 많아서,1순위,3.3,%,42.0,"1529,1530,1531,1532,1533,1534,1535,1536",easyocr+ranked_item_row_grouping,0.9993,manual_review,
튀르키예,1-18,호감 저해요인,드라마,디양한 문화에 대한 고로마가 부족해세인종 성소수자 종교 텅,1순위,0.5,%,42.0,"1529,1530,1531,1532,1533,1534,1535,1536",easyocr+ranked_item_row_grouping,0.5851,manual_review,
튀르키예,1-18,호감 저해요인,드라마,주 어려운 환경이어서,1+2순위(중복),12.6,%,42.0,"1529,1530,1531,1532,1533,1534,1535,1536",easyocr+ranked_item_row_grouping,0.9996,manual_review,
튀르키예,1-18,호감 저해요인,드라마,다양한 문회에 대한 고려가 부족해세인종 성소수자 종교 등,1+2순위(중복),4.3,%,42.0,"1529,1530,1531,1532,1533,1534,1535,1536",easyocr+ranked_item_row_grouping,0.9229,manual_review,
튀르키예,1-18,호감 저해요인,예능,방송용 자매텍스트 말 풍선 이모티로 등이 너무 많아서,1순위,11.3,%,336.0,"1529,1530,1531,1532,1533,1534,1535,1536",easyocr+ranked_item_row_grouping,0.9963,manual_review,
튀르키예,1-18,호감 저해요인,예능,다양한 문에 대한 고로마가 부족해세인종 성소수자 종교 등,1순위,7.1,%,336.0,"1529,1530,1531,1532,1533,1534,1535,1536",easyocr+ranked_item_row_grouping,0.9999,manual_review,
튀르키예,1-18,호감 저해요인,예능,국가 간 역사-외교적 관계로 인해서,1+2순위(중복),12.5,%,336.0,"1529,1530,1531,1532,1533,1534,1535,1536",easyocr+ranked_item_row_grouping,0.9965,manual_review,
튀르키예,1-18,호감 저해요인,예능,남성 여성,1+2순위(중복),10.0,%,336.0,"1529,1530,1531,1532,1533,1534,1535,1536",easyocr+ranked_item_row_grouping,0.9132,manual_review,
튀르키예,1-18,호감 저해요인,영화,수 주학기 업울환중@요서,1순위,5.2,%,408.0,"1529,1530,1531,1532,1533,1534,1535,1536",easyocr+ranked_item_row_grouping,0.9999,manual_review,
튀르키예,1-18,호감 저해요인,영화,다양한 문에 대한 고까마가 부족해세인종 성소수자 종교 히,1순위,4.9,%,408.0,"1529,1530,1531,1532,1533,1534,1535,1536",easyocr+ranked_item_row_grouping,0.9991,manual_review,
튀르키예,1-18,호감 저해요인,영화,디양한 문화에 대한 고로가 부족해세인종 성소수자 종교 등,1+2순위(중복),8.9,%,408.0,"1529,1530,1531,1532,1533,1534,1535,1536",easyocr+ranked_item_row_grouping,0.9535,manual_review,
튀르키예,1-18,호감 저해요인,영화,Q,1+2순위(중복),2.0,%,408.0,"1529,1530,1531,1532,1533,1534,1535,1536",easyocr+ranked_item_row_grouping,0.4776,manual_review,
튀르키예,1-18,호감 저해요인,영화,남성 여성,1+2순위(중복),10.0,%,408.0,"1529,1530,1531,1532,1533,1534,1535,1536",easyocr+ranked_item_row_grouping,0.9104,manual_review,
튀르키예,1-18,호감 저해요인,음악,자국에서 팬 이번트 개최 부족,1순위,9.2,%,413.0,"1529,1530,1531,1532,1533,1534,1535,1536",easyocr+ranked_item_row_grouping,0.9999,manual_review,
튀르키예,1-18,호감 저해요인,음악,수 진동 물화가 폐재적 해타적이어성,1순위,55.0,%,413.0,"1529,1530,1531,1532,1533,1534,1535,1536",easyocr+ranked_item_row_grouping,0.7697,manual_review,
튀르키예,1-18,호감 저해요인,음악,흙 팬덤 문화가 폐쇄적 배타적이어서,1+2순위(중복),10.3,%,413.0,"1529,1530,1531,1532,1533,1534,1535,1536",easyocr+ranked_item_row_grouping,0.9994,manual_review,
튀르키예,1-18,호감 저해요인,애니메이션,접하기 어려운 환경이어서,1순위,8.3,%,412.0,"1529,1530,1531,1532,1533,1534,1535,1536",easyocr+ranked_item_row_grouping,0.9972,manual_review,
튀르키예,1-18,호감 저해요인,애니메이션,숲 국가 간 역사-외교적 관계로 인해서 푹,1순위,7.4,%,412.0,"1529,1530,1531,1532,1533,1534,1535,1536",easyocr+ranked_item_row_grouping,0.9903,manual_review,
튀르키예,1-18,호감 저해요인,애니메이션,한국적 요소가 강해세한국 문화전통스토리 등,1순위,6.5,%,412.0,"1529,1530,1531,1532,1533,1534,1535,1536",easyocr+ranked_item_row_grouping,0.9996,manual_review,
튀르키예,1-18,호감 저해요인,애니메이션,증,1+2순위(중복),17.3,%,412.0,"1529,1530,1531,1532,1533,1534,1535,1536",easyocr+ranked_item_row_grouping,0.9978,manual_review,
튀르키예,1-18,호감 저해요인,애니메이션,국가 간 역사 외교적 관계로 인해서,1+2순위(중복),10.4,%,412.0,"1529,1530,1531,1532,1533,1534,1535,1536",easyocr+ranked_item_row_grouping,0.9998,manual_review,
튀르키예,1-18,호감 저해요인,애니메이션,남성 여성,1+2순위(중복),10.0,%,412.0,"1529,1530,1531,1532,1533,1534,1535,1536",easyocr+ranked_item_row_grouping,0.9132,manual_review,
튀르키예,1-18,호감 저해요인,출판물,이용하는데 비용이 많이 들어서,1순위,9.0,%,301.0,"1529,1530,1531,1532,1533,1534,1535,1536",easyocr+ranked_item_row_grouping,1.0,manual_review,
튀르키예,1-18,호감 저해요인,출판물,수 내용이 선정적이 고-달력적이어서,1순위,7.3,%,301.0,"1529,1530,1531,1532,1533,1534,1535,1536",easyocr+ranked_item_row_grouping,0.9715,manual_review,
튀르키예,1-18,호감 저해요인,출판물,출 스토리가 맘에 들지 않아서,순위미상(중복3회 중 1번째),5.3,%,301.0,"1529,1530,1531,1532,1533,1534,1535,1536",easyocr+ranked_item_row_grouping,0.9992,manual_review,순위 불명(순위미상(중복3회 중 1번째))
튀르키예,1-18,호감 저해요인,출판물,출 스토리가 맘에 들지 않아서,순위미상(중복3회 중 2번째),4.7,%,301.0,"1529,1530,1531,1532,1533,1534,1535,1536",easyocr+ranked_item_row_grouping,0.5927,manual_review,순위 불명(순위미상(중복3회 중 2번째))
튀르키예,1-18,호감 저해요인,출판물,출 스토리가 맘에 들지 않아서,순위미상(중복3회 중 3번째),10.0,%,301.0,"1529,1530,1531,1532,1533,1534,1535,1536",easyocr+ranked_item_row_grouping,0.9817,manual_review,순위 불명(순위미상(중복3회 중 3번째))
튀르키예,1-18,호감 저해요인,출판물,내용이 선정적이고 폭력적이어서,1+2순위(중복),12.3,%,301.0,"1529,1530,1531,1532,1533,1534,1535,1536",easyocr+ranked_item_row_grouping,0.9857,manual_review,
튀르키예,1-18,호감 저해요인,출판물,복 캐릭터학 만히이 등지워%하서,1+2순위(중복),11.3,%,301.0,"1529,1530,1531,1532,1533,1534,1535,1536",easyocr+ranked_item_row_grouping,0.9974,manual_review,
튀르키예,1-18,호감 저해요인,출판물,남성 여성,1+2순위(중복),10.0,%,301.0,"1529,1530,1531,1532,1533,1534,1535,1536",easyocr+ranked_item_row_grouping,0.9132,manual_review,
튀르키예,1-18,호감 저해요인,웹툰,한국적 요소가 강해세한국 문화전통스토리 등,1순위,7.6,%,385.0,"1529,1530,1531,1532,1533,1534,1535,1536",easyocr+ranked_item_row_grouping,0.9955,manual_review,
튀르키예,1-18,호감 저해요인,웹툰,다양한 문에 대한 고까마가 부족해세인종 성소수자 종교 히,1순위,6.6,%,385.0,"1529,1530,1531,1532,1533,1534,1535,1536",easyocr+ranked_item_row_grouping,0.9995,manual_review,
튀르키예,1-18,호감 저해요인,웹툰,캐릭터가 맘에 들지 않아서,순위미상(중복4회 중 1번째),3.8,%,385.0,"1529,1530,1531,1532,1533,1534,1535,1536",easyocr+ranked_item_row_grouping,0.9993,manual_review,순위 불명(순위미상(중복4회 중 1번째))
튀르키예,1-18,호감 저해요인,웹툰,캐릭터가 맘에 들지 않아서,순위미상(중복4회 중 2번째),3.2,%,385.0,"1529,1530,1531,1532,1533,1534,1535,1536",easyocr+ranked_item_row_grouping,0.9981,manual_review,순위 불명(순위미상(중복4회 중 2번째))
튀르키예,1-18,호감 저해요인,웹툰,캐릭터가 맘에 들지 않아서,순위미상(중복4회 중 3번째),7.9,%,385.0,"1529,1530,1531,1532,1533,1534,1535,1536",easyocr+ranked_item_row_grouping,0.9993,manual_review,순위 불명(순위미상(중복4회 중 3번째))
튀르키예,1-18,호감 저해요인,웹툰,캐릭터가 맘에 들지 않아서,순위미상(중복4회 중 4번째),7.3,%,385.0,"1529,1530,1531,1532,1533,1534,1535,1536",easyocr+ranked_item_row_grouping,0.9761,manual_review,순위 불명(순위미상(중복4회 중 4번째))
튀르키예,1-18,호감 저해요인,웹툰,디양한 문화에 대한 고로가 부족해세인종 성소수자 종교 등,1+2순위(중복),12.3,%,385.0,"1529,1530,1531,1532,1533,1534,1535,1536",easyocr+ranked_item_row_grouping,0.9991,manual_review,
튀르키예,1-18,호감 저해요인,웹툰,사용자 환경이 불편해서,1+2순위(중복),11.7,%,385.0,"1529,1530,1531,1532,1533,1534,1535,1536",easyocr+ranked_item_row_grouping,0.9999,manual_review,
튀르키예,1-18,호감 저해요인,웹툰,남성 여성,1+2순위(중복),10.0,%,385.0,"1529,1530,1531,1532,1533,1534,1535,1536",easyocr+ranked_item_row_grouping,0.9132,manual_review,
튀르키예,1-18,호감 저해요인,게임,게임 캐릭터의 매력이 부족정체성이 모호해서,1순위,5.4,%,407.0,"1529,1530,1531,1532,1533,1534,1535,1536",easyocr+ranked_item_row_grouping,1.0,manual_review,
튀르키예,1-18,호감 저해요인,게임,다양한 문회에 대한 고로마가 부족해세인종 성소수자 종교 히,1순위,5.4,%,407.0,"1529,1530,1531,1532,1533,1534,1535,1536",easyocr+ranked_item_row_grouping,0.9999,manual_review,
튀르키예,1-18,호감 저해요인,게임,흙 다양한 문에 대한 고로가 부족해세인종 성소수자 종교,1+2순위(중복),13.0,%,407.0,"1529,1530,1531,1532,1533,1534,1535,1536",easyocr+ranked_item_row_grouping,0.9995,manual_review,
튀르키예,1-18,호감 저해요인,게임,복 귀암 캐릭터의외적이 부적어제다이 모호해서,1+2순위(중복),11.1,%,407.0,"1529,1530,1531,1532,1533,1534,1535,1536",easyocr+ranked_item_row_grouping,0.9973,manual_review,
튀르키예,1-18,호감 저해요인,게임,Q,1+2순위(중복),2.0,%,407.0,"1529,1530,1531,1532,1533,1534,1535,1536",easyocr+ranked_item_row_grouping,0.4776,manual_review,
튀르키예,1-18,호감 저해요인,게임,남성 여성,1+2순위(중복),10.0,%,407.0,"1529,1530,1531,1532,1533,1534,1535,1536",easyocr+ranked_item_row_grouping,0.9132,manual_review,
튀르키예,1-18,호감 저해요인,패션,복 제품 종류 및 스타일이 다양하지 않아서,순위미상(중복4회 중 1번째),12.8,%,407.0,"1529,1530,1531,1532,1533,1534,1535,1536",easyocr+ranked_item_row_grouping,0.9997,manual_review,순위 불명(순위미상(중복4회 중 1번째))
튀르키예,1-18,호감 저해요인,패션,복 제품 종류 및 스타일이 다양하지 않아서,순위미상(중복4회 중 2번째),3.4,%,407.0,"1529,1530,1531,1532,1533,1534,1535,1536",easyocr+ranked_item_row_grouping,0.9998,manual_review,순위 불명(순위미상(중복4회 중 2번째))
튀르키예,1-18,호감 저해요인,패션,복 제품 종류 및 스타일이 다양하지 않아서,순위미상(중복4회 중 3번째),20.2,%,407.0,"1529,1530,1531,1532,1533,1534,1535,1536",easyocr+ranked_item_row_grouping,0.7674,manual_review,순위 불명(순위미상(중복4회 중 3번째))
튀르키예,1-18,호감 저해요인,패션,복 제품 종류 및 스타일이 다양하지 않아서,순위미상(중복4회 중 4번째),10.3,%,407.0,"1529,1530,1531,1532,1533,1534,1535,1536",easyocr+ranked_item_row_grouping,0.9996,manual_review,순위 불명(순위미상(중복4회 중 4번째))
튀르키예,1-18,호감 저해요인,패션,다양한 문화에 대한 고려가 부족해서,1+2순위(중복),15.2,%,407.0,"1529,1530,1531,1532,1533,1534,1535,1536",easyocr+ranked_item_row_grouping,0.5701,manual_review,
튀르키예,1-18,호감 저해요인,뷰티,제품 포장이 과해세비닐플라스틱 과다 사용 등,1순위,6.4,%,408.0,"1529,1530,1531,1532,1533,1534,1535,1536",easyocr+ranked_item_row_grouping,0.9999,manual_review,
튀르키예,1-18,호감 저해요인,뷰티,품질이 떨어저서,1순위,67.0,%,408.0,"1529,1530,1531,1532,1533,1534,1535,1536",easyocr+ranked_item_row_grouping,0.0962,manual_review,
튀르키예,1-18,호감 저해요인,뷰티,(피부튼  성적 정체성  관습 문제 등) 다양한 문화에 대한 고려가 부족해서,1순위,2.9,%,408.0,"1529,1530,1531,1532,1533,1534,1535,1536",easyocr+ranked_item_row_grouping,0.8862,manual_review,
튀르키예,1-18,호감 저해요인,뷰티,둘 (피부튼 성적 정체성  관습 문제 등,1+2순위(중복),9.0,%,408.0,"1529,1530,1531,1532,1533,1534,1535,1536",easyocr+ranked_item_row_grouping,0.9999,manual_review,
튀르키예,1-18,호감 저해요인,뷰티,한국에서 제조한 제품이 아니어서,1+2순위(중복),6.8,%,408.0,"1529,1530,1531,1532,1533,1534,1535,1536",easyocr+ranked_item_row_grouping,0.9998,manual_review,
튀르키예,1-18,호감 저해요인,뷰티,남성 여성,1+2순위(중복),10.0,%,408.0,"1529,1530,1531,1532,1533,1534,1535,1536",easyocr+ranked_item_row_grouping,0.8876,manual_review,
튀르키예,1-18,호감 저해요인,음식,음식울 나뉘먹는 문화가 어색해서,1순위,5.9,%,410.0,"1529,1530,1531,1532,1533,1534,1535,1536",easyocr+ranked_item_row_grouping,0.7895,manual_review,
튀르키예,1-18,호감 저해요인,음식,"복 음식올 나뒤먹문""문화가 어색해어",1+2순위(중복),10.3,%,410.0,"1529,1530,1531,1532,1533,1534,1535,1536",easyocr+ranked_item_row_grouping,0.9999,manual_review,
튀르키예,1-18,호감 저해요인,음식,기타,1+2순위(중복),0.2,%,410.0,"1529,1530,1531,1532,1533,1534,1535,1536",easyocr+ranked_item_row_grouping,0.7875,manual_review,
튀르키예,1-18,호감 저해요인,한국어,한국어름 사용할 일이 적어서,1순위,16.3,%,153.0,"1529,1530,1531,1532,1533,1534,1535,1536",easyocr+ranked_item_row_grouping,0.9635,manual_review,
튀르키예,1-18,호감 저해요인,한국어,한글이 만들어진 역사와 원리름 이해하기 어려워세생소해세,1순위,11.1,%,153.0,"1529,1530,1531,1532,1533,1534,1535,1536",easyocr+ranked_item_row_grouping,0.666,manual_review,
튀르키예,1-18,호감 저해요인,한국어,한국어의 소리가 불편하거나 어색해서,1+2순위(중복),17.7,%,153.0,"1529,1530,1531,1532,1533,1534,1535,1536",easyocr+ranked_item_row_grouping,0.9344,manual_review,
튀르키예,1-18,호감 저해요인,한국어,흙 한국 단어나 표현 방식이 낯설고 불편해서,1+2순위(중복),17.0,%,153.0,"1529,1530,1531,1532,1533,1534,1535,1536",easyocr+ranked_item_row_grouping,1.0,manual_review,
폴란드,1-17,호감요인,드라마,배우의 연기력이 뛰어나서,1+2순위(중복),11.4,%,210.0,"1583,1584,1585,1586,1587,1588",easyocr+ranked_item_row_grouping,0.8737,manual_review,
폴란드,1-17,호감요인,예능,프로그램 큰.트 및 포맺이 좋아서,1순위,16.3,%,129.0,"1583,1584,1585,1586,1587,1588",easyocr+ranked_item_row_grouping,0.9999,manual_review,
폴란드,1-17,호감요인,예능,출연진의 캐릭터 및 역할 등이 개성 있어서,1순위,7.7,%,129.0,"1583,1584,1585,1586,1587,1588",easyocr+ranked_item_row_grouping,0.6296,manual_review,
폴란드,1-17,호감요인,예능,능 프로그램 큰센트 및 포매이 좋아서,1순위,27.9,%,129.0,"1583,1584,1585,1586,1587,1588",easyocr+ranked_item_row_grouping,0.7904,manual_review,
폴란드,1-17,호감요인,예능,(중복) 감동적이거나 헬림되는 스토리가 있어서,1+2순위(중복),17.1,%,129.0,"1583,1584,1585,1586,1587,1588",easyocr+ranked_item_row_grouping,0.9995,manual_review,
폴란드,1-17,호감요인,예능,기타,1+2순위(중복),0.8,%,129.0,"1583,1584,1585,1586,1587,1588",easyocr+ranked_item_row_grouping,0.5979,manual_review,
폴란드,1-17,호감요인,영화,국제 영화제 수상으로 관심이 생겨서,1순위,3.1,%,228.0,"1583,1584,1585,1586,1587,1588",easyocr+ranked_item_row_grouping,0.9548,manual_review,
폴란드,1-17,호감요인,영화,패센분티 등 한국 최신 트렌드록 볼 수 있어서,1+2순위(중복),8.3,%,228.0,"1583,1584,1585,1586,1587,1588",easyocr+ranked_item_row_grouping,0.9579,manual_review,
폴란드,1-17,호감요인,애니메이션,스토리가 짜임새 있고 단단해서,1순위,10.6,%,216.0,"1583,1584,1585,1586,1587,1588",easyocr+ranked_item_row_grouping,0.6397,manual_review,
폴란드,1-17,호감요인,애니메이션,순위 한국 생활문회름 간접 경험하거나 이해할 수 있어서,1+2순위(중복),20.3,%,216.0,"1583,1584,1585,1586,1587,1588",easyocr+ranked_item_row_grouping,0.5416,manual_review,
폴란드,1-17,호감요인,애니메이션,기타,1+2순위(중복),1.4,%,216.0,"1583,1584,1585,1586,1587,1588",easyocr+ranked_item_row_grouping,0.8115,manual_review,
폴란드,1-17,호감요인,출판물,한국어에 대한 관심 및 학습 수요가 증가해서,1+2순위(중복),14.3,%,105.0,"1583,1584,1585,1586,1587,1588",easyocr+ranked_item_row_grouping,0.9996,manual_review,
폴란드,1-17,호감요인,웹툰,사용자 환경이 편리해서,1순위,10.0,%,121.0,"1583,1584,1585,1586,1587,1588",easyocr+ranked_item_row_grouping,1.0,manual_review,
폴란드,1-17,호감요인,웹툰,다양한  소재 또는 장르름 다리서,1+2순위(중복),20.6,%,121.0,"1583,1584,1585,1586,1587,1588",easyocr+ranked_item_row_grouping,0.9341,manual_review,
폴란드,1-17,호감요인,웹툰,순위,1+2순위(중복),19.1,%,121.0,"1583,1584,1585,1586,1587,1588",easyocr+ranked_item_row_grouping,0.9671,manual_review,
폴란드,1-17,호감요인,게임,좋아하는 스트리머가 한국 게임올 자주 소개해서,1순위,6.9,%,174.0,"1583,1584,1585,1586,1587,1588",easyocr+ranked_item_row_grouping,0.9996,manual_review,
폴란드,1-17,호감요인,게임,한국 게임 동영상 스트리머가 좋아서,1+2순위(중복),12.7,%,174.0,"1583,1584,1585,1586,1587,1588",easyocr+ranked_item_row_grouping,0.8735,manual_review,
폴란드,1-17,호감요인,게임,(중복) 좋아하는 스트리머가 한국 '게임흘 자주 소개해서,1+2순위(중복),10.4,%,174.0,"1583,1584,1585,1586,1587,1588",easyocr+ranked_item_row_grouping,0.9822,manual_review,
폴란드,1-17,호감요인,패션,품질이 우수해세소재   색상   봉제   단추 등의 상태),1순위,8.7,%,172.0,"1583,1584,1585,1586,1587,1588",easyocr+ranked_item_row_grouping,0.9527,manual_review,
폴란드,1-17,호감요인,패션,순위 접근성이 좋아서,1+2순위(중복),14.5,%,172.0,"1583,1584,1585,1586,1587,1588",easyocr+ranked_item_row_grouping,0.9809,manual_review,
폴란드,1-17,호감요인,뷰티,(중복) 신제품이 자주 나와서,1+2순위(중복),12.2,%,212.0,"1583,1584,1585,1586,1587,1588",easyocr+ranked_item_row_grouping,0.3716,manual_review,
폴란드,1-17,호감요인,음식,좋아하는 한류스타가 광괴홍보하기 때문에,1순위,3.8,%,236.0,"1583,1584,1585,1586,1587,1588",easyocr+ranked_item_row_grouping,0.7095,manual_review,
폴란드,1-17,호감요인,음식,(중복) 좋아하는 한류스타가 광고홍보하기 때문에,1+2순위(중복),6.0,%,236.0,"1583,1584,1585,1586,1587,1588",easyocr+ranked_item_row_grouping,0.9874,manual_review,
폴란드,1-17,호감요인,한국어,한글이 만들어진 역사흘 알 수 있어서,1순위,7.2,%,56.0,"1583,1584,1585,1586,1587,1588",easyocr+ranked_item_row_grouping,0.6165,manual_review,
폴란드,1-17,호감요인,한국어,(중복) 한글이 만들어진 역사틀 알 수 있어서,1+2순위(중복),14.3,%,56.0,"1583,1584,1585,1586,1587,1588",easyocr+ranked_item_row_grouping,0.7195,manual_review,
폴란드,1-18,호감 저해요인,드라마,접하기 어려운 환경이어서 (시청 '경로 부족 인터넷 속되망 문제 정보 부족 등,1순위,8.6,%,210.0,"1589,1590,1591,1592,1593,1594,1595,1596",easyocr+ranked_item_row_grouping,0.8595,manual_review,
폴란드,1-18,호감 저해요인,드라마,한국적 요소가 강해세한국 문회전통스토리 등,1순위,6.7,%,210.0,"1589,1590,1591,1592,1593,1594,1595,1596",easyocr+ranked_item_row_grouping,0.5145,manual_review,
폴란드,1-18,호감 저해요인,드라마,( '콤울쪽하@다서속되망 문제 정보 부족 등,1+2순위(중복),17.6,%,210.0,"1589,1590,1591,1592,1593,1594,1595,1596",easyocr+ranked_item_row_grouping,0.998,manual_review,
폴란드,1-18,호감 저해요인,드라마,순위 드라마틀 보는데 비용이 많이 들어서,1+2순위(중복),11.9,%,210.0,"1589,1590,1591,1592,1593,1594,1595,1596",easyocr+ranked_item_row_grouping,0.9992,manual_review,
폴란드,1-18,호감 저해요인,드라마,디양한 문회에 대한 펴가 부족해세인종 성소수자 종교 등,1+2순위(중복),7.2,%,210.0,"1589,1590,1591,1592,1593,1594,1595,1596",easyocr+ranked_item_row_grouping,0.6165,manual_review,
폴란드,1-18,호감 저해요인,예능,과도한 광고 노출이 많아서,1순위,7.7,%,129.0,"1589,1590,1591,1592,1593,1594,1595,1596",easyocr+ranked_item_row_grouping,0.9906,manual_review,
폴란드,1-18,호감 저해요인,예능,게스트들의 토크에 의존하는 포매이 많아서,1+2순위(중복),10.1,%,129.0,"1589,1590,1591,1592,1593,1594,1595,1596",easyocr+ranked_item_row_grouping,1.0,manual_review,
폴란드,1-18,호감 저해요인,예능,기타,1+2순위(중복),0.8,%,129.0,"1589,1590,1591,1592,1593,1594,1595,1596",easyocr+ranked_item_row_grouping,0.5979,manual_review,
폴란드,1-18,호감 저해요인,음악,"자국 내 곳즈 구입 경로 부족 ""금",1순위,1.9,%,217.0,"1589,1590,1591,1592,1593,1594,1595,1596",easyocr+ranked_item_row_grouping,0.943,manual_review,
폴란드,1-18,호감 저해요인,음악,자국에서 팬 이멘트 개최 부족,1+2순위(중복),12.0,%,217.0,"1589,1590,1591,1592,1593,1594,1595,1596",easyocr+ranked_item_row_grouping,1.0,manual_review,
폴란드,1-18,호감 저해요인,음악,(중복) 자국 내 곳즈 구입 경로 부족,1+2순위(중복),7.9,%,217.0,"1589,1590,1591,1592,1593,1594,1595,1596",easyocr+ranked_item_row_grouping,0.9369,manual_review,
폴란드,1-18,호감 저해요인,애니메이션,(시청 경로 '부족 인터넷 속되망 문제  정보 부족 등,1순위,9.2,%,216.0,"1589,1590,1591,1592,1593,1594,1595,1596",easyocr+ranked_item_row_grouping,0.9789,manual_review,
폴란드,1-18,호감 저해요인,애니메이션,디양한 문회에 대한 펴마가 부족해세인종 성소수자 종교 등,1순위,7.0,%,216.0,"1589,1590,1591,1592,1593,1594,1595,1596",easyocr+ranked_item_row_grouping,0.9906,manual_review,
폴란드,1-18,호감 저해요인,애니메이션,어려운 환경이어서,1+2순위(중복),22.2,%,216.0,"1589,1590,1591,1592,1593,1594,1595,1596",easyocr+ranked_item_row_grouping,0.8649,manual_review,
폴란드,1-18,호감 저해요인,애니메이션,대부분 유아용의로 제작되다 성인 대상 권렌초가 부족해서,1+2순위(중복),17.2,%,216.0,"1589,1590,1591,1592,1593,1594,1595,1596",easyocr+ranked_item_row_grouping,0.625,manual_review,
폴란드,1-18,호감 저해요인,애니메이션,기타,1+2순위(중복),0.5,%,216.0,"1589,1590,1591,1592,1593,1594,1595,1596",easyocr+ranked_item_row_grouping,0.9397,manual_review,
폴란드,1-18,호감 저해요인,애니메이션,없음,1+2순위(중복),7.4,%,216.0,"1589,1590,1591,1592,1593,1594,1595,1596",easyocr+ranked_item_row_grouping,0.9872,manual_review,
폴란드,1-18,호감 저해요인,출판물,이용하는데 비용이 많이 들어서,1순위,3.8,%,105.0,"1589,1590,1591,1592,1593,1594,1595,1596",easyocr+ranked_item_row_grouping,0.9941,manual_review,
폴란드,1-18,호감 저해요인,출판물,스토리가 맘에 들지 않아서,순위미상(중복4회 중 1번째),2.9,%,105.0,"1589,1590,1591,1592,1593,1594,1595,1596",easyocr+ranked_item_row_grouping,0.7363,manual_review,순위 불명(순위미상(중복4회 중 1번째))
폴란드,1-18,호감 저해요인,출판물,스토리가 맘에 들지 않아서,순위미상(중복4회 중 2번째),1.9,%,105.0,"1589,1590,1591,1592,1593,1594,1595,1596",easyocr+ranked_item_row_grouping,0.9594,manual_review,순위 불명(순위미상(중복4회 중 2번째))
폴란드,1-18,호감 저해요인,출판물,스토리가 맘에 들지 않아서,순위미상(중복4회 중 3번째),9.5,%,105.0,"1589,1590,1591,1592,1593,1594,1595,1596",easyocr+ranked_item_row_grouping,0.977,manual_review,순위 불명(순위미상(중복4회 중 3번째))
폴란드,1-18,호감 저해요인,출판물,스토리가 맘에 들지 않아서,순위미상(중복4회 중 4번째),2.1,%,105.0,"1589,1590,1591,1592,1593,1594,1595,1596",easyocr+ranked_item_row_grouping,0.9988,manual_review,순위 불명(순위미상(중복4회 중 4번째))
폴란드,1-18,호감 저해요인,출판물,한국적 요소가 강해세한국 문회전통스토리 등,1+2순위(중복),18.1,%,105.0,"1589,1590,1591,1592,1593,1594,1595,1596",easyocr+ranked_item_row_grouping,1.0,manual_review,
폴란드,1-18,호감 저해요인,웹툰,(시청 경로 부족 인터넷 속되망 문제  정보 부족 등,1순위,7.4,%,121.0,"1589,1590,1591,1592,1593,1594,1595,1596",easyocr+ranked_item_row_grouping,0.9399,manual_review,
폴란드,1-18,호감 저해요인,웹툰,스토리가 맘에 들지 않아서,순위미상(중복4회 중 1번째),4.1,%,121.0,"1589,1590,1591,1592,1593,1594,1595,1596",easyocr+ranked_item_row_grouping,0.9965,manual_review,순위 불명(순위미상(중복4회 중 1번째))
폴란드,1-18,호감 저해요인,웹툰,스토리가 맘에 들지 않아서,순위미상(중복4회 중 2번째),2.5,%,121.0,"1589,1590,1591,1592,1593,1594,1595,1596",easyocr+ranked_item_row_grouping,0.9999,manual_review,순위 불명(순위미상(중복4회 중 2번째))
폴란드,1-18,호감 저해요인,웹툰,스토리가 맘에 들지 않아서,순위미상(중복4회 중 3번째),8.2,%,121.0,"1589,1590,1591,1592,1593,1594,1595,1596",easyocr+ranked_item_row_grouping,0.7378,manual_review,순위 불명(순위미상(중복4회 중 3번째))
폴란드,1-18,호감 저해요인,웹툰,스토리가 맘에 들지 않아서,순위미상(중복4회 중 4번째),4.1,%,121.0,"1589,1590,1591,1592,1593,1594,1595,1596",easyocr+ranked_item_row_grouping,0.9942,manual_review,순위 불명(순위미상(중복4회 중 4번째))
폴란드,1-18,호감 저해요인,웹툰,접하기 어려운 환경이어서,1+2순위(중복),12.4,%,121.0,"1589,1590,1591,1592,1593,1594,1595,1596",easyocr+ranked_item_row_grouping,0.9993,manual_review,
폴란드,1-18,호감 저해요인,웹툰,내용이 선정적이고 폭력적이어서,1+2순위(중복),9.1,%,121.0,"1589,1590,1591,1592,1593,1594,1595,1596",easyocr+ranked_item_row_grouping,0.9994,manual_review,
폴란드,1-18,호감 저해요인,게임,디양한 문회에 대한 펴려가 부족해세인종 성소수자 종교 등,1순위,7.0,%,174.0,"1589,1590,1591,1592,1593,1594,1595,1596",easyocr+ranked_item_row_grouping,0.9917,manual_review,
폴란드,1-18,호감 저해요인,게임,국가 간 역사 외교적 관계로 인해서,1+2순위(중복),10.9,%,174.0,"1589,1590,1591,1592,1593,1594,1595,1596",easyocr+ranked_item_row_grouping,0.9697,manual_review,
폴란드,1-18,호감 저해요인,게임,기타,1+2순위(중복),0.6,%,174.0,"1589,1590,1591,1592,1593,1594,1595,1596",easyocr+ranked_item_row_grouping,0.7661,manual_review,
폴란드,1-18,호감 저해요인,패션,제품 종류 및 스타일이 다양하지 않아서,순위미상(중복4회 중 1번째),16.3,%,172.0,"1589,1590,1591,1592,1593,1594,1595,1596",easyocr+ranked_item_row_grouping,0.6956,manual_review,순위 불명(순위미상(중복4회 중 1번째))
폴란드,1-18,호감 저해요인,패션,제품 종류 및 스타일이 다양하지 않아서,순위미상(중복4회 중 2번째),3.5,%,172.0,"1589,1590,1591,1592,1593,1594,1595,1596",easyocr+ranked_item_row_grouping,0.8662,manual_review,순위 불명(순위미상(중복4회 중 2번째))
폴란드,1-18,호감 저해요인,패션,제품 종류 및 스타일이 다양하지 않아서,순위미상(중복4회 중 3번째),22.7,%,172.0,"1589,1590,1591,1592,1593,1594,1595,1596",easyocr+ranked_item_row_grouping,0.9658,manual_review,순위 불명(순위미상(중복4회 중 3번째))
폴란드,1-18,호감 저해요인,패션,제품 종류 및 스타일이 다양하지 않아서,순위미상(중복4회 중 4번째),10.5,%,172.0,"1589,1590,1591,1592,1593,1594,1595,1596",easyocr+ranked_item_row_grouping,1.0,manual_review,순위 불명(순위미상(중복4회 중 4번째))
폴란드,1-18,호감 저해요인,패션,(종교 인종 장애 관습 문제 등 디양한 문화에 대한 고려가 부족해서,1순위,6.9,%,172.0,"1589,1590,1591,1592,1593,1594,1595,1596",easyocr+ranked_item_row_grouping,0.9853,manual_review,
폴란드,1-18,호감 저해요인,패션,브랜드 이미지가 쫓지 않아서,1+2순위(중복),9.9,%,172.0,"1589,1590,1591,1592,1593,1594,1595,1596",easyocr+ranked_item_row_grouping,0.9203,manual_review,
폴란드,1-18,호감 저해요인,뷰티,기타,1+2순위(중복),0.5,%,212.0,"1589,1590,1591,1592,1593,1594,1595,1596",easyocr+ranked_item_row_grouping,0.9397,manual_review,
폴란드,1-18,호감 저해요인,음식,제공하는 음식이 다양하지 않아서,1순위,5.5,%,236.0,"1589,1590,1591,1592,1593,1594,1595,1596",easyocr+ranked_item_row_grouping,0.9861,manual_review,
폴란드,1-18,호감 저해요인,음식,디양한 문화에 대한 고려가 부족해서,1순위,3.4,%,236.0,"1589,1590,1591,1592,1593,1594,1595,1596",easyocr+ranked_item_row_grouping,0.9913,manual_review,
폴란드,1-18,호감 저해요인,음식,순위 (종괴할렉 채식 식문화 등 다양한 문화에 대한 펴려가 부족해서,1+2순위(중복),8.5,%,236.0,"1589,1590,1591,1592,1593,1594,1595,1596",easyocr+ranked_item_row_grouping,1.0,manual_review,
폴란드,1-18,호감 저해요인,한국어,값 한국어 자체에 흥미v 느끼기 어려워서,1순위,3.6,%,56.0,"1589,1590,1591,1592,1593,1594,1595,1596",easyocr+ranked_item_row_grouping,0.6803,manual_review,
폴란드,1-18,호감 저해요인,한국어,(중복) 한국어 자체에 흥미틀 느끼기 어려워서,1+2순위(중복),17.9,%,56.0,"1589,1590,1591,1592,1593,1594,1595,1596",easyocr+ranked_item_row_grouping,0.8805,manual_review,
폴란드,1-37,한류 부정적 인식 공감 이유,,한류스타의 부적절한 언행 비운리적인 행동,1+2순위(중복),19.1,%,142.0,1619,easyocr+ranked_item_row_grouping,0.9999,manual_review,
UAE,1-17,호감요인,드라마,다양한 소재 또는 장르름 다리서,1순위,11.7,%,350.0,"1643,1644,1645,1646,1647,1648",easyocr+ranked_item_row_grouping,0.9997,manual_review,
UAE,1-17,호감요인,드라마,배우의 외모가 매력적이어서,1순위,7.2,%,350.0,"1643,1644,1645,1646,1647,1648",easyocr+ranked_item_row_grouping,0.7652,manual_review,
UAE,1-17,호감요인,드라마,휴 영`a-교부-등 작표이,1순위,6.5,%,350.0,"1643,1644,1645,1646,1647,1648",easyocr+ranked_item_row_grouping,0.8573,manual_review,
UAE,1-17,호감요인,드라마,선호하는 배우가 출연해서,1+2순위(중복),10.3,%,350.0,"1643,1644,1645,1646,1647,1648",easyocr+ranked_item_row_grouping,0.9989,manual_review,
UAE,1-17,호감요인,예능,유 혼랜인로비일 플랫음올 통해 절p 수 인어서,1순위,9.5,%,326.0,"1643,1644,1645,1646,1647,1648",easyocr+ranked_item_row_grouping,0.9975,manual_review,
UAE,1-17,호감요인,예능,온라인모바일 플품올 통해 접할 수 있어서,1+2순위(중복),16.1,%,326.0,"1643,1644,1645,1646,1647,1648",easyocr+ranked_item_row_grouping,0.9966,manual_review,
UAE,1-17,호감요인,예능,기타,1+2순위(중복),0.3,%,326.0,"1643,1644,1645,1646,1647,1648",easyocr+ranked_item_row_grouping,0.9934,manual_review,
UAE,1-17,호감요인,예능,남성 여성,1+2순위(중복),10.0,%,326.0,"1643,1644,1645,1646,1647,1648",easyocr+ranked_item_row_grouping,0.9397,manual_review,
UAE,1-17,호감요인,영화,수 한국어데 대한 관심 뜻 화습 수요가 종기해서,1순위,6.6,%,350.0,"1643,1644,1645,1646,1647,1648",easyocr+ranked_item_row_grouping,0.9993,manual_review,
UAE,1-17,호감요인,영화,한국어에 대한 관심 및 학습 수요가 증가해서,1+2순위(중복),12.7,%,350.0,"1643,1644,1645,1646,1647,1648",easyocr+ranked_item_row_grouping,0.9996,manual_review,
UAE,1-17,호감요인,음악,수 올라안도비일 출 기흘 통해 |약 수 있어서,1순위,8.1,%,356.0,"1643,1644,1645,1646,1647,1648",easyocr+ranked_item_row_grouping,0.8745,manual_review,
UAE,1-17,호감요인,음악,중 온라인모바일 플렉패올 통해 접할 수 있어서,1+2순위(중복),14.6,%,356.0,"1643,1644,1645,1646,1647,1648",easyocr+ranked_item_row_grouping,0.9996,manual_review,
UAE,1-17,호감요인,음악,남성 여성,1+2순위(중복),10.0,%,356.0,"1643,1644,1645,1646,1647,1648",easyocr+ranked_item_row_grouping,0.9397,manual_review,
UAE,1-17,호감요인,애니메이션,슈 교육용으로 활용할 수 있는 내용이 풍부해서,1순위,8.7,%,336.0,"1643,1644,1645,1646,1647,1648",easyocr+ranked_item_row_grouping,0.969,manual_review,
UAE,1-17,호감요인,애니메이션,스토리가 짜임새 잇고 단단해서,1순위,8.0,%,336.0,"1643,1644,1645,1646,1647,1648",easyocr+ranked_item_row_grouping,1.0,manual_review,
UAE,1-17,호감요인,애니메이션,자료나의 문화 코드와 잘 맞아서,1순위,7.3,%,336.0,"1643,1644,1645,1646,1647,1648",easyocr+ranked_item_row_grouping,0.8988,manual_review,
UAE,1-17,호감요인,애니메이션,진코나의 문화 코와와 잘 맛아,1+2순위(중복),13.0,%,336.0,"1643,1644,1645,1646,1647,1648",easyocr+ranked_item_row_grouping,0.9908,manual_review,
UAE,1-17,호감요인,출판물,한국어에 대한 관심 및 학습 수요가 증기해서,1순위,12.0,%,274.0,"1643,1644,1645,1646,1647,1648",easyocr+ranked_item_row_grouping,0.9453,manual_review,
UAE,1-17,호감요인,출판물,출 한국 생활문회틀 간접 경험하거나 이해할 수 있어서,1순위,7.3,%,274.0,"1643,1644,1645,1646,1647,1648",easyocr+ranked_item_row_grouping,0.9001,manual_review,
UAE,1-17,호감요인,출판물,좋아하는 작가라서,1+2순위(중복),14.2,%,274.0,"1643,1644,1645,1646,1647,1648",easyocr+ranked_item_row_grouping,0.95,manual_review,
UAE,1-17,호감요인,출판물,남성 여성,1+2순위(중복),10.0,%,274.0,"1643,1644,1645,1646,1647,1648",easyocr+ranked_item_row_grouping,0.9397,manual_review,
UAE,1-17,호감요인,게임,수 차용자 환경이 포리해세도출| 대뉴 하면 구성 히,1순위,8.7,%,190.0,"1643,1644,1645,1646,1647,1648",easyocr+ranked_item_row_grouping,0.9366,manual_review,
UAE,1-17,호감요인,게임,디른 게p머들과 네트위크름 형성하고 햄 질수 앞,1순위,8.0,%,190.0,"1643,1644,1645,1646,1647,1648",easyocr+ranked_item_row_grouping,1.0,manual_review,
UAE,1-17,호감요인,게임,디른 게p들과 네트위럴름 형하고햄 질수 왜,1+2순위(중복),18.5,%,190.0,"1643,1644,1645,1646,1647,1648",easyocr+ranked_item_row_grouping,0.9998,manual_review,
UAE,1-17,호감요인,게임,사용자 환경이 편리해세단축키  메뉴 회면 구성 등,1+2순위(중복),18.4,%,190.0,"1643,1644,1645,1646,1647,1648",easyocr+ranked_item_row_grouping,0.9998,manual_review,
UAE,1-17,호감요인,게임,남성 여성,1+2순위(중복),10.0,%,190.0,"1643,1644,1645,1646,1647,1648",easyocr+ranked_item_row_grouping,0.9397,manual_review,
UAE,1-17,호감요인,패션,품질 대비 가격이 저럼해서,1순위,10.5,%,343.0,"1643,1644,1645,1646,1647,1648",easyocr+ranked_item_row_grouping,0.9994,manual_review,
UAE,1-17,호감요인,패션,수 좋아하는 한류스타가 사용홍보하기 때문에,1순위,10.3,%,343.0,"1643,1644,1645,1646,1647,1648",easyocr+ranked_item_row_grouping,0.934,manual_review,
UAE,1-17,호감요인,뷰티,품질 대비 가격이 저럼해서,1순위,11.9,%,343.0,"1643,1644,1645,1646,1647,1648",easyocr+ranked_item_row_grouping,0.7819,manual_review,
UAE,1-17,호감요인,뷰티,휴 ]a하 진월_L맛p이 중사성 홍보해서,1순위,7.7,%,343.0,"1643,1644,1645,1646,1647,1648",easyocr+ranked_item_row_grouping,0.9654,manual_review,
UAE,1-17,호감요인,뷰티,흙 좋아하는 한류스타가 직접 사용홍보해서,1+2순위(중복),14.0,%,343.0,"1643,1644,1645,1646,1647,1648",easyocr+ranked_item_row_grouping,0.9384,manual_review,
UAE,1-17,호감요인,뷰티,남성 여성,1+2순위(중복),10.0,%,343.0,"1643,1644,1645,1646,1647,1648",easyocr+ranked_item_row_grouping,0.9397,manual_review,
UAE,1-17,호감요인,음식,욕 기타,1순위,0.3,%,346.0,"1643,1644,1645,1646,1647,1648",easyocr+ranked_item_row_grouping,0.9934,manual_review,
UAE,1-17,호감요인,한국어,활 한글이 만들어진 역사름 알 수 있어서,1순위,5.3,%,304.0,"1643,1644,1645,1646,1647,1648",easyocr+ranked_item_row_grouping,0.8127,manual_review,
UAE,1-17,호감요인,한국어,한국어 자체가 새롭고 흥미로위서,1+2순위(중복),22.9,%,304.0,"1643,1644,1645,1646,1647,1648",easyocr+ranked_item_row_grouping,0.8043,manual_review,
UAE,1-17,호감요인,한국어,한글이 만들어 역사틀 알 수 있어서,1+2순위(중복),11.5,%,304.0,"1643,1644,1645,1646,1647,1648",easyocr+ranked_item_row_grouping,0.8313,manual_review,
UAE,1-18,호감 저해요인,드라마,슈 접하기 어려운 환경이어서 (시청 경로 부족 인터넷 속되망 문제  정보 부족 등,1순위,6.4,%,350.0,"1649,1650,1651,1652,1653,1654,1655,1656",easyocr+ranked_item_row_grouping,0.9999,manual_review,
UAE,1-18,호감 저해요인,드라마,디양한 문화에 대한 고로마 부족해세인종 성소수자 종교 등,1순위,2.0,%,350.0,"1649,1650,1651,1652,1653,1654,1655,1656",easyocr+ranked_item_row_grouping,0.9999,manual_review,
UAE,1-18,호감 저해요인,드라마,다양한 문에 대한 고로가 부족해세인종 성소수자 종교 텅,1+2순위(중복),5.4,%,350.0,"1649,1650,1651,1652,1653,1654,1655,1656",easyocr+ranked_item_row_grouping,0.9999,manual_review,
UAE,1-18,호감 저해요인,예능,숲 게스트트의 토로에 의존하튼 포멋이 많아서,1순위,5.8,%,326.0,"1649,1650,1651,1652,1653,1654,1655,1656",easyocr+ranked_item_row_grouping,1.0,manual_review,
UAE,1-18,호감 저해요인,예능,다양한 문회에 대한 고마가 부족해세인종 성소수자 종교,1순위,3.4,%,326.0,"1649,1650,1651,1652,1653,1654,1655,1656",easyocr+ranked_item_row_grouping,0.9998,manual_review,
UAE,1-18,호감 저해요인,예능,게스트들의 토크에 의존하는 포매이 많아서,1+2순위(중복),10.5,%,326.0,"1649,1650,1651,1652,1653,1654,1655,1656",easyocr+ranked_item_row_grouping,0.9999,manual_review,
UAE,1-18,호감 저해요인,예능,다양한 문에 대한 고로마 부족해세인종 성소수자 종교 히,1+2순위(중복),8.9,%,326.0,"1649,1650,1651,1652,1653,1654,1655,1656",easyocr+ranked_item_row_grouping,0.5422,manual_review,
UAE,1-18,호감 저해요인,예능,기타,1+2순위(중복),0.3,%,326.0,"1649,1650,1651,1652,1653,1654,1655,1656",easyocr+ranked_item_row_grouping,0.9986,manual_review,
UAE,1-18,호감 저해요인,예능,남성 여성,1+2순위(중복),10.0,%,326.0,"1649,1650,1651,1652,1653,1654,1655,1656",easyocr+ranked_item_row_grouping,0.9548,manual_review,
UAE,1-18,호감 저해요인,영화,폭력 노출 등의 표현방식이 너무 자극적이어서,1순위,7.8,%,350.0,"1649,1650,1651,1652,1653,1654,1655,1656",easyocr+ranked_item_row_grouping,0.9993,manual_review,
UAE,1-18,호감 저해요인,영화,번역 자막-더방으로 보기 불편해서,1순위,7.1,%,350.0,"1649,1650,1651,1652,1653,1654,1655,1656",easyocr+ranked_item_row_grouping,0.9997,manual_review,
UAE,1-18,호감 저해요인,영화,다양한 문에 대한 고까마가 부족해세인종 성소수자 종교 히,1순위,4.5,%,350.0,"1649,1650,1651,1652,1653,1654,1655,1656",easyocr+ranked_item_row_grouping,0.9951,manual_review,
UAE,1-18,호감 저해요인,영화,흙 영화루 보는데 비용이 많이 들어서,1+2순위(중복),11.7,%,350.0,"1649,1650,1651,1652,1653,1654,1655,1656",easyocr+ranked_item_row_grouping,0.9998,manual_review,
UAE,1-18,호감 저해요인,영화,디양한 문에 대한 고가 부족해세인종 성소수자 종교 등,1+2순위(중복),9.9,%,350.0,"1649,1650,1651,1652,1653,1654,1655,1656",easyocr+ranked_item_row_grouping,0.9997,manual_review,
UAE,1-18,호감 저해요인,영화,남성 여성,1+2순위(중복),10.0,%,350.0,"1649,1650,1651,1652,1653,1654,1655,1656",easyocr+ranked_item_row_grouping,0.9548,manual_review,
UAE,1-18,호감 저해요인,음악,국가 간 역사-외교적 관계로 인해서,1순위,4.9,%,356.0,"1649,1650,1651,1652,1653,1654,1655,1656",easyocr+ranked_item_row_grouping,0.9995,manual_review,
UAE,1-18,호감 저해요인,음악,복 국가 준회역사 외교적 관계로 인해서,1+2순위(중복),8.7,%,356.0,"1649,1650,1651,1652,1653,1654,1655,1656",easyocr+ranked_item_row_grouping,0.8982,manual_review,
UAE,1-18,호감 저해요인,애니메이션,다양한 문에 대한 고로마 부족해세인종 성소수자 종교 등,1순위,8.0,%,336.0,"1649,1650,1651,1652,1653,1654,1655,1656",easyocr+ranked_item_row_grouping,1.0,manual_review,
UAE,1-18,호감 저해요인,애니메이션,번역 자막더방으로 보기 불편해서,1+2순위(중복),16.4,%,336.0,"1649,1650,1651,1652,1653,1654,1655,1656",easyocr+ranked_item_row_grouping,0.9999,manual_review,
UAE,1-18,호감 저해요인,애니메이션,남성 여성,1+2순위(중복),10.0,%,336.0,"1649,1650,1651,1652,1653,1654,1655,1656",easyocr+ranked_item_row_grouping,0.9548,manual_review,
UAE,1-18,호감 저해요인,출판물,국가 간 역사 외교적 관계로 인해서,1순위,8.0,%,274.0,"1649,1650,1651,1652,1653,1654,1655,1656",easyocr+ranked_item_row_grouping,0.9096,manual_review,
UAE,1-18,호감 저해요인,출판물,} 이용하속넷 비용이 망임 틀어섯,1순위,7.0,%,274.0,"1649,1650,1651,1652,1653,1654,1655,1656",easyocr+ranked_item_row_grouping,0.9383,manual_review,
UAE,1-18,호감 저해요인,출판물,출 스토리가 맘에 들지 않아서,순위미상(중복3회 중 1번째),6.2,%,274.0,"1649,1650,1651,1652,1653,1654,1655,1656",easyocr+ranked_item_row_grouping,0.9998,manual_review,순위 불명(순위미상(중복3회 중 1번째))
UAE,1-18,호감 저해요인,출판물,출 스토리가 맘에 들지 않아서,순위미상(중복3회 중 2번째),5.2,%,274.0,"1649,1650,1651,1652,1653,1654,1655,1656",easyocr+ranked_item_row_grouping,0.9999,manual_review,순위 불명(순위미상(중복3회 중 2번째))
UAE,1-18,호감 저해요인,출판물,출 스토리가 맘에 들지 않아서,순위미상(중복3회 중 3번째),9.5,%,274.0,"1649,1650,1651,1652,1653,1654,1655,1656",easyocr+ranked_item_row_grouping,0.9984,manual_review,순위 불명(순위미상(중복3회 중 3번째))
UAE,1-18,호감 저해요인,출판물,이용하는데 비용이 많이 들어서,1+2순위(중복),16.9,%,274.0,"1649,1650,1651,1652,1653,1654,1655,1656",easyocr+ranked_item_row_grouping,0.6927,manual_review,
UAE,1-18,호감 저해요인,출판물,"복 스로리가 함예 ""틀치 않아서",1+2순위(중복),9.6,%,274.0,"1649,1650,1651,1652,1653,1654,1655,1656",easyocr+ranked_item_row_grouping,0.9993,manual_review,
UAE,1-18,호감 저해요인,출판물,남성 여성,1+2순위(중복),10.0,%,274.0,"1649,1650,1651,1652,1653,1654,1655,1656",easyocr+ranked_item_row_grouping,0.9548,manual_review,
UAE,1-18,호감 저해요인,웹툰,사용자 환경이 불편해서,1순위,9.9,%,231.0,"1649,1650,1651,1652,1653,1654,1655,1656",easyocr+ranked_item_row_grouping,0.9999,manual_review,
UAE,1-18,호감 저해요인,웹툰,번역이 미롭해서,1순위,8.1,%,231.0,"1649,1650,1651,1652,1653,1654,1655,1656",easyocr+ranked_item_row_grouping,0.9998,manual_review,
UAE,1-18,호감 저해요인,웹툰,(검색 폐이지 넘김 덧글 쓰기 결제 편리성 등,1순위,20.3,%,231.0,"1649,1650,1651,1652,1653,1654,1655,1656",easyocr+ranked_item_row_grouping,0.9694,manual_review,
UAE,1-18,호감 저해요인,웹툰,디양한 문회에 대한 고로가 부족해세인종 성소수자 종교 등,1순위,16.4,%,231.0,"1649,1650,1651,1652,1653,1654,1655,1656",easyocr+ranked_item_row_grouping,0.9995,manual_review,
UAE,1-18,호감 저해요인,웹툰,연재 주기가 불규칙해세휴재 변경 등,1+2순위(중복),13.6,%,231.0,"1649,1650,1651,1652,1653,1654,1655,1656",easyocr+ranked_item_row_grouping,0.9984,manual_review,
UAE,1-18,호감 저해요인,웹툰,남성 여성,1+2순위(중복),10.0,%,231.0,"1649,1650,1651,1652,1653,1654,1655,1656",easyocr+ranked_item_row_grouping,0.9548,manual_review,
UAE,1-18,호감 저해요인,게임,다양한 문에 대한 고까마가 부족해세인종 성소수자 종교 히,1순위,8.7,%,190.0,"1649,1650,1651,1652,1653,1654,1655,1656",easyocr+ranked_item_row_grouping,0.9996,manual_review,
UAE,1-18,호감 저해요인,게임,디양한 문에 대한 고가 부족해세인종 성소수자 종교 텅,1+2순위(중복),12.9,%,190.0,"1649,1650,1651,1652,1653,1654,1655,1656",easyocr+ranked_item_row_grouping,0.9981,manual_review,
UAE,1-18,호감 저해요인,게임,기타,1+2순위(중복),0.3,%,190.0,"1649,1650,1651,1652,1653,1654,1655,1656",easyocr+ranked_item_row_grouping,0.935,manual_review,
UAE,1-18,호감 저해요인,게임,남성 여성,1+2순위(중복),10.0,%,190.0,"1649,1650,1651,1652,1653,1654,1655,1656",easyocr+ranked_item_row_grouping,0.9548,manual_review,
UAE,1-18,호감 저해요인,패션,제품 종류 및 스타일이 다양하지 않아서,순위미상(중복3회 중 1번째),15.1,%,343.0,"1649,1650,1651,1652,1653,1654,1655,1656",easyocr+ranked_item_row_grouping,0.8184,manual_review,순위 불명(순위미상(중복3회 중 1번째))
UAE,1-18,호감 저해요인,패션,제품 종류 및 스타일이 다양하지 않아서,순위미상(중복3회 중 2번째),8.3,%,343.0,"1649,1650,1651,1652,1653,1654,1655,1656",easyocr+ranked_item_row_grouping,0.6219,manual_review,순위 불명(순위미상(중복3회 중 2번째))
UAE,1-18,호감 저해요인,패션,제품 종류 및 스타일이 다양하지 않아서,순위미상(중복3회 중 3번째),22.7,%,343.0,"1649,1650,1651,1652,1653,1654,1655,1656",easyocr+ranked_item_row_grouping,0.9972,manual_review,순위 불명(순위미상(중복3회 중 3번째))
UAE,1-18,호감 저해요인,패션,한국에서 제조된 제품이 아니어서,1순위,7.3,%,343.0,"1649,1650,1651,1652,1653,1654,1655,1656",easyocr+ranked_item_row_grouping,0.9681,manual_review,
UAE,1-18,호감 저해요인,패션,수 통골 대풍 주적이 쾌심다,1순위,6.4,%,343.0,"1649,1650,1651,1652,1653,1654,1655,1656",easyocr+ranked_item_row_grouping,0.9995,manual_review,
UAE,1-18,호감 저해요인,패션,품질이 떨어저세소재  색상 봉제   단추 등의,1순위,6.1,%,343.0,"1649,1650,1651,1652,1653,1654,1655,1656",easyocr+ranked_item_row_grouping,0.9998,manual_review,
UAE,1-18,호감 저해요인,패션,품질 대비 가격이 비싸서,1+2순위(중복),13.9,%,343.0,"1649,1650,1651,1652,1653,1654,1655,1656",easyocr+ranked_item_row_grouping,0.9709,manual_review,
UAE,1-18,호감 저해요인,패션,둘 품질이 떨어저세소재  색상 봉제  단추 등의 상태),1+2순위(중복),12.9,%,343.0,"1649,1650,1651,1652,1653,1654,1655,1656",easyocr+ranked_item_row_grouping,0.9981,manual_review,
UAE,1-18,호감 저해요인,패션,딴i 문화에 대한 고려가 부족해서,1+2순위(중복),12.0,%,343.0,"1649,1650,1651,1652,1653,1654,1655,1656",easyocr+ranked_item_row_grouping,0.9999,manual_review,
UAE,1-18,호감 저해요인,뷰티,특정 성>인삼  한방 성분이 기호에 맞지 않아서,1순위,6.4,%,343.0,"1649,1650,1651,1652,1653,1654,1655,1656",easyocr+ranked_item_row_grouping,0.9999,manual_review,
UAE,1-18,호감 저해요인,뷰티,제품 용기포장의 디자인이 별로여서,1순위,6.1,%,343.0,"1649,1650,1651,1652,1653,1654,1655,1656",easyocr+ranked_item_row_grouping,1.0,manual_review,
UAE,1-18,호감 저해요인,뷰티,품질이 떨어저서 나의 가치와 맞지 않아세활활 동물 실험 등 움,1순위,5.5,%,343.0,"1649,1650,1651,1652,1653,1654,1655,1656",easyocr+ranked_item_row_grouping,0.5565,manual_review,
UAE,1-18,호감 저해요인,뷰티,나의 가치와 맞지 않아세할활  동물 실험,1+2순위(중복),10.0,%,343.0,"1649,1650,1651,1652,1653,1654,1655,1656",easyocr+ranked_item_row_grouping,0.9999,manual_review,
UAE,1-18,호감 저해요인,뷰티,흙 (피부튼 성적 정체성 관습 문제 등,1+2순위(중복),12.2,%,343.0,"1649,1650,1651,1652,1653,1654,1655,1656",easyocr+ranked_item_row_grouping,0.9997,manual_review,
UAE,1-18,호감 저해요인,뷰티,품질이 떨어저서,1+2순위(중복),5.6,%,343.0,"1649,1650,1651,1652,1653,1654,1655,1656",easyocr+ranked_item_row_grouping,0.9999,manual_review,
UAE,1-18,호감 저해요인,뷰티,남성 여성,1+2순위(중복),10.0,%,343.0,"1649,1650,1651,1652,1653,1654,1655,1656",easyocr+ranked_item_row_grouping,0.9686,manual_review,
UAE,1-18,호감 저해요인,음식,기타,1+2순위(중복),0.3,%,36.0,"1649,1650,1651,1652,1653,1654,1655,1656",easyocr+ranked_item_row_grouping,0.7372,manual_review,
UAE,1-18,호감 저해요인,한국어,한글이 만들어진 역사와 원리름 이해하기 어려워세생소해세,1순위,15.6,%,4.0,"1649,1650,1651,1652,1653,1654,1655,1656",easyocr+ranked_item_row_grouping,0.7267,manual_review,
UAE,1-18,호감 저해요인,한국어,수 한국어 실로야 슬집료양서,1순위,10.3,%,4.0,"1649,1650,1651,1652,1653,1654,1655,1656",easyocr+ranked_item_row_grouping,0.9999,manual_review,
UAE,1-18,호감 저해요인,한국어,한국어 실력이 늘지 않아서,1+2순위(중복),20.5,%,4.0,"1649,1650,1651,1652,1653,1654,1655,1656",easyocr+ranked_item_row_grouping,1.0,manual_review,
사우디아라비아,1-17,호감요인,드라마,스토리가 짜임새 잇고 탄단해서,1순위,7.3,%,370.0,"1703,1704,1705,1706,1707,1708",easyocr+ranked_item_row_grouping,0.979,manual_review,
사우디아라비아,1-17,호감요인,드라마,선호하는 배우가 출연해서,1+2순위(중복),11.4,%,370.0,"1703,1704,1705,1706,1707,1708",easyocr+ranked_item_row_grouping,0.9905,manual_review,
사우디아라비아,1-17,호감요인,드라마,한국어에 대한 관심 및 학습 수요가 증가해서,1+2순위(중복),8.9,%,370.0,"1703,1704,1705,1706,1707,1708",easyocr+ranked_item_row_grouping,0.6641,manual_review,
사우디아라비아,1-17,호감요인,예능,남성 여성,1+2순위(중복),10.0,%,358.0,"1703,1704,1705,1706,1707,1708",easyocr+ranked_item_row_grouping,0.4444,manual_review,
사우디아라비아,1-17,호감요인,음악,수 가소소물과 편 사이 유세이 좋아,1순위,9.0,%,354.0,"1703,1704,1705,1706,1707,1708",easyocr+ranked_item_row_grouping,0.9997,manual_review,
사우디아라비아,1-17,호감요인,음악,가쉬그룹과 팬 사이에 유감이 좋아서,1+2순위(중복),19.5,%,354.0,"1703,1704,1705,1706,1707,1708",easyocr+ranked_item_row_grouping,0.9838,manual_review,
사우디아라비아,1-17,호감요인,음악,남성 여성,1+2순위(중복),10.0,%,354.0,"1703,1704,1705,1706,1707,1708",easyocr+ranked_item_row_grouping,0.4444,manual_review,
사우디아라비아,1-17,호감요인,애니메이션,폭력적이거나 선정적인 내용이 적어서,1순위,9.8,%,363.0,"1703,1704,1705,1706,1707,1708",easyocr+ranked_item_row_grouping,0.705,manual_review,
사우디아라비아,1-17,호감요인,애니메이션,교육용의로 활용할 수 있는 내용이 풍부해서,1+2순위(중복),16.0,%,363.0,"1703,1704,1705,1706,1707,1708",easyocr+ranked_item_row_grouping,0.9999,manual_review,
사우디아라비아,1-17,호감요인,애니메이션,자료나의 문화 코드와 잘 맞아서,1+2순위(중복),14.9,%,363.0,"1703,1704,1705,1706,1707,1708",easyocr+ranked_item_row_grouping,0.9999,manual_review,
사우디아라비아,1-17,호감요인,애니메이션,기타,1+2순위(중복),0.3,%,363.0,"1703,1704,1705,1706,1707,1708",easyocr+ranked_item_row_grouping,0.9934,manual_review,
사우디아라비아,1-17,호감요인,출판물,수상 작품이어세국제 문학상 등,1순위,10.0,%,312.0,"1703,1704,1705,1706,1707,1708",easyocr+ranked_item_row_grouping,0.9942,manual_review,
사우디아라비아,1-17,호감요인,출판물,캐릭터의 성계억할이 마음에 들어서 휴 캐릭터에 상r_]이맛올- 투B서 중기해서,1순위,9.3,%,312.0,"1703,1704,1705,1706,1707,1708",easyocr+ranked_item_row_grouping,0.9905,manual_review,
사우디아라비아,1-17,호감요인,출판물,캐릭터의 성계역할이 마음에 들어서,1+2순위(중복),18.2,%,312.0,"1703,1704,1705,1706,1707,1708",easyocr+ranked_item_row_grouping,0.9933,manual_review,
사우디아라비아,1-17,호감요인,출판물,한국어에 대한 관심 및 학습 수요가 증기해서,1+2순위(중복),18.0,%,312.0,"1703,1704,1705,1706,1707,1708",easyocr+ranked_item_row_grouping,1.0,manual_review,
사우디아라비아,1-17,호감요인,출판물,남성 여성,1+2순위(중복),10.0,%,312.0,"1703,1704,1705,1706,1707,1708",easyocr+ranked_item_row_grouping,0.4444,manual_review,
사우디아라비아,1-17,호감요인,게임,위 디 게p머들과 네트위로름 형하고햄 질수 있서,1순위,7.2,%,360.0,"1703,1704,1705,1706,1707,1708",easyocr+ranked_item_row_grouping,0.9997,manual_review,
사우디아라비아,1-17,호감요인,게임,흙 디른 게p머들과 네트위크름 형성하고 햄 질수 앞,1+2순위(중복),16.6,%,360.0,"1703,1704,1705,1706,1707,1708",easyocr+ranked_item_row_grouping,0.5928,manual_review,
사우디아라비아,1-17,호감요인,게임,남성 여성,1+2순위(중복),10.0,%,360.0,"1703,1704,1705,1706,1707,1708",easyocr+ranked_item_row_grouping,0.4444,manual_review,
사우디아라비아,1-17,호감요인,패션,수 좋어하늘 라플로어서 직접 사용홍보해서,1순위,8.2,%,354.0,"1703,1704,1705,1706,1707,1708",easyocr+ranked_item_row_grouping,1.0,manual_review,
사우디아라비아,1-17,호감요인,패션,좋아하는 인플루언서가 직접 사용홍보해서,1+2순위(중복),15.0,%,354.0,"1703,1704,1705,1706,1707,1708",easyocr+ranked_item_row_grouping,0.9999,manual_review,
사우디아라비아,1-17,호감요인,뷰티,남성 여성,1+2순위(중복),10.0,%,364.0,"1703,1704,1705,1706,1707,1708",easyocr+ranked_item_row_grouping,0.4444,manual_review,
사우디아라비아,1-17,호감요인,한국어,한국어 자체가 새롭고 흥미로위서,1순위,13.8,%,305.0,"1703,1704,1705,1706,1707,1708",easyocr+ranked_item_row_grouping,0.7075,manual_review,
사우디아라비아,1-17,호감요인,한국어,한국어의 소리가 듣기 좋아서,1순위,13.1,%,305.0,"1703,1704,1705,1706,1707,1708",easyocr+ranked_item_row_grouping,0.9912,manual_review,
사우디아라비아,1-17,호감요인,한국어,한류름 좋아해서,1순위,25.6,%,305.0,"1703,1704,1705,1706,1707,1708",easyocr+ranked_item_row_grouping,1.0,manual_review,
사우디아라비아,1-17,호감요인,한국어,흙 한글이 배우기 쉬위서,1+2순위(중복),12.1,%,305.0,"1703,1704,1705,1706,1707,1708",easyocr+ranked_item_row_grouping,0.7017,manual_review,
사우디아라비아,1-18,호감 저해요인,드라마,번역 자막-더방으로 보기 불편해서,1순위,9.5,%,370.0,"1709,1710,1711,1712,1713,1714,1715,1716",easyocr+ranked_item_row_grouping,0.9984,manual_review,
사우디아라비아,1-18,호감 저해요인,드라마,다양한 문에 대한 고까가가 부족해세인종 성소수자 종교 히,1순위,4.1,%,370.0,"1709,1710,1711,1712,1713,1714,1715,1716",easyocr+ranked_item_row_grouping,0.9992,manual_review,
사우디아라비아,1-18,호감 저해요인,드라마,접하기 어려운 환경이어서,1+2순위(중복),14.6,%,370.0,"1709,1710,1711,1712,1713,1714,1715,1716",easyocr+ranked_item_row_grouping,0.9634,manual_review,
사우디아라비아,1-18,호감 저해요인,드라마,복 다양한 문화에 대한 과가 부족해세인종 성소수자 종교 텅,1+2순위(중복),9.7,%,370.0,"1709,1710,1711,1712,1713,1714,1715,1716",easyocr+ranked_item_row_grouping,0.984,manual_review,
사우디아라비아,1-18,호감 저해요인,예능,방송용 자매텍스트 말 풍선 이모티서 등이 너무 많아서,1순위,9.8,%,358.0,"1709,1710,1711,1712,1713,1714,1715,1716",easyocr+ranked_item_row_grouping,0.9523,manual_review,
사우디아라비아,1-18,호감 저해요인,예능,다양한 문화에 대한 고로마가 부족해세인종 성소수자 종교 등,1순위,7.5,%,358.0,"1709,1710,1711,1712,1713,1714,1715,1716",easyocr+ranked_item_row_grouping,0.9982,manual_review,
사우디아라비아,1-18,호감 저해요인,예능,접하기 어려운 환경이어서,1+2순위(중복),18.7,%,358.0,"1709,1710,1711,1712,1713,1714,1715,1716",easyocr+ranked_item_row_grouping,0.7174,manual_review,
사우디아라비아,1-18,호감 저해요인,예능,(시청 경로 부족 인터넷 속되망 문제 정보 부족 등,1+2순위(중복),1.0,%,358.0,"1709,1710,1711,1712,1713,1714,1715,1716",easyocr+ranked_item_row_grouping,0.2439,manual_review,
사우디아라비아,1-18,호감 저해요인,예능,나오는 사람들이 반복적으로 출연해서,1+2순위(중복),11.2,%,358.0,"1709,1710,1711,1712,1713,1714,1715,1716",easyocr+ranked_item_row_grouping,0.9691,manual_review,
사우디아라비아,1-18,호감 저해요인,예능,남성 여성,1+2순위(중복),10.0,%,358.0,"1709,1710,1711,1712,1713,1714,1715,1716",easyocr+ranked_item_row_grouping,0.9132,manual_review,
사우디아라비아,1-18,호감 저해요인,영화,접하기 어려운 환경이어서 (시청 경로 부족 인터넷 속되망 문제   정보 부족 등,1순위,9.8,%,368.0,"1709,1710,1711,1712,1713,1714,1715,1716",easyocr+ranked_item_row_grouping,0.9062,manual_review,
사우디아라비아,1-18,호감 저해요인,영화,언어와 문화가 달라 내용올 이해하기 어려워서,1순위,8.8,%,368.0,"1709,1710,1711,1712,1713,1714,1715,1716",easyocr+ranked_item_row_grouping,1.0,manual_review,
사우디아라비아,1-18,호감 저해요인,영화,과도한 광고 노출이 많아서,1순위,8.7,%,368.0,"1709,1710,1711,1712,1713,1714,1715,1716",easyocr+ranked_item_row_grouping,0.9993,manual_review,
사우디아라비아,1-18,호감 저해요인,영화,순 디양한 문에 대한 고로마 부족해세인종 성소수자 종교 히,1순위,7.1,%,368.0,"1709,1710,1711,1712,1713,1714,1715,1716",easyocr+ranked_item_row_grouping,0.9971,manual_review,
사우디아라비아,1-18,호감 저해요인,영화,폭력  노출 등의 표현방식이 너무 자극적이어서,1+2순위(중복),18.2,%,368.0,"1709,1710,1711,1712,1713,1714,1715,1716",easyocr+ranked_item_row_grouping,0.9943,manual_review,
사우디아라비아,1-18,호감 저해요인,영화,접하기 어려운 환경이어서,1+2순위(중복),18.0,%,368.0,"1709,1710,1711,1712,1713,1714,1715,1716",easyocr+ranked_item_row_grouping,0.9987,manual_review,
사우디아라비아,1-18,호감 저해요인,영화,디양한 문화에 대한 고로가 부족해세인종 성소수자 종교,1+2순위(중복),12.5,%,368.0,"1709,1710,1711,1712,1713,1714,1715,1716",easyocr+ranked_item_row_grouping,0.9997,manual_review,
사우디아라비아,1-18,호감 저해요인,영화,남성 여성,1+2순위(중복),10.0,%,368.0,"1709,1710,1711,1712,1713,1714,1715,1716",easyocr+ranked_item_row_grouping,0.9132,manual_review,
사우디아라비아,1-18,호감 저해요인,음악,} 활악빛앞울등눈빼-픽애어주,1순위,5.7,%,354.0,"1709,1710,1711,1712,1713,1714,1715,1716",easyocr+ranked_item_row_grouping,0.9997,manual_review,
사우디아라비아,1-18,호감 저해요인,음악,지나치게 상업적이어서관련 상품국직) 포토카드 등),1순위,5.3,%,354.0,"1709,1710,1711,1712,1713,1714,1715,1716",easyocr+ranked_item_row_grouping,0.9992,manual_review,
사우디아라비아,1-18,호감 저해요인,음악,한국 아이돌 기획사의 경쟁 시스템이 심해서 다양한 문회에 대한 고려마가 부족해세인종 성소수자 종교 등,1순위,4.2,%,354.0,"1709,1710,1711,1712,1713,1714,1715,1716",easyocr+ranked_item_row_grouping,0.6634,manual_review,
사우디아라비아,1-18,호감 저해요인,음악,흙 자국에서 팬 이멘트 개최 부족,1+2순위(중복),12.4,%,354.0,"1709,1710,1711,1712,1713,1714,1715,1716",easyocr+ranked_item_row_grouping,0.9882,manual_review,
사우디아라비아,1-18,호감 저해요인,음악,음악의 장르가 확일적이어서,1+2순위(중복),10.5,%,354.0,"1709,1710,1711,1712,1713,1714,1715,1716",easyocr+ranked_item_row_grouping,0.9999,manual_review,
사우디아라비아,1-18,호감 저해요인,음악,한국 아이돌 기획사의 경쟁 시스템이 심해서,1+2순위(중복),9.9,%,354.0,"1709,1710,1711,1712,1713,1714,1715,1716",easyocr+ranked_item_row_grouping,0.9992,manual_review,
사우디아라비아,1-18,호감 저해요인,음악,복 피양소 문에 대한 쇼려가 부-해요주 '성소자 종교 등,1+2순위(중복),9.0,%,354.0,"1709,1710,1711,1712,1713,1714,1715,1716",easyocr+ranked_item_row_grouping,0.9999,manual_review,
사우디아라비아,1-18,호감 저해요인,음악,기타,1+2순위(중복),0.5,%,354.0,"1709,1710,1711,1712,1713,1714,1715,1716",easyocr+ranked_item_row_grouping,0.5831,manual_review,
사우디아라비아,1-18,호감 저해요인,애니메이션,다양한 문회에 대한 고마가 부족해세인종 성소수자 종교 등,1순위,3.9,%,363.0,"1709,1710,1711,1712,1713,1714,1715,1716",easyocr+ranked_item_row_grouping,0.9996,manual_review,
사우디아라비아,1-18,호감 저해요인,애니메이션,접하기 어려운 환경이어서,1+2순위(중복),17.5,%,363.0,"1709,1710,1711,1712,1713,1714,1715,1716",easyocr+ranked_item_row_grouping,0.9999,manual_review,
사우디아라비아,1-18,호감 저해요인,애니메이션,흙 다양한 문에 대한 고로마 부족해세인종 성소수자 종교 히,1+2순위(중복),11.0,%,363.0,"1709,1710,1711,1712,1713,1714,1715,1716",easyocr+ranked_item_row_grouping,0.7064,manual_review,
사우디아라비아,1-18,호감 저해요인,애니메이션,Q,1+2순위(중복),2.0,%,363.0,"1709,1710,1711,1712,1713,1714,1715,1716",easyocr+ranked_item_row_grouping,0.3153,manual_review,
사우디아라비아,1-18,호감 저해요인,애니메이션,남성 여성,1+2순위(중복),10.0,%,363.0,"1709,1710,1711,1712,1713,1714,1715,1716",easyocr+ranked_item_row_grouping,0.9132,manual_review,
사우디아라비아,1-18,호감 저해요인,출판물,수 잇용하름다 비용이 많이 들어서,1순위,7.0,%,312.0,"1709,1710,1711,1712,1713,1714,1715,1716",easyocr+ranked_item_row_grouping,0.405,manual_review,
사우디아라비아,1-18,호감 저해요인,출판물,출 캐릭터가 맘에 들지 않아서,순위미상(중복4회 중 1번째),7.0,%,312.0,"1709,1710,1711,1712,1713,1714,1715,1716",easyocr+ranked_item_row_grouping,1.0,manual_review,순위 불명(순위미상(중복4회 중 1번째))
사우디아라비아,1-18,호감 저해요인,출판물,출 캐릭터가 맘에 들지 않아서,순위미상(중복4회 중 2번째),4.5,%,312.0,"1709,1710,1711,1712,1713,1714,1715,1716",easyocr+ranked_item_row_grouping,0.8423,manual_review,순위 불명(순위미상(중복4회 중 2번째))
사우디아라비아,1-18,호감 저해요인,출판물,출 캐릭터가 맘에 들지 않아서,순위미상(중복4회 중 3번째),10.8,%,312.0,"1709,1710,1711,1712,1713,1714,1715,1716",easyocr+ranked_item_row_grouping,0.9998,manual_review,순위 불명(순위미상(중복4회 중 3번째))
사우디아라비아,1-18,호감 저해요인,출판물,출 캐릭터가 맘에 들지 않아서,순위미상(중복4회 중 4번째),7.4,%,312.0,"1709,1710,1711,1712,1713,1714,1715,1716",easyocr+ranked_item_row_grouping,0.9995,manual_review,순위 불명(순위미상(중복4회 중 4번째))
사우디아라비아,1-18,호감 저해요인,출판물,소재 장르 등이 진부획일적이어서,1순위,6.4,%,312.0,"1709,1710,1711,1712,1713,1714,1715,1716",easyocr+ranked_item_row_grouping,0.6491,manual_review,
사우디아라비아,1-18,호감 저해요인,출판물,이용하는데 비용이 많이 들어서,1+2순위(중복),14.4,%,312.0,"1709,1710,1711,1712,1713,1714,1715,1716",easyocr+ranked_item_row_grouping,0.9388,manual_review,
사우디아라비아,1-18,호감 저해요인,출판물,남성 여성,1+2순위(중복),10.0,%,312.0,"1709,1710,1711,1712,1713,1714,1715,1716",easyocr+ranked_item_row_grouping,0.9132,manual_review,
사우디아라비아,1-18,호감 저해요인,웹툰,사용자 환경이 불편해서,1순위,8.4,%,225.0,"1709,1710,1711,1712,1713,1714,1715,1716",easyocr+ranked_item_row_grouping,0.9999,manual_review,
사우디아라비아,1-18,호감 저해요인,웹툰,캐릭터가 맘에 들지 않아서,순위미상(중복3회 중 1번째),5.7,%,225.0,"1709,1710,1711,1712,1713,1714,1715,1716",easyocr+ranked_item_row_grouping,0.9892,manual_review,순위 불명(순위미상(중복3회 중 1번째))
사우디아라비아,1-18,호감 저해요인,웹툰,캐릭터가 맘에 들지 않아서,순위미상(중복3회 중 2번째),2.2,%,225.0,"1709,1710,1711,1712,1713,1714,1715,1716",easyocr+ranked_item_row_grouping,0.6943,manual_review,순위 불명(순위미상(중복3회 중 2번째))
사우디아라비아,1-18,호감 저해요인,웹툰,캐릭터가 맘에 들지 않아서,순위미상(중복3회 중 3번째),5.7,%,225.0,"1709,1710,1711,1712,1713,1714,1715,1716",easyocr+ranked_item_row_grouping,0.9998,manual_review,순위 불명(순위미상(중복3회 중 3번째))
사우디아라비아,1-18,호감 저해요인,웹툰,이용하는데 비용이 많이 들어서,1순위,4.9,%,225.0,"1709,1710,1711,1712,1713,1714,1715,1716",easyocr+ranked_item_row_grouping,0.9991,manual_review,
사우디아라비아,1-18,호감 저해요인,웹툰,(검색 폐이지 넘김 대글 쓰기 결제 편리성 등,1+2순위(중복),16.0,%,225.0,"1709,1710,1711,1712,1713,1714,1715,1716",easyocr+ranked_item_row_grouping,1.0,manual_review,
사우디아라비아,1-18,호감 저해요인,웹툰,"복 캐릭터가 맘대 ""들지 않아서",1+2순위(중복),8.9,%,225.0,"1709,1710,1711,1712,1713,1714,1715,1716",easyocr+ranked_item_row_grouping,0.9489,manual_review,
사우디아라비아,1-18,호감 저해요인,웹툰,Q,1+2순위(중복),2.0,%,225.0,"1709,1710,1711,1712,1713,1714,1715,1716",easyocr+ranked_item_row_grouping,0.4511,manual_review,
사우디아라비아,1-18,호감 저해요인,웹툰,남성 여성,1+2순위(중복),10.0,%,225.0,"1709,1710,1711,1712,1713,1714,1715,1716",easyocr+ranked_item_row_grouping,0.9132,manual_review,
사우디아라비아,1-18,호감 저해요인,게임,다양한 문에 대한 고로가 부족해세인종 성소수자 종교 등,1순위,8.6,%,360.0,"1709,1710,1711,1712,1713,1714,1715,1716",easyocr+ranked_item_row_grouping,0.5593,manual_review,
사우디아라비아,1-18,호감 저해요인,게임,(작은 서버 다운 속도 지연 커유니티 관리 등,1+2순위(중복),1.0,%,360.0,"1709,1710,1711,1712,1713,1714,1715,1716",easyocr+ranked_item_row_grouping,0.3207,manual_review,
사우디아라비아,1-18,호감 저해요인,게임,사용자 환경이 불편해서,1+2순위(중복),14.5,%,360.0,"1709,1710,1711,1712,1713,1714,1715,1716",easyocr+ranked_item_row_grouping,0.975,manual_review,
사우디아라비아,1-18,호감 저해요인,게임,남성 여성,1+2순위(중복),10.0,%,360.0,"1709,1710,1711,1712,1713,1714,1715,1716",easyocr+ranked_item_row_grouping,0.9132,manual_review,
사우디아라비아,1-18,호감 저해요인,패션,제품 종류 및 스타일이 다양하지 않아서,순위미상(중복3회 중 1번째),13.3,%,354.0,"1709,1710,1711,1712,1713,1714,1715,1716",easyocr+ranked_item_row_grouping,0.9976,manual_review,순위 불명(순위미상(중복3회 중 1번째))
사우디아라비아,1-18,호감 저해요인,패션,제품 종류 및 스타일이 다양하지 않아서,순위미상(중복3회 중 2번째),8.8,%,354.0,"1709,1710,1711,1712,1713,1714,1715,1716",easyocr+ranked_item_row_grouping,0.9999,manual_review,순위 불명(순위미상(중복3회 중 2번째))
사우디아라비아,1-18,호감 저해요인,패션,제품 종류 및 스타일이 다양하지 않아서,순위미상(중복3회 중 3번째),26.3,%,354.0,"1709,1710,1711,1712,1713,1714,1715,1716",easyocr+ranked_item_row_grouping,0.9996,manual_review,순위 불명(순위미상(중복3회 중 3번째))
사우디아라비아,1-18,호감 저해요인,패션,둘 다양한 문화에 대한 고려가 부족해서,1+2순위(중복),10.2,%,354.0,"1709,1710,1711,1712,1713,1714,1715,1716",easyocr+ranked_item_row_grouping,0.9964,manual_review,
사우디아라비아,1-18,호감 저해요인,뷰티,제품의 홍보가 지나치게 과장원 것 같아서,1순위,8.0,%,364.0,"1709,1710,1711,1712,1713,1714,1715,1716",easyocr+ranked_item_row_grouping,0.9943,manual_review,
사우디아라비아,1-18,호감 저해요인,뷰티,제품 용기포장의 디자인이 별로여서,1순위,5.8,%,364.0,"1709,1710,1711,1712,1713,1714,1715,1716",easyocr+ranked_item_row_grouping,1.0,manual_review,
사우디아라비아,1-18,호감 저해요인,뷰티,수 u죄 (결 정심- -포 둘|동 다양한 문화에 대한 고려가 부족해서,1순위,4.9,%,364.0,"1709,1710,1711,1712,1713,1714,1715,1716",easyocr+ranked_item_row_grouping,0.9991,manual_review,
사우디아라비아,1-18,호감 저해요인,뷰티,흙 다양한 문화에 대한 (피부 성적 정체성 편습 문제 등) 부족해서,1+2순위(중복),9.1,%,364.0,"1709,1710,1711,1712,1713,1714,1715,1716",easyocr+ranked_item_row_grouping,0.9892,manual_review,
사우디아라비아,1-18,호감 저해요인,뷰티,기타,1+2순위(중복),0.3,%,364.0,"1709,1710,1711,1712,1713,1714,1715,1716",easyocr+ranked_item_row_grouping,0.9637,manual_review,
사우디아라비아,1-18,호감 저해요인,뷰티,남성 여성,1+2순위(중복),10.0,%,364.0,"1709,1710,1711,1712,1713,1714,1715,1716",easyocr+ranked_item_row_grouping,0.8876,manual_review,
사우디아라비아,1-18,호감 저해요인,음식,다양환 문화에 대한 펴려가 부족해서,1순위,12.5,%,366.0,"1709,1710,1711,1712,1713,1714,1715,1716",easyocr+ranked_item_row_grouping,0.9817,manual_review,
사우디아라비아,1-18,호감 저해요인,음식,음식울 나뉘먹는 문화가 어색해서,1순위,4.6,%,366.0,"1709,1710,1711,1712,1713,1714,1715,1716",easyocr+ranked_item_row_grouping,0.9795,manual_review,
사우디아라비아,1-18,호감 저해요인,음식,(종교할철  채식 식문화 등,1+2순위(중복),1.0,%,366.0,"1709,1710,1711,1712,1713,1714,1715,1716",easyocr+ranked_item_row_grouping,0.1266,manual_review,
사우디아라비아,1-18,호감 저해요인,음식,"복 음식올 나뒤먹문""문화가 어색해어",1+2순위(중복),10.1,%,366.0,"1709,1710,1711,1712,1713,1714,1715,1716",easyocr+ranked_item_row_grouping,1.0,manual_review,
사우디아라비아,1-18,호감 저해요인,음식,기타,1+2순위(중복),0.3,%,366.0,"1709,1710,1711,1712,1713,1714,1715,1716",easyocr+ranked_item_row_grouping,0.5838,manual_review,
사우디아라비아,1-18,호감 저해요인,한국어,한국어름 사용할 일이 적어서,1순위,15.3,%,305.0,"1709,1710,1711,1712,1713,1714,1715,1716",easyocr+ranked_item_row_grouping,0.8725,manual_review,
사우디아라비아,1-18,호감 저해요인,한국어,} 한국어일러이표E안임이,1순위,9.5,%,305.0,"1709,1710,1711,1712,1713,1714,1715,1716",easyocr+ranked_item_row_grouping,0.8024,manual_review,
사우디아라비아,1-18,호감 저해요인,한국어,흙 한국어 실력이 늘지 않아서,1+2순위(중복),19.0,%,305.0,"1709,1710,1711,1712,1713,1714,1715,1716",easyocr+ranked_item_row_grouping,0.6291,manual_review,
남아프리카공화국,1-17,호감요인,드라마,수 표현 방식이 과탤록`생성해서,1순위,5.4,%,390.0,"1763,1764,1765,1766,1767,1768",easyocr+ranked_item_row_grouping,1.0,manual_review,
남아프리카공화국,1-17,호감요인,드라마,흙 표현 방식이 과감독특생생해서,1+2순위(중복),12.1,%,390.0,"1763,1764,1765,1766,1767,1768",easyocr+ranked_item_row_grouping,0.5749,manual_review,
남아프리카공화국,1-17,호감요인,예능,감동적이거나 힘림되는 스토리가 있어서,1순위,10.8,%,390.0,"1763,1764,1765,1766,1767,1768",easyocr+ranked_item_row_grouping,0.9998,manual_review,
남아프리카공화국,1-17,호감요인,예능,프로그램 큰심트 및 포맺이 좋아서,1순위,10.3,%,390.0,"1763,1764,1765,1766,1767,1768",easyocr+ranked_item_row_grouping,0.9996,manual_review,
남아프리카공화국,1-17,호감요인,예능,남성 여성,1+2순위(중복),10.0,%,390.0,"1763,1764,1765,1766,1767,1768",easyocr+ranked_item_row_grouping,0.4444,manual_review,
남아프리카공화국,1-17,호감요인,영화,표현 방식이 사실적이어서,1순위,7.7,%,390.0,"1763,1764,1765,1766,1767,1768",easyocr+ranked_item_row_grouping,0.9992,manual_review,
남아프리카공화국,1-17,호감요인,영화,패센부티 등 한국 최신 트럭드록 볼 수 있어서,1+2순위(중복),12.7,%,390.0,"1763,1764,1765,1766,1767,1768",easyocr+ranked_item_row_grouping,0.9998,manual_review,
남아프리카공화국,1-17,호감요인,음악,남성 여성,1+2순위(중복),10.0,%,391.0,"1763,1764,1765,1766,1767,1768",easyocr+ranked_item_row_grouping,0.4444,manual_review,
남아프리카공화국,1-17,호감요인,애니메이션,캐릭터의 성격역할이 마음에 들어서,1순위,11.2,%,393.0,"1763,1764,1765,1766,1767,1768",easyocr+ranked_item_row_grouping,0.974,manual_review,
남아프리카공화국,1-17,호감요인,애니메이션,한국 생활문회름 간접 경험하거나 이해할 수 있어서,1순위,9.7,%,393.0,"1763,1764,1765,1766,1767,1768",easyocr+ranked_item_row_grouping,0.9968,manual_review,
남아프리카공화국,1-17,호감요인,애니메이션,기타,1+2순위(중복),0.8,%,393.0,"1763,1764,1765,1766,1767,1768",easyocr+ranked_item_row_grouping,0.9984,manual_review,
남아프리카공화국,1-17,호감요인,출판물,인기 있는 한류 굳렌츠의 원작인 경우가 많아서,1순위,9.1,%,209.0,"1763,1764,1765,1766,1767,1768",easyocr+ranked_item_row_grouping,0.9999,manual_review,
남아프리카공화국,1-17,호감요인,출판물,다양한 소재 또는 장르름 다리서,1+2순위(중복),19.2,%,209.0,"1763,1764,1765,1766,1767,1768",easyocr+ranked_item_row_grouping,0.9999,manual_review,
남아프리카공화국,1-17,호감요인,출판물,남성 여성,1+2순위(중복),10.0,%,209.0,"1763,1764,1765,1766,1767,1768",easyocr+ranked_item_row_grouping,0.4444,manual_review,
남아프리카공화국,1-17,호감요인,웹툰,유 온라인로바일 플렉몸흘 통해 접활-주 있어서,1순위,8.5,%,257.0,"1763,1764,1765,1766,1767,1768",easyocr+ranked_item_row_grouping,0.9999,manual_review,
남아프리카공화국,1-17,호감요인,웹툰,온라인모바일 플렉품올 통해 접할 수 있어서,1+2순위(중복),17.9,%,257.0,"1763,1764,1765,1766,1767,1768",easyocr+ranked_item_row_grouping,0.7711,manual_review,
남아프리카공화국,1-17,호감요인,게임,디른 게p미들과 네트위f틀 형성하고 햄 월수 있,1순위,9.1,%,383.0,"1763,1764,1765,1766,1767,1768",easyocr+ranked_item_row_grouping,1.0,manual_review,
남아프리카공화국,1-17,호감요인,게임,디른 게p머들과 네트위크름 형성하고 햄 질수 앞,1+2순위(중복),15.7,%,383.0,"1763,1764,1765,1766,1767,1768",easyocr+ranked_item_row_grouping,0.9998,manual_review,
남아프리카공화국,1-17,호감요인,게임,흙 한국 게임 동영상 스트리머가 좋아서,1+2순위(중복),15.5,%,383.0,"1763,1764,1765,1766,1767,1768",easyocr+ranked_item_row_grouping,0.9998,manual_review,
남아프리카공화국,1-17,호감요인,게임,남성 여성,1+2순위(중복),10.0,%,383.0,"1763,1764,1765,1766,1767,1768",easyocr+ranked_item_row_grouping,0.4444,manual_review,
남아프리카공화국,1-17,호감요인,뷰티,남성 여성,1+2순위(중복),10.0,%,396.0,"1763,1764,1765,1766,1767,1768",easyocr+ranked_item_row_grouping,0.4444,manual_review,
남아프리카공화국,1-17,호감요인,음식,맛이 있어서,1순위,28.3,%,386.0,"1763,1764,1765,1766,1767,1768",easyocr+ranked_item_row_grouping,0.9998,manual_review,
남아프리카공화국,1-17,호감요인,한국어,수 한글이 만들어집 역사출 알 수 잇어서,1순위,8.7,%,207.0,"1763,1764,1765,1766,1767,1768",easyocr+ranked_item_row_grouping,0.9998,manual_review,
남아프리카공화국,1-17,호감요인,한국어,한글이 배우기 쉬위서,1순위,5.3,%,207.0,"1763,1764,1765,1766,1767,1768",easyocr+ranked_item_row_grouping,0.9999,manual_review,
남아프리카공화국,1-17,호감요인,한국어,한국 단어나 표현 방식이 좋아서,1+2순위(중복),23.7,%,207.0,"1763,1764,1765,1766,1767,1768",easyocr+ranked_item_row_grouping,0.9991,manual_review,
남아프리카공화국,1-17,호감요인,한국어,한글이 만들어진 역사흘 알 수 있어서,1+2순위(중복),14.4,%,207.0,"1763,1764,1765,1766,1767,1768",easyocr+ranked_item_row_grouping,0.9991,manual_review,
남아프리카공화국,1-17,호감요인,한국어,복 한글이 배우지 취원서,1+2순위(중복),10.2,%,207.0,"1763,1764,1765,1766,1767,1768",easyocr+ranked_item_row_grouping,0.9964,manual_review,
남아프리카공화국,1-18,호감 저해요인,드라마,한 회당 방영 시간이 길어서,1순위,6.0,%,390.0,"1769,1770,1771,1772,1773,1774,1775,1776",easyocr+ranked_item_row_grouping,0.6534,manual_review,
남아프리카공화국,1-18,호감 저해요인,드라마,숲 접하기 어려운 환경이어서 (시청 경로 부족 인터넷 속되망 문제   정보 부족 등,1순위,4.4,%,390.0,"1769,1770,1771,1772,1773,1774,1775,1776",easyocr+ranked_item_row_grouping,0.9871,manual_review,
남아프리카공화국,1-18,호감 저해요인,드라마,폭력노출 등 표현방식이 너무 강해서,1순위,1.3,%,390.0,"1769,1770,1771,1772,1773,1774,1775,1776",easyocr+ranked_item_row_grouping,0.9846,manual_review,
남아프리카공화국,1-18,호감 저해요인,드라마,디양한 문화에 대한 고로가 부족해세인종 성소수자 종교 텅,1순위,1.3,%,390.0,"1769,1770,1771,1772,1773,1774,1775,1776",easyocr+ranked_item_row_grouping,0.9846,manual_review,
남아프리카공화국,1-18,호감 저해요인,드라마,흙 한국적 요소가 강해세한국 문화전통스토리 등,1+2순위(중복),8.9,%,390.0,"1769,1770,1771,1772,1773,1774,1775,1776",easyocr+ranked_item_row_grouping,0.7852,manual_review,
남아프리카공화국,1-18,호감 저해요인,드라마,다양한 문에 대한 고려마 부족해세인종 성소수자 종교 텅,1+2순위(중복),5.9,%,390.0,"1769,1770,1771,1772,1773,1774,1775,1776",easyocr+ranked_item_row_grouping,0.9992,manual_review,
남아프리카공화국,1-18,호감 저해요인,드라마,폭력노출 등 표현방식이 너무 강해서 한국 드라마 배우 관계자의 부적절한 언행,1+2순위(중복),4.4,%,390.0,"1769,1770,1771,1772,1773,1774,1775,1776",easyocr+ranked_item_row_grouping,0.9871,manual_review,
남아프리카공화국,1-18,호감 저해요인,예능,방송용 지매텍스 말 풍선 이모티서 덩이 너무 많아서,1순위,8.5,%,390.0,"1769,1770,1771,1772,1773,1774,1775,1776",easyocr+ranked_item_row_grouping,0.8767,manual_review,
남아프리카공화국,1-18,호감 저해요인,예능,순 과도한 광고 노출이 많아서,1순위,6.6,%,390.0,"1769,1770,1771,1772,1773,1774,1775,1776",easyocr+ranked_item_row_grouping,0.9937,manual_review,
남아프리카공화국,1-18,호감 저해요인,예능,위 디양한 문에 대한 고가 부족해세인종 성소수자 종교 등,1순위,5.9,%,390.0,"1769,1770,1771,1772,1773,1774,1775,1776",easyocr+ranked_item_row_grouping,1.0,manual_review,
남아프리카공화국,1-18,호감 저해요인,예능,출연진 관계자의 부적절한 언행,1순위,3.1,%,390.0,"1769,1770,1771,1772,1773,1774,1775,1776",easyocr+ranked_item_row_grouping,0.9287,manual_review,
남아프리카공화국,1-18,호감 저해요인,예능,방송용 자매텍스트 말 풍선 이모티롬 등이 너무 많아서,1+2순위(중복),14.9,%,390.0,"1769,1770,1771,1772,1773,1774,1775,1776",easyocr+ranked_item_row_grouping,1.0,manual_review,
남아프리카공화국,1-18,호감 저해요인,예능,다양한 문회에 대한 고로가 부족해세인종 성소수자 종교,1+2순위(중복),11.7,%,390.0,"1769,1770,1771,1772,1773,1774,1775,1776",easyocr+ranked_item_row_grouping,0.9999,manual_review,
남아프리카공화국,1-18,호감 저해요인,예능,흙 게스트들의 토크에 의존하는 포맺이 많아서,1+2순위(중복),11.3,%,390.0,"1769,1770,1771,1772,1773,1774,1775,1776",easyocr+ranked_item_row_grouping,0.9998,manual_review,
남아프리카공화국,1-18,호감 저해요인,예능,복 출영진-관계자의 부적절화_언행,1+2순위(중복),5.4,%,390.0,"1769,1770,1771,1772,1773,1774,1775,1776",easyocr+ranked_item_row_grouping,0.4536,manual_review,
남아프리카공화국,1-18,호감 저해요인,예능,Q,1+2순위(중복),2.0,%,390.0,"1769,1770,1771,1772,1773,1774,1775,1776",easyocr+ranked_item_row_grouping,0.2443,manual_review,
남아프리카공화국,1-18,호감 저해요인,예능,남성 여성,1+2순위(중복),10.0,%,390.0,"1769,1770,1771,1772,1773,1774,1775,1776",easyocr+ranked_item_row_grouping,0.9132,manual_review,
남아프리카공화국,1-18,호감 저해요인,영화,다양한 문에 대한 고까마가 부족해세인종 성소수자 종교 히,1순위,4.3,%,390.0,"1769,1770,1771,1772,1773,1774,1775,1776",easyocr+ranked_item_row_grouping,0.9847,manual_review,
남아프리카공화국,1-18,호감 저해요인,영화,} 형화글 보르데 비용이 많이 틀업서,1순위,4.1,%,390.0,"1769,1770,1771,1772,1773,1774,1775,1776",easyocr+ranked_item_row_grouping,0.9938,manual_review,
남아프리카공화국,1-18,호감 저해요인,영화,영화들 보는데 비용이 많이 들어서,1+2순위(중복),10.3,%,390.0,"1769,1770,1771,1772,1773,1774,1775,1776",easyocr+ranked_item_row_grouping,0.968,manual_review,
남아프리카공화국,1-18,호감 저해요인,영화,다양한 문회에 대한 고려가 부족해세인종 성소수자 종교 등,1+2순위(중복),9.1,%,390.0,"1769,1770,1771,1772,1773,1774,1775,1776",easyocr+ranked_item_row_grouping,0.9994,manual_review,
남아프리카공화국,1-18,호감 저해요인,영화,Q,1+2순위(중복),2.0,%,390.0,"1769,1770,1771,1772,1773,1774,1775,1776",easyocr+ranked_item_row_grouping,0.4776,manual_review,
남아프리카공화국,1-18,호감 저해요인,영화,남성 여성,1+2순위(중복),10.0,%,390.0,"1769,1770,1771,1772,1773,1774,1775,1776",easyocr+ranked_item_row_grouping,0.9132,manual_review,
남아프리카공화국,1-18,호감 저해요인,음악,음악의 장르가 확일적이어서,1순위,6.4,%,391.0,"1769,1770,1771,1772,1773,1774,1775,1776",easyocr+ranked_item_row_grouping,0.6363,manual_review,
남아프리카공화국,1-18,호감 저해요인,음악,다양한 문회에 대한 고까마가 부족해세인종 성소수자 종교 히,1순위,2.1,%,391.0,"1769,1770,1771,1772,1773,1774,1775,1776",easyocr+ranked_item_row_grouping,0.9795,manual_review,
남아프리카공화국,1-18,호감 저해요인,음악,자국 내 곳즈 구입 경로 부족,1+2순위(중복),16.0,%,391.0,"1769,1770,1771,1772,1773,1774,1775,1776",easyocr+ranked_item_row_grouping,0.9738,manual_review,
남아프리카공화국,1-18,호감 저해요인,음악,둘 디양한 문화에 대한 고로마가 부족해세인종 성소수자 종교 텅,1+2순위(중복),6.2,%,391.0,"1769,1770,1771,1772,1773,1774,1775,1776",easyocr+ranked_item_row_grouping,0.4405,manual_review,
남아프리카공화국,1-18,호감 저해요인,음악,기타,1+2순위(중복),0.8,%,391.0,"1769,1770,1771,1772,1773,1774,1775,1776",easyocr+ranked_item_row_grouping,0.9992,manual_review,
남아프리카공화국,1-18,호감 저해요인,애니메이션,숲 접하기 어려운 환경이어서 (시청 경로 부족 인터넷 속되망 문제   정보 부족 등,1순위,5.6,%,393.0,"1769,1770,1771,1772,1773,1774,1775,1776",easyocr+ranked_item_row_grouping,0.9994,manual_review,
남아프리카공화국,1-18,호감 저해요인,애니메이션,접하기 어려운 환경이어서,1+2순위(중복),13.3,%,393.0,"1769,1770,1771,1772,1773,1774,1775,1776",easyocr+ranked_item_row_grouping,0.8077,manual_review,
남아프리카공화국,1-18,호감 저해요인,애니메이션,지나치게 상업적이어서,1+2순위(중복),11.7,%,393.0,"1769,1770,1771,1772,1773,1774,1775,1776",easyocr+ranked_item_row_grouping,0.5385,manual_review,
남아프리카공화국,1-18,호감 저해요인,애니메이션,기타,1+2순위(중복),0.5,%,393.0,"1769,1770,1771,1772,1773,1774,1775,1776",easyocr+ranked_item_row_grouping,0.9804,manual_review,
남아프리카공화국,1-18,호감 저해요인,애니메이션,남성 여성,1+2순위(중복),10.0,%,393.0,"1769,1770,1771,1772,1773,1774,1775,1776",easyocr+ranked_item_row_grouping,0.9548,manual_review,
남아프리카공화국,1-18,호감 저해요인,출판물,"수 옷유""꿈역살회교적 관계록 인해서",1순위,8.2,%,29.0,"1769,1770,1771,1772,1773,1774,1775,1776",easyocr+ranked_item_row_grouping,0.8914,manual_review,
남아프리카공화국,1-18,호감 저해요인,출판물,스토리가 맘에 들지 않아서,순위미상(중복4회 중 1번째),4.3,%,29.0,"1769,1770,1771,1772,1773,1774,1775,1776",easyocr+ranked_item_row_grouping,0.9847,manual_review,순위 불명(순위미상(중복4회 중 1번째))
남아프리카공화국,1-18,호감 저해요인,출판물,스토리가 맘에 들지 않아서,순위미상(중복4회 중 2번째),2.4,%,29.0,"1769,1770,1771,1772,1773,1774,1775,1776",easyocr+ranked_item_row_grouping,0.9996,manual_review,순위 불명(순위미상(중복4회 중 2번째))
남아프리카공화국,1-18,호감 저해요인,출판물,스토리가 맘에 들지 않아서,순위미상(중복4회 중 3번째),9.1,%,29.0,"1769,1770,1771,1772,1773,1774,1775,1776",easyocr+ranked_item_row_grouping,0.9982,manual_review,순위 불명(순위미상(중복4회 중 3번째))
남아프리카공화국,1-18,호감 저해요인,출판물,스토리가 맘에 들지 않아서,순위미상(중복4회 중 4번째),5.2,%,29.0,"1769,1770,1771,1772,1773,1774,1775,1776",easyocr+ranked_item_row_grouping,0.4968,manual_review,순위 불명(순위미상(중복4회 중 4번째))
남아프리카공화국,1-18,호감 저해요인,출판물,남성 여성,1+2순위(중복),10.0,%,29.0,"1769,1770,1771,1772,1773,1774,1775,1776",easyocr+ranked_item_row_grouping,0.9132,manual_review,
남아프리카공화국,1-18,호감 저해요인,웹툰,접하기 어려운 환경이어서,1순위,9.8,%,257.0,"1769,1770,1771,1772,1773,1774,1775,1776",easyocr+ranked_item_row_grouping,0.9993,manual_review,
남아프리카공화국,1-18,호감 저해요인,웹툰,사용자 환경이 불편해서,1순위,5.4,%,257.0,"1769,1770,1771,1772,1773,1774,1775,1776",easyocr+ranked_item_row_grouping,0.7789,manual_review,
남아프리카공화국,1-18,호감 저해요인,웹툰,캐릭터가 맘에 들지 않아서,순위미상(중복4회 중 1번째),3.9,%,257.0,"1769,1770,1771,1772,1773,1774,1775,1776",easyocr+ranked_item_row_grouping,0.876,manual_review,순위 불명(순위미상(중복4회 중 1번째))
남아프리카공화국,1-18,호감 저해요인,웹툰,캐릭터가 맘에 들지 않아서,순위미상(중복4회 중 2번째),2.7,%,257.0,"1769,1770,1771,1772,1773,1774,1775,1776",easyocr+ranked_item_row_grouping,1.0,manual_review,순위 불명(순위미상(중복4회 중 2번째))
남아프리카공화국,1-18,호감 저해요인,웹툰,캐릭터가 맘에 들지 않아서,순위미상(중복4회 중 3번째),5.9,%,257.0,"1769,1770,1771,1772,1773,1774,1775,1776",easyocr+ranked_item_row_grouping,0.7396,manual_review,순위 불명(순위미상(중복4회 중 3번째))
남아프리카공화국,1-18,호감 저해요인,웹툰,캐릭터가 맘에 들지 않아서,순위미상(중복4회 중 4번째),5.4,%,257.0,"1769,1770,1771,1772,1773,1774,1775,1776",easyocr+ranked_item_row_grouping,0.4536,manual_review,순위 불명(순위미상(중복4회 중 4번째))
남아프리카공화국,1-18,호감 저해요인,웹툰,(시청 경로 부족 인터넷 속되망 문제 정보 부족 등,1+2순위(중복),19.4,%,257.0,"1769,1770,1771,1772,1773,1774,1775,1776",easyocr+ranked_item_row_grouping,0.9893,manual_review,
남아프리카공화국,1-18,호감 저해요인,웹툰,남성 여성,1+2순위(중복),10.0,%,257.0,"1769,1770,1771,1772,1773,1774,1775,1776",easyocr+ranked_item_row_grouping,0.9132,manual_review,
남아프리카공화국,1-18,호감 저해요인,게임,다양한 문에 대한 고까마가 부족해세인종 성소수자 종교 히,1순위,7.8,%,383.0,"1769,1770,1771,1772,1773,1774,1775,1776",easyocr+ranked_item_row_grouping,0.9986,manual_review,
남아프리카공화국,1-18,호감 저해요인,게임,다양한 문회에 대한 고려가 부족해세인종 성소수자 종교 등,1+2순위(중복),11.6,%,383.0,"1769,1770,1771,1772,1773,1774,1775,1776",easyocr+ranked_item_row_grouping,0.9997,manual_review,
남아프리카공화국,1-18,호감 저해요인,게임,기타,1+2순위(중복),0.3,%,383.0,"1769,1770,1771,1772,1773,1774,1775,1776",easyocr+ranked_item_row_grouping,0.8428,manual_review,
남아프리카공화국,1-18,호감 저해요인,게임,남성 여성,1+2순위(중복),10.0,%,383.0,"1769,1770,1771,1772,1773,1774,1775,1776",easyocr+ranked_item_row_grouping,0.9132,manual_review,
남아프리카공화국,1-18,호감 저해요인,패션,제품 종류 및 스타일이 다양하지 않아서,순위미상(중복3회 중 1번째),18.8,%,396.0,"1769,1770,1771,1772,1773,1774,1775,1776",easyocr+ranked_item_row_grouping,0.9999,manual_review,순위 불명(순위미상(중복3회 중 1번째))
남아프리카공화국,1-18,호감 저해요인,패션,제품 종류 및 스타일이 다양하지 않아서,순위미상(중복3회 중 2번째),4.8,%,396.0,"1769,1770,1771,1772,1773,1774,1775,1776",easyocr+ranked_item_row_grouping,0.9988,manual_review,순위 불명(순위미상(중복3회 중 2번째))
남아프리카공화국,1-18,호감 저해요인,패션,제품 종류 및 스타일이 다양하지 않아서,순위미상(중복3회 중 3번째),11.1,%,396.0,"1769,1770,1771,1772,1773,1774,1775,1776",easyocr+ranked_item_row_grouping,0.9996,manual_review,순위 불명(순위미상(중복3회 중 3번째))
남아프리카공화국,1-18,호감 저해요인,패션,다양한 문화에 대한 고려가 부족해서,1순위,6.3,%,396.0,"1769,1770,1771,1772,1773,1774,1775,1776",easyocr+ranked_item_row_grouping,0.9957,manual_review,
남아프리카공화국,1-18,호감 저해요인,패션,선 사이즈가 다양하지 않아서,1순위,29.6,%,396.0,"1769,1770,1771,1772,1773,1774,1775,1776",easyocr+ranked_item_row_grouping,0.6321,manual_review,
남아프리카공화국,1-18,호감 저해요인,패션,(종교 인종 장애 관습 문제 등,1+2순위(중복),2.0,%,396.0,"1769,1770,1771,1772,1773,1774,1775,1776",easyocr+ranked_item_row_grouping,0.3944,manual_review,
남아프리카공화국,1-18,호감 저해요인,패션,기타,1+2순위(중복),0.2,%,396.0,"1769,1770,1771,1772,1773,1774,1775,1776",easyocr+ranked_item_row_grouping,0.9351,manual_review,
남아프리카공화국,1-18,호감 저해요인,뷰티,다양한 문화에 대한 (피부튼  성적 정체성 편장 문제 등) 부족해서,1순위,8.1,%,396.0,"1769,1770,1771,1772,1773,1774,1775,1776",easyocr+ranked_item_row_grouping,0.9955,manual_review,
남아프리카공화국,1-18,호감 저해요인,뷰티,품질 대비 가격이 비싸서,1순위,6.3,%,396.0,"1769,1770,1771,1772,1773,1774,1775,1776",easyocr+ranked_item_row_grouping,0.9999,manual_review,
남아프리카공화국,1-18,호감 저해요인,뷰티,특정 성훨인삼  한방 성분이 기호에 맞지 않아서,1순위,4.5,%,396.0,"1769,1770,1771,1772,1773,1774,1775,1776",easyocr+ranked_item_row_grouping,0.9959,manual_review,
남아프리카공화국,1-18,호감 저해요인,뷰티,다양한 문화에 대한 (피부튼  성적 정체성 편장 부족해서 문제 등),1+2순위(중복),15.7,%,396.0,"1769,1770,1771,1772,1773,1774,1775,1776",easyocr+ranked_item_row_grouping,0.9229,manual_review,
남아프리카공화국,1-18,호감 저해요인,뷰티,흙 품질이 떨어저서,1+2순위(중복),8.3,%,396.0,"1769,1770,1771,1772,1773,1774,1775,1776",easyocr+ranked_item_row_grouping,0.9952,manual_review,
남아프리카공화국,1-18,호감 저해요인,뷰티,Q,1+2순위(중복),2.0,%,396.0,"1769,1770,1771,1772,1773,1774,1775,1776",easyocr+ranked_item_row_grouping,0.3795,manual_review,
남아프리카공화국,1-18,호감 저해요인,뷰티,남성 여성,1+2순위(중복),10.0,%,396.0,"1769,1770,1771,1772,1773,1774,1775,1776",easyocr+ranked_item_row_grouping,0.9132,manual_review,
남아프리카공화국,1-18,호감 저해요인,음식,제공하는 음식이 다양하지 않아서,1순위,8.5,%,386.0,"1769,1770,1771,1772,1773,1774,1775,1776",easyocr+ranked_item_row_grouping,1.0,manual_review,
남아프리카공화국,1-18,호감 저해요인,음식,슈 (종페할증  채식 '식문화 등,1순위,8.1,%,386.0,"1769,1770,1771,1772,1773,1774,1775,1776",easyocr+ranked_item_row_grouping,0.9998,manual_review,
남아프리카공화국,1-18,호감 저해요인,음식,다양한 문화에 대한 고려가 부족해서,1+2순위(중복),14.3,%,386.0,"1769,1770,1771,1772,1773,1774,1775,1776",easyocr+ranked_item_row_grouping,0.8752,manual_review,
남아프리카공화국,1-18,호감 저해요인,한국어,한글이 만들어진 역사와 원리름 이해하기 어려워세생소해세,1순위,13.5,%,207.0,"1769,1770,1771,1772,1773,1774,1775,1776",easyocr+ranked_item_row_grouping,0.9989,manual_review,
남아프리카공화국,1-18,호감 저해요인,한국어,@ 한국어의 소리가 불편하거나 어색해서,1순위,5.7,%,207.0,"1769,1770,1771,1772,1773,1774,1775,1776",easyocr+ranked_item_row_grouping,0.9204,manual_review,
남아프리카공화국,1-18,호감 저해요인,한국어,복한국어의 쓰리가 불편하기나 어색해_,1+2순위(중복),13.0,%,207.0,"1769,1770,1771,1772,1773,1774,1775,1776",easyocr+ranked_item_row_grouping,0.999,manual_review,
이집트,1-17,호감요인,드라마,한국 생활문회틀 간접 경험하거나 이해할 수 있어서,1순위,7.6,%,447.0,"1823,1824,1825,1826,1827,1828",easyocr+ranked_item_row_grouping,0.9989,manual_review,
이집트,1-17,호감요인,예능,출연진들 간의 팀위크가 돌보여서,1순위,11.0,%,461.0,"1823,1824,1825,1826,1827,1828",easyocr+ranked_item_row_grouping,1.0,manual_review,
이집트,1-17,호감요인,예능,수 프로그램 큰심트 및 포맺이 좋아서,1순위,10.0,%,461.0,"1823,1824,1825,1826,1827,1828",easyocr+ranked_item_row_grouping,0.9817,manual_review,
이집트,1-17,호감요인,예능,흙 프로그램 큰센트 및 포패이 좋아서,1+2순위(중복),18.9,%,461.0,"1823,1824,1825,1826,1827,1828",easyocr+ranked_item_row_grouping,0.7826,manual_review,
이집트,1-17,호감요인,예능,물 출연진들 과의 -팀위크가 동본여서,1+2순위(중복),18.0,%,461.0,"1823,1824,1825,1826,1827,1828",easyocr+ranked_item_row_grouping,0.9987,manual_review,
이집트,1-17,호감요인,예능,남성 여성,1+2순위(중복),10.0,%,461.0,"1823,1824,1825,1826,1827,1828",easyocr+ranked_item_row_grouping,0.4444,manual_review,
이집트,1-17,호감요인,영화,한국 생활문회름 간접 경험하거나 이해할 수 있어서,1순위,4.9,%,450.0,"1823,1824,1825,1826,1827,1828",easyocr+ranked_item_row_grouping,0.9958,manual_review,
이집트,1-17,호감요인,음악,패센부티 등 한국 최신 트렌드록 볼 수 있어서,1순위,8.9,%,363.0,"1823,1824,1825,1826,1827,1828",easyocr+ranked_item_row_grouping,0.9998,manual_review,
이집트,1-17,호감요인,음악,수 가주교둘과 편 사이에 유대감이 좋아서,1순위,8.8,%,363.0,"1823,1824,1825,1826,1827,1828",easyocr+ranked_item_row_grouping,0.9999,manual_review,
이집트,1-17,호감요인,음악,온라인모바일 플쨌품올 통해 접할 수 있어서,1순위,8.5,%,363.0,"1823,1824,1825,1826,1827,1828",easyocr+ranked_item_row_grouping,0.6373,manual_review,
이집트,1-17,호감요인,음악,약악 기타,1순위,0.3,%,363.0,"1823,1824,1825,1826,1827,1828",easyocr+ranked_item_row_grouping,0.7148,manual_review,
이집트,1-17,호감요인,음악,가쉬그룹과 팬 사이에 유대감이 좋아서,1+2순위(중복),18.4,%,363.0,"1823,1824,1825,1826,1827,1828",easyocr+ranked_item_row_grouping,0.7369,manual_review,
이집트,1-17,호감요인,음악,위 패션분티 등 한국 최신 트럭드록 볼 수 있어서,1+2순위(중복),16.0,%,363.0,"1823,1824,1825,1826,1827,1828",easyocr+ranked_item_row_grouping,1.0,manual_review,
이집트,1-17,호감요인,음악,복 온라인모밥일 _플렉품올 통해 접할 수 있어서,1+2순위(중복),14.6,%,363.0,"1823,1824,1825,1826,1827,1828",easyocr+ranked_item_row_grouping,0.9634,manual_review,
이집트,1-17,호감요인,음악,기타,1+2순위(중복),0.3,%,363.0,"1823,1824,1825,1826,1827,1828",easyocr+ranked_item_row_grouping,0.9998,manual_review,
이집트,1-17,호감요인,음악,남성 여성,1+2순위(중복),10.0,%,363.0,"1823,1824,1825,1826,1827,1828",easyocr+ranked_item_row_grouping,0.4444,manual_review,
이집트,1-17,호감요인,애니메이션,캐릭터의 성격역할이 마음에 들어서,1순위,11.3,%,451.0,"1823,1824,1825,1826,1827,1828",easyocr+ranked_item_row_grouping,0.9974,manual_review,
이집트,1-17,호감요인,애니메이션,위 스토리가 짜임새 있고 단단해서,1순위,8.6,%,451.0,"1823,1824,1825,1826,1827,1828",easyocr+ranked_item_row_grouping,1.0,manual_review,
이집트,1-17,호감요인,애니메이션,둘 온라인모바일 플렉품올 통해 접할 수 있어서,1+2순위(중복),16.4,%,451.0,"1823,1824,1825,1826,1827,1828",easyocr+ranked_item_row_grouping,0.9999,manual_review,
이집트,1-17,호감요인,애니메이션,기타,1+2순위(중복),0.2,%,451.0,"1823,1824,1825,1826,1827,1828",easyocr+ranked_item_row_grouping,0.9998,manual_review,
이집트,1-17,호감요인,출판물,다양한 소재 또는 장르름 다리서,1순위,8.9,%,326.0,"1823,1824,1825,1826,1827,1828",easyocr+ranked_item_row_grouping,0.7088,manual_review,
이집트,1-17,호감요인,출판물,좋아하는 작가라서,1+2순위(중복),16.4,%,326.0,"1823,1824,1825,1826,1827,1828",easyocr+ranked_item_row_grouping,0.9995,manual_review,
이집트,1-17,호감요인,출판물,남성 여성,1+2순위(중복),10.0,%,326.0,"1823,1824,1825,1826,1827,1828",easyocr+ranked_item_row_grouping,0.4444,manual_review,
이집트,1-17,호감요인,게임,디른 게p머들과 네트위f름 형성히고 햄게 월수 앞서,1순위,8.9,%,445.0,"1823,1824,1825,1826,1827,1828",easyocr+ranked_item_row_grouping,0.9907,manual_review,
이집트,1-17,호감요인,게임,슈 한용하로제이전간 장.철 다력서,1순위,7.8,%,445.0,"1823,1824,1825,1826,1827,1828",easyocr+ranked_item_row_grouping,0.9964,manual_review,
이집트,1-17,호감요인,게임,복 다양한 소재 또는 장르록 다리서,1+2순위(중복),13.9,%,445.0,"1823,1824,1825,1826,1827,1828",easyocr+ranked_item_row_grouping,0.9008,manual_review,
이집트,1-17,호감요인,게임,남성 여성,1+2순위(중복),10.0,%,445.0,"1823,1824,1825,1826,1827,1828",easyocr+ranked_item_row_grouping,0.4444,manual_review,
이집트,1-17,호감요인,패션,좋아하는 인플루언서가 직접 사용홍보해서,1순위,9.4,%,455.0,"1823,1824,1825,1826,1827,1828",easyocr+ranked_item_row_grouping,0.9994,manual_review,
이집트,1-17,호감요인,패션,품질 대비 가격이 저럼해서,1순위,8.8,%,455.0,"1823,1824,1825,1826,1827,1828",easyocr+ranked_item_row_grouping,0.9999,manual_review,
이집트,1-17,호감요인,뷰티,수 콤질 다비 가격이 저렬해서,1순위,7.8,%,462.0,"1823,1824,1825,1826,1827,1828",easyocr+ranked_item_row_grouping,0.9993,manual_review,
이집트,1-17,호감요인,뷰티,흙 품질 대비 가격이 저럼해서,1+2순위(중복),14.3,%,462.0,"1823,1824,1825,1826,1827,1828",easyocr+ranked_item_row_grouping,0.9596,manual_review,
이집트,1-17,호감요인,뷰티,Q,1+2순위(중복),2.0,%,462.0,"1823,1824,1825,1826,1827,1828",easyocr+ranked_item_row_grouping,0.3106,manual_review,
이집트,1-17,호감요인,뷰티,남성 여성,1+2순위(중복),10.0,%,462.0,"1823,1824,1825,1826,1827,1828",easyocr+ranked_item_row_grouping,0.4444,manual_review,
이집트,1-17,호감요인,한국어,한글이 과학적인 표기법 체제틀 갖추고 있어서,1순위,3.6,%,360.0,"1823,1824,1825,1826,1827,1828",easyocr+ranked_item_row_grouping,0.5882,manual_review,
이집트,1-17,호감요인,한국어,복 한글이 과화적인 표서법 체계틀 갖추고 있어서,1+2순위(중복),9.8,%,360.0,"1823,1824,1825,1826,1827,1828",easyocr+ranked_item_row_grouping,0.9995,manual_review,
이집트,1-18,호감 저해요인,드라마,폭력노출 등 표현방식이 너무 강해서,1순위,5.3,%,47.0,"1829,1830,1831,1832,1833,1834,1835,1836",easyocr+ranked_item_row_grouping,0.8423,manual_review,
이집트,1-18,호감 저해요인,드라마,수 표히[어통 표T방색,1순위,4.3,%,47.0,"1829,1830,1831,1832,1833,1834,1835,1836",easyocr+ranked_item_row_grouping,0.7133,manual_review,
이집트,1-18,호감 저해요인,드라마,다양한 문회에 대한 고가 부족해세인종 성소수자 종교 등,1순위,2.2,%,47.0,"1829,1830,1831,1832,1833,1834,1835,1836",easyocr+ranked_item_row_grouping,0.3449,manual_review,
이집트,1-18,호감 저해요인,드라마,(시청 경로 부족 인터넷 속되망 문제   정보 부족 등,1+2순위(중복),15.5,%,47.0,"1829,1830,1831,1832,1833,1834,1835,1836",easyocr+ranked_item_row_grouping,0.9927,manual_review,
이집트,1-18,호감 저해요인,드라마,디양한 문화에 대한 고로가 부족해세인종 성소수자 종교 텅,1+2순위(중복),6.7,%,47.0,"1829,1830,1831,1832,1833,1834,1835,1836",easyocr+ranked_item_row_grouping,0.9978,manual_review,
이집트,1-18,호감 저해요인,예능,수 제스듯물의 )@에 의존하텅 히표멋이 많아서,1순위,6.3,%,461.0,"1829,1830,1831,1832,1833,1834,1835,1836",easyocr+ranked_item_row_grouping,0.9957,manual_review,
이집트,1-18,호감 저해요인,예능,다양한 문화에 대한 고로까가 부족해세인종 성소수자 종교 텅,1순위,3.7,%,461.0,"1829,1830,1831,1832,1833,1834,1835,1836",easyocr+ranked_item_row_grouping,0.481,manual_review,
이집트,1-18,호감 저해요인,예능,번역 자막더방으로 보기 불편해서,1+2순위(중복),13.7,%,461.0,"1829,1830,1831,1832,1833,1834,1835,1836",easyocr+ranked_item_row_grouping,0.9996,manual_review,
이집트,1-18,호감 저해요인,예능,둘 게스트들의 토크에 의존하는 포맺이 많아서,1+2순위(중복),10.8,%,461.0,"1829,1830,1831,1832,1833,1834,1835,1836",easyocr+ranked_item_row_grouping,0.9656,manual_review,
이집트,1-18,호감 저해요인,예능,다양한 문최에 대한 고마 부족해세인종 성소수자 종교,1+2순위(중복),9.3,%,461.0,"1829,1830,1831,1832,1833,1834,1835,1836",easyocr+ranked_item_row_grouping,0.9997,manual_review,
이집트,1-18,호감 저해요인,예능,남성 여성,1+2순위(중복),10.0,%,461.0,"1829,1830,1831,1832,1833,1834,1835,1836",easyocr+ranked_item_row_grouping,0.9132,manual_review,
이집트,1-18,호감 저해요인,영화,(시청 경로 부족 인터넷 속되망 문제   정보 부족 등,1순위,1.0,%,450.0,"1829,1830,1831,1832,1833,1834,1835,1836",easyocr+ranked_item_row_grouping,0.168,manual_review,
이집트,1-18,호감 저해요인,영화,디양한 문화에 대한 고로가 부족해세인종 성소수자 종교 등,1+2순위(중복),10.9,%,450.0,"1829,1830,1831,1832,1833,1834,1835,1836",easyocr+ranked_item_row_grouping,0.6822,manual_review,
이집트,1-18,호감 저해요인,영화,기타,1+2순위(중복),0.2,%,450.0,"1829,1830,1831,1832,1833,1834,1835,1836",easyocr+ranked_item_row_grouping,0.5312,manual_review,
이집트,1-18,호감 저해요인,영화,남성 여성,1+2순위(중복),10.0,%,450.0,"1829,1830,1831,1832,1833,1834,1835,1836",easyocr+ranked_item_row_grouping,0.9132,manual_review,
이집트,1-18,호감 저해요인,음악,다양한 문에 대한 고까가가 부족해세인종 성소수자 종교,1순위,5.5,%,363.0,"1829,1830,1831,1832,1833,1834,1835,1836",easyocr+ranked_item_row_grouping,0.9997,manual_review,
이집트,1-18,호감 저해요인,음악,수 자국 내 곳즈 구입 경로 부족,1순위,5.2,%,363.0,"1829,1830,1831,1832,1833,1834,1835,1836",easyocr+ranked_item_row_grouping,1.0,manual_review,
이집트,1-18,호감 저해요인,음악,팬덤 문화가 폐쇄적 배타적이어서,1순위,4.2,%,363.0,"1829,1830,1831,1832,1833,1834,1835,1836",easyocr+ranked_item_row_grouping,0.9994,manual_review,
이집트,1-18,호감 저해요인,음악,흙 팬덤 문화가 폐쇄적 배타적이어서 디양한 문화에 대한 고로마가 부족해세인종 성소수자 종교 텅,1+2순위(중복),8.8,%,363.0,"1829,1830,1831,1832,1833,1834,1835,1836",easyocr+ranked_item_row_grouping,0.9993,manual_review,
이집트,1-18,호감 저해요인,애니메이션,위 디양한 문에 대한 고까마가 부족해세인종 성소수자 종교 히,1순위,4.7,%,451.0,"1829,1830,1831,1832,1833,1834,1835,1836",easyocr+ranked_item_row_grouping,0.9855,manual_review,
이집트,1-18,호감 저해요인,애니메이션,캐릭터가 마음에 들지 않아서,1순위,4.0,%,451.0,"1829,1830,1831,1832,1833,1834,1835,1836",easyocr+ranked_item_row_grouping,0.9987,manual_review,
이집트,1-18,호감 저해요인,애니메이션,복 캐릭터가 (마음예 설들지 않아서,1+2순위(중복),6.5,%,451.0,"1829,1830,1831,1832,1833,1834,1835,1836",easyocr+ranked_item_row_grouping,0.9995,manual_review,
이집트,1-18,호감 저해요인,애니메이션,기타,1+2순위(중복),0.2,%,451.0,"1829,1830,1831,1832,1833,1834,1835,1836",easyocr+ranked_item_row_grouping,0.9351,manual_review,
이집트,1-18,호감 저해요인,애니메이션,남성 여성,1+2순위(중복),10.0,%,451.0,"1829,1830,1831,1832,1833,1834,1835,1836",easyocr+ranked_item_row_grouping,0.9548,manual_review,
이집트,1-18,호감 저해요인,출판물,이용하는데 비용이 많이 들어서,1순위,6.1,%,173.0,"1829,1830,1831,1832,1833,1834,1835,1836",easyocr+ranked_item_row_grouping,0.9859,manual_review,
이집트,1-18,호감 저해요인,출판물,디양한 문화에 대한 고로마가 부족해세인종 성소수자 종교 등,1순위,5.2,%,173.0,"1829,1830,1831,1832,1833,1834,1835,1836",easyocr+ranked_item_row_grouping,0.4921,manual_review,
이집트,1-18,호감 저해요인,출판물,스토리가 맘에 들지 않아서,순위미상(중복4회 중 1번째),2.5,%,173.0,"1829,1830,1831,1832,1833,1834,1835,1836",easyocr+ranked_item_row_grouping,0.9999,manual_review,순위 불명(순위미상(중복4회 중 1번째))
이집트,1-18,호감 저해요인,출판물,스토리가 맘에 들지 않아서,순위미상(중복4회 중 2번째),1.2,%,173.0,"1829,1830,1831,1832,1833,1834,1835,1836",easyocr+ranked_item_row_grouping,0.6424,manual_review,순위 불명(순위미상(중복4회 중 2번째))
이집트,1-18,호감 저해요인,출판물,스토리가 맘에 들지 않아서,순위미상(중복4회 중 3번째),6.1,%,173.0,"1829,1830,1831,1832,1833,1834,1835,1836",easyocr+ranked_item_row_grouping,1.0,manual_review,순위 불명(순위미상(중복4회 중 3번째))
이집트,1-18,호감 저해요인,출판물,스토리가 맘에 들지 않아서,순위미상(중복4회 중 4번째),3.7,%,173.0,"1829,1830,1831,1832,1833,1834,1835,1836",easyocr+ranked_item_row_grouping,0.481,manual_review,순위 불명(순위미상(중복4회 중 4번째))
이집트,1-18,호감 저해요인,출판물,다양한 문최에 대한 고마가 부족해세인종 성소수자 종교 히,1+2순위(중복),9.7,%,173.0,"1829,1830,1831,1832,1833,1834,1835,1836",easyocr+ranked_item_row_grouping,0.6526,manual_review,
이집트,1-18,호감 저해요인,출판물,남성 여성,1+2순위(중복),10.0,%,173.0,"1829,1830,1831,1832,1833,1834,1835,1836",easyocr+ranked_item_row_grouping,0.9132,manual_review,
이집트,1-18,호감 저해요인,웹툰,(시청 경로 부족 인터넷 속되망 문제   정보 부족 등,1순위,9.0,%,22.0,"1829,1830,1831,1832,1833,1834,1835,1836",easyocr+ranked_item_row_grouping,0.9997,manual_review,
이집트,1-18,호감 저해요인,웹툰,다양한 문에 대한 고까가 부족해세인종 성소수자 종교 히,1순위,5.6,%,22.0,"1829,1830,1831,1832,1833,1834,1835,1836",easyocr+ranked_item_row_grouping,0.9994,manual_review,
이집트,1-18,호감 저해요인,웹툰,한국적 요소가 강해세한국 문화전통스토리 등),1순위,4.7,%,22.0,"1829,1830,1831,1832,1833,1834,1835,1836",easyocr+ranked_item_row_grouping,0.5738,manual_review,
이집트,1-18,호감 저해요인,웹툰,수 사용자 환경이 불편해서,1순위,4.3,%,22.0,"1829,1830,1831,1832,1833,1834,1835,1836",easyocr+ranked_item_row_grouping,0.6439,manual_review,
이집트,1-18,호감 저해요인,웹툰,소재 장르 등이 진부 획일적이어서,1순위,3.9,%,22.0,"1829,1830,1831,1832,1833,1834,1835,1836",easyocr+ranked_item_row_grouping,0.9988,manual_review,
이집트,1-18,호감 저해요인,웹툰,캐릭터가 맘에 들지 않아서,순위미상(중복4회 중 1번째),1.7,%,22.0,"1829,1830,1831,1832,1833,1834,1835,1836",easyocr+ranked_item_row_grouping,0.9645,manual_review,순위 불명(순위미상(중복4회 중 1번째))
이집트,1-18,호감 저해요인,웹툰,캐릭터가 맘에 들지 않아서,순위미상(중복4회 중 2번째),1.3,%,22.0,"1829,1830,1831,1832,1833,1834,1835,1836",easyocr+ranked_item_row_grouping,0.9996,manual_review,순위 불명(순위미상(중복4회 중 2번째))
이집트,1-18,호감 저해요인,웹툰,캐릭터가 맘에 들지 않아서,순위미상(중복4회 중 3번째),4.7,%,22.0,"1829,1830,1831,1832,1833,1834,1835,1836",easyocr+ranked_item_row_grouping,0.588,manual_review,순위 불명(순위미상(중복4회 중 3번째))
이집트,1-18,호감 저해요인,웹툰,캐릭터가 맘에 들지 않아서,순위미상(중복4회 중 4번째),4.3,%,22.0,"1829,1830,1831,1832,1833,1834,1835,1836",easyocr+ranked_item_row_grouping,0.5787,manual_review,순위 불명(순위미상(중복4회 중 4번째))
이집트,1-18,호감 저해요인,웹툰,접하기 어려운 환경이어서,1+2순위(중복),14.9,%,22.0,"1829,1830,1831,1832,1833,1834,1835,1836",easyocr+ranked_item_row_grouping,0.6654,manual_review,
이집트,1-18,호감 저해요인,웹툰,디양한 문화에 대한 고로가 부족해세인종 성소수자 종교 등,1+2순위(중복),11.7,%,22.0,"1829,1830,1831,1832,1833,1834,1835,1836",easyocr+ranked_item_row_grouping,0.5385,manual_review,
이집트,1-18,호감 저해요인,웹툰,소재  장르 등이 진부획일적이어서 한국적 요소가 강해세한국 문화전통스토리,1+2순위(중복),7.3,%,22.0,"1829,1830,1831,1832,1833,1834,1835,1836",easyocr+ranked_item_row_grouping,0.9838,manual_review,
이집트,1-18,호감 저해요인,웹툰,Q,1+2순위(중복),2.0,%,22.0,"1829,1830,1831,1832,1833,1834,1835,1836",easyocr+ranked_item_row_grouping,0.4511,manual_review,
이집트,1-18,호감 저해요인,웹툰,남성 여성,1+2순위(중복),10.0,%,22.0,"1829,1830,1831,1832,1833,1834,1835,1836",easyocr+ranked_item_row_grouping,0.9132,manual_review,
이집트,1-18,호감 저해요인,게임,위 디양한 문에 대한 고까마가 부족해세인종 성소수자 종교 히,1순위,5.2,%,45.0,"1829,1830,1831,1832,1833,1834,1835,1836",easyocr+ranked_item_row_grouping,0.4968,manual_review,
이집트,1-18,호감 저해요인,게임,다양한 문회에 대한 고로가 부족해세인종 성소수자 종교,1+2순위(중복),11.2,%,45.0,"1829,1830,1831,1832,1833,1834,1835,1836",easyocr+ranked_item_row_grouping,0.9999,manual_review,
이집트,1-18,호감 저해요인,게임,남성 여성,1+2순위(중복),10.0,%,45.0,"1829,1830,1831,1832,1833,1834,1835,1836",easyocr+ranked_item_row_grouping,0.9132,manual_review,
이집트,1-18,호감 저해요인,패션,다양한 문화에 대한 고려가 부족해서,1순위,7.7,%,455.0,"1829,1830,1831,1832,1833,1834,1835,1836",easyocr+ranked_item_row_grouping,0.4845,manual_review,
이집트,1-18,호감 저해요인,패션,품질이 떨어저세소재  색상 봉제   단추 등의 상태),1+2순위(중복),10.8,%,455.0,"1829,1830,1831,1832,1833,1834,1835,1836",easyocr+ranked_item_row_grouping,1.0,manual_review,
이집트,1-18,호감 저해요인,패션,기타,1+2순위(중복),0.2,%,455.0,"1829,1830,1831,1832,1833,1834,1835,1836",easyocr+ranked_item_row_grouping,0.9351,manual_review,
이집트,1-18,호감 저해요인,뷰티,다양한 문화에 대한 고려가 부족해서,1순위,4.8,%,462.0,"1829,1830,1831,1832,1833,1834,1835,1836",easyocr+ranked_item_row_grouping,0.681,manual_review,
이집트,1-18,호감 저해요인,뷰티,제품의 홍보가 지나치게 과장원 것 같아서,1순위,4.3,%,462.0,"1829,1830,1831,1832,1833,1834,1835,1836",easyocr+ranked_item_row_grouping,0.9857,manual_review,
이집트,1-18,호감 저해요인,뷰티,Q,1+2순위(중복),2.0,%,462.0,"1829,1830,1831,1832,1833,1834,1835,1836",easyocr+ranked_item_row_grouping,0.3795,manual_review,
이집트,1-18,호감 저해요인,뷰티,남성 여성,1+2순위(중복),10.0,%,462.0,"1829,1830,1831,1832,1833,1834,1835,1836",easyocr+ranked_item_row_grouping,0.9132,manual_review,
이집트,1-18,호감 저해요인,한국어,@ 한국어 자체에 흥미틀 느끼기 어려워서,1순위,6.1,%,30.0,"1829,1830,1831,1832,1833,1834,1835,1836",easyocr+ranked_item_row_grouping,0.9859,manual_review,
이집트,1-18,호감 저해요인,한국어,복 한국어-자제예 흥미들안_끼기 어어쩐워서,1+2순위(중복),12.1,%,30.0,"1829,1830,1831,1832,1833,1834,1835,1836",easyocr+ranked_item_row_grouping,0.9999,manual_review,
